step,time_fs,temperature_K,potential_eV,kinetic_eV,total_eV,max_force_eV_A
0,0.0,300.0000000000001,-43.362051010131836,0.3102238921398197,-43.05182711799202,2.723540167477285e-06
1,0.5,299.71622180437674,-43.361755311489105,0.3099304428853174,-43.05182486860379,0.06180867425790557
2,1.0,298.8665719828857,-43.36087566614151,0.3090518373033879,-43.051823828838124,0.1236245611427362
3,1.5,297.45624471739774,-43.35941803455353,0.30759344659175264,-43.051824587961775,0.18534661829704152
4,2.0,295.4938629618129,-43.35738855600357,0.3055641875714803,-43.051824368432094,0.2468874299141137
5,2.5,292.99142091070047,-43.354798913002014,0.3029764631949788,-43.051822449807034,0.3081276433392252
6,3.0,289.9642270505486,-43.351667165756226,0.2998461036564518,-43.051821062099776,0.36897218049677244
7,3.5,286.43077308438353,-43.34801250696182,0.2961922308495165,-43.05182027611231,0.4293149169446549
8,4.0,282.4126357072175,-43.34385532140732,0.2920371567951934,-43.05181816461212,0.48905741247491846
9,4.5,277.934261781758,-43.339222729206085,0.28740616149648157,-43.0518165677096,0.5481001193393981
10,5.0,273.02260543547334,-43.33414179086685,0.2823271176678227,-43.051814673199026,0.6063559731678562
11,5.5,267.7066509915928,-43.328642308712006,0.27682999740776076,-43.051812311304246,0.6637722103188797
12,6.0,262.0170671395387,-43.322757601737976,0.2709465145836271,-43.05181108715435,0.7202660756090555
13,6.5,255.98611931236098,-43.31651812791824,0.26471003422282957,-43.05180809369541,0.7757763416877466
14,7.0,249.64803229383642,-43.30996215343475,0.25815594747747106,-43.051806205957284,0.8301482421862607
15,7.5,243.0391807547846,-43.303125619888306,0.25132186865407474,-43.05180375123423,0.8832437431951017
16,8.0,236.19788497953348,-43.296048521995544,0.24424742397848107,-43.051801098017066,0.9349191318178861
17,8.5,229.16414777679273,-43.28877240419388,0.23697397954073812,-43.05179842465314,0.9850327239328708
18,9.0,221.97940131880904,-43.281340301036835,0.2295443795066265,-43.05179592153021,1.0334902726312476
19,9.5,214.68616067318393,-43.27379536628723,0.222002587841966,-43.05179277844527,1.080171296791742
20,10.0,207.3276166388439,-43.266182601451874,0.21439326727258193,-43.05178933417929,1.1249422090302001
21,10.5,199.94730315401696,-43.25854903459549,0.20676143535766525,-43.05178759923783,1.167661763071959
22,11.0,192.58865714560602,-43.250935673713684,0.19915200933897062,-43.05178366437471,1.208202947819391
23,11.5,185.29466665885357,-43.243391036987305,0.19160944227886675,-43.05178159470844,1.2464422749519428
24,12.0,178.10758988692578,-43.23595601320267,0.18417743251454963,-43.051778580688115,1.282286920203182
25,12.5,171.0685796395259,-43.22867441177368,0.1768985353286814,-43.051775876445,1.3156262672534658
26,13.0,164.21732041196228,-43.221588015556335,0.16981378764990263,-43.051774227906435,1.3463713777823998
27,13.5,157.59171729553063,-43.214733719825745,0.16296238636139213,-43.05177133346435,1.3744310060315483
28,14.0,151.22755275233166,-43.20815122127533,0.15638133337869406,-43.05176988789663,1.39972167999018
29,14.5,145.15821179427317,-43.201872408390045,0.15010515146291897,-43.05176725692713,1.422167852113863
30,15.0,139.41436937098027,-43.19593071937561,0.1441655609549465,-43.051765158420665,1.4417224374728597
31,15.5,134.02373907920665,-43.190355241298676,0.13859121992094378,-43.05176402137773,1.4583413868070345
32,16.0,129.01093498477053,-43.185170114040375,0.13340758126524244,-43.05176253277513,1.4719794059609084
33,16.5,124.3973097776646,-43.180398762226105,0.12863672536983317,-43.051762036856275,1.4826130921124119
34,17.0,120.20079975697789,-43.1760578751564,0.12429719979642921,-43.05176067535997,1.490210066609396
35,17.5,116.43581252407319,-43.17216360569,0.1204039031522678,-43.05175970253774,1.4947681008706994
36,18.0,113.11317189169603,-43.1687273979187,0.11696802812174129,-43.05175936979696,1.4962841541440102
37,18.5,110.24010669567042,-43.16575622558594,0.11399704989679955,-43.051759175689135,1.4947621168185308
38,19.0,107.82026112009828,-43.16325378417969,0.11149473685402853,-43.05175904732566,1.490228718926875
39,19.5,105.8536963276817,-43.161220610141754,0.10946115224053317,-43.05175945790122,1.4827095081350838
40,20.0,104.33696957630522,-43.15965312719345,0.1078927359867845,-43.05176039120666,1.4722542282724498
41,20.5,103.26324503666018,-43.158543050289154,0.10678241930086878,-43.051760630988284,1.4589081654826097
42,21.0,102.62242131724653,-43.15788125991821,0.10611975653949539,-43.05176150337872,1.4427432545557641
43,21.5,102.40133461337349,-43.15765339136124,0.10589113528024252,-43.05176225608099,1.423831245319279
44,22.0,102.58390116978143,-43.15784353017807,0.10607992363925396,-43.05176360653881,1.4022458140077985
45,22.5,103.15118814711906,-43.158431351184845,0.10666654355282035,-43.051764807632026,1.3780745845263438
46,23.0,104.08159091670109,-43.159394443035126,0.10762865411427837,-43.05176578892085,1.3514176006646368
47,23.5,105.35113005623538,-43.160709500312805,0.10894145869124558,-43.05176804162156,1.3223610902635536
48,24.0,106.93377276137687,-43.162347972393036,0.11057803729076454,-43.05176993510227,1.2910205489243876
49,24.5,108.80172020545041,-43.16428154706955,0.1125096437121416,-43.051771903357405,1.2575008413091924
50,25.0,110.92575153905207,-43.16648006439209,0.11470606126993108,-43.05177400312216,1.2219588813441105
51,25.5,113.27559562658851,-43.16891169548035,0.11713598719912206,-43.05177570828123,1.184540594369019
52,26.0,115.82008485299554,-43.17154544591904,0.11976719170353481,-43.0517782542155,1.1453206130557303
53,26.5,118.52739230206228,-43.17434585094452,0.12256676321709685,-43.051779087727425,1.1044386914106756
54,27.0,121.36537142988878,-43.17728400230408,0.12550145965324988,-43.05178254265083,1.07095364813959
55,27.5,124.30185711215755,-43.18032109737396,0.12853801971180412,-43.05178307766216,1.0466190740230532
56,28.0,127.30494832031711,-43.183429539203644,0.13164345518862455,-43.05178608401502,1.0210522001978823
57,28.5,130.34325725966448,-43.186573803424835,0.13478530860424973,-43.051788494820585,0.9943206969679743
58,29.0,133.38610197834802,-43.18972235918045,0.13793185237694006,-43.05179050680351,0.9664845361363293
59,29.5,136.40363495110216,-43.19284278154373,0.14105222178850016,-43.05179055975523,0.9376217931628654
60,30.0,139.36707068824313,-43.195909798145294,0.14411665035010718,-43.05179314779519,0.907807128852947
61,30.5,142.24886164980046,-43.198891401290894,0.14709665171153274,-43.05179474957936,0.8771177324381833
62,31.0,145.02281443812632,-43.20176160335541,0.14996513981355458,-43.051796463541855,0.8456445072939175
63,31.5,147.66421108366924,-43.204494178295135,0.15269655430710588,-43.05179762398803,0.8134821890269994
64,32.0,150.1498992066632,-43.20706570148468,0.15526695378764224,-43.051798747697035,0.7807397230899172
65,32.5,152.4584374226034,-43.20945477485657,0.15765416615598385,-43.05180060870058,0.7475310463556185
66,33.0,154.57014834997727,-43.21163922548294,0.15983784343253088,-43.05180138205041,0.7139855063714499
67,33.5,156.46714090482783,-43.21360218524933,0.16179948481161754,-43.05180270043771,0.6802613903910057
68,34.0,158.13338671151317,-43.21532624959946,0.1635225156763228,-43.05180373392314,0.6465332228779423
69,34.5,159.55474572107062,-43.216796875,0.1649923140898992,-43.0518045609101,0.6130018600239027
70,35.0,160.71909795889997,-43.21800100803375,0.16619634703336963,-43.05180466100038,0.5799081140224334
71,35.5,161.61636228186617,-43.218929409980774,0.16712418980186555,-43.051805220178906,0.560051732689378
72,36.0,162.23819834777896,-43.21957337856293,0.16776721781733347,-43.05180616074559,0.5580846410826654
73,36.5,162.57786069886725,-43.21992385387421,0.1681184557392267,-43.05180539813498,0.5589076608204875
74,37.0,162.63038892284757,-43.21997809410095,0.1681727741061946,-43.051805319994756,0.5718997383625508
75,37.5,162.39255538190068,-43.21973317861557,0.16792683528368146,-43.05180634333189,0.5853921525013474
76,38.0,161.86281404353818,-43.219185531139374,0.16737904055096756,-43.051806490588405,0.5991360966620565
77,38.5,161.04143608863444,-43.21833521127701,0.16652967033067395,-43.05180554094633,0.6129208331737988
78,39.0,159.93042483933294,-43.217186629772186,0.1653807962174425,-43.051805833554745,0.6265630138229015
79,39.5,158.53340311600851,-43.21574145555496,0.1639361644960639,-43.0518052910589,0.6398973693425509
80,40.0,156.85557321328537,-43.2140057682991,0.16220115475349273,-43.05180461354561,0.6527896380833852
81,40.5,154.90367248065667,-43.21198642253876,0.1601827339456706,-43.05180368859309,0.6650978629957072
82,41.0,152.6859625086314,-43.20969331264496,0.1578894452151407,-43.05180386742982,0.6767106048072402
83,41.5,150.2121232000616,-43.2071333527565,0.15533129835236403,-43.051802054404135,0.6875397937660207
84,42.0,147.49307701279727,-43.20432108640671,0.15251958804862709,-43.05180149835808,0.6974913266806375
85,42.5,144.54091544619078,-43.20126813650131,0.14946681787723293,-43.05180131862408,0.7064937097859577
86,43.0,141.36890226938536,-43.197987377643585,0.14618670363180836,-43.05180067401178,0.7144935173464074
87,43.5,137.99153685565625,-43.19449359178543,0.14269423881905682,-43.05179935296638,0.7214597532432758
88,44.0,134.4245894401713,-43.1908033490181,0.13900573111809078,-43.05179761790001,0.7273782705441035
89,44.5,130.68490148101554,-43.18693548440933,0.13513859593783173,-43.0517968884715,0.7322293895762297
90,45.0,126.79008355277342,-43.18290710449219,0.13111104401491433,-43.05179606047727,0.7626747972641696
91,45.5,122.75849436270855,-43.17873686552048,0.12694205971474518,-43.051794805805734,0.8032692179730457
92,46.0,118.60929528653193,-43.17444443702698,0.12265145742583032,-43.051792979601146,0.8430582992998917
93,46.5,114.362494052421,-43.170051991939545,0.11825992673253005,-43.05179206520702,0.881906654755376
94,47.0,110.03885658007019,-43.16557955741882,0.11378894124961592,-43.05179061616921,0.9197394007477724
95,47.5,105.65967884741917,-43.16105020046234,0.10926052271429916,-43.05178967774804,0.9565166548612185
96,48.0,101.24668795662382,-43.15648514032364,0.10469713868056547,-43.051788001643075,0.9921824071438973
97,48.5,96.82201850259425,-43.15190774202347,0.10012167808236139,-43.05178606394111,1.0266649033735638
98,49.0,92.40804626142655,-43.147342681884766,0.0955572792541875,-43.05178540263058,1.0599172049597212
99,49.5,88.0271425937677,-43.14281052350998,0.09102707596461838,-43.05178344754536,1.091884936075412
100,50.0,83.70153082010307,-43.13833612203598,0.08655404889691148,-43.051782073139066,1.122529574362967
101,50.5,79.45321861929708,-43.13394111394882,0.08216095574371442,-43.051780158205105,1.1518015476750825
102,51.0,75.30394692334598,-43.12964993715286,0.07787027836016928,-43.0517796587927,1.1796458763459767
103,51.5,71.27509693235838,-43.125481367111206,0.07370412660999712,-43.05177724050121,1.206010774662608
104,52.0,67.38760591597836,-43.12146055698395,0.0696841512974638,-43.05177640568648,1.2308260960142487
105,52.5,63.66182263145587,-43.11760526895523,0.06583139465815031,-43.05177387429708,1.2540517101622002
106,53.0,60.11736672532303,-43.11393904685974,0.06216614496908864,-43.05177290189065,1.2756281527108717
107,53.5,56.7730011776377,-43.110480427742004,0.05870780464595111,-43.051772623096056,1.2954994582179247
108,54.0,53.64648841441741,-43.10724633932114,0.0554747414518477,-43.05177159786929,1.3136304633520601
109,54.5,50.75448281032052,-43.10425531864166,0.05248417733653734,-43.051771141305125,1.3299634704496206
110,55.0,48.112420157844944,-43.101521730422974,0.04975207413877658,-43.0517696562842,1.3444649728333466
111,55.5,45.7343989767821,-43.099061727523804,0.04729301085084243,-43.05176871667296,1.357090308902718
112,56.0,43.633068600036765,-43.09688872098923,0.045120067890357184,-43.05176865309887,1.3678160738246647
113,56.5,41.819533614018745,-43.095012068748474,0.04324472828404304,-43.05176734046443,1.3766261468048435
114,57.0,40.30328528358907,-43.0934442281723,0.04167680675565505,-43.05176742141665,1.3834993881767246
115,57.5,39.09214274285137,-43.0921905040741,0.040424388912575854,-43.05176611516152,1.388435415971244
116,58.0,38.192193644363,-43.091259837150574,0.03949376987237324,-43.0517660672782,1.3914347559648592
117,58.5,37.60774993430871,-43.090655624866486,0.03888940853080764,-43.05176621633568,1.3925057309589894
118,59.0,37.34131882673286,-43.090380787849426,0.038613897546876635,-43.05176689030255,1.3916563804270485
119,59.5,37.393611148753365,-43.09043437242508,0.038667971972430736,-43.05176640045265,1.3889063035911349
120,60.0,37.76356548768189,-43.090816378593445,0.039050534222218804,-43.051765844371225,1.384287137726509
121,60.5,38.448359828963234,-43.09152561426163,0.03975866610844422,-43.05176694815318,1.3778285016296745
122,61.0,39.4434395275999,-43.09255528450012,0.0407876577654455,-43.05176762673468,1.3695662521972662
123,61.5,40.74257929694391,-43.09389865398407,0.04213107175104392,-43.051767582233026,1.3595421535755408
124,62.0,42.33795740528909,-43.09554922580719,0.043780819771728936,-43.051768406035464,1.3478047416824415
125,62.5,44.22019745825205,-43.09749615192413,0.0457272058889677,-43.05176894603517,1.3344006187981126
126,63.0,46.37846025242782,-43.09972828626633,0.047959021503200264,-43.051769264763124,1.3193922272581413
127,63.5,48.80054871441589,-43.10223472118378,0.050463653869149895,-43.051771067314625,1.3028416865993628
128,64.0,51.47299724295939,-43.104999005794525,0.05322717848271022,-43.05177182731182,1.284812657017048
129,64.5,54.38118924998486,-43.108006715774536,0.056234480627741404,-43.05177223514679,1.265378829372879
130,65.0,57.50947422039389,-43.111242830753326,0.05946937642521737,-43.05177345432811,1.2446095655488107
131,65.5,60.841285983452806,-43.11468976736069,0.06291473513526194,-43.05177503222543,1.222582884079979
132,66.0,64.35926748445225,-43.118328511714935,0.06655260818098171,-43.05177590353395,1.1993797416529708
133,66.5,68.04539942642441,-43.12214159965515,0.07036436217424677,-43.051777237480906,1.1750827853310324
134,67.0,71.88112265732474,-43.12610989809036,0.07433080547378351,-43.05177909261658,1.1497773712543518
135,67.5,75.84746701430952,-43.130211770534515,0.07843232142041894,-43.05177944911409,1.1235534468161732
136,68.0,79.92517323515618,-43.134429812431335,0.0826489944031983,-43.051780818028135,1.0964881987885586
137,68.5,84.0948247182256,-43.138743221759796,0.08696074610967952,-43.051782475650114,1.068676811686274
138,69.0,88.33700881207304,-43.14313071966171,0.09134750231223614,-43.051783217349474,1.040217111067516
139,69.5,92.63241044891808,-43.14757436513901,0.0957892896925222,-43.05178507544649,1.0111896696292566
140,70.0,96.96190552366443,-43.15205252170563,0.10026633240281552,-43.05178618930281,0.9816936164810393
141,70.5,101.30672849031697,-43.15654671192169,0.10475922537406028,-43.05178748654763,0.951836808387857
142,71.0,105.64857445166372,-43.16103756427765,0.10924903988472877,-43.05178852439292,0.9217174511275984
143,71.5,109.96965807609193,-43.16550678014755,0.1137173844855013,-43.05178939566205,0.8914470235738744
144,72.0,114.25287162119032,-43.169936418533325,0.11814656840825602,-43.05178985012507,0.8611546245419751
145,72.5,118.48187932868471,-43.174311339855194,0.12251969917795004,-43.051791640677244,0.8309635848250777
146,73.0,122.64116958083602,-43.178612649440765,0.12682073654648868,-43.051791912894274,0.8010181019774599
147,73.5,126.71613431931657,-43.18282735347748,0.13103457461816853,-43.05179277885931,0.7714649572416257
148,74.0,130.69315326337696,-43.186941504478455,0.13514712893796924,-43.05179437554049,0.7424649584929818
149,74.5,134.55965308538083,-43.190940380096436,0.1391453976837691,-43.051794982412666,0.7328786550800109
150,75.0,138.30412239947148,-43.1948127746582,0.14301747716582017,-43.05179529749238,0.7416010318473237
151,75.5,141.91623564098654,-43.19854915142059,0.14675268992792878,-43.051796461492664,0.7498783851991885
152,76.0,145.38690236791933,-43.2021387219429,0.15034163572909298,-43.05179708621381,0.7577075827004571
153,76.5,148.70821088573257,-43.205573081970215,0.15377613324707018,-43.051796948723144,0.765077886972757
154,77.0,151.87346160309053,-43.20884609222412,0.15704925457086064,-43.051796837653264,0.7719853399157841
155,77.5,154.8771442710675,-43.21195352077484,0.16015530166423642,-43.0517982191106,0.7783685424336644
156,78.0,157.71493318061093,-43.214888751506805,0.1630898013995357,-43.05179895010727,0.7842301771671926
157,78.5,160.38375676208636,-43.217648446559906,0.16584957752913515,-43.05179886903077,0.7895778204443425
158,79.0,162.8818852314395,-43.22023129463196,0.16843284131856187,-43.051798453313395,0.7944273873371366
159,79.5,165.20905409353566,-43.222637951374054,0.1708393192587821,-43.05179863211527,0.7988144314376286
160,80.0,167.3664083401434,-43.22486883401871,0.17307019536247217,-43.05179863865624,0.8027071748280253
161,80.5,169.3563416469735,-43.22692692279816,0.17512794488095051,-43.05179897791721,0.8060777081365958
162,81.0,171.1824024604076,-43.22881466150284,0.1770162371903756,-43.051798424312466,0.8088920209007999
163,81.5,172.84935879268568,-43.230537474155426,0.17874000279513036,-43.051797471360295,0.811123298228544
164,82.0,174.3632111942781,-43.23210257291794,0.18030544674228774,-43.05179712617565,0.8127447601526536
165,82.5,175.73106019899274,-43.23351675271988,0.1817199115492949,-43.051796841170585,0.8137292191669577
166,83.0,176.96106086442018,-43.23478811979294,0.18299183019517312,-43.05179628959777,0.8354185574707541
167,83.5,178.06233198135195,-43.235926270484924,0.1841306322358256,-43.0517956382491,0.8591434660744319
168,84.0,179.0449177031207,-43.23694121837616,0.18514670412571932,-43.05179451425044,0.8819923116372547
169,84.5,179.9199765068965,-43.23784536123276,0.18605158461891447,-43.05179377661384,0.9038644659235957
170,85.0,180.69970448321968,-43.23865067958832,0.18685788544433207,-43.051792794143985,0.9246751082397495
171,85.5,181.39705567227156,-43.239370822906494,0.18757900211118542,-43.05179182079531,0.9443403537808593
172,86.0,182.0254525738778,-43.24002015590668,0.1882288145532684,-43.05179134135341,0.9627872478082062
173,86.5,182.59839881355907,-43.24061232805252,0.18882128659480438,-43.05179104145772,0.9799331529983368
174,87.0,183.129144374908,-43.24115991592407,0.18937011977406307,-43.05178979615001,0.9957156929282811
175,87.5,183.63045301754985,-43.24167722463608,0.18988851283500868,-43.051788711801066,1.010040851408837
176,88.0,184.1147653968213,-43.24217736721039,0.19038933040603895,-43.051788036804346,1.0228175313798282
177,88.5,184.59437029206313,-43.24267250299454,0.1908852800636764,-43.05178722293086,1.0339798028648721
178,89.0,185.0811438900438,-43.24317556619644,0.19138864273086462,-43.05178692346558,1.043462288551667
179,89.5,185.58641219518657,-43.24369698762894,0.19191113039818555,-43.051785857230755,1.0511974842958451
180,90.0,186.12109871470332,-43.24424999952316,0.1924640388420495,-43.051785960681116,1.0571470072187203
181,90.5,186.6957938109542,-43.244843900203705,0.1930583193405582,-43.05178558086315,1.0612669834844684
182,91.0,187.32062806339337,-43.245488941669464,0.19370444771967138,-43.051784493949796,1.0635217243685242
183,91.5,188.0048530452185,-43.24619621038437,0.19441199084287503,-43.051784219541496,1.0638539638271134
184,92.0,188.7565378233504,-43.24697285890579,0.19518929276798946,-43.0517835661378,1.062185684289088
185,92.5,189.58257153239245,-43.24782657623291,0.1960434774088485,-43.05178309882406,1.0584957179654964
186,93.0,190.4886993346736,-43.248763501644135,0.19698048572084773,-43.051783015923284,1.0527854344275023
187,93.5,191.4794376427107,-43.249787747859955,0.19800498803421868,-43.051782759825734,1.0450489658939044
188,94.0,192.55810137727207,-43.2509024143219,0.1991204122410377,-43.05178200208086,1.035286760460415
189,94.5,193.72650522202107,-43.252110838890076,0.2003286348687349,-43.05178220402134,1.0388256224007166
190,95.0,194.98475758263623,-43.25341188907623,0.2016297680174154,-43.05178212105882,1.0484985484873117
191,95.5,196.33144791341874,-43.25480508804321,0.2030223530704901,-43.051782734972726,1.0562944096442661
192,96.0,197.76345536079594,-43.25628626346588,0.20450316281681866,-43.05178310064906,1.0622093121261558
193,96.5,199.27575850337163,-43.257850766181946,0.20606700470676903,-43.05178376147518,1.0662527430059123
194,97.0,200.8614393724504,-43.25949090719223,0.20770672500975992,-43.05178418218247,1.0684350787809473
195,97.5,202.5119050200224,-43.26119822263718,0.20941343793320275,-43.051784784703976,1.0687828184287507
196,98.0,204.21718532668436,-43.26296204328537,0.21117683357960962,-43.05178520970576,1.0673133450665033
197,98.5,205.9661175639695,-43.26477152109146,0.21298536879874094,-43.05178615229272,1.0640504648529234
198,99.0,207.74649448778246,-43.266613245010376,0.21482642032801152,-43.05178682468237,1.0590093194205292
199,99.5,209.54520571491054,-43.268474996089935,0.21668643098706242,-43.051788565102875,1.0522034548081083
200,100.0,211.34843302352186,-43.2703400850296,0.2185511116340298,-43.051788973395574,1.0436557451520396
201,100.5,213.1418493379556,-43.272195637226105,0.2204056469316654,-43.05178999029444,1.0333834896959393
202,101.0,214.91077093891366,-43.27402514219284,0.22223485274479676,-43.05179028944804,1.021405995834548
203,101.5,216.64034228092814,-43.27581524848938,0.2240233672563075,-43.05179188123307,1.0077449472999214
204,102.0,218.31575641667334,-43.27754867076874,0.22575587890343068,-43.05179279186531,0.9924383354411566
205,102.5,219.92240984210065,-43.2792107462883,0.22741728649995013,-43.05179345978835,0.9755336926678931
206,103.0,221.44602467849938,-43.28078764677048,0.2289928255821821,-43.051794821188295,0.9570815838009087
207,103.5,222.87281808452485,-43.28226321935654,0.23046824359450427,-43.051794975762036,0.9371596779746335
208,104.0,224.18960394466458,-43.28362601995468,0.23182990504332834,-43.051796114911355,0.9158336806082371
209,104.5,225.3838861190908,-43.28486222028732,0.23306488792487404,-43.05179733236245,0.8932124436440779
210,105.0,226.44408394256482,-43.285959005355835,0.23416121690899497,-43.05179778844684,0.8694295761117533
211,105.5,227.35964282482925,-43.286906480789185,0.2351079777087925,-43.05179850308039,0.8446205177367184
212,106.0,228.1210751484378,-43.28769409656525,0.23589535937222886,-43.05179873719302,0.8189241162468461
213,106.5,228.7200742688268,-43.28831499814987,0.2365147721672802,-43.05180022598259,0.7924912903051796
214,107.0,229.14973255053755,-43.28875857591629,0.2369590730487549,-43.05179950286754,0.7653866175298739
215,107.5,229.40478750568238,-43.28902244567871,0.23722282018507015,-43.05179962549364,0.7376853893264488
216,108.0,229.48171169496294,-43.289102435112,0.23730236592306456,-43.051800069188936,0.7094785538526908
217,108.5,229.37888424942903,-43.288996517658234,0.2371960341551568,-43.05180048350308,0.6808656709520463
218,109.0,229.09663104364068,-43.288704574108124,0.2369041618615948,-43.05180041224653,0.6519821761524038
219,109.5,228.6370474616048,-43.28822886943817,0.23642891583631903,-43.05179995360185,0.6717255408998636
220,110.0,228.00364284314063,-43.28757280111313,0.23577392501618805,-43.05179887609694,0.7011661216107059
221,110.5,227.20121155350935,-43.28674405813217,0.23494414715670742,-43.05179991097546,0.7306566381125269
222,111.0,226.23589862842195,-43.28574478626251,0.23394593671419578,-43.05179884954832,0.7599648204155148
223,111.5,225.11508256465498,-43.28458458185196,0.23278692364194706,-43.05179765821001,0.7888856572437173
224,112.0,223.84729843241226,-43.28327339887619,0.2314759338822889,-43.0517974649939,0.8172216949630337
225,112.5,222.44220448315565,-43.28181862831116,0.2300229548364206,-43.051795673474736,0.8447970063427025
226,113.0,220.91046417695028,-43.28023511171341,0.22843901337129238,-43.051796098342116,0.8714563671111225
227,113.5,219.26355278348757,-43.27853083610535,0.22673597582966099,-43.051794860275685,0.897049997866135
228,114.0,217.51355410663217,-43.27672052383423,0.22492633782708227,-43.05179418600714,0.9214534936500536
229,114.5,215.6729930750552,-43.274816155433655,0.2230230511372933,-43.05179310429636,0.9445176102560597
230,115.0,213.75467813117416,-43.2728306055069,0.2210393607098241,-43.05179124479707,0.9661484450429256
231,115.5,211.77150185990985,-43.27078038454056,0.21898859850425428,-43.051791786036304,0.9862152336997242
232,116.0,209.73629562923426,-43.26867491006851,0.21688403317696298,-43.05179087689155,1.0046282710298589
233,116.5,207.66173645908722,-43.26652938127518,0.21473877377617173,-43.05179060749901,1.021297859648044
234,117.0,205.56024474959133,-43.26435440778732,0.2125656639847738,-43.05178874380255,1.0361548203171669
235,117.5,203.44388480668707,-43.26216584444046,0.2103771792559186,-43.05178866518454,1.0491271184189204
236,118.0,201.32427920482846,-43.259972274303436,0.20818533825721877,-43.05178693604622,1.0601577795678179
237,118.5,199.2124464686448,-43.25778812170029,0.2060015350206615,-43.051786586679626,1.069205723942548
238,119.0,197.1186547747821,-43.2556232213974,0.20383638765866113,-43.05178683373874,1.0762277157982876
239,119.5,195.05236212432212,-43.253485798835754,0.2016996764975758,-43.05178612233818,1.0812142932876174
240,120.0,193.02215546454065,-43.251385271549225,0.19960028112475717,-43.051784990424466,1.0841485808864038
241,120.5,191.0356799440623,-43.24933034181595,0.1975461072327463,-43.0517842345832,1.08503547648768
242,121.0,189.09962603920363,-43.24732780456543,0.1955440733068871,-43.051783731258546,1.0838905561818237
243,121.5,187.21972721729563,-43.24538391828537,0.1936001082090159,-43.05178381007635,1.080747097146599
244,122.0,185.40070549605056,-43.243502378463745,0.19171909488151084,-43.05178328358223,1.0756422874465739
245,122.5,183.6462533783249,-43.241688787937164,0.18990485166639817,-43.051783936270766,1.068628664375497
246,123.0,181.95909007177625,-43.23994338512421,0.1881601904409548,-43.05178319468325,1.0597811115851545
247,123.5,180.34106603372823,-43.23827010393143,0.18648702472542464,-43.051783079206004,1.0491582885186959
248,124.0,178.79326342868032,-43.23667013645172,0.18488647356408427,-43.05178366288764,1.0368375081682406
249,124.5,177.31589661659243,-43.235141575336456,0.1833587586222039,-43.05178281671425,1.0269947309897154
250,125.0,175.90825247236677,-43.23368698358536,0.18190314247163888,-43.05178384111372,1.0233208585002764
251,125.5,174.56889398932688,-43.23230201005936,0.18051813913304182,-43.051783870926315,1.0187163189191424
252,126.0,173.29577698636345,-43.23098486661911,0.17920163476034617,-43.051783231858764,1.0132879575294742
253,126.5,172.0862690375756,-43.229734659194946,0.17795090721552279,-43.05178375197942,1.0071442838325904
254,127.0,170.9372109783802,-43.2285470366478,0.17676268967079536,-43.051784346977,1.0003958600176481
255,127.5,169.84504494078345,-43.22741800546646,0.17563330300730806,-43.05178470245915,0.9931650016155177
256,128.0,168.8058710973465,-43.22634398937225,0.17455871449290505,-43.05178527487935,0.9855742634411355
257,128.5,167.81541915369138,-43.22531998157501,0.17353450830311126,-43.0517854732719,0.9777285058807398
258,129.0,166.86916918064207,-43.22434151172638,0.1725560104711894,-43.05178550125519,0.9697244721169337
259,129.5,165.962465280857,-43.22340381145477,0.17161840642849047,-43.05178540502628,0.9616846287049362
260,130.0,165.0903397466101,-43.22250151634216,0.17071655916959516,-43.051784957172565,0.9536703362621234
261,130.5,164.2474259938994,-43.221630811691284,0.16984491921924819,-43.05178589247203,0.9457708678071683
262,131.0,163.42812961918628,-43.22078448534012,0.16899770151864968,-43.05178678382147,0.9380610168838268
263,131.5,162.62675644403987,-43.21995598077774,0.16816901783381513,-43.05178696294392,0.9306044771816724
264,132.0,161.83761519647445,-43.21914029121399,0.16735298293625575,-43.05178730827773,0.9234620112003673
265,132.5,161.05507989224864,-43.21833109855652,0.16654377911020993,-43.05178731944631,0.9166723133780841
266,133.0,160.27360332368602,-43.21752315759659,0.16573567010115803,-43.05178748749543,0.9102651332788151
267,133.5,159.48778693667558,-43.21671116352081,0.16492307337420592,-43.05178809014661,0.9042665106882806
268,134.0,158.6924213785808,-43.21588921546936,0.16410060204385218,-43.05178861342551,0.8986786535742534
269,134.5,157.88245594818898,-43.21505230665207,0.16326303328280267,-43.051789273369266,0.8935153368067625
270,135.0,157.0530379955876,-43.214193880558014,0.16240534906458054,-43.051788531493436,0.8887692685493287
271,135.5,156.19952026800797,-43.21331208944321,0.1615227437597136,-43.051789345683495,0.8844290084299585
272,136.0,155.31734451404756,-43.21240037679672,0.16061050377323033,-43.051789873023495,0.8804750910801575
273,136.5,154.40197138970487,-43.21145349740982,0.15966393506191773,-43.051789562347906,0.8768942865231145
274,137.0,153.44892041149487,-43.210468769073486,0.1586784044490245,-43.05179036462446,0.873653604233669
275,137.5,152.45375876155788,-43.20943981409073,0.15764932804785203,-43.051790486042876,0.8707354981813026
276,138.0,151.41220310369386,-43.208362460136414,0.1565722765476426,-43.05179018358877,0.8681220176886578
277,138.5,150.3202158359762,-43.207233905792236,0.1554430747464476,-43.051790831045786,0.8657597558382274
278,139.0,149.17405014464015,-43.20604854822159,0.1542578481404363,-43.05179070008115,0.863610550643696
279,139.5,147.9702421574602,-43.20480442047119,0.1530130148098631,-43.05179140566133,0.8616223051758624
280,140.0,146.70546712461984,-43.20349603891373,0.15170513669863306,-43.051790902215096,0.859743682043483
281,140.5,145.37644155052917,-43.20212197303772,0.15033081841080717,-43.05179115462691,0.8579829725906548
282,141.0,143.97995571824802,-43.20067763328552,0.14888674084344594,-43.05179089244208,0.8563312248259898
283,141.5,142.51297795348202,-43.19916212558746,0.147369769003885,-43.051792356583576,0.8547787878467946
284,142.0,140.97274274507768,-43.19756883382797,0.14577704313334505,-43.05179179069463,0.8533028271817718
285,142.5,139.3568763862857,-43.19589853286743,0.14410610863000425,-43.051792424237426,0.8518960989276654
286,143.0,137.66350632312717,-43.19414687156677,0.14235502912391726,-43.05179184244285,0.8505510788967959
287,143.5,135.89133019986932,-43.19231450557709,0.14052245787553624,-43.051792047701554,0.8492649738522439
288,144.0,134.03955995996137,-43.1904000043869,0.13860757997162645,-43.051792424415275,0.8480272194676262
289,144.5,132.10791813766528,-43.188402354717255,0.1366101084905173,-43.05179224622674,0.846835604019968
290,145.0,130.09654523860507,-43.18632262945175,0.13453018872621395,-43.051792440725535,0.8456994504301156
291,145.5,128.00591267897042,-43.1841607093811,0.1323683081606003,-43.0517924012205,0.8446246350060957
292,146.0,125.83691337361398,-43.18191754817963,0.13012539013874616,-43.05179215804088,0.8436312432843699
293,146.5,123.59090590415711,-43.17959463596344,0.1278028395422461,-43.05179179642119,0.8427397521144404
294,147.0,121.26976932510756,-43.17719429731369,0.12540259946310992,-43.05179169785058,0.8419891479715067
295,147.5,118.87600327914717,-43.174718141555786,0.12292725473094332,-43.05179088682484,0.8413989393568095
296,148.0,116.41280464556336,-43.17217081785202,0.12038011117353047,-43.05179070667849,0.8409983667828669
297,148.5,113.88405561065211,-43.169555962085724,0.11776518328068053,-43.05179077880504,0.8408085562900417
298,149.0,111.29428391423795,-43.16687715053558,0.11508715309596339,-43.05178999743962,0.8408625940558075
299,149.5,108.64850937265763,-43.16414159536362,0.11235121150925174,-43.05179038385437,0.8411865358811684
300,150.0,105.95221363283436,-43.16135239601135,0.10956302698002511,-43.051789369031326,0.84180886141774
301,150.5,103.2113798458679,-43.15851801633835,0.10672878656302158,-43.05178922977532,0.842733223022423
302,151.0,100.43244218193995,-43.15564399957657,0.10385514370262937,-43.05178885587394,0.8439774881602873
303,151.5,97.62226148206746,-43.15273720026016,0.10094919305486054,-43.0517880072053,0.8455605808946366
304,152.0,94.78810607499561,-43.14980661869049,0.09801845065049074,-43.05178816804,0.8475033709901201
305,152.5,91.93769283369555,-43.14685767889023,0.09507089635074745,-43.05178678253948,0.8498182297496247
306,153.0,89.07918034390379,-43.14390116930008,0.09211496678303582,-43.05178620251704,0.8525097148270309
307,153.5,86.22113096242204,-43.14094513654709,0.08915951610619892,-43.05178562044089,0.8555743693214983
308,154.0,83.37248769586395,-43.137999057769775,0.08621379210130045,-43.05178526566848,0.859008942791884
309,154.5,80.542588702913,-43.13507163524628,0.08328745116811445,-43.051784184078166,0.862793448180252
310,155.0,77.74109297439794,-43.132174491882324,0.0803904814724044,-43.05178401040992,0.8669133859617795
311,155.5,74.9779034343553,-43.12931728363037,0.07753312342629749,-43.05178416020407,0.8713382967918175
312,156.0,72.26311920060093,-43.12650775909424,0.07472582032191383,-43.05178193877232,0.876039976198225
313,156.5,69.60698193260872,-43.12376117706299,0.07197916285079993,-43.051782014212186,0.8809815427692514
314,157.0,67.01984689942631,-43.121084570884705,0.06930385918584951,-43.051780711698854,0.886127074781488
315,157.5,64.5121068616145,-43.11849135160446,0.06671065626916671,-43.051780695335296,0.8914244383771284
316,158.0,62.09417250967659,-43.11599004268646,0.06421031958384421,-43.05177972310262,0.8968366382268753
317,158.5,59.7764450130241,-43.113593339920044,0.06181360476740749,-43.051779735152635,0.9023050504583638
318,159.0,57.569261179251555,-43.11130964756012,0.05953120090213746,-43.051778446657984,0.9077771425334835
319,159.5,55.482849787907305,-43.10915154218674,0.0573736853607119,-43.05177785682603,0.9132000318269456
320,160.0,53.52729244060119,-43.10712903738022,0.05535148332209882,-43.05177755405812,0.9185104833082861
321,160.5,51.71249081911595,-43.105252385139465,0.05347483391383613,-43.051777551225626,0.9236511179035574
322,161.0,50.04812281783946,-43.103530049324036,0.05175374484947291,-43.051776304474565,0.928548630047611
323,161.5,48.54359133250287,-43.10197430849075,0.05019793947204618,-43.051776369018704,0.9331465699929791
324,162.0,47.20797125030429,-43.10059201717377,0.048816801937647016,-43.05177521523612,0.937370058722512
325,162.5,46.04996438541322,-43.09939444065094,0.047619330615143216,-43.0517751100358,0.9411540442602502
326,163.0,45.07784635042755,-43.098388373851776,0.046614083147034656,-43.05177429070474,0.9444283916535821
327,163.5,44.29940859609528,-43.09758251905441,0.04580911651390954,-43.051773402540505,0.9471249905139342
328,164.0,43.72191681878032,-43.09698575735092,0.04521194402445158,-43.05177381332647,0.9491714081551192
329,164.5,43.3520742751942,-43.09660214185715,0.04482949737995098,-43.0517726444772,0.9505039424008355
330,165.0,43.19595215303495,-43.09644103050232,0.044668054671999746,-43.05177297583032,0.951054170022768
331,165.5,43.25894418983095,-43.09650540351868,0.044733193454761976,-43.051772210063916,0.9507610844134762
332,166.0,43.54570359502062,-43.09680134057999,0.04502972551738078,-43.051771615062606,0.9521203220136837
333,166.5,44.060099141546594,-43.09733301401138,0.045561651479189696,-43.05177136253219,0.9566413503449602
334,167.0,44.80517229357694,-43.09810280799866,0.046332116456362156,-43.051770691542295,0.9611175073165791
335,167.5,45.78307317483734,-43.09911495447159,0.04734334384806736,-43.05177161062352,0.9655146876723739
336,168.0,46.99502036072328,-43.10036736726761,0.04859659375831216,-43.0517707735093,0.9697984446411502
337,168.5,48.44126860475788,-43.10186392068863,0.05009212962252813,-43.0517717910661,0.9739246661024088
338,169.0,50.12107101652613,-43.10360074043274,0.05182917909654347,-43.051771561336196,0.9778509860198097
339,169.5,52.03263092138282,-43.10557800531387,0.05380588427568702,-43.051772121038184,0.9815163092673358
340,170.0,54.17308494550832,-43.10779112577438,0.056019284203388864,-43.051771841571,0.9848683817690194
341,170.5,56.53849123033991,-43.1102369427681,0.05846530268396368,-43.051771640084134,0.98785145180875
342,171.0,59.12380151767955,-43.11291056871414,0.061138719416389084,-43.05177184929775,0.9904123464286225
343,171.5,61.9228570539156,-43.11580592393875,0.0640331657589446,-43.05177275817981,0.9924998583678982
344,172.0,64.92840296221127,-43.11891466379166,0.06714113959119924,-43.051773524200456,0.9940664965637628
345,172.5,68.13212414043882,-43.12222844362259,0.0704540424353343,-43.05177440118725,0.995063638763992
346,173.0,71.52468302261863,-43.12573707103729,0.07396221850447877,-43.051774852532816,0.995452802278968
347,173.5,75.09574606989263,-43.129430413246155,0.07765498209648551,-43.05177543114967,0.9951846037588346
348,174.0,78.8340147180226,-43.13329666852951,0.08152064959610932,-43.0517760189334,0.9942214577046462
349,174.5,82.72730875422974,-43.13732373714447,0.08554662569329907,-43.05177711145117,0.9925299376316694
350,175.0,86.76262710494271,-43.141498029232025,0.08971946624257046,-43.051778562989455,0.9900771151993889
351,175.5,90.92617751585607,-43.14580488204956,0.09402490895455008,-43.05177997309501,0.986812306082409
352,176.0,95.20343084670532,-43.15022802352905,0.09844792954109695,-43.05178009398796,0.982703224922495
353,176.5,99.57918019130013,-43.15475398302078,0.10297280285012518,-43.05178118017066,0.9777193468535088
354,177.0,104.03761491500916,-43.1593656539917,0.10758317942625964,-43.05178247456544,0.9718296256926933
355,177.5,108.56244280433621,-43.16404527425766,0.11226221182322578,-43.05178306243443,0.9650102522761823
356,178.0,113.13698335219219,-43.168777108192444,0.11699265106825013,-43.05178445712419,0.9572267241217765
357,178.5,117.7441870203674,-43.17354243993759,0.12175686658099069,-43.051785573356604,0.9484224756669037
358,179.0,122.36673250498846,-43.17832404375076,0.12653694675376567,-43.051787096996996,0.9385722302271694
359,179.5,126.9872470428502,-43.18310385942459,0.13131492676584597,-43.051788932658745,0.92767207176258
360,180.0,131.5883960832338,-43.18786233663559,0.1360728813112566,-43.05178945532433,0.9156966001945068
361,180.5,136.15290441308784,-43.19258368015289,0.14079294644389645,-43.051790733709,0.9026280258309479
362,181.0,140.6637122139031,-43.19724899530411,0.145457480952775,-43.05179151435133,0.8884699330059125
363,181.5,145.10409567989475,-43.20184165239334,0.15004919109081913,-43.05179246130252,0.8732286166155551
364,182.0,149.45776339385742,-43.20634490251541,0.15455123023518236,-43.051793672280226,0.8569125061561277
365,182.5,153.70890150796606,-43.21074205636978,0.15894724560779142,-43.05179481076199,0.8395071856200363
366,183.0,157.84214143952693,-43.21501737833023,0.16322134487017986,-43.05179603346005,0.8210150610322307
367,183.5,161.84278417542177,-43.21915531158447,0.16735832807214715,-43.051796983512325,0.8014799239702044
368,184.0,165.6969823358365,-43.2231422662735,0.17134387592015382,-43.05179839035335,0.7808661346464475
369,184.5,169.39189104260956,-43.22696316242218,0.1751647057872086,-43.05179845663497,0.759245032763254
370,185.0,172.91595817498288,-43.23060768842697,0.17880887186043148,-43.05179881656654,0.7367087168143092
371,185.5,176.2589148330707,-43.234066009521484,0.18226575527952057,-43.05180025424196,0.7133456694559394
372,186.0,179.4116185711497,-43.237325966358185,0.18552590202748934,-43.05180006433069,0.7036934596584069
373,186.5,182.36592164350682,-43.24038130044937,0.1885808866863802,-43.05180041376299,0.7047123760960833
374,187.0,185.11469651480925,-43.24322408437729,0.19142333881701876,-43.05180074556027,0.7049650524646138
375,187.5,187.65198043945202,-43.24584859609604,0.1940470924655737,-43.051801503630465,0.7044593292049847
376,188.0,189.97304545060499,-43.248248636722565,0.19644725853780512,-43.05180137818476,0.7031955013264096
377,188.5,192.07453349616927,-43.250422298908234,0.19862036454040596,-43.05180193436783,0.7011568915131948
378,189.0,193.95463950366178,-43.25236588716507,0.2005645438846719,-43.051801343280395,0.6983574718854796
379,189.5,195.61310016204362,-43.254081666469574,0.2022795242860185,-43.051802142183554,0.6947799675971497
380,190.0,197.05102220044253,-43.25556838512421,0.2037664501905043,-43.0518019349337,0.6966467772426824
381,190.5,198.27065948375287,-43.25682979822159,0.20502765227392886,-43.05180214594766,0.720457682020584
382,191.0,199.27510425550005,-43.25786757469177,0.2060663281623652,-43.05180124652941,0.7433290108644898
383,191.5,200.06830019921605,-43.25868767499924,0.20688655593866218,-43.05180111906058,0.7651721695784953
384,192.0,200.65558239402708,-43.25929397344589,0.20749385249952448,-43.05180012094637,0.7859062058946809
385,192.5,201.04396149405514,-43.25969576835632,0.20789546741964604,-43.05180030093668,0.8054948547198899
386,193.0,201.24160707502423,-43.259899616241455,0.20809984869095427,-43.0517997675505,0.8238664088513804
387,193.5,201.25739564360873,-43.25991469621658,0.20811617532827958,-43.051798520888305,0.8409564014667722
388,194.0,201.10084420108086,-43.25975304841995,0.20795428866887594,-43.05179875975108,0.8566924577667194
389,194.5,200.78209879825587,-43.259422302246094,0.20762468053732247,-43.05179762170877,0.8710006585358813
390,195.0,200.31202534111253,-43.258935391902924,0.20713858714576702,-43.05179680475716,0.8838123887630476
391,195.5,199.70216392360138,-43.25830435752869,0.20650794187041296,-43.05179641565827,0.8950606666284722
392,196.0,198.96467648102725,-43.25754135847092,0.20574532112094768,-43.051796037349966,0.9047086287148713
393,196.5,198.11247619761835,-43.25665891170502,0.20486407815827512,-43.051794833546744,0.9127516598984404
394,197.0,197.15915168415833,-43.25567203760147,0.2038782646881489,-43.05179377291332,0.9191774847670409
395,197.5,196.11851137402294,-43.25459444522858,0.2028021597303896,-43.05179228549819,0.9240013484268187
396,198.0,195.0044336651182,-43.253441512584686,0.20165011465371413,-43.05179139793097,0.9272156542195317
397,198.5,193.8314246140887,-43.25222843885422,0.2004371298759621,-43.05179130897825,0.9390735039020366
398,199.0,192.6141869326014,-43.250968873500824,0.19917840917192797,-43.051790464328896,0.954300709175651
399,199.5,191.36687380403885,-43.249677777290344,0.19788858806039542,-43.05178918922995,0.9682139485993259
400,200.0,190.10325302247753,-43.24837064743042,0.19658190353691302,-43.0517887438935,0.9808201014637027
401,200.5,188.83680767499797,-43.24706023931503,0.19527229818732145,-43.051787941127714,0.992148195745523
402,201.0,187.58074898048258,-43.24575984477997,0.1939734334640927,-43.051786411315874,1.0022368973514943
403,201.5,186.34798152803148,-43.24448448419571,0.1926986537400838,-43.05178583045563,1.0111015872480884
404,202.0,185.15109819527964,-43.243246018886566,0.19146098105367196,-43.05178503783289,1.0187823110490846
405,202.5,184.00236199944356,-43.24205660820007,0.19027309634129141,-43.05178351185878,1.0252983536440077
406,203.0,182.91364921359593,-43.240930795669556,0.18914728061513128,-43.051783515054424,1.0306810646982778
407,203.5,181.8963967890313,-43.239878833293915,0.18809536059367424,-43.051783472700244,1.0349487815315275
408,204.0,180.96153888161263,-43.23891097307205,0.18712864306488391,-43.05178233000717,1.0381332954028597
409,204.5,180.11948818213,-43.238039791584015,0.1862578955803087,-43.0517818960037,1.0402575321040621
410,205.0,179.38007862686683,-43.23727458715439,0.185493287213245,-43.05178129994114,1.041345310206257
411,205.5,178.75245610878744,-43.23662495613098,0.18484427554540106,-43.05178068058558,1.0414116991337712
412,206.0,178.24507511643804,-43.236098766326904,0.18431960319125307,-43.05177916313565,1.0404782698691866
413,206.5,177.8656727647216,-43.23570728302002,0.18392727094379815,-43.05178001207622,1.038552671297262
414,207.0,177.6211151580296,-43.23545414209366,0.18367437890179686,-43.05177976319186,1.0356481699304279
415,207.5,177.5172630833607,-43.235346376895905,0.18356698758576157,-43.05177938931014,1.0317667685112482
416,208.0,177.5590799371237,-43.2353892326355,0.18361022954286624,-43.05177900309263,1.0269156890150424
417,208.5,177.7506556677044,-43.2355871796608,0.18380833410546715,-43.05177884555533,1.0210914062530998
418,209.0,178.09518189821904,-43.23594343662262,0.18416460166604887,-43.05177883495657,1.0142927833323563
419,209.5,178.59495621448377,-43.23645997047424,0.18468140811132608,-43.05177856236292,1.031396090960615
420,210.0,179.2512281751878,-43.237138867378235,0.18536004558449887,-43.05177882179374,1.0513918702658125
421,210.5,180.06408781759308,-43.23797965049744,0.1862006071912667,-43.05177904330617,1.0697133546317974
422,211.0,181.03250685350065,-43.23898047208786,0.18720202959973847,-43.05177844248812,1.0862855206333222
423,211.5,182.15456017897208,-43.24014091491699,0.1883623220991257,-43.05177859281787,1.1010332528496223
424,212.0,183.4275036613957,-43.2414585351944,0.18967864703776396,-43.05177988815663,1.1138826512360909
425,212.5,184.8476922746092,-43.242926836013794,0.19114723516830975,-43.051779600845485,1.1247834108538008
426,213.0,186.4104541928901,-43.24454325437546,0.19276325545089976,-43.05177999892456,1.1337539960131444
427,213.5,188.11003817972644,-43.246300756931305,0.19452076064894935,-43.051779996282356,1.1407609264643555
428,214.0,189.93961305170095,-43.24819362163544,0.1964126867747665,-43.05178093486067,1.145784249339876
429,214.5,191.8912388964158,-43.250212013721466,0.19843082332659354,-43.05178119039487,1.148811253405241
430,215.0,193.95588146195817,-43.25234806537628,0.2005658281684605,-43.051782237207824,1.1498359446958253
431,215.5,196.12345938860003,-43.25459003448486,0.2028072763715245,-43.05178275811334,1.1488609397156824
432,216.0,198.38293324404523,-43.25692677497864,0.20514375228360576,-43.051783022695034,1.1458991106032106
433,216.5,200.7223597531098,-43.25934714078903,0.20756290560699603,-43.05178423518203,1.1409415204090634
434,217.0,203.1289218361743,-43.261836886405945,0.21005148246061062,-43.05178540394533,1.134018451717277
435,217.5,205.58897362417065,-43.264381527900696,0.2125953719290698,-43.05178615597163,1.125161290645951
436,218.0,208.08808799788156,-43.26696687936783,0.21517965522212035,-43.051787224145706,1.1144033720009134
437,218.5,210.61113689591832,-43.26957589387894,0.2177886887194805,-43.05178720515946,1.1017943426755574
438,219.0,213.1424500180112,-43.27219498157501,0.22040626808268135,-43.05178871349233,1.0873731659822823
439,219.5,215.6659385997771,-43.274805784225464,0.22301575624803405,-43.05179002797743,1.0711972462440762
440,220.0,218.16524654637388,-43.277391135692596,0.22560023971086482,-43.05179089598173,1.053333976873238
441,220.5,220.6239043244567,-43.27993482351303,0.2281426876620538,-43.051792135850974,1.0338567383030166
442,221.0,223.02534845333406,-43.28241944313049,0.23062597214344263,-43.05179347098705,1.0128423204632309
443,221.5,225.35288584845415,-43.28482735157013,0.23303283117615975,-43.05179452039397,0.9903553473440303
444,222.0,227.5896797762616,-43.2871413230896,0.23534585423682355,-43.051795468852774,0.966452034905096
445,222.5,229.71881795925694,-43.28934425115585,0.23754755268359795,-43.05179669847225,0.9411832108414812
446,223.0,231.72343920162393,-43.2914183139801,0.23962049069717545,-43.051797823282925,0.9146147413944115
447,223.5,233.58687104662206,-43.293345510959625,0.24154742762948414,-43.05179808333014,0.8867979253646782
448,224.0,235.29280848045528,-43.29511123895645,0.24331150279772,-43.051799736158735,0.8577895944560813
449,224.5,236.8255182882238,-43.29669690132141,0.24489644680467607,-43.05180045451674,0.8276636910679369
450,225.0,238.16990728823384,-43.29808843135834,0.246286652098453,-43.05180177925988,0.7964894780038861
451,225.5,239.31155859541823,-43.29926949739456,0.24746721047172385,-43.051802286922836,0.7643520115510565
452,226.0,240.23664212656237,-43.300227642059326,0.24842382051701045,-43.051803821542315,0.7313378363912094
453,226.5,240.9318855118295,-43.300947070121765,0.2491427575468839,-43.05180431257488,0.6975518891916306
454,227.0,241.3846958297549,-43.30141460895538,0.2496109994776435,-43.05180360947774,0.6630878567433277
455,227.5,241.5833724562482,-43.30162215232849,0.24981644693213673,-43.051805705396355,0.6280566041963827
456,228.0,241.51757856536474,-43.30155384540558,0.2497484108091071,-43.051805434596474,0.5939492008981934
457,228.5,241.17840154964,-43.30120414495468,0.24939767476263208,-43.05180647019205,0.591146302715798
458,229.0,240.55832151968585,-43.30056422948837,0.2487564626281969,-43.05180776686018,0.5877094362435638
459,229.5,239.6512335889364,-43.29962605237961,0.24781846146689643,-43.05180759091271,0.583625734199276
460,230.0,238.45224213331974,-43.298386335372925,0.24657860881355045,-43.051807726559375,0.578871612368081
461,230.5,236.95777155816126,-43.29684096574783,0.24503320721850344,-43.05180775852933,0.575099329028111
462,231.0,235.1657990785271,-43.294988095760345,0.24318016496103828,-43.051807930799306,0.588161403577473
463,231.5,233.07594885346572,-43.29282706975937,0.24101909339167887,-43.05180797636769,0.6005743674851638
464,232.0,230.68951477976807,-43.290358781814575,0.23855133050275365,-43.051807451311824,0.6123183906758856
465,232.5,228.0093757490374,-43.28758764266968,0.2357798532974566,-43.05180778937222,0.6234421712211656
466,233.0,225.03994728746278,-43.28451615571976,0.23270922778152184,-43.05180692793824,0.6339363746594366
467,233.5,221.78720460368663,-43.2811513543129,0.22934563279655396,-43.051805721516345,0.6547460462020586
468,234.0,218.25861566031222,-43.277501821517944,0.22569679081063682,-43.05180503070731,0.6886185267789244
469,234.5,214.46291876841255,-43.27357721328735,0.22177173793334304,-43.05180547535401,0.7220350608751629
470,235.0,210.41010348132937,-43.269384920597076,0.2175808041584007,-43.051804116438674,0.7548663721718523
471,235.5,206.11158663345992,-43.264940083026886,0.21313579540181854,-43.05180428762507,0.7869415049302367
472,236.0,201.5801978418958,-43.26025319099426,0.20844997850942593,-43.051803212484835,0.8181403172789611
473,236.5,196.83016015835105,-43.25533992052078,0.20353806124942572,-43.05180185927136,0.8483241801733825
474,237.0,191.8771563694612,-43.25021630525589,0.19841626087218345,-43.051800044383704,0.8773513520828679
475,237.5,186.73826222418964,-43.24490201473236,0.19310223506204788,-43.05179977967031,0.9051336778608099
476,238.0,181.43183109215252,-43.239413022994995,0.187614962664873,-43.05179806033012,0.9315844714365562
477,238.5,175.97745519190872,-43.2337720990181,0.1819747035949821,-43.051797395423115,0.9566173831646997
478,239.0,170.3958605230517,-43.22799855470657,0.17620289018658314,-43.05179566451999,0.9801382551088347
479,239.5,164.70875729550278,-43.22211581468582,0.17032197252574593,-43.05179384216007,1.0020871896748453
480,240.0,158.93859986817108,-43.2161483168602,0.1643551702078582,-43.051793146652344,1.0224567714025925
481,240.5,153.10850005739283,-43.21011692285538,0.15832638269164734,-43.05179054016373,1.04120860004465
482,241.0,147.2422142591644,-43.204049587249756,0.1522601759825441,-43.051789411267215,1.0583032976555036
483,241.5,141.36395788747058,-43.197968900203705,0.14618159074713558,-43.05178730945657,1.0737219507285714
484,242.0,135.49832058206388,-43.1919025182724,0.1401160546312563,-43.05178646364114,1.0874443502501574
485,242.5,129.67017520845386,-43.185873210430145,0.13408928815872967,-43.05178392227142,1.0994507201918964
486,243.0,123.90454229584694,-43.17991042137146,0.1281271645494018,-43.051783256822056,1.1097534041615233
487,243.5,118.22644655722506,-43.17403692007065,0.1222555613494758,-43.05178135872117,1.1183411710725295
488,244.0,112.66076364339769,-43.16827976703644,0.11650020196299705,-43.05177956507344,1.1252358857788687
489,244.5,107.23205933293754,-43.16266447305679,0.11088648936143984,-43.05177798369535,1.1304555143881203
490,245.0,101.96442066554643,-43.15721619129181,0.1054393314621589,-43.05177685982965,1.134024721235205
491,245.5,96.88128992154486,-43.15195816755295,0.10018296944995976,-43.05177519810299,1.1359720660127
492,246.0,92.00530383450213,-43.14691412448883,0.09514081151015308,-43.051773312978675,1.1363273085576113
493,246.5,87.35817021302068,-43.142108380794525,0.09033530524565378,-43.05177307554887,1.1351289341733715
494,247.0,82.96049767792891,-43.137558341026306,0.08578776161167859,-43.05177057941463,1.13240647600016
495,247.5,78.83164209308357,-43.133287847042084,0.08151819611296542,-43.05176965092912,1.1282077676892357
496,248.0,74.98958108261093,-43.12931424379349,0.07754519904460716,-43.05176904474888,1.122580757921895
497,248.5,71.45075429654858,-43.12565493583679,0.07388577031400413,-43.051769165522785,1.1155649405462253
498,249.0,68.22991401214026,-43.122322261333466,0.07055516495070456,-43.05176709638276,1.1072214291502789
499,249.5,65.34000413994808,-43.11933261156082,0.06756676798908874,-43.05176584357173,1.0975982053595277
500,250.0,62.79205625239285,-43.11669844388962,0.06493198695359935,-43.05176645693602,1.1088941765439342
501,250.5,60.59507655311801,-43.11442559957504,0.06266013497606199,-43.05176546459898,1.119201591820488
502,251.0,58.75595350842628,-43.112523555755615,0.060758335279234306,-43.05176522047638,1.127336321006014
503,251.5,57.27939862468599,-43.11099720001221,0.05923145993592773,-43.05176574007628,1.1332738164736473
504,252.0,56.16787770986193,-43.1098473072052,0.058082058787955956,-43.05176524841725,1.1370053368065287
505,252.5,55.42158973030665,-43.109075367450714,0.057310337582373284,-43.05176502986834,1.1385291192166267
506,253.0,55.038468108006796,-43.108679831027985,0.05691415931293067,-43.05176567171505,1.137843913299743
507,253.5,55.01416200343912,-43.10865408182144,0.0568890248650582,-43.051765056956384,1.1349622388877796
508,254.0,55.34208239781497,-43.10899430513382,0.05722812066857587,-43.051766184465244,1.129896830465532
509,254.5,56.01344778806478,-43.109689235687256,0.05792236594994676,-43.05176686973731,1.122664798294564
510,255.0,57.01731633116728,-43.110728323459625,0.05896044597207338,-43.05176787748755,1.1132927888234172
511,255.5,58.340643839274534,-43.112097918987274,0.060328872005875785,-43.0517690469814,1.101811276178519
512,256.0,59.968380608198004,-43.11378037929535,0.06201208145865756,-43.051768297836695,1.0882569842401146
513,256.5,61.88359397064586,-43.115763902664185,0.06399256460391345,-43.05177133806027,1.0726672568358115
514,257.0,64.06756442695722,-43.11802339553833,0.06625096398816441,-43.05177243155016,1.0550872811874754
515,257.5,66.49991568396602,-43.120540142059326,0.06876620890149925,-43.051773933157826,1.0355713161590199
516,258.0,69.15879243505876,-43.12329089641571,0.0715156992163128,-43.0517751971994,1.014183189560467
517,258.5,72.02100829405785,-43.12625241279602,0.07447545836272286,-43.0517769544333,0.9909990775548321
518,259.0,75.06219748975623,-43.12939900159836,0.07762029019279992,-43.05177871140556,0.966294637433703
519,259.5,78.25699986846472,-43.13270431756973,0.08092397028793492,-43.0517803472818,0.9573901985134446
520,260.0,81.57928323905492,-43.136141777038574,0.08435947588132123,-43.05178230115725,0.9470349995022724
521,260.5,85.002357933251,-43.13968276977539,0.087899207730384,-43.05178356204501,0.93526820692792
522,261.0,88.4991276415291,-43.1433002948761,0.09151514609311284,-43.05178514878298,0.9221336981221169
523,261.5,92.04229800983411,-43.146966338157654,0.09517906643367971,-43.051787271723974,0.9076719258947485
524,262.0,95.6046134921087,-43.150651693344116,0.0988627843468169,-43.0517889089973,0.8919326337339943
525,262.5,99.15901656506577,-43.15432858467102,0.10253832019857184,-43.05179026447245,0.8749663589555877
526,263.0,102.67876761736936,-43.157970786094666,0.10617802310126799,-43.0517927629934,0.8568346194925809
527,263.5,106.13765700897221,-43.161548495292664,0.10975479019974856,-43.05179370509291,0.8376097289695588
528,264.0,109.51023416662122,-43.165038108825684,0.1132423035743743,-43.05179580525131,0.8173484879354975
529,264.5,112.77199384940434,-43.16841208934784,0.11661522285443338,-43.051796866493405,0.7961519588406635
530,265.0,115.89950010843911,-43.17164731025696,0.11984931340233143,-43.051797996854624,0.7741062561306474
531,265.5,118.87052438494676,-43.174721240997314,0.12292158911799841,-43.051799651879314,0.7513110320792568
532,266.0,121.66426649334196,-43.17761117219925,0.12581054095300262,-43.051800631246245,0.7278917039763186
533,266.5,124.26146292414796,-43.18029886484146,0.12849624890439024,-43.05180261593707,0.7039739016606916
534,267.0,126.64447131687888,-43.18276357650757,0.13096046936637304,-43.0518031071412,0.6963187958343324
535,267.5,128.7975022111101,-43.18499159812927,0.133186874779392,-43.05180472334988,0.6959447791479436
536,268.0,130.7067716404858,-43.18696582317352,0.13516121142447368,-43.05180461174905,0.6958922866071892
537,268.5,132.36060414733743,-43.18867647647858,0.13687140594854988,-43.05180507053003,0.6961314422730693
538,269.0,133.74950861947525,-43.19011390209198,0.13830764378573987,-43.05180625830624,0.7052446158941822
539,269.5,134.86609044963762,-43.19126886129379,0.13946227832322514,-43.05180658297057,0.7196714642223692
540,270.0,135.70497367663083,-43.192136347293854,0.1403297503889873,-43.05180659690487,0.7337965824609686
541,270.5,136.26273882165424,-43.19271343946457,0.1409065239696176,-43.05180691549495,0.7475434002198287
542,271.0,136.5381365322102,-43.19299793243408,0.14119130713513448,-43.051806625298944,0.7608402613750812
543,271.5,136.5323223432165,-43.19299155473709,0.14118529480067027,-43.05180625993642,0.7736181940501864
544,272.0,136.2487931992405,-43.19269812107086,0.14089210308540592,-43.051806017985456,0.7858179408176944
545,272.5,135.6931145304485,-43.1921226978302,0.14031748708736683,-43.051805210742835,0.7973665769201507
546,273.0,134.87279683643405,-43.19127357006073,0.1394692132612724,-43.05180435679946,0.8081979159722166
547,273.5,133.7973708657397,-43.19016110897064,0.13835713716014894,-43.05180397181049,0.8182385908098507
548,274.0,132.47832786278747,-43.188796043395996,0.1369931416458968,-43.0518029017501,0.82743639794843
549,274.5,130.9290711957549,-43.18719393014908,0.1353910868686621,-43.05180284328041,0.8357266507702079
550,275.0,129.1647972251853,-43.18536752462387,0.13356668707549188,-43.05180083754838,0.8430677686356604
551,275.5,127.20229111902624,-43.183337450027466,0.13153729946682244,-43.051800150560645,0.8494003321359009
552,276.0,125.05980792709042,-43.18112027645111,0.12932180121800085,-43.05179847523311,0.8546764015179865
553,276.5,122.75694401600686,-43.17873823642731,0.1269404565327853,-43.05179777989452,0.8588529480500605
554,277.0,120.31442017135633,-43.17621034383774,0.12441469235367929,-43.051795651484056,0.861896822891103
555,277.5,117.75393835044449,-43.17356199026108,0.12176695023289086,-43.05179504002819,0.8637700489418637
556,278.0,115.09806243502918,-43.170813262462616,0.11902056302115573,-43.051792699441464,0.8644452933655626
557,278.5,112.37010399154899,-43.16799032688141,0.11619963673471535,-43.051790690146696,0.9037072946693873
558,279.0,109.59398339161241,-43.165118753910065,0.1133289069428425,-43.051789846967225,0.9443521801682365
559,279.5,106.7940446106607,-43.1622217297554,0.11043354725490898,-43.051788182500495,0.984160256156717
560,280.0,103.99492356747348,-43.15932482481003,0.10753903317294893,-43.05178579163708,1.0230049638699057
561,280.5,101.22143160243795,-43.156455874443054,0.10467102159890947,-43.05178485284414,1.0607592693593706
562,281.0,98.49839953732311,-43.1536386013031,0.10185518958003795,-43.051783411723065,1.097312388953884
563,281.5,95.85050273642781,-43.150898814201355,0.09911705340817689,-43.051781760793176,1.1325570681196861
564,282.0,93.30209576186749,-43.148262083530426,0.09648179764016235,-43.05178028589027,1.166382906583353
565,282.5,90.8770395787652,-43.14575272798538,0.09397409641422992,-43.05177863157115,1.1986936968184583
566,283.0,88.59851656865338,-43.143395483493805,0.09161792215913983,-43.05177756133467,1.229388713380234
567,283.5,86.48885831199688,-43.14121240377426,0.08943636750759021,-43.05177603626667,1.2583929591902538
568,284.0,84.5693966120106,-43.13922560214996,0.08745149124298002,-43.05177411090698,1.2856221936479297
569,284.5,82.86032333992726,-43.137458086013794,0.08568417336825392,-43.05177391264554,1.3110010744221594
570,285.0,81.38050881570749,-43.13592612743378,0.08415392729709226,-43.05177220013668,1.3344700499178856
571,285.5,80.1473632905078,-43.134650349617004,0.08287875661575143,-43.051771593001256,1.3559589609885034
572,286.0,79.17675445440585,-43.133645474910736,0.08187506977948195,-43.05177040513125,1.3754142289497562
573,286.5,78.48289077666705,-43.13292753696442,0.08115755947707334,-43.051769977487346,1.3927835513259021
574,287.0,78.07819903990634,-43.13250821828842,0.08073907599142424,-43.051769142297,1.4080205646096935
575,287.5,77.97325554267731,-43.13239884376526,0.0806305560575404,-43.051768287707716,1.4210892421895498
576,288.0,78.17675142134699,-43.132608354091644,0.08084098700259147,-43.051767367089056,1.431949045033289
577,288.5,78.69542284964177,-43.13314467668533,0.08137733456668256,-43.05176734211865,1.4405747554100476
578,289.0,79.53401351144029,-43.134011805057526,0.08224450409673337,-43.05176730096079,1.4469470431723854
579,289.5,80.69530052342324,-43.13521194458008,0.08344536735256261,-43.05176657722752,1.4510473240138013
580,290.0,82.18007557563882,-43.13674831390381,0.08498074300473067,-43.05176757089908,1.452873790548779
581,290.5,83.98715439313278,-43.13861691951752,0.08684940641861867,-43.0517675130989,1.452416783233043
582,291.0,86.11339488963611,-43.140816271305084,0.08904810842678723,-43.0517681628783,1.449678958195094
583,291.5,88.55370979458783,-43.14334011077881,0.09157158838632368,-43.051768522392486,1.4446750144574194
584,292.0,91.30113074377421,-43.14618158340454,0.09441264045366726,-43.05176894295087,1.437413099587732
585,292.5,94.34683570340245,-43.149331629276276,0.09756214194328534,-43.05176948733299,1.4279199470262574
586,293.0,97.6801768848425,-43.15277987718582,0.10100908219373961,-43.05177079499208,1.4162208907497422
587,293.5,101.28866807026118,-43.1565118432045,0.10474054946138232,-43.051771293743116,1.402360353272292
588,294.0,105.15803704324516,-43.1605139374733,0.10874178513779614,-43.0517721523355,1.3863666057400967
589,294.5,109.27246315716086,-43.16477036476135,0.11299642941439828,-43.05177393534695,1.3682869311420456
590,295.0,113.6147998179375,-43.1692613363266,0.1174867513473568,-43.05177458497924,1.3481753677111419
591,295.5,118.16673115037845,-43.17396926879883,0.12219381086303356,-43.0517754579358,1.3260851087033838
592,296.0,122.90887433290635,-43.178875505924225,0.1270975645802606,-43.051777941343964,1.3020694244954016
593,296.5,127.82088085438579,-43.18395668268204,0.13217697051795904,-43.05177971216408,1.2761930453692159
594,297.0,132.8815557143706,-43.189190447330475,0.13741011135768777,-43.051780335972786,1.248524102327229
595,297.5,138.06891921641173,-43.19455623626709,0.14277425834284527,-43.05178197792424,1.2191302050068082
596,298.0,143.36032392930514,-43.20002901554108,0.14824599222591453,-43.05178302331516,1.1880826651811789
597,298.5,148.7326160087927,-43.20558589696884,0.1538013700879497,-43.051784526880894,1.155451228125959
598,299.0,154.16230001044954,-43.2112021446228,0.15941609576822738,-43.051786048854574,1.1213345927259037
599,299.5,159.62576582909136,-43.21685314178467,0.16506575453766714,-43.051787387247,1.0858134763204057
600,300.0,165.09943110127858,-43.2225147485733,0.1707259603543621,-43.05178878821894,1.0489600674689916
601,300.5,170.5598654935722,-43.22816330194473,0.1763724843875336,-43.0517908175572,1.0108287987209224
602,301.0,175.9838864115516,-43.233773946762085,0.18198135398827817,-43.05179259277381,0.9714707331270037
603,301.5,181.34866526975233,-43.2393234372139,0.18752896258114635,-43.05179447463275,0.9309567797586175
604,302.0,186.6319212633888,-43.24478733539581,0.19299227003953612,-43.05179506535627,0.889357745019579
605,302.5,191.81206130480825,-43.25014537572861,0.19834894739113101,-43.051796428337475,0.8467445329847649
606,303.0,196.86824457594744,-43.255375266075134,0.20357744357028115,-43.05179782250485,0.816776188257619
607,303.5,201.78039943621192,-43.26045608520508,0.2086570029020971,-43.05179908230298,0.7884270186416406
608,304.0,206.5290812187911,-43.26536750793457,0.21356751805251434,-43.051799989882056,0.7590093391330168
609,304.5,211.09566807513147,-43.27009057998657,0.21828973254707584,-43.051800847439495,0.7286292215678767
610,305.0,215.46272497524075,-43.274608850479126,0.22280561717623568,-43.05180323330289,0.6973772669461583
611,305.5,219.6142524536634,-43.27890223264694,0.22709862721850796,-43.05180360542843,0.665374923433844
612,306.0,223.53577055015987,-43.28295809030533,0.2311537892418142,-43.05180430106351,0.6327167589477419
613,306.5,227.2141174970411,-43.2867625951767,0.23495749293015458,-43.05180510224654,0.6378167669133643
614,307.0,230.63711691729873,-43.29030328989029,0.23849714693997015,-43.05180614295032,0.6595990504647041
615,307.5,233.79328531254185,-43.293567180633545,0.24176087641937352,-43.051806304214175,0.6803940073690613
616,308.0,236.67199711837287,-43.29654508829117,0.2447376936885527,-43.05180739460261,0.7001538209088735
617,308.5,239.2638492514295,-43.2992257475853,0.2474178752104451,-43.05180787237485,0.7188267458612279
618,309.0,241.56099458321927,-43.30160093307495,0.24979330642924055,-43.05180762664571,0.7363685324617814
619,309.5,243.55724798331516,-43.303665935993195,0.25185759142749087,-43.05180834456571,0.7527282746313977
620,310.0,245.24789332028837,-43.30541408061981,0.25360585334970376,-43.05180822727011,0.7678772458727131
621,310.5,246.6297489169162,-43.306843519210815,0.2550348020882407,-43.051808717122576,0.7817418958095179
622,311.0,247.70130092547268,-43.30795109272003,0.25614287220398946,-43.051808220516044,0.7942742307541224
623,311.5,248.4626952366062,-43.308739483356476,0.2569302145594993,-43.05180926879698,0.805424766150823
624,312.0,248.9156270730661,-43.309206783771515,0.2573985821501014,-43.05180820162141,0.8151526881341892
625,312.5,249.06373008083355,-43.30936008691788,0.2575517324551255,-43.05180835446275,0.8234101778599665
626,313.0,248.9129246455056,-43.30920344591141,0.25739578762478127,-43.05180765828663,0.8301921267674828
627,313.5,248.47083611922437,-43.30874675512314,0.2569386328804702,-43.05180812224267,0.8354756779114708
628,314.0,247.7464365734859,-43.30799651145935,0.2561895460586592,-43.051806965400694,0.839259654258958
629,314.5,246.74996581511422,-43.30696541070938,0.25515911593510726,-43.05180629477427,0.8415467377461294
630,315.0,245.49291560679885,-43.30566489696503,0.2538592259076447,-43.05180567105738,0.8423440800567615
631,315.5,243.98814144565193,-43.30410760641098,0.25230316958410326,-43.05180443682688,0.8416755801267538
632,316.0,242.24989181979976,-43.30230933427811,0.25050568103596177,-43.051803653242146,0.839556703128687
633,316.5,240.29371450550963,-43.30028569698334,0.24848283790211276,-43.05180285908123,0.8360258473962064
634,317.0,238.13631632073157,-43.29805248975754,0.24625191636285532,-43.05180057339468,0.8311166130755707
635,317.5,235.79549244848127,-43.29563194513321,0.24383131805464436,-43.05180062707856,0.8248672879789315
636,318.0,233.29005837859887,-43.29303979873657,0.24124049969244893,-43.05179929904412,0.8173299781801446
637,318.5,230.63978003727274,-43.29029709100723,0.23849990081811542,-43.05179719018912,0.8186883423944603
638,319.0,227.86524846887426,-43.2874276638031,0.23563081421140417,-43.051796849591696,0.8192408665735056
639,319.5,224.98768917725232,-43.284450709819794,0.23265518873370394,-43.05179552108609,0.8281130289308927
640,320.0,222.02878208467047,-43.281389355659485,0.22959544315123442,-43.05179391250825,0.8694894805516116
641,320.5,219.01049065145787,-43.27826553583145,0.22647428943115613,-43.05179124640029,0.9094443072148448
642,321.0,215.9548460402298,-43.27510505914688,0.22331450955018534,-43.051790549596696,0.9479213042933315
643,321.5,212.88360786555688,-43.271926522254944,0.2201386046827339,-43.05178791757221,0.9848951082211894
644,322.0,209.8181887926518,-43.268756330013275,0.2169687172299464,-43.05178761278333,1.0202401365600682
645,322.5,206.77982323250384,-43.265612959861755,0.21382680526390413,-43.05178615459785,1.0538181725545748
646,323.0,203.78963322445065,-43.26251947879791,0.21073471065545127,-43.05178476814246,1.085459332181063
647,323.5,200.86857729490433,-43.25949817895889,0.20771410619004474,-43.05178407276885,1.1149876626514221
648,324.0,198.0370225315215,-43.25656795501709,0.20478605305836584,-43.05178190195873,1.1423001129209887
649,324.5,195.31398847868186,-43.25375258922577,0.2019702189840286,-43.05178237024174,1.167405803696942
650,325.0,192.71683361672066,-43.25106489658356,0.19928455401813705,-43.05178034256542,1.1902694080551353
651,325.5,190.2613742006824,-43.24852466583252,0.1967454134280212,-43.0517792524045,1.2107956585259192
652,326.0,187.96186355749697,-43.246145844459534,0.1943675362888681,-43.05177830817067,1.2289164596645545
653,326.5,185.83094978831235,-43.243941247463226,0.1921640017445655,-43.05177724571866,1.2445718534807368
654,327.0,183.879728976258,-43.24192404747009,0.19014628402876643,-43.05177776344133,1.257710163353623
655,327.5,182.11764802725352,-43.24010115861893,0.18832415199454777,-43.05177700662438,1.2682912997861016
656,328.0,180.552112407782,-43.238481402397156,0.18670526348402786,-43.05177613891313,1.2763229283776842
657,328.5,179.18807202455955,-43.237071216106415,0.18529473709496397,-43.05177647901145,1.2818114606620392
658,329.0,178.02798265183213,-43.2358712553978,0.1840951122935055,-43.05177614310429,1.2847884912709366
659,329.5,177.0720370623688,-43.234883308410645,0.18310658842204813,-43.051776719988595,1.285284642435505
660,330.0,176.3183443753353,-43.234103083610535,0.18232721015921863,-43.05177587345132,1.2833196243215657
661,330.5,175.76305579033064,-43.233531057834625,0.1817529975388821,-43.051778060295746,1.2789161675380676
662,331.0,175.4003941897587,-43.23315471410751,0.18137797656135185,-43.05177673754616,1.2721165132942438
663,331.5,175.22259911403904,-43.23297196626663,0.181194122293375,-43.051777843973255,1.2629594867247909
664,332.0,175.2199508396538,-43.23297083377838,0.18119138376675084,-43.05177945001163,1.2514925966085346
665,332.5,175.3809704739487,-43.233138382434845,0.1813578908922905,-43.05178049154255,1.2377673194911292
666,333.0,175.69255034141054,-43.23346108198166,0.1816800892896119,-43.051780992692045,1.2218635700458798
667,333.5,176.14010465589675,-43.23392456769943,0.18214289609422485,-43.051781671605205,1.203860519646006
668,334.0,176.70776539332138,-43.23451220989227,0.1827299025054876,-43.05178230738679,1.1838489378210888
669,334.5,177.37846189921214,-43.235206842422485,0.183423456107161,-43.05178338631532,1.1619371838696964
670,335.0,178.13403744578142,-43.2359904050827,0.18420478139670227,-43.051785623686,1.1382522178539396
671,335.5,178.95546996309375,-43.23684108257294,0.18505420803887176,-43.051786874534066,1.1129127254316011
672,336.0,179.82309851805607,-43.23773896694183,0.18595140506304528,-43.05178756187879,1.0860378291697155
673,336.5,180.716840621694,-43.23866444826126,0.18687560557624458,-43.05178884268501,1.0577604245662104
674,337.0,181.61640230458153,-43.23959559202194,0.18780582399786197,-43.05178976802408,1.0282106112443044
675,337.5,182.501513444791,-43.24051159620285,0.18872109940750226,-43.05179049679535,0.9975371439329435
676,338.0,183.35215682064236,-43.24139350652695,0.18960073240376749,-43.05179277412318,0.9658804133612235
677,338.5,184.14876420231155,-43.24221730232239,0.1904244878785966,-43.05179281444379,0.9333990562286223
678,339.0,184.87235210839265,-43.242967665195465,0.19117273540036253,-43.0517949297951,0.9002490797709817
679,339.5,185.50467449846136,-43.24362272024155,0.1918266071101434,-43.0517961131314,0.868156347234744
680,340.0,186.0283809343697,-43.24416524171829,0.19236816127309728,-43.0517970804452,0.8402401544119826
681,340.5,186.4271507822634,-43.244578301906586,0.1927805210540359,-43.05179778085255,0.8121044822350437
682,341.0,186.68581198320575,-43.244846880435944,0.19304799733570888,-43.05179888310023,0.7839041784371595
683,341.5,186.7903675036868,-43.24495607614517,0.19315611607073668,-43.05179996007443,0.7557935102524971
684,342.0,186.72803490353948,-43.24489289522171,0.19309165919798701,-43.05180123602372,0.7279418091423596
685,342.5,186.48738672761897,-43.24464404582977,0.19284280981875232,-43.05180123601102,0.7005251863444794
686,343.0,186.058516898712,-43.24420118331909,0.19239932426026948,-43.05180185905882,0.704677721699425
687,343.5,185.43327647736274,-43.243554174900055,0.19175277587015577,-43.0518013990299,0.7143832980873217
688,344.0,184.6054936352039,-43.2426992058754,0.1908967824863522,-43.05180242338904,0.7237082502451601
689,344.5,183.57074037817932,-43.24162936210632,0.1898267652103571,-43.05180259689597,0.732613097026625
690,345.0,182.32617044980938,-43.240342140197754,0.18853978078629344,-43.05180235941146,0.7410813619930703
691,345.5,180.87083589989092,-43.23883718252182,0.18703484895815592,-43.051802333563664,0.7490922955948757
692,346.0,179.20588776957982,-43.237115263938904,0.18531315999416917,-43.05180210394474,0.7566357322565084
693,346.5,177.33449663142343,-43.23517918586731,0.18337799251885303,-43.05180119334845,0.7636871680028536
694,347.0,175.2617233323653,-43.233036160469055,0.18123457985099534,-43.05180158061806,0.7702249804785153
695,347.5,172.9943627839091,-43.23068994283676,0.1788899484702408,-43.05179999436652,0.7762243904650822
696,348.0,170.54080498081586,-43.228152334690094,0.17635277429935545,-43.05179956039074,0.7816617948098727
697,348.5,167.91087035507135,-43.22543203830719,0.1736332124471163,-43.051798825860075,0.786524242930169
698,349.0,165.11564432666367,-43.22254014015198,0.1707427261206391,-43.05179741403134,0.7907862769492408
699,349.5,162.16735785898342,-43.21949088573456,0.16769396311014934,-43.05179692262441,0.7944401047450738
700,350.0,159.07932169614628,-43.21629685163498,0.1645006877851365,-43.05179616384984,0.7974712577777836
701,350.5,155.86589156031832,-43.21297323703766,0.1611777451056167,-43.05179549193204,0.7998743667652741
702,351.0,152.54243298807916,-43.20953458547592,0.15774102426013176,-43.05179356121579,0.80164123077194
703,351.5,149.12522314959747,-43.20600074529648,0.15420735713895753,-43.05179338815752,0.8128677021965536
704,352.0,145.63138474729183,-43.2023863196373,0.15059444998005478,-43.051791869657244,0.8341109954071871
705,352.5,142.07888951642622,-43.19871175289154,0.14692088698896386,-43.051790865902575,0.8544693926807474
706,353.0,138.48635710351533,-43.19499468803406,0.1432059223630583,-43.051788765671,0.8738963213633244
707,353.5,134.87265994895301,-43.191257417201996,0.13946907170871523,-43.05178834549328,0.8923523251411102
708,354.0,131.25666743591646,-43.18751674890518,0.1357298474709064,-43.051786901434276,0.9097933202431989
709,354.5,127.65706195207211,-43.183793008327484,0.13200756872635297,-43.05178543960113,0.926201222398803
710,355.0,124.0922004843932,-43.18010538816452,0.12832121806154423,-43.05178417010298,0.9415373834434312
711,355.5,120.58008213860612,-43.17647308111191,0.12468940798525845,-43.05178367312665,0.9557503562862121
712,356.0,117.13825745019267,-43.17291235923767,0.12113028714891665,-43.051782072088756,0.9688035219141747
713,356.5,113.7836757585683,-43.169442653656006,0.11766138251932766,-43.051781271136676,0.980641792098712
714,357.0,110.5325327856453,-43.16607880592346,0.11429944176278369,-43.05177936416068,0.9912399088506396
715,357.5,107.40015067839286,-43.16284054517746,0.11106030919951373,-43.051780235977944,1.0005369910163286
716,358.0,104.40084570928609,-43.15973776578903,0.10795878899541173,-43.05177897679362,1.0085164433015257
717,358.5,101.54779493067703,-43.15678644180298,0.10500850727203624,-43.05177793453094,1.0151555915944457
718,359.0,98.85294775872957,-43.153999388217926,0.10222182067735781,-43.05177756754057,1.0204265563623431
719,359.5,96.3269327863174,-43.15138602256775,0.09960972002287395,-43.05177630254487,1.0243111731740158
720,360.0,93.9788900507917,-43.14895683526993,0.09718165683512257,-43.0517751784348,1.0267835897211008
721,360.5,91.81645545449577,-43.146720826625824,0.0949455272452535,-43.05177529938057,1.0278288563913782
722,361.0,89.8457590052926,-43.14468306303024,0.09290767016959374,-43.05177539286065,1.0274340863089904
723,361.5,88.07136887835061,-43.142847418785095,0.09107280946507902,-43.05177460932001,1.0255866991547207
724,362.0,86.49635973640277,-43.14121866226196,0.08944412457784283,-43.05177453768412,1.022276170861709
725,362.5,85.12233630628857,-43.13979744911194,0.0880232749232384,-43.0517741741887,1.0175015227160344
726,363.0,83.94934477940504,-43.13858491182327,0.08681030826684892,-43.051774603556424,1.0112579269707733
727,363.5,82.97582705726742,-43.137578547000885,0.08580361341075352,-43.05177493359013,1.0035567469152171
728,364.0,82.19867840642667,-43.13677579164505,0.08499997981330343,-43.051775811831746,0.9944059697072023
729,364.5,81.61330656013767,-43.136170566082,0.08439465870495394,-43.05177590737705,0.9838131491575385
730,365.0,81.21368256587425,-43.13575720787048,0.08398141566864441,-43.05177579220184,0.9718004076443488
731,365.5,80.99238268720462,-43.13552933931351,0.08375257396967455,-43.05177676534383,0.9583778129583015
732,366.0,80.94071145364657,-43.13547629117966,0.08369914179905438,-43.051777149380605,0.9475556766092459
733,366.5,81.04885678078949,-43.135588586330414,0.08381097268006442,-43.05177761365035,0.9483686902571422
734,367.0,81.30593172475852,-43.13585615158081,0.08407680864569675,-43.05177934293511,0.9478285141034297
735,367.5,81.7000712833603,-43.136264741420746,0.08448438033874914,-43.051780361081995,0.9459373511024358
736,368.0,82.2186717153143,-43.136800944805145,0.08502065448696967,-43.05178029031818,0.9427076430499463
737,368.5,82.84854527646458,-43.13745331764221,0.08567199391262303,-43.051781323729585,0.93813954078829
738,369.0,83.57598870554355,-43.138206005096436,0.08642422835222442,-43.051781776744214,0.9322442764345202
739,369.5,84.38692673300402,-43.13904666900635,0.087262802856101,-43.051783866150245,0.9250335516001812
740,370.0,85.26703283869756,-43.139957427978516,0.08817290266144856,-43.05178452531707,0.9165305000706544
741,370.5,86.20190419913473,-43.14092421531677,0.08913963410173145,-43.05178458121504,0.9067516340663562
742,371.0,87.1772303698516,-43.14193379878998,0.09014819903768351,-43.05178559975229,0.8957230215548226
743,371.5,88.17890681438021,-43.14297169446945,0.09118401225530498,-43.05178768221415,0.8834690227419834
744,372.0,89.19317687208388,-43.144020438194275,0.09223284827191068,-43.05178758992236,0.8700184615517911
745,372.5,90.20676216980078,-43.1450691819191,0.09328097619215546,-43.05178820572694,0.8553977120991161
746,373.0,91.20693671176353,-43.14610427618027,0.09431523632291161,-43.051789039857354,0.8396438365542959
747,373.5,92.18159683911725,-43.14711272716522,0.09532311251698215,-43.05178961464824,0.8227919489669675
748,374.0,93.11939466395644,-43.14808291196823,0.09629287015452173,-43.05179004181371,0.8048820870097046
749,374.5,94.00980547247401,-43.149005115032196,0.09721362584326068,-43.051791489188936,0.7859560120967966
750,375.0,94.84314309766904,-43.149867594242096,0.0980753633151092,-43.051792230926985,0.7779178117464329
751,375.5,95.6106213335353,-43.15066033601761,0.09886899693331931,-43.05179133908429,0.7719111559315408
752,376.0,96.3044709468319,-43.15137904882431,0.09958649269197457,-43.051792556132334,0.7660696425448167
753,376.5,96.91801496715526,-43.15201425552368,0.10022094607192066,-43.05179330945176,0.7604339377080365
754,377.0,97.44572580332284,-43.15256088972092,0.10076664110365488,-43.05179424861726,0.7750179988417111
755,377.5,97.88329157281669,-43.15301263332367,0.10121911895725333,-43.051793514366416,0.8010308643906443
756,378.0,98.22763432107163,-43.15336894989014,0.10157519678256591,-43.05179375310757,0.8270964445051434
757,378.5,98.47693039082475,-43.153627038002014,0.10183298877274581,-43.051794049229265,0.853061646448919
758,379.0,98.63062607404949,-43.153786063194275,0.10199192234959603,-43.05179414084468,0.8787695080873756
759,379.5,98.68940111503709,-43.15384662151337,0.10205270042284886,-43.05179392109052,0.9040866959887192
760,380.0,98.65512505245076,-43.153811037540436,0.102017256244373,-43.05179378129606,0.928889299718527
761,380.5,98.53079817564617,-43.1536808013916,0.10188869235230665,-43.0517921090393,0.9530630484781341
762,381.0,98.32051634706002,-43.15346372127533,0.10167124419460573,-43.051792477080724,0.976492807077499
763,381.5,98.02946166902261,-43.15316277742386,0.10137027047778484,-43.05179250694607,0.9990768101371149
764,382.0,97.66378347112475,-43.15278422832489,0.10099213009837633,-43.051792098226514,1.020726545725363
765,382.5,97.23055082089975,-43.152335584163666,0.10054413303519351,-43.05179145112847,1.0413561341791187
766,383.0,96.73772230445586,-43.15182584524155,0.10003450910009778,-43.05179133614145,1.0608851808849484
767,383.5,96.19403945032312,-43.151262640953064,0.09947229772976864,-43.051790343223296,1.0792360129101108
768,384.0,95.60894772777128,-43.15065681934357,0.09886726629167257,-43.0517895530519,1.0963442473724712
769,384.5,94.99254233649347,-43.15001833438873,0.09822985402627867,-43.051788480362454,1.1121372940739935
770,385.0,94.35549191024617,-43.14936012029648,0.0975710931505461,-43.05178902714593,1.1265614540788145
771,385.5,93.70893466553339,-43.14869028329849,0.09690250146739278,-43.0517877818311,1.1395673182483002
772,386.0,93.06441184400764,-43.14802300930023,0.09623601353983725,-43.051786995760395,1.1510948296263128
773,386.5,92.43378913130532,-43.147370517253876,0.0955838994318163,-43.05178661782206,1.1611018470280328
774,387.0,91.82915577900748,-43.146744430065155,0.09495866039225836,-43.0517857696729,1.169538376025004
775,387.5,91.26274095063998,-43.14615714550018,0.09437294235018545,-43.05178420315,1.1763731254148437
776,388.0,90.7468566288604,-43.14562237262726,0.09383947687619755,-43.05178289575106,1.1815750678777166
777,388.5,90.29384199015172,-43.14515370130539,0.09337102366147582,-43.051782677643914,1.185116201878739
778,389.0,89.91599176840708,-43.14476257562637,0.09298029644002409,-43.05178227918635,1.1869724779144468
779,389.5,89.62546667166767,-43.14446043968201,0.09267987035244143,-43.051780569329566,1.1871314132000106
780,390.0,89.43422123697569,-43.144262850284576,0.09248210734209437,-43.05178074294248,1.185584746420178
781,390.5,89.35393978355974,-43.14417952299118,0.09239908992560991,-43.051780433065574,1.182317182049397
782,391.0,89.39591669985555,-43.14422166347504,0.09244249740012096,-43.051779166074915,1.1773386322331774
783,391.5,89.57092404901883,-43.1444017291069,0.09262346893682265,-43.05177826017008,1.170648010790649
784,392.0,89.88923252201263,-43.14473098516464,0.09295262524813339,-43.05177835991651,1.1622598545143925
785,392.5,90.36064482966725,-43.1452174782753,0.09344010311774414,-43.051777375157556,1.1521953543141574
786,393.0,90.99438818464482,-43.14587253332138,0.0940954442184071,-43.05177708910298,1.1404725271378857
787,393.5,91.7989954512822,-43.14670407772064,0.09492747221140786,-43.05177660550923,1.127115479652375
788,394.0,92.78221688442486,-43.14772009849548,0.09594420147749055,-43.05177589701799,1.1121584487266807
789,394.5,93.9509560798479,-43.148928105831146,0.09715277088449221,-43.051775334946655,1.0956252885513054
790,395.0,95.31122519657872,-43.150335252285004,0.09855939748365831,-43.05177585480134,1.0775630768044595
791,395.5,96.86807775091795,-43.15194475650787,0.1001693070133081,-43.05177544949456,1.0580141714104563
792,396.0,98.62554171793768,-43.15376138687134,0.10198666472045594,-43.05177472215088,1.0370302302832717
793,396.5,100.5865972461014,-43.15578955411911,0.10401455231595347,-43.05177500180316,1.0146555903007308
794,397.0,102.75310436014313,-43.15802961587906,0.10625489321350891,-43.05177472266555,0.990948508213337
795,397.5,105.12581085250427,-43.1604830622673,0.10870846069006121,-43.05177460157724,0.9659785889769654
796,398.0,107.70435216268379,-43.16314995288849,0.11137487776101855,-43.05177507512747,0.939809192790413
797,398.5,110.48720840426058,-43.166027784347534,0.11425257274277703,-43.051775211604756,0.912508007927424
798,399.0,113.47174905932611,-43.169114112854004,0.11733882547032355,-43.05177528738368,0.8841582091737693
799,399.5,116.65422350815258,-43.172405421733856,0.12062975750415846,-43.051775664229694,0.8923887471286779
800,400.0,120.02975405291214,-43.17589622735977,0.12412032491626564,-43.05177590244351,0.906882284299214
801,400.5,123.5922249855311,-43.17958062887192,0.12780420357743907,-43.05177642529448,0.9198050045389217
802,401.0,127.33430017919437,-43.18345123529434,0.13167380734829937,-43.05177742794604,0.9311028793740359
803,401.5,131.24751734471096,-43.18749898672104,0.13572038554788238,-43.051778601173154,0.9407348876107078
804,402.0,135.3222386242925,-43.19171220064163,0.1399339718636715,-43.05177822877796,0.9486515053668301
805,402.5,139.54763787180113,-43.1960825920105,0.1443033711983608,-43.051779220812136,0.9548243584551073
806,403.0,143.9116636587593,-43.20059633255005,0.14881612141512315,-43.051780211134925,0.9592167011226767
807,403.5,148.40098978283612,-43.205239713191986,0.15345844215944343,-43.051781271032546,0.9618051156555534
808,404.0,153.0010167450235,-43.209996461868286,0.15821523638663634,-43.05178122548165,0.9625738224770329
809,404.5,157.69603029031734,-43.214852809906006,0.16307025430553712,-43.05178255560047,0.9615033814708758
810,405.0,162.46927228186783,-43.2197904586792,0.16800616666801718,-43.051784292011185,0.958589094456928
811,405.5,167.30305239111692,-43.22479021549225,0.1730046802654815,-43.05178553522677,0.9538212983818263
812,406.0,172.17888406470962,-43.229833364486694,0.17804667852948328,-43.05178668595721,0.947199447187415
813,406.5,177.0776145586895,-43.23490071296692,0.18311235599743816,-43.05178835696948,0.9387235960119621
814,407.0,181.97965544167482,-43.23997122049332,0.18818145667126557,-43.05178976382205,0.9284092045364236
815,407.5,186.8648232671771,-43.24502283334732,0.19323310925987733,-43.05178972408744,0.9162745993205945
816,408.0,191.71234048032937,-43.25003844499588,0.1982458281168069,-43.05179261687908,0.9023353638472091
817,408.5,196.50132887672325,-43.2549906373024,0.20319802351594607,-43.05179261378645,0.8866349921082416
818,409.0,201.21097468071392,-43.259862422943115,0.20806817235565925,-43.051794250587456,0.8692120812497997
819,409.5,205.8199869314732,-43.264630913734436,0.2128342580868281,-43.05179665564761,0.8501164003600379
820,410.0,210.3065843147722,-43.26927191019058,0.21747375709586592,-43.051798153094715,0.8313217662086406
821,410.5,214.6492137963872,-43.27376300096512,0.22196438182889167,-43.05179861913623,0.8143730799490181
822,411.0,218.82703049267656,-43.27808481454849,0.2262845770161237,-43.05180023753237,0.7961302706435215
823,411.5,222.82003996932553,-43.28221482038498,0.23041366682011447,-43.05180115356487,0.7766749594546238
824,412.0,226.60877807959443,-43.286133766174316,0.23433152376300143,-43.05180224241131,0.7560872677330236
825,412.5,230.17408668378496,-43.28982222080231,0.23801833680257334,-43.05180388399973,0.7344696793293499
826,413.0,233.49705155886957,-43.293259501457214,0.24145454712588219,-43.05180495433133,0.7119105614068337
827,413.5,236.55947474196321,-43.29642701148987,0.2446213365900106,-43.05180567489986,0.6885138325676219
828,414.0,239.3447848583096,-43.299308121204376,0.24750156907370857,-43.05180655213067,0.6643859104320017
829,414.5,241.83831075348184,-43.301888823509216,0.2500800734348811,-43.051808750074336,0.6396517988643
830,415.0,244.02713376436392,-43.30415219068527,0.2523434907470179,-43.051808699938256,0.6144473088062088
831,415.5,245.89986176938,-43.306089878082275,0.2542800406491357,-43.05180983743314,0.5889161063978718
832,416.0,247.44660059999242,-43.30768966674805,0.25587949178299024,-43.051810174965055,0.5632180379956114
833,416.5,248.65898810590232,-43.308944046497345,0.2571331970192071,-43.05181084947814,0.5375273126865021
834,417.0,249.53058293823864,-43.30984562635422,0.2580344954900615,-43.05181113086416,0.5383605466625812
835,417.5,250.05704348686857,-43.31038987636566,0.2585788976249083,-43.051810978740754,0.5633412134221653
836,418.0,250.23560704718284,-43.31057471036911,0.25876354656715844,-43.05181116380195,0.5877683882308059
837,418.5,250.06504793439595,-43.3103985786438,0.2585871748611296,-43.05181140378267,0.6116022463655688
838,419.0,249.54602637084395,-43.309861838817596,0.2580504652292976,-43.0518113735883,0.6348234710622706
839,419.5,248.68120825318584,-43.30896711349487,0.25715617442112115,-43.051810939073754,0.6574368427512711
840,420.0,247.47534222452316,-43.307719707489014,0.2559092129117514,-43.05181049457726,0.6793593076254533
841,420.5,245.93550890177576,-43.30612689256668,0.2543169026229871,-43.05180998994369,0.7004676349035173
842,421.0,244.0711304711023,-43.30419719219208,0.2523889868457036,-43.051808205346376,0.7206438597799447
843,421.5,241.89378854748057,-43.30194544792175,0.25013744189215315,-43.0518080060296,0.7398061796621856
844,422.0,239.41707792754053,-43.299383759498596,0.2475763258647471,-43.05180743363385,0.7579697200233256
845,422.5,236.6564329337879,-43.296527564525604,0.2447215990821529,-43.05180596544345,0.775143164446214
846,423.0,233.62912714047891,-43.29339653253555,0.24159112379582712,-43.051805408739725,0.7912769712072742
847,423.5,230.35441689617258,-43.290008902549744,0.23820481260376428,-43.05180408994598,0.8063408484628378
848,424.0,226.85354316965964,-43.286386370658875,0.2345846303593347,-43.05180174029954,0.8202871960751039
849,424.5,223.1494853487295,-43.28255385160446,0.23075433957960176,-43.05179951202486,0.8331141214147081
850,425.0,219.26653051413297,-43.27853798866272,0.22673905504029618,-43.05179893362242,0.8448562456714486
851,425.5,215.22993584457487,-43.27436101436615,0.2225648946756923,-43.05179611969046,0.8555804289192952
852,426.0,211.0658115245935,-43.27005463838577,0.21825885849602997,-43.051795779889744,0.8653050293102073
853,426.5,206.80120339780066,-43.265642046928406,0.21384891405754738,-43.051793132870856,0.8740176223407049
854,427.0,202.46425553496312,-43.26115608215332,0.20936416457082424,-43.0517919175825,0.8816476222140988
855,427.5,198.08409904793288,-43.25662487745285,0.20483473392553092,-43.05179014352732,0.888157095287478
856,428.0,193.69026078048736,-43.25207906961441,0.2002911552296648,-43.05178791438475,0.893621491213737
857,428.5,189.31240775925374,-43.24755001068115,0.1957641065514543,-43.0517859041297,0.8980621892058379
858,429.0,184.98048679501028,-43.24306911230087,0.191284555278222,-43.05178455702265,0.9014573865049788
859,429.5,180.72464888554953,-43.23866581916809,0.18688367994292496,-43.05178213922517,0.9037868269396402
860,430.0,176.5750272839289,-43.23437339067459,0.1825926407290509,-43.05178074994554,0.905039405483302
861,430.5,172.56140067557772,-43.23022121191025,0.17844223116892205,-43.051778980741325,0.9052191903631649
862,431.0,168.71286342866622,-43.22623938322067,0.17446253715631557,-43.05177684606436,0.9043206405943272
863,431.5,165.0575075137865,-43.22245770692825,0.17068260802608123,-43.05177509890217,0.9192257175269523
864,432.0,161.62211586283047,-43.21890377998352,0.1671301394628005,-43.05177364052072,0.9378369124873345
865,432.5,158.43190576743055,-43.21560287475586,0.16383120815433813,-43.051771666601525,0.9550726316869387
866,433.0,155.51030600346218,-43.2125803232193,0.160810041320828,-43.05177028189847,0.9708679313761932
867,433.5,152.87880537853823,-43.209858536720276,0.1580888601007204,-43.05176967661956,0.985158549007488
868,434.0,150.55681724641536,-43.20745491981506,0.1556877394478883,-43.05176718036717,0.9978888189857303
869,434.5,148.56149512906524,-43.205391228199005,0.15362441747016492,-43.05176681072884,1.0090071918433672
870,435.0,146.90754493319375,-43.20367991924286,0.15191410124626933,-43.05176581799659,1.0184751510814452
871,435.5,145.60709270270337,-43.20233464241028,0.15056933007132056,-43.05176531233896,1.026262301269813
872,436.0,144.66962929362762,-43.20136535167694,0.1495999182463134,-43.051765433430624,1.0342013473696694
873,436.5,144.10188599898484,-43.20077669620514,0.1490128264643122,-43.051763869740824,1.0409908695663728
874,437.0,143.90770407885176,-43.20057672262192,0.14881202689415596,-43.05176469572776,1.0458065838310564
875,437.5,144.0879473707448,-43.200763463974,0.14899841281263315,-43.05176505116137,1.0486121458238875
876,438.0,144.64042326510375,-43.201335310935974,0.149569716886838,-43.05176559404914,1.0493790217759285
877,438.5,145.55983242907246,-43.202286064624786,0.15052045918455598,-43.05176560544023,1.0480799730113732
878,439.0,146.83778137856,-43.20360904932022,0.15184196017477605,-43.05176708914544,1.0446952181381637
879,439.5,148.4629192140133,-43.2052903175354,0.15352248212336939,-43.05176783541203,1.0392347343330257
880,440.0,150.42113310283125,-43.207316160202026,0.15554743123747392,-43.051768728964554,1.0316969775438158
881,440.5,152.69565729728478,-43.20966958999634,0.15789947039870578,-43.051770119597634,1.0220890767949524
882,441.0,155.26716458477742,-43.212329149246216,0.16055861373001204,-43.051770535516205,1.0104510199220507
883,441.5,158.11379669997353,-43.21527498960495,0.16350225804423318,-43.05177273156072,0.996792776710537
884,442.0,161.21122856467272,-43.21847981214523,0.16670524927324945,-43.051774562871984,0.9811539510737692
885,442.5,164.53290351298898,-43.221915662288666,0.17014012570954948,-43.051775536579115,0.9635721840895592
886,443.0,168.05028009669937,-43.225555777549744,0.17377737322261647,-43.05177840432713,0.9440964601030601
887,443.5,171.7330830943746,-43.22936636209488,0.1775856848223598,-43.05178067727252,0.9227799369740264
888,444.0,175.54951750840266,-43.23331427574158,0.18153218194908027,-43.0517820937925,0.8996759103912347
889,444.5,179.46653249446396,-43.23736697435379,0.18558268739756675,-43.05178428695622,0.8748600792337404
890,445.0,183.45005708799087,-43.24148905277252,0.18970196907702877,-43.051787083695494,0.8483973282496243
891,445.5,187.46521967054372,-43.245642602443695,0.19385396695680782,-43.051788635486886,0.8227623377612364
892,446.0,191.47661463106448,-43.249792993068695,0.1980020688153505,-43.051790924253346,0.7971128277494558
893,446.5,195.44854158624656,-43.25390261411667,0.20210935761312268,-43.051793256503544,0.7704330797428188
894,447.0,199.34528581573434,-43.257934629917145,0.20613890148493963,-43.051795728432204,0.742810068537719
895,447.5,203.13148291353315,-43.26185208559036,0.21005413081856505,-43.0517979547718,0.7143328616475034
896,448.0,206.7725509030973,-43.265620470047,0.21381928509612608,-43.05180118495087,0.6850958757557475
897,448.5,210.2350640750604,-43.269202172756195,0.21739979947209867,-43.0518023732841,0.6552039224388285
898,449.0,213.48684151338546,-43.27256661653519,0.22076239631639752,-43.05180422021879,0.6247639861006478
899,449.5,216.49694590109297,-43.27568084001541,0.22387508397940342,-43.05180575603601,0.5939013407674393
900,450.0,219.23586869137364,-43.278514981269836,0.22670734827364117,-43.051807632996194,0.5627455334840473
901,450.5,221.67596709110788,-43.28103959560394,0.22923060434954018,-43.051808991254404,0.5314358734104304
902,451.0,223.79191168041842,-43.28322917222977,0.23141865956970054,-43.05181051266007,0.5001263544887897
903,451.5,225.56082040739093,-43.28506016731262,0.23324785207010557,-43.051812315242515,0.47999794032017257
904,452.0,226.96220541290717,-43.28651076555252,0.23469699577276432,-43.051813769779756,0.4680958161633528
905,452.5,227.97790046270745,-43.28756105899811,0.23574730534468497,-43.05181375365342,0.4563261281797654
906,453.0,228.59199675578898,-43.28819698095322,0.23638232981864626,-43.05181465113457,0.44477345759812265
907,453.5,228.79092787331976,-43.28840374946594,0.23658804043714,-43.0518157090288,0.43354738664629705
908,454.0,228.56367254195405,-43.28816831111908,0.23635304032578736,-43.05181527079329,0.42276407298541474
909,454.5,227.90208017444152,-43.28748553991318,0.2356689011282549,-43.05181663878492,0.4125486333016308
910,455.0,226.80093802871784,-43.28634661436081,0.23453023245410293,-43.051816381906704,0.403035700284804
911,455.5,225.25761142455931,-43.28475034236908,0.23293430983415297,-43.05181603253493,0.39436554443010313
912,456.0,223.2718740527869,-43.28269749879837,0.23088089924669053,-43.05181659955168,0.39759135821793706
913,456.5,220.8462100658674,-43.28018790483475,0.22837256950320534,-43.05181533533154,0.41663746917888833
914,457.0,217.98609702727057,-43.27722990512848,0.2254149848405608,-43.05181492028792,0.4364279976973846
915,457.5,214.69989733675126,-43.27383089065552,0.2220167926460889,-43.05181409800943,0.4567997416399144
916,458.0,210.99865905675074,-43.27000218629837,0.21818941749622672,-43.051812768802144,0.47760059460548143
917,458.5,206.89583425813842,-43.265758991241455,0.21394676990358244,-43.051812221337876,0.49869798168990703
918,459.0,202.40694752354668,-43.261116325855255,0.20930490352298292,-43.05181142233227,0.5200196713112102
919,459.5,197.549401994228,-43.25609117746353,0.2042818145884775,-43.051809362875055,0.5414902574345637
920,460.0,192.34244689764768,-43.25070571899414,0.1988974083342828,-43.05180831065986,0.5630350139885393
921,460.5,186.80725741091524,-43.24497985839844,0.19317358157993098,-43.0518062768185,0.5845996093531687
922,461.0,180.96696046697988,-43.23893982172012,0.18713424941593124,-43.05180557230419,0.6061497890411711
923,461.5,174.84653371364735,-43.232608675956726,0.18080524071934623,-43.05180343523738,0.6276307404934769
924,462.0,168.47265929134082,-43.22601556777954,0.17421414694835166,-43.05180142083119,0.6489928041934037
925,462.5,161.87342452474974,-43.21918922662735,0.16739001263356398,-43.05179921399379,0.6701754681444716
926,463.0,155.07815060373397,-43.212161123752594,0.16036315822045158,-43.051797965532145,0.6911295568487703
927,463.5,148.1173167819144,-43.204960107803345,0.15316510168464037,-43.0517950061187,0.7118090516945975
928,464.0,141.0224262560656,-43.19762134552002,0.14582841984052453,-43.05179292567949,0.7321657488506164
929,464.5,133.82582565905457,-43.19017714262009,0.1383865616825895,-43.0517905809375,0.7521502163867644
930,465.0,126.56049935780511,-43.18266272544861,0.13087363567312482,-43.05178908977548,0.771709798448301
931,465.5,119.25983166532822,-43.17511039972305,0.1233241638505261,-43.05178623587253,0.7908015803169719
932,466.0,111.95733248467471,-43.16755831241608,0.11577279812329216,-43.05178551429278,0.8093822977433324
933,466.5,104.68642098827905,-43.16003608703613,0.10825409657723876,-43.05178199045889,0.8274279292698121
934,467.0,97.48026312257115,-43.15258240699768,0.10080235544232583,-43.051780051555355,0.8448933712542341
935,467.5,90.37164642751046,-43.14522957801819,0.0934514796460864,-43.051778098372104,0.8617462477684432
936,468.0,83.39277541091526,-43.13801050186157,0.0862347712143866,-43.051775730647186,0.8779561107070822
937,468.5,76.57509895216648,-43.130959033966064,0.0791847507931097,-43.05177428317295,0.8934835064441496
938,469.0,69.94917310805242,-43.124105393886566,0.07233301577847341,-43.05177237810809,0.9083057875016205
939,469.5,63.5445293824837,-43.11748003959656,0.06571010409742407,-43.05176993549913,0.922377664261716
940,470.0,57.389532956990664,-43.11111378669739,0.05934534760668032,-43.05176843909071,0.9356653576073168
941,470.5,51.51122371392864,-43.105033814907074,0.05326670769806639,-43.05176710720901,0.9481414956664748
942,471.0,45.935205741780194,-43.09926646947861,0.04750066103819481,-43.051765808440415,0.9597576174948323
943,471.5,40.68550939076766,-43.09383577108383,0.042072056922983755,-43.05176371416085,0.970494621634089
944,472.0,35.78447568551857,-43.088766515254974,0.0370039977511477,-43.051762517503825,0.9803075752001542
945,472.5,31.252647461812273,-43.08407920598984,0.032317726450923526,-43.05176147953891,0.9891746185761834
946,473.0,27.10866638041117,-43.079792737960815,0.028032519984170095,-43.05176021797664,0.9970540019588978
947,473.5,23.369193977157284,-43.075925171375275,0.024165607705880547,-43.05175956366939,1.0039166736464304
948,474.0,20.048816939823592,-43.07249057292938,0.020732073412902743,-43.05175849951648,1.009740988277963
949,474.5,17.159982089217994,-43.0695024728775,0.017744788109222667,-43.05175768476828,1.014490379265643
950,475.0,14.712934508158574,-43.066971361637115,0.015214346026397384,-43.05175701561072,1.0181483691316766
951,475.5,12.715676102427302,-43.06490570306778,0.013149021772280965,-43.0517566812955,1.0206822973951872
952,476.0,11.173931764349541,-43.06331092119217,0.011554735341470921,-43.0517561858507,1.0220693249763417
953,476.5,10.09112111572362,-43.06219094991684,0.010435022895247002,-43.051755927021595,1.0222935069942842
954,477.0,9.468353213146044,-43.06154775619507,0.009791031286455776,-43.051756724908614,1.0213367260280086
955,477.5,9.304426537307373,-43.061378836631775,0.009621518048441727,-43.051757318583334,1.0191800792647863
956,478.0,9.595845184950297,-43.06167942285538,0.009922868138821428,-43.051756554716555,1.0158151993949815
957,478.5,10.336856970253214,-43.06244730949402,0.010689133339348586,-43.05175817615467,1.011232774164061
958,479.0,11.519486035879025,-43.063670217990875,0.011912065978335643,-43.05175815201254,1.0054301296830268
959,479.5,13.13358453423445,-43.06534057855606,0.013581172373191838,-43.05175940618287,0.9984023806002983
960,480.0,15.16690975803019,-43.067444145679474,0.015683792589565117,-43.05176035308991,0.990147519386219
961,480.5,17.60519853157244,-43.0699667930603,0.018205177367862133,-43.05176161569244,0.980672237251867
962,481.0,20.432256651095276,-43.07289111614227,0.021128580611674976,-43.0517625355306,0.9699833682548874
963,481.5,23.630068927639456,-43.07619887590408,0.024435373180881754,-43.051763502723205,0.9613707432275729
964,482.0,27.17889846203723,-43.07987040281296,0.028105145549887155,-43.05176525726307,0.9524446034740295
965,482.5,31.0574132297953,-43.083882451057434,0.03211583870647275,-43.05176661235096,0.9428507269546106
966,483.0,35.242837420280544,-43.088211834430695,0.0364439006485677,-43.05176793378212,0.9326322428037401
967,483.5,39.71109403928117,-43.09283411502838,0.04106443384665399,-43.051769681181725,0.9218444318690762
968,484.0,44.43693340085408,-43.097722709178925,0.04595132811456968,-43.051771381064356,0.910533966506807
969,484.5,49.39407471392799,-43.10285061597824,0.05107740702133263,-43.05177320895691,0.8987521743538371
970,485.0,54.55536680016774,-43.10818958282471,0.05641459408621178,-43.051774988738494,0.8865514459628483
971,485.5,59.89291549526807,-43.11371076107025,0.06193404452181125,-43.05177671654844,0.8739802085995318
972,486.0,65.37821898407694,-43.11938464641571,0.06760628518136597,-43.05177836123435,0.8610893837909674
973,486.5,70.98232486024696,-43.12518185377121,0.07340137697092963,-43.05178047680028,0.8479325327648563
974,487.0,76.67594440212719,-43.131071627140045,0.0792890330197477,-43.0517825941203,0.8345626141235577
975,487.5,82.42959126737021,-43.13702255487442,0.08523876210152692,-43.051783792772895,0.8210331593501722
976,488.0,88.21373521999342,-43.143006920814514,0.0912200276004595,-43.05178689321406,0.8073761034648931
977,488.5,93.99892126460064,-43.14899080991745,0.09720237070549623,-43.051788439211954,0.7936267010992427
978,489.0,99.75592873944896,-43.154945731163025,0.10315557492524782,-43.05179015623778,0.7798480949272437
979,489.5,105.45595970296796,-43.16084158420563,0.10904986089464899,-43.05179172331098,0.7661156165340165
980,490.0,111.07084545762103,-43.16664946079254,0.11485609993707867,-43.05179336085546,0.7525090683094201
981,490.5,116.57321125923052,-43.1723410487175,0.12054598438691978,-43.05179506433058,0.7391100116876895
982,491.0,121.93665391272098,-43.17788976430893,0.12609221123770156,-43.051797553071225,0.7260129432981055
983,491.5,127.1359610664154,-43.18326723575592,0.13146870890986653,-43.051798526846056,0.7133080848589186
984,492.0,132.1471657536314,-43.18845099210739,0.13665069365112473,-43.051800298456264,0.701063758224977
985,492.5,136.9476049149112,-43.193416118621826,0.14161473005310016,-43.05180138856873,0.6893249379597174
986,493.0,141.51604327970915,-43.1981418132782,0.14633885915486178,-43.05180295412334,0.6781544831495014
987,493.5,145.8327752363944,-43.202606558799744,0.15080270378461927,-43.05180385501512,0.667596520298185
988,494.0,149.87968840076658,-43.20679295063019,0.1549875342946306,-43.051805416335554,0.6577041444392432
989,494.5,153.64033373911204,-43.210682570934296,0.1588763410740273,-43.05180622986027,0.648510063714781
990,495.0,157.10006545924787,-43.21426057815552,0.16245397920729437,-43.051806598948225,0.6400729780086455
991,495.5,160.24615442373815,-43.21751552820206,0.16570728575256874,-43.05180824244949,0.6324686884941617
992,496.0,163.0678246020406,-43.22043389081955,0.16862511743606154,-43.051808773383485,0.6257658407524013
993,496.5,165.55625691751874,-43.22300720214844,0.17119835463017533,-43.05180884751826,0.620022655786317
994,497.0,167.70483960198686,-43.22523009777069,0.17342016024004175,-43.05180993753065,0.6153514667738721
995,497.5,169.50939296893694,-43.22709447145462,0.17528621213693932,-43.05180825931768,0.6118440970826794
996,498.0,170.96803585982303,-43.22860389947891,0.17679456505311517,-43.0518093344258,0.6095566269627218
997,498.5,172.0810903277357,-43.22975516319275,0.17794555201711346,-43.051809611175635,0.6085424371033114
998,499.0,172.85098562079446,-43.23055148124695,0.1787416850649562,-43.05180979618199,0.6087834317840971
999,499.5,173.2821252795569,-43.230996787548065,0.1791875178082799,-43.051809269739785,0.610266333643023
1000,500.0,173.38098350973215,-43.23109859228134,0.17928974509139664,-43.051808847189946,0.613025819942424
1001,500.5,173.1562914496838,-43.230865359306335,0.17905739560672626,-43.05180796369961,0.6170680182920751
1002,501.0,172.61909015258027,-43.23030936717987,0.17850188668255954,-43.05180748049731,0.6223657589555264
1003,501.5,171.78254965445757,-43.229443430900574,0.17763683718502551,-43.05180659371555,0.6288616090319985
1004,502.0,170.6617264725052,-43.22828263044357,0.17647781675200616,-43.05180481369157,0.6364805510769297
1005,502.5,169.27338694009305,-43.22684586048126,0.17504216310748458,-43.05180369737378,0.645160075923239
1006,503.0,167.6359673969025,-43.225152373313904,0.17334894089497,-43.051803432418936,0.6548154776930563
1007,503.5,165.7696395014203,-43.22321945428848,0.17141900921581799,-43.051800445072665,0.6653509031687718
1008,504.0,163.6962599258397,-43.221074521541595,0.1692749696097519,-43.05179955193184,0.6766747055489887
1009,504.5,161.43924472685333,-43.218739449977875,0.16694103614425765,-43.051798413833616,0.6943158619691817
1010,505.0,159.02343571333554,-43.21623921394348,0.1644428972281245,-43.051796316715354,0.7227527132298973
1011,505.5,156.4748941745831,-43.213602125644684,0.16180750231001853,-43.051794623334665,0.7505831823509759
1012,506.0,153.82070775833512,-43.21085613965988,0.1590628621749749,-43.051793277484904,0.7777110734508093
1013,506.5,151.0888004708586,-43.208029091358185,0.15623785246935454,-43.05179123888883,0.8040444841765956
1014,507.0,148.30770218496312,-43.20515197515488,0.15336197535377497,-43.0517899998011,0.8294898870188374
1015,507.5,145.50634698793462,-43.2022522687912,0.150465150978814,-43.05178711781238,0.8539574922164651
1016,508.0,142.71387536967706,-43.199363470077515,0.14757751293179452,-43.05178595714572,0.8773589502654079
1017,508.5,139.95947459887014,-43.19651257991791,0.14472924317301905,-43.05178333674489,0.8996077861038408
1018,509.0,137.2721385531622,-43.193732023239136,0.1419503236810619,-43.05178169955808,0.9241453506723721
1019,509.5,134.68035250132954,-43.191050469875336,0.1392702104924178,-43.051780259382916,0.9480320904434365
1020,510.0,132.2119588182839,-43.18849557638168,0.13671769484012528,-43.05177788154156,0.9703157627380584
1021,510.5,129.8940334644099,-43.18609768152237,0.13432077542356405,-43.05177690609881,0.9909094298689023
1022,511.0,127.75267853460753,-43.183881878852844,0.13210644388764378,-43.0517754349652,1.0097379584897634
1023,511.5,125.81272500101792,-43.181873857975006,0.13010037743510858,-43.0517734805399,1.0267357767432779
1024,512.0,124.09744298167736,-43.180098950862885,0.12832663922125098,-43.051772311641635,1.0418372217008764
1025,512.5,122.6282338825656,-43.17857849597931,0.126807360004272,-43.05177113597504,1.0549900347268082
1026,513.0,121.42440732605756,-43.17733305692673,0.1255625074715347,-43.05177054945519,1.0661535640176107
1027,513.5,120.50307826162457,-43.17637872695923,0.12460977984383488,-43.05176894711539,1.075283529487096
1028,514.0,119.87900815032701,-43.17573261260986,0.12396444164751869,-43.05176817096235,1.0823478042502752
1029,514.5,119.56455716949104,-43.1754065155983,0.12363927429031162,-43.051767241307985,1.0873405857041076
1030,515.0,119.56966005848868,-43.17541188001633,0.12364455108393163,-43.05176732893239,1.0902464357446244
1031,515.5,119.90170846537822,-43.17575478553772,0.1239879155811453,-43.05176686995657,1.091067504473575
1032,516.0,120.56548361513465,-43.176440715789795,0.12467431194935574,-43.05176640384044,1.0898246670048057
1033,516.5,121.56312087480329,-43.177472829818726,0.12570594832814944,-43.05176688149058,1.0865288172243492
1034,517.0,122.89410157335985,-43.17884922027588,0.12708228837038008,-43.0517669319055,1.0812293592616238
1035,517.5,124.55523612422438,-43.1805664896965,0.12880003378950383,-43.051766455907,1.0739537403671893
1036,518.0,126.54065210183965,-43.18262165784836,0.1308531120298118,-43.05176854581855,1.064740326079537
1037,518.5,128.84191579150405,-43.18500167131424,0.13323280195863757,-43.051768869355605,1.0536720701033724
1038,519.0,131.44809856093642,-43.1876979470253,0.13592780249984107,-43.051770144525456,1.0407928858955162
1039,519.5,134.34585476953526,-43.19069504737854,0.13892431319818727,-43.05177073418035,1.026185042523014
1040,520.0,137.51960409665372,-43.193978011608124,0.14220622276130335,-43.05177178884682,1.0099339115347998
1041,520.5,140.95171517072495,-43.19752871990204,0.14575529894681852,-43.05177342095522,0.9921200545182636
1042,521.0,144.6226677103025,-43.2013258934021,0.14955135622911284,-43.05177453717299,0.972846404904951
1043,521.5,148.51125240364686,-43.20534789562225,0.15357246249072826,-43.051775433131525,0.9522231497031136
1044,522.0,152.59478627222268,-43.209572434425354,0.1577951617253761,-43.05177727269998,0.9303620758973065
1045,522.5,156.8493272073868,-43.21397441625595,0.1621946958859588,-43.05177972036999,0.907382212081324
1046,523.0,161.24992193267232,-43.21852606534958,0.16674526129731893,-43.05178080405226,0.8834108935860542
1047,523.5,165.77081657707134,-43.22320199012756,0.171420226405784,-43.05178176372178,0.8585940950160029
1048,524.0,170.385613390411,-43.22797656059265,0.17619229383534624,-43.0517842667573,0.8330723441691376
1049,524.5,175.0674662518472,-43.23281979560852,0.1810337025590152,-43.05178609304951,0.8090354827715457
1050,525.0,179.78940675822977,-43.23770356178284,0.18591656510015744,-43.05178699668268,0.8027533974284883
1051,525.5,184.52473667489335,-43.242602467536926,0.1908132733578691,-43.05178919417906,0.795536943724148
1052,526.0,189.2471674195906,-43.24748772382736,0.19569664284447152,-43.05179108098289,0.7873880524816248
1053,526.5,193.93081095577702,-43.25233244895935,0.2005399032684424,-43.05179254569091,0.7783045188301573
1054,527.0,198.55030360117175,-43.257110953330994,0.2053168265623278,-43.05179412676866,0.7682632147374203
1055,527.5,203.08084722640112,-43.26179772615433,0.21000176948542082,-43.051795956668904,0.7572023180106952
1056,528.0,207.49839862116534,-43.266367077827454,0.21456986944345896,-43.051797208383995,0.7450993453060075
1057,528.5,211.78011437221926,-43.27079701423645,0.21899750452788672,-43.051799509708566,0.7320039370411064
1058,529.0,215.9046634304933,-43.27506273984909,0.22326261673515135,-43.05180012311394,0.7179514302042417
1059,529.5,219.8523339700201,-43.27914535999298,0.22734482246734375,-43.05180053752564,0.7029669918105221
1060,530.0,223.60516682680526,-43.28302776813507,0.23122555051861737,-43.051802217616455,0.6870903663248562
1061,530.5,227.14697785702458,-43.28669184446335,0.2348880651953453,-43.051803779268006,0.6724126398650713
1062,531.0,230.46321408441105,-43.29012084007263,0.23831731756106164,-43.05180352251157,0.6611670283295222
1063,531.5,233.540972261421,-43.29330390691757,0.24149996463018558,-43.051803942287385,0.6492081459112148
1064,532.0,236.36898623115977,-43.29622942209244,0.24442435629924605,-43.05180506579319,0.6365321675779803
1065,532.5,238.93777970110358,-43.29888588190079,0.24708069332707713,-43.05180518857371,0.6231934118940543
1066,533.0,241.23997630684792,-43.3012672662735,0.24946134796542743,-43.05180591830807,0.6092695154263987
1067,533.5,243.27040017998712,-43.303367376327515,0.25156096795415694,-43.05180640837336,0.5948595516285343
1068,534.0,245.02606330671605,-43.30518293380737,0.2533764634490243,-43.05180647035835,0.5800459801050085
1069,534.5,246.50590058396335,-43.30671274662018,0.2549067330486285,-43.05180601357155,0.5649060698324477
1070,535.0,247.71028697771308,-43.30795747041702,0.25615216449765943,-43.051805305919366,0.5588772451716054
1071,535.5,248.6414768987291,-43.30892050266266,0.2571150890363893,-43.05180541362627,0.5823519492595155
1072,536.0,249.30431493266795,-43.30960553884506,0.257800516352212,-43.05180502249285,0.6058057669075095
1073,536.5,249.70539241764658,-43.310019969940186,0.25821526241367776,-43.05180470752651,0.6290578929450863
1074,537.0,249.85188617657724,-43.31017088890076,0.2583667486272433,-43.05180414027351,0.651944986408775
1075,537.5,249.7514549234734,-43.31006574630737,0.2582628947131421,-43.05180285159423,0.6743202268653014
1076,538.0,249.41259536150295,-43.30971539020538,0.2579124869391312,-43.05180290326625,0.6960520926763477
1077,538.5,248.8449470519517,-43.30912733078003,0.2573254933792793,-43.05180183740075,0.7170231319385892
1078,539.0,248.05943986684912,-43.30831432342529,0.2565132163917249,-43.05180110703357,0.7371323265295456
1079,539.5,247.06793952302743,-43.307287991046906,0.2554879260726638,-43.051800064974245,0.7562856603683034
1080,540.0,245.8829029621179,-43.30606174468994,0.2542625038918193,-43.051799240798125,0.7743940444513393
1081,540.5,244.5172728262004,-43.304649233818054,0.25285033357186015,-43.0517989002462,0.791377309427865
1082,541.0,242.98429964569598,-43.303063094615936,0.25126511721652,-43.05179797739942,0.8071659269730489
1083,541.5,241.29744227102373,-43.30131709575653,0.24952077234900139,-43.05179632340753,0.8216932349413085
1084,542.0,239.4703322212777,-43.299427568912506,0.24763139504566806,-43.05179617386684,0.834900609357507
1085,542.5,237.5167000263934,-43.297405779361725,0.2456111837679792,-43.05179459559375,0.846734892915089
1086,543.0,235.4501939285321,-43.29526907205582,0.24347425188528185,-43.051794820170535,0.8571517702531074
1087,543.5,233.28402351447437,-43.293028235435486,0.2412342591623248,-43.05179397627316,0.8662590836546538
1088,544.0,231.0305024247318,-43.290696144104004,0.2389039388840611,-43.05179220521994,0.8769470379723288
1089,544.5,228.70101361027173,-43.28828692436218,0.23649506192833453,-43.051791862433845,0.8860753806253151
1090,545.0,226.30686296120163,-43.28581064939499,0.23401931948592253,-43.051791329909065,0.8936198564302371
1091,545.5,223.8598046774682,-43.2832795381546,0.23148886633567994,-43.05179067181892,0.8995565120237062
1092,546.0,221.37101589757853,-43.280704855918884,0.22891526052897565,-43.051789595389906,0.9038721927330009
1093,546.5,218.85046531675567,-43.278098583221436,0.22630881049058182,-43.05178977273086,0.9065573684422473
1094,547.0,216.3075265439888,-43.27546763420105,0.22367920927871185,-43.051788424922336,0.9076069949778267
1095,547.5,213.7514357737349,-43.272824704647064,0.22103600785400906,-43.051788696793054,0.907024623124079
1096,548.0,211.19117860100064,-43.270176231861115,0.21838849803732735,-43.05178773382379,0.9048199430938729
1097,548.5,208.63521502091663,-43.26753330230713,0.21574542813738973,-43.05178787416974,0.9010058072948308
1098,549.0,206.0912594448431,-43.26490116119385,0.21311477546992197,-43.05178638572393,0.8956027373329561
1099,549.5,203.56578452871148,-43.26228928565979,0.2105032332766425,-43.05178605238315,0.8886221627505584
1100,550.0,201.063921229861,-43.25970238447189,0.20791610737607197,-43.05178627709582,0.8801063352913828
1101,550.5,198.58977434511263,-43.257143914699554,0.20535764245503113,-43.05178627224452,0.8700805212462466
1102,551.0,196.1464573451534,-43.25461709499359,0.20283105809016866,-43.05178603690342,0.8585917629037156
1103,551.5,193.736345563246,-43.25212436914444,0.20033881056525082,-43.05178555857919,0.845687451560778
1104,552.0,191.36135507272812,-43.249668061733246,0.19788288125270578,-43.05178518048054,0.8314268109850824
1105,552.5,189.0230679682571,-43.24725019931793,0.19546490616440795,-43.05178529315352,0.8163333169711282
1106,553.0,186.72282439950237,-43.244871735572815,0.19308627112184568,-43.05178546445097,0.8180293644340229
1107,553.5,184.4617153917666,-43.24253302812576,0.1907481043320717,-43.05178492379369,0.8192497630618206
1108,554.0,182.24025079655064,-43.24023634195328,0.18845093302214266,-43.05178540893114,0.8200182921266221
1109,554.5,180.0580408013093,-43.23797971010208,0.18619435409484206,-43.05178535600724,0.8203587201024612
1110,555.0,177.91402381435785,-43.23576307296753,0.18397726977982215,-43.051785803187705,0.8202961809471577
1111,555.5,175.80684544652286,-43.233584463596344,0.18179827953081348,-43.05178618406553,0.8198422207957179
1112,556.0,173.73507207635788,-43.231441617012024,0.17965590086906613,-43.05178571614296,0.8190173286841749
1113,556.5,171.6971448237441,-43.229334235191345,0.1775485217883873,-43.05178571340296,0.8178268416520994
1114,557.0,169.691306732484,-43.227260172367096,0.1754743254561439,-43.05178584691095,0.8162766078194504
1115,557.5,167.7155939220444,-43.22521686553955,0.1734312810634603,-43.05178558447609,0.816419673986135
1116,558.0,165.76786235869199,-43.22320336103439,0.17141717150870442,-43.051786189525686,0.8324968617012987
1117,558.5,163.84580110147144,-43.221215188503265,0.16942960709488405,-43.05178558140838,0.8474651682229368
1118,559.0,161.9468850082575,-43.2192519903183,0.16746597662393817,-43.05178601369436,0.8612922383535355
1119,559.5,160.06832044773458,-43.217310190200806,0.16552339125860033,-43.0517867989422,0.8739532534362912
1120,560.0,158.20713084433226,-43.215384781360626,0.16359877298267486,-43.05178600837795,0.8854287793885055
1121,560.5,156.36027307427844,-43.21347630023956,0.16168897496382564,-43.05178732527574,0.8956932938875672
1122,561.0,154.5246483361127,-43.211577355861664,0.1597907927945526,-43.05178656306711,0.9047411167215701
1123,561.5,152.69719281981466,-43.20968782901764,0.15790105825129142,-43.05178677076635,0.9125471701322454
1124,562.0,150.87493236665597,-43.207803606987,0.15601669581705355,-43.05178691116995,0.9191114583897738
1125,562.5,149.05503128133103,-43.20592224597931,0.15413477315705693,-43.051787472822255,0.9244320011516255
1126,563.0,147.2348745738951,-43.20404005050659,0.15225258616343967,-43.05178746434315,0.9285096867551307
1127,563.5,145.41207923160619,-43.202155351638794,0.15036767061124234,-43.05178768102755,0.9313401196444211
1128,564.0,143.58449172147417,-43.200266003608704,0.14847779957584475,-43.05178820403286,0.9329370394881956
1129,564.5,141.7501852409825,-43.19836860895157,0.14658098058999333,-43.05178762836157,0.9333010289205697
1130,565.0,139.9074748512353,-43.19646281003952,0.1446754712926805,-43.05178733874684,0.9324424848880588
1131,565.5,138.05491046422304,-43.19454801082611,0.14275977217741861,-43.05178823864869,0.9303617284790329
1132,566.0,136.19128631206127,-43.19262033700943,0.14083263638418728,-43.05178770062524,0.927080229254851
1133,566.5,134.3156860280885,-43.19068121910095,0.13889311631687867,-43.05178810278407,0.9226168363303365
1134,567.0,132.4274972451891,-43.188728630542755,0.13694057873912602,-43.051788051803626,0.9331561787809192
1135,567.5,130.5264194582265,-43.186762392520905,0.1349747129046857,-43.05178767961622,0.9444264931922396
1136,568.0,128.6124223866319,-43.18478363752365,0.13299548750103804,-43.05178815002261,0.9549475467984108
1137,568.5,126.68575925281856,-43.18279069662094,0.13100316438032514,-43.05178753224062,0.9646695286817998
1138,569.0,124.74698067730051,-43.18078655004501,0.12899831292801012,-43.051788237117,0.9735670871178487
1139,569.5,122.79696752970851,-43.1787691116333,0.1269818440334441,-43.051787267599856,0.981586996478214
1140,570.0,120.83691296782654,-43.176742255687714,0.1249549915167993,-43.05178726417091,0.988704761204707
1141,570.5,118.86829760343312,-43.17470681667328,0.12291928644857139,-43.05178753022471,0.9948968172819174
1142,571.0,116.89291961949294,-43.172664165496826,0.12087658829315395,-43.05178757720367,1.0001168138997674
1143,571.5,114.91286169823013,-43.17061561346054,0.11882905070983252,-43.051786562750706,1.0043504272077306
1144,572.0,112.93051940560595,-43.168566823005676,0.11677915090459502,-43.05178767210108,1.007563777335808
1145,572.5,110.94863805340465,-43.166517198085785,0.11472972774846431,-43.051787470337324,1.009738768092131
1146,573.0,108.97031467440675,-43.164470911026,0.11268398381998454,-43.05178692720602,1.0108683232289495
1147,573.5,106.99898738573292,-43.16243225336075,0.11064547440607177,-43.05178677895468,1.0109365934230563
1148,574.0,105.03845868037037,-43.160404324531555,0.10861813158730706,-43.05178619294425,1.0099436101271573
1149,574.5,103.09289441301367,-43.15839171409607,0.10660626318921522,-43.051785450906856,1.0078947986799816
1150,575.0,101.16673338985424,-43.1564005613327,0.10461445929090678,-43.051786102041795,1.0047882665730368
1151,575.5,99.26464745722609,-43.15443307161331,0.10264755095355908,-43.051785520659756,1.000653704983272
1152,576.0,97.39153988127707,-43.15249538421631,0.10071060854486746,-43.05178477567144,0.9955018339239675
1153,576.5,95.55251727643424,-43.15059393644333,0.09880891271084263,-43.051785023732485,0.9893639852720622
1154,577.0,93.75285114795781,-43.14873230457306,0.09694791460774876,-43.05178438996531,0.9822726516953011
1155,577.5,91.99797297710488,-43.146917283535004,0.09513323081977142,-43.051784052715234,0.974272888989969
1156,578.0,90.29343615876532,-43.14515268802643,0.09337060399950167,-43.051782084026925,0.9654155957735506
1157,578.5,88.64487317407179,-43.1434485912323,0.09166585858100412,-43.0517827326513,0.9557487632773398
1158,579.0,87.05795786144094,-43.14180809259415,0.09002486176506871,-43.05178323082908,0.9453496821750493
1159,579.5,85.53836470272952,-43.140236616134644,0.08845348141785372,-43.05178313471679,0.9342826288465685
1160,580.0,84.09173733493824,-43.13874000310898,0.08695755350947974,-43.0517824495995,0.9226270325922932
1161,580.5,82.72364294669732,-43.13732469081879,0.08554283495636393,-43.05178185586242,0.9104655396847209
1162,581.0,81.43955576411895,-43.13599652051926,0.08421498654427621,-43.05178153397498,0.8978867721293945
1163,581.5,80.24481155915069,-43.13476127386093,0.08297952588635371,-43.05178174797458,0.8926582645405335
1164,582.0,79.14454686768954,-43.13362270593643,0.08184176456979006,-43.051780941366644,0.9027089850492204
1165,582.5,78.14368543560215,-43.132588028907776,0.08080679413994078,-43.05178123476784,0.911512815048624
1166,583.0,77.24690844087861,-43.131659507751465,0.07987945530765883,-43.0517800524438,0.9190343799027979
1167,583.5,76.45860510163875,-43.13084429502487,0.07906428687403948,-43.051780008150835,0.9252318206272466
1168,584.0,75.78284087604739,-43.13014578819275,0.07836549284660013,-43.05178029534615,0.930077161971338
1169,584.5,75.2233142663706,-43.12956690788269,0.07778689777123435,-43.05178001011146,0.9335435046679652
1170,585.0,74.78331799916687,-43.129111886024475,0.07733190658943792,-43.05177997943504,0.9355964456894323
1171,585.5,74.46573979995928,-43.12878233194351,0.07700350543938148,-43.05177882650413,0.9362160388531418
1172,586.0,74.27299029509207,-43.12858325242996,0.07680418710068837,-43.05177906532927,0.9353875662776827
1173,586.5,74.20695988975395,-43.128514528274536,0.0767359064028765,-43.05177862187166,0.9330967214756537
1174,587.0,74.26901183318674,-43.12857896089554,0.0768000730542317,-43.05177888784131,0.929333203774722
1175,587.5,74.45991664560569,-43.12877708673477,0.07699748383402114,-43.05177960290075,0.9240933975267296
1176,588.0,74.77985741070088,-43.1291069984436,0.0773283280653612,-43.05177867037824,0.9173694870318603
1177,588.5,75.22840515463047,-43.129571080207825,0.07779216215513578,-43.05177891805269,0.9091626657110714
1178,589.0,75.80443179805185,-43.13016724586487,0.07838781957946384,-43.05177942628541,0.899485393796845
1179,589.5,76.50606803397413,-43.130892515182495,0.0791133673260443,-43.05177914785645,0.8883345290721651
1180,590.0,77.33073354825908,-43.131745636463165,0.07996613714456084,-43.051779499318606,0.8884138940537444
1181,590.5,78.27517028447983,-43.13272267580032,0.08094275994519495,-43.05177991585513,0.8885036516221325
1182,591.0,79.3354048200154,-43.13381940126419,0.08203912689251128,-43.05178027437168,0.8876073757711417
1183,591.5,80.50674085292412,-43.135030686855316,0.08325038163628648,-43.05178030521903,0.8857378666379406
1184,592.0,81.78385325437115,-43.13635170459747,0.08457101756920958,-43.05178068702826,0.8829199045122813
1185,592.5,83.1608252302608,-43.13777607679367,0.08599491625496938,-43.0517811605387,0.8791652635486924
1186,593.0,84.63117914075508,-43.13929724693298,0.0875153792980912,-43.051781867634894,0.8744901642512211
1187,593.5,86.18791557583215,-43.14090770483017,0.08912516875117611,-43.051782536078996,0.8689253756932158
1188,594.0,87.82351922270765,-43.14259874820709,0.09081651318228211,-43.05178223502481,0.8624870546396435
1189,594.5,89.52995772913737,-43.14436388015747,0.0925811064994884,-43.05178277365798,0.8551951671785879
1190,595.0,91.2986797440123,-43.146194100379944,0.09441010592471469,-43.05178399445523,0.8470697725567271
1191,595.5,93.12057424992919,-43.14807826280594,0.09629408994036033,-43.05178417286558,0.8381373935287496
1192,596.0,94.98607012033709,-43.15000754594803,0.09822316123932266,-43.051784384708704,0.8284167751712772
1193,596.5,96.88535642758167,-43.151972353458405,0.10018717454106026,-43.05178517891734,0.8179392864157974
1194,597.0,98.80843692617275,-43.153962194919586,0.10217579293163062,-43.051786401987954,0.8067210686692599
1195,597.5,100.74509445972492,-43.15596556663513,0.10417845105763215,-43.0517871155775,0.8065509467422437
1196,598.0,102.68486523865205,-43.15797179937363,0.10618432852729169,-43.051787470846335,0.812406164089209
1197,598.5,104.61715241077368,-43.15997093915939,0.10818246735151642,-43.051788471807875,0.8177200996116675
1198,599.0,106.53132659462098,-43.161951661109924,0.11016187590333866,-43.05178978520659,0.8224075743367394
1199,599.5,108.41679001412042,-43.16390198469162,0.11211159523828655,-43.05179038945333,0.8263916655943374
1200,600.0,110.26309281864981,-43.16581118106842,0.1140208193785858,-43.05179036168983,0.8296119738027988
1201,600.5,112.06002568243548,-43.16767007112503,0.11587899106831094,-43.05179108005672,0.8320042892918664
1202,601.0,113.79772878009584,-43.16946721076965,0.11767591446277632,-43.051791296306874,0.8335096249789049
1203,601.5,115.46676440959261,-43.171194434165955,0.11940183022645141,-43.051792603939504,0.8340785223657158
1204,602.0,117.05821108903172,-43.17284005880356,0.1210475128365467,-43.05179254596701,0.8336853146313044
1205,602.5,118.56371311717648,-43.17439788579941,0.12260432183253157,-43.051793563966875,0.8323037093960666
1206,603.0,119.97556021903094,-43.175858199596405,0.12406428417601029,-43.0517939154204,0.829920554290115
1207,603.5,121.28690922823161,-43.17721462249756,0.12542032348797005,-43.051794299009586,0.8265272073945195
1208,604.0,122.49190184059272,-43.17846059799194,0.1266663818153247,-43.05179421617662,0.8221176888439697
1209,604.5,123.5856694068033,-43.17959225177765,0.12779742458694518,-43.051794827190704,0.8166944801052043
1210,605.0,124.56436183694397,-43.180604457855225,0.1288094705032319,-43.05179498735199,0.8102634108434353
1211,605.5,125.42520415840526,-43.181494772434235,0.12969965002150657,-43.05179512241273,0.8028354979997396
1212,606.0,126.16659029965656,-43.18226158618927,0.13046630233589823,-43.05179528385337,0.794430581854623
1213,606.5,126.78809064946871,-43.182904839515686,0.13110898319418152,-43.051795856321505,0.7850802777792172
1214,607.0,127.29035438029382,-43.18342435359955,0.13162836389237229,-43.05179598970717,0.7748150590326583
1215,607.5,127.67516342894321,-43.183822095394135,0.13202628709504774,-43.05179580829909,0.7636821904208205
1216,608.0,127.94556458148058,-43.18410086631775,0.1323059034216452,-43.0517949628961,0.7573937245474733
1217,608.5,128.1059105317755,-43.184266805648804,0.13247171390427634,-43.05179509174453,0.7570807023112524
1218,609.0,128.16180215011775,-43.184323608875275,0.13252951028887677,-43.0517940985864,0.7629484190866626
1219,609.5,128.12005393909567,-43.184279799461365,0.13248633931383297,-43.05179346014753,0.78791371549554
1220,610.0,127.98868184412949,-43.18414342403412,0.13235049010510305,-43.051792933929015,0.8135416302903968
1221,610.5,127.77679997901974,-43.183924078941345,0.1321313873822091,-43.051792691559136,0.8396518197102286
1222,611.0,127.49454557216397,-43.18363147974014,0.13183951384664772,-43.05179196589349,0.8660695454591455
1223,611.5,127.1530473557157,-43.18327724933624,0.13148637749376307,-43.05179087184248,0.8926199926763418
1224,612.0,126.7643556886895,-43.18287509679794,0.13108443935447248,-43.05179065744347,0.9191372746121995
1225,612.5,126.3413385063184,-43.18243592977524,0.1306470058986152,-43.05178892387662,0.9454599545866673
1226,613.0,125.89756133183336,-43.181976675987244,0.13018810495757666,-43.05178857102967,0.9714372850295175
1227,613.5,125.44719908516072,-43.18151044845581,0.12972239452745793,-43.051788053928355,0.9969209546093417
1228,614.0,125.00490669377058,-43.18105113506317,0.12926502897038833,-43.051786106092784,1.0217732397292256
1229,614.5,124.58568535072754,-43.180616676807404,0.1288315207146987,-43.051785156092706,1.0458578828319305
1230,615.0,124.20479604480333,-43.1802219748497,0.1284376508381712,-43.05178432401153,1.0690573614315582
1231,615.5,123.8776396276015,-43.17988234758377,0.12809934504789497,-43.05178300253588,1.0912467297123323
1232,616.0,123.61961144879643,-43.17961531877518,0.12783252336152612,-43.05178279541365,1.1123207175549243
1233,616.5,123.44597504310255,-43.17943435907364,0.12765296948955437,-43.051781389584086,1.1321662133975967
1234,617.0,123.37176027759236,-43.179357171058655,0.12757622551151832,-43.05178094554714,1.1506862544595484
1235,617.5,123.41164470093521,-43.17939728498459,0.12761746918166889,-43.05177981580292,1.1677773289623137
1236,618.0,123.57980412327447,-43.17957043647766,0.12779135941666245,-43.051779077061,1.1833472550290296
1237,618.5,123.88972211780273,-43.17988979816437,0.1281118393050182,-43.05177795885935,1.1973138180920087
1238,619.0,124.35404410739795,-43.18036907911301,0.1285919852210793,-43.05177709389193,1.2095976104871797
1239,619.5,124.98443495460943,-43.181019365787506,0.12924385956171686,-43.05177550622579,1.2201223632124836
1240,620.0,125.79136897054549,-43.181853890419006,0.13007829359879586,-43.051775596820214,1.2288130456724884
1241,620.5,126.78401237487971,-43.18288040161133,0.1311047659334608,-43.05177563567787,1.2356236934503901
1242,621.0,127.97019340231198,-43.18410736322403,0.13233137158383562,-43.05177599164019,1.2405045509068113
1243,621.5,129.35631107254721,-43.18553966283798,0.13376472764591615,-43.051774935192064,1.2434183678950244
1244,622.0,130.9472511725738,-43.18718385696411,0.13540988641255466,-43.05177397055156,1.2443315920124551
1245,622.5,132.7462701459456,-43.189045429229736,0.1372702153057306,-43.051775213924,1.243220280529051
1246,623.0,134.75491822595302,-43.191121339797974,0.13934731739012754,-43.05177402240785,1.2400702760524993
1247,623.5,136.97305232645303,-43.19341599941254,0.14164104470327812,-43.05177495470926,1.234861927784847
1248,624.0,139.39884840819323,-43.19592422246933,0.14414951104332802,-43.051774711426,1.2275989403039973
1249,624.5,142.02886285796336,-43.19864505529404,0.14686915543996687,-43.05177589985407,1.2182794849286762
1250,625.0,144.85807158305346,-43.20157015323639,0.14979478258121148,-43.05177537065518,1.2069148542554768
1251,625.5,147.8798591450425,-43.20469629764557,0.15291955157687795,-43.05177674606869,1.1935115077770797
1252,626.0,151.08610009457428,-43.208011865615845,0.15623506006521734,-43.05177680555063,1.1781050951119731
1253,626.5,154.46721714232257,-43.211509227752686,0.15973140436632657,-43.05177782338636,1.1607155785049088
1254,627.0,158.01217549269697,-43.215175449848175,0.16339717362274891,-43.05177827622543,1.1413795972509946
1255,627.5,161.70862044574045,-43.21899873018265,0.16721959209079473,-43.05177913809185,1.1201420494662817
1256,628.0,165.54295276530152,-43.22296500205994,0.17118459707723385,-43.0517804049827,1.0970218799668383
1257,628.5,169.500335229114,-43.227058708667755,0.17527684571259977,-43.05178186295515,1.0720527073617114
1258,629.0,173.56486774985203,-43.23126196861267,0.17947989604030717,-43.051782072572365,1.0452839525395634
1259,629.5,177.71970095983806,-43.23555988073349,0.183776324472286,-43.051783556261206,1.0167953794025648
1260,630.0,181.9472293126879,-43.23993283510208,0.18814792547146106,-43.05178490963062,0.9866528619264231
1261,630.5,186.22928705535958,-43.24436151981354,0.19257591420245793,-43.05178560561108,0.9549133822590999
1262,631.0,190.54716792538477,-43.24882823228836,0.19704094690010887,-43.05178728538825,0.9216428768098394
1263,631.5,194.8818008754402,-43.25331234931946,0.20152330258265455,-43.0517890467368,0.8869372331619625
1264,632.0,199.21396840097276,-43.25779229402542,0.20600310881989603,-43.05178918520553,0.8508989699529406
1265,632.5,203.5242428672743,-43.262252271175385,0.21046027589031918,-43.051791995285065,0.8135796162042526
1266,633.0,207.79283792015178,-43.26666694879532,0.21487434312789397,-43.05179260566742,0.7750106353767461
1267,633.5,211.9999532494555,-43.27101892232895,0.2192248354350196,-43.05179408689393,0.7787693243149307
1268,634.0,216.12613327996988,-43.27528643608093,0.2234916341974722,-43.05179480188346,0.7901315363950527
1269,634.5,220.1524763796904,-43.27945166826248,0.2276551936224242,-43.05179647464006,0.800420683914105
1270,635.0,224.06120452756198,-43.283493995666504,0.23169712982025484,-43.05179686584625,0.8095761453512309
1271,635.5,227.83584514850438,-43.28739792108536,0.23560040883644756,-43.05179751224891,0.8175706009232772
1272,636.0,231.46079391243288,-43.29114830493927,0.23934889455095865,-43.05179941038831,0.824362861439536
1273,636.5,234.92083460715972,-43.29472643136978,0.24292685218855975,-43.05179957918122,0.8299175396256895
1274,637.0,238.2009152372309,-43.2981196641922,0.24631871678720346,-43.051800947405,0.8342167503450388
1275,637.5,241.28651688358505,-43.30131161212921,0.24950947462828685,-43.05180213750092,0.8372305162228525
1276,638.0,244.16397554743023,-43.30428737401962,0.25248499604885183,-43.05180237797077,0.8389387011331075
1277,638.5,246.8207853041368,-43.30703604221344,0.2552323489268537,-43.05180369328659,0.8393284247254129
1278,639.0,249.2459630730082,-43.309543669223785,0.25774017588215453,-43.05180349334163,0.8383948333501279
1279,639.5,251.4295677528488,-43.31180304288864,0.25999819702440413,-43.05180484586424,0.8361269237638254
1280,640.0,253.3623351711963,-43.31380158662796,0.26199683246147343,-43.05180475416649,0.8325315224307421
1281,640.5,255.0367493594869,-43.315534055233,0.26372831008329223,-43.05180574514971,0.827553383445009
1282,641.0,256.4475777348124,-43.31699323654175,0.26518721898240816,-43.05180601755934,0.8211669667058604
1283,641.5,257.59059308861066,-43.31817489862442,0.26636918788851105,-43.051805710735906,0.8134201932507694
1284,642.0,258.4617905480965,-43.31907606124878,0.2672700754441911,-43.05180598580459,0.8043492430890138
1285,642.5,259.05785259343224,-43.31969255208969,0.26788645106972736,-43.05180610101996,0.7940246108382093
1286,643.0,259.37666667157197,-43.32002156972885,0.2682161302170256,-43.051805439511824,0.7824928848384846
1287,643.5,259.41740718336325,-43.32006472349167,0.26825825915081114,-43.05180646434086,0.7697609778882909
1288,644.0,259.18047892341536,-43.31981950998306,0.268013256460948,-43.051806253522116,0.7558410302270525
1289,644.5,258.66751972701445,-43.31928879022598,0.26748281579956,-43.05180597442642,0.7407382919887073
1290,645.0,257.88136863210116,-43.318476140499115,0.26666987295798006,-43.05180626754113,0.7370634456153784
1291,645.5,256.82600628213413,-43.317384243011475,0.2655785442385647,-43.05180569877291,0.737164699872553
1292,646.0,255.50641883559234,-43.31601905822754,0.26421398572628124,-43.05180507250126,0.7361205646120661
1293,646.5,253.92843685920803,-43.31438744068146,0.26258222669147985,-43.05180521398998,0.733908672133403
1294,647.0,252.09867848869212,-43.31249397993088,0.260690110813557,-43.05180386911732,0.7305276732929664
1295,647.5,250.02449630722737,-43.31034868955612,0.2585452412490868,-43.051803448307034,0.7259717682360763
1296,648.0,247.71371920534818,-43.30795860290527,0.25615571369437834,-43.0518028892109,0.7202447548569914
1297,648.5,245.17455282712615,-43.30533283948898,0.25353001343890297,-43.05180282605008,0.7133501100856188
1298,649.0,242.41622627482766,-43.302479445934296,0.25067768410941416,-43.05180176182488,0.705304696497171
1299,649.5,239.45008213153113,-43.29941076040268,0.24761045484014355,-43.05180030556254,0.6987239200192268
1300,650.0,236.28938889474009,-43.29614233970642,0.24434204631421913,-43.051800293392205,0.7372596150191896
1301,650.5,232.94792592846042,-43.292686104774475,0.240886707491418,-43.051799397283055,0.7749289430463393
1302,651.0,229.43994298670808,-43.2890585064888,0.23725917375224964,-43.05179933273655,0.8116148229143523
1303,651.5,225.7807710302578,-43.28527307510376,0.23347529853112,-43.05179777657264,0.8471890865405673
1304,652.0,221.98670041096818,-43.2813481092453,0.22955192734922214,-43.05179618189608,0.8815480876989352
1305,652.5,218.07474385268344,-43.27730196714401,0.2255066527179122,-43.0517953144261,0.9146201060154175
1306,653.0,214.06228980527,-43.27315163612366,0.2213574556791763,-43.05179418044448,0.9464177892916722
1307,653.5,209.96681059558904,-43.268915235996246,0.21712240401049315,-43.05179283198575,0.9769478814181453
1308,654.0,205.8057566199555,-43.26461052894592,0.21281954281141016,-43.05179098613451,1.0062487422923905
1309,654.5,201.59642102816068,-43.260257601737976,0.20846675457604594,-43.05179084716193,1.0343447861913126
1310,655.0,197.35602454453985,-43.255871295928955,0.20408184690482975,-43.05178944902413,1.0612148009703226
1311,655.5,193.1020379162009,-43.251471638679504,0.19968288594164957,-43.051788752737856,1.0867695195726357
1312,656.0,188.85218991211605,-43.24707514047623,0.19528820464555008,-43.05178693583068,1.110940211008495
1313,656.5,184.62429547819136,-43.242702186107635,0.19091622508938874,-43.05178596101825,1.1336426625352651
1314,657.0,180.43596502135432,-43.238369822502136,0.18658515783642962,-43.0517846646657,1.1548420219637991
1315,657.5,176.30440408309542,-43.234096467494965,0.18231279478683124,-43.05178367270813,1.1744818611184822
1316,658.0,172.24651328708225,-43.22989898920059,0.17811661253143937,-43.05178237666915,1.1925187265153478
1317,658.5,168.27885615925908,-43.22579652070999,0.17401373907520737,-43.051782781634785,1.2089463928114061
1318,659.0,164.4175976577593,-43.22180199623108,0.17002089027222994,-43.05178110595885,1.223703494790261
1319,659.5,160.6785704991423,-43.21793359518051,0.16615443841235442,-43.051779156768156,1.2367171699030917
1320,660.0,157.07696301455005,-43.21420919895172,0.16243008943958737,-43.05177910951213,1.2479517696472617
1321,660.5,153.62711995634976,-43.210640251636505,0.15886267697029927,-43.051777574666204,1.2573657654068822
1322,661.0,150.34259869360173,-43.20724356174469,0.15546622040381364,-43.05177734134087,1.2649412552498405
1323,661.5,147.2361134150956,-43.204030990600586,0.15225386722390288,-43.05177712337668,1.270646216099493
1324,662.0,144.31941945519574,-43.20101314783096,0.1492377733825001,-43.05177537444846,1.2744653428256036
1325,662.5,141.60307905912367,-43.19820415973663,0.14642886108234643,-43.051775298654285,1.2763737652528842
1326,663.0,139.09635442156775,-43.19561207294464,0.14383670817039518,-43.051775364774244,1.276378835692524
1327,663.5,136.80717935112003,-43.19324338436127,0.14146951883658274,-43.05177386552469,1.2744659447588087
1328,664.0,134.74211571707002,-43.19110691547394,0.13933407857634475,-43.05177283689759,1.2706341289199352
1329,664.5,132.9062873716523,-43.1892084479332,0.13743568586095778,-43.05177276207224,1.2648865454146234
1330,665.0,131.30332965060109,-43.187551617622375,0.13577809991709083,-43.051773517705286,1.2572381394746912
1331,665.5,129.9353525738406,-43.18613636493683,0.13436350267338854,-43.05177286226344,1.2477035850083251
1332,666.0,128.80294358355164,-43.184964537620544,0.13319250159184998,-43.051772036028694,1.2363088450311999
1333,666.5,127.90516383777833,-43.184037148952484,0.132264125835123,-43.05177302311736,1.2230814911282253
1334,667.0,127.23952615778734,-43.183349430561066,0.13157580346231726,-43.05177362709875,1.20805715528643
1335,667.5,126.80204608083191,-43.18289756774902,0.13112341422162813,-43.0517741535274,1.1912775145138912
1336,668.0,126.5872707588814,-43.182675898075104,0.13090131943392455,-43.05177457864118,1.1727806042103435
1337,668.5,126.58829417516546,-43.18267661333084,0.1309023777278676,-43.05177423560297,1.1526181862988716
1338,669.0,126.79682500372651,-43.182892978191376,0.13111801521209213,-43.05177496297928,1.130844542533535
1339,669.5,127.20326203420942,-43.18331491947174,0.13153830347044598,-43.0517766160013,1.1075182809045654
1340,670.0,127.79672081837565,-43.183928430080414,0.13215198711660803,-43.051776442963806,1.0827053158755953
1341,670.5,128.56506063983664,-43.184724271297455,0.13294651168294017,-43.05177775961452,1.0564781759093145
1342,671.0,129.4948821603899,-43.185687482357025,0.1339080211866115,-43.05177946117041,1.0289177183786866
1343,671.5,130.57154547530786,-43.18680137395859,0.13502137680020487,-43.051779997158384,1.0000964345666754
1344,672.0,131.7792845499237,-43.18805128335953,0.1362702751882604,-43.05178100817127,0.9701006283681799
1345,672.5,133.10134478670778,-43.18941867351532,0.1376373907625886,-43.05178128275273,0.9390161419888617
1346,673.0,134.5201214186203,-43.19088762998581,0.13910451879201835,-43.05178311119379,0.9069417433467262
1347,673.5,136.0172601154086,-43.19243758916855,0.14065267943732102,-43.051784909731225,0.8739713438944964
1348,674.0,137.573752220283,-43.19404757022858,0.1422622162335178,-43.05178535399506,0.8402061075609323
1349,674.5,139.1700301813375,-43.19570046663284,0.14391289477356894,-43.05178757185927,0.8401231278149738
1350,675.0,140.786095084382,-43.197372913360596,0.14558403458747904,-43.05178887877312,0.8395823605295093
1351,675.5,142.40165738187366,-43.19904416799545,0.14725465466721974,-43.05178951332823,0.8375397273148647
1352,676.0,143.99622749757526,-43.20069473981857,0.1489035671591624,-43.051791172659414,0.8340106547073459
1353,676.5,145.5492608572868,-43.202302277088165,0.15050952733740472,-43.05179274975076,0.829017185362504
1354,677.0,147.04036357806518,-43.20384472608566,0.15205144630280518,-43.051793279782856,0.8226158172630749
1355,677.5,148.4494496284119,-43.20530390739441,0.15350855349913348,-43.05179535389527,0.8148401334971892
1356,678.0,149.7569051639902,-43.20665681362152,0.15486056664928965,-43.05179624697223,0.8057429770439906
1357,678.5,150.9438124415484,-43.20788562297821,0.15608792330013357,-43.051797699678076,0.7953777309542419
1358,679.0,151.9920587792373,-43.2089701294899,0.1571718934961308,-43.051798235993765,0.7837920741617473
1359,679.5,152.88448573267235,-43.209894597530365,0.15809473403928112,-43.051799863491084,0.771034839161787
1360,680.0,153.60505751510075,-43.210640251636505,0.1588398626489847,-43.05180038898752,0.7571791313020504
1361,680.5,154.13884116964303,-43.21119278669357,0.15939183745856042,-43.051800949235016,0.7422697859436537
1362,681.0,154.47196304045823,-43.21153837442398,0.1597363120029644,-43.05180206242102,0.7263730625398934
1363,681.5,154.59174196714395,-43.21166276931763,0.15986017295240695,-43.05180259636522,0.7239110249151802
1364,682.0,154.48694629094103,-43.21155518293381,0.15975180587723667,-43.05180337705657,0.7246869772752054
1365,682.5,154.1479296013163,-43.21120548248291,0.1594012356207175,-43.05180424686219,0.725410893231493
1366,683.0,153.56672830112058,-43.210604310035706,0.15880022718917272,-43.05180408284653,0.7261538050614378
1367,683.5,152.73708586135135,-43.209746062755585,0.15794231083334076,-43.05180375192224,0.7269786762478421
1368,684.0,151.65442812040087,-43.20862716436386,0.15682275650583088,-43.05180440785803,0.7279433032167755
1369,684.5,150.31593140651827,-43.207243382930756,0.15543864430517418,-43.051804738625584,0.7291089590963207
1370,685.0,148.72058054402086,-43.20559388399124,0.1537889244588656,-43.051804959532376,0.7305343069144613
1371,685.5,146.86915638900157,-43.20367932319641,0.1518744044342931,-43.051804918762116,0.7322634545102964
1372,686.0,144.7642748236729,-43.201502084732056,0.14969778926199437,-43.05180429547006,0.734349560800439
1373,686.5,142.41043611963426,-43.199067771434784,0.14726373258120698,-43.051804038853575,0.7368134974984832
1374,687.0,139.81402204759144,-43.196381866931915,0.1445788336510879,-43.05180303328083,0.7396841578677307
1375,687.5,136.98330448439032,-43.19345474243164,0.1416516462510719,-43.05180309618057,0.7429615597029745
1376,688.0,133.9284773500081,-43.19029504060745,0.13849271170626398,-43.05180232890119,0.7466482222574583
1377,688.5,130.66167164389856,-43.18691551685333,0.13511457443621772,-43.05180094241712,0.750733935996315
1378,689.0,127.19684783813794,-43.18333148956299,0.1315316706808785,-43.05179981888211,0.7552011602360356
1379,689.5,123.54962269266504,-43.179558515548706,0.1277601494137491,-43.05179836613496,0.7600332773551498
1380,690.0,119.73710186555608,-43.175615429878235,0.12381769924758289,-43.05179773063065,0.7652005407951883
1381,690.5,115.77774929416792,-43.171519100666046,0.11972341336408342,-43.05179568730196,0.7706802813388928
1382,691.0,111.69128625093887,-43.16729211807251,0.11549768512956327,-43.05179443294295,0.7764266506804245
1383,691.5,107.49859204206429,-43.1629553437233,0.11116210540946608,-43.051793238313834,0.7823996293711628
1384,692.0,103.22158368206371,-43.15853178501129,0.10673933814228632,-43.05179244686901,0.800130671308275
1385,692.5,98.88305182459219,-43.15404295921326,0.1022529506789616,-43.0517900085343,0.8240210870429718
1386,693.0,94.50650780773168,-43.14951699972153,0.09772725561552258,-43.051789744106,0.8464215259795514
1387,693.5,90.11599349964831,-43.144975066185,0.09318711415835862,-43.051787952026636,0.8672751109667816
1388,694.0,85.73587061018077,-43.140443205833435,0.08865771825562084,-43.05178548757782,0.8865216451051818
1389,694.5,81.39071530667148,-43.13594889640808,0.08416448162159873,-43.05178441478648,0.9041018921805621
1390,695.0,77.10513077846089,-43.131515204906464,0.07973284591347979,-43.05178235899298,0.9199628437932738
1391,695.5,72.90353405630451,-43.127169251441956,0.07538806028564891,-43.05178119115631,0.9340491395427682
1392,696.0,68.80997165299623,-43.1229345202446,0.0711549907474105,-43.05177952949719,0.9472353954793779
1393,696.5,64.84793446114408,-43.11883670091629,0.06705792875254685,-43.05177877216374,0.9592629365191447
1394,697.0,61.04022193189611,-43.11489659547806,0.06312045074930397,-43.051776144728755,0.9694129807705842
1395,697.5,57.40877823144242,-43.11114025115967,0.05936524875316606,-43.0517750024065,0.977656918117555
1396,698.0,53.97457658508055,-43.10758817195892,0.055814010749408206,-43.051774161209515,0.9839746073384413
1397,698.5,50.75747744254828,-43.104260206222534,0.05248727402475475,-43.05177293219778,0.988346685780883
1398,699.0,47.77610067447782,-43.1011763215065,0.049404293008334564,-43.05177202849816,0.9907643053232266
1399,699.5,45.047719651612006,-43.098354399204254,0.046582929741155056,-43.0517714694631,0.9912202012148141
1400,700.0,42.58817947383143,-43.095809519290924,0.04403956931840387,-43.05176994997252,0.9897174180048777
1401,700.5,40.41181971385309,-43.09355765581131,0.04178904000028066,-43.05176861581103,0.9926872702462527
1402,701.0,38.53140500482832,-43.091612637043,0.03984454143404523,-43.051768095608956,1.012295319354264
1403,701.5,36.958073543272874,-43.089984714984894,0.03821759140194602,-43.05176712358295,1.031031737107123
1404,702.0,35.701287299372254,-43.08868509531021,0.036917974334710564,-43.0517671209755,1.0488061148504013
1405,702.5,34.768794755166205,-43.0877206325531,0.03595370277986069,-43.05176692977324,1.0655546892246026
1406,703.0,34.16661089028543,-43.08709758520126,0.035330996705370314,-43.051766588495894,1.0811927852784882
1407,703.5,33.8990129172107,-43.08682060241699,0.035054279089583744,-43.051766323327406,1.0956732291311593
1408,704.0,33.968539185648396,-43.0868923664093,0.03512617478825275,-43.05176619162105,1.1089133061678211
1409,704.5,34.37601850698322,-43.08731412887573,0.03554754085835602,-43.05176658801738,1.120866202153161
1410,705.0,35.120583726359236,-43.08808380365372,0.03631748059271191,-43.051766323061,1.1314762679927304
1411,705.5,36.19970205588897,-43.08919984102249,0.03743337488693235,-43.05176646613556,1.1406937092862948
1412,706.0,37.60923140597902,-43.09065800905228,0.038890940490499834,-43.05176706856178,1.1484740179639874
1413,706.5,39.343471997317145,-43.092451095581055,0.04068428337767243,-43.05176681220338,1.1547803951628164
1414,707.0,41.39522744247243,-43.09457463026047,0.042805961910722896,-43.051768668349744,1.1595650799302715
1415,707.5,43.75586125759344,-43.09701609611511,0.045247045277535265,-43.05176905083758,1.1628135798414128
1416,708.0,46.415374670587674,-43.09976601600647,0.04799719395145902,-43.05176882205501,1.1644947240068682
1417,708.5,49.36248898871343,-43.102814733982086,0.0510447448659589,-43.051769989116124,1.1645772355964934
1418,709.0,52.584722749505865,-43.1061475276947,0.054376791194816754,-43.05177073649988,1.1630577520173406
1419,709.5,56.06849088566936,-43.10975158214569,0.05797928489652784,-43.051772297249165,1.1599207732660712
1420,710.0,59.79917924260346,-43.11361104249954,0.061837113771357186,-43.05177392872819,1.1551579778536494
1421,710.5,63.76123434469871,-43.1177077293396,0.06593419428683858,-43.05177353505276,1.1487703066632118
1422,711.0,67.93825771155025,-43.12202876806259,0.07025356910825077,-43.05177519895434,1.1407532458712364
1423,711.5,72.31308822614874,-43.12655407190323,0.07477749227388675,-43.05177657962934,1.1311114448514419
1424,712.0,76.86790417344741,-43.131264448165894,0.07948753471105847,-43.05177691345484,1.1198655436795046
1425,712.5,81.5843250692662,-43.13614410161972,0.0843646895352934,-43.05177941208443,1.1070240080373623
1426,713.0,86.44348143904162,-43.141169011592865,0.08938944420711915,-43.05177956738574,1.0926053361205872
1427,713.5,91.42611240321963,-43.14632397890091,0.09454188144313144,-43.051782097457775,1.0766249361383933
1428,714.0,96.51267016679915,-43.15158402919769,0.09980178726650363,-43.05178224193119,1.0591001984585782
1429,714.5,101.68337394028482,-43.156932950019836,0.10514870676554622,-43.05178424325429,1.0400603302899027
1430,715.0,106.9182900031219,-43.16234701871872,0.1105620268856748,-43.051784991833046,1.019525375933641
1431,715.5,112.19739710997996,-43.167806923389435,0.11602104406471644,-43.05178587932472,0.9975264718701969
1432,716.0,117.50068163618982,-43.17329263687134,0.12150506262086878,-43.05178757425047,0.9808077125615298
1433,716.5,122.80827380843708,-43.17878258228302,0.12699353562608673,-43.051789046656936,0.9778890323742074
1434,717.0,128.10049867550734,-43.1842560172081,0.13246611761389232,-43.051789899594205,0.9739053471497732
1435,717.5,133.35798348142796,-43.18969386816025,0.1379027756117545,-43.05179109254849,0.9688413602831869
1436,718.0,138.56177886232697,-43.19507646560669,0.14328391446829353,-43.0517925511384,0.9626843749684091
1437,718.5,143.69337629685418,-43.20038425922394,0.14859039489840603,-43.05179386432553,0.955409423361391
1438,719.0,148.73477334585394,-43.20559823513031,0.15380360094628237,-43.05179463418403,0.9470084556646997
1439,719.5,153.66848330269312,-43.210701286792755,0.15890544996461448,-43.05179583682814,0.9374713713512323
1440,720.0,158.47752668427916,-43.215674579143524,0.16387838381563066,-43.051796195327896,0.9267944543320951
1441,720.5,163.1456019003444,-43.220503866672516,0.16870554535672797,-43.051798321315786,0.9149742067947557
1442,721.0,167.65720834425233,-43.225170731544495,0.17337090572616867,-43.05179982581833,0.902015124249629
1443,721.5,171.997645830029,-43.22965908050537,0.17785926376092603,-43.05179981674444,0.8879230879043
1444,722.0,176.15309655245898,-43.2339568734169,0.18215633074995088,-43.05180054266695,0.8727034563702236
1445,722.5,180.11075234985913,-43.238050639629364,0.18624886203401486,-43.05180177759535,0.8563649628069258
1446,723.0,183.8588405432092,-43.2419268488884,0.19012468372542943,-43.05180216516297,0.838917303493985
1447,723.5,187.38668331074916,-43.2455752491951,0.19377275410610795,-43.05180249508899,0.8203597898583408
1448,724.0,190.68483293586294,-43.2489874958992,0.1971833034846489,-43.05180419241455,0.8007007419061128
1449,724.5,193.74526426676613,-43.25215142965317,0.20034803321498035,-43.05180339643819,0.7799766446063792
1450,725.0,196.56143833804646,-43.255063593387604,0.20326018148609976,-43.0518034119015,0.7582267973645996
1451,725.5,199.12809586821976,-43.257718443870544,0.2059143097821009,-43.05180413408844,0.7354781005132071
1452,726.0,201.44111261682238,-43.26011037826538,0.2083061533098879,-43.05180422495549,0.7117377527785596
1453,726.5,203.49744414579368,-43.26223677396774,0.21043256387804557,-43.0518042100897,0.6870352141307742
1454,727.0,205.2951315875217,-43.26409560441971,0.21229151586145803,-43.05180408855825,0.661401337655093
1455,727.5,206.8333906868284,-43.26568692922592,0.21388219827781277,-43.051804730948106,0.6585314487046642
1456,728.0,208.11262536388065,-43.26700919866562,0.21520502881273068,-43.051804169852886,0.6859818944904624
1457,728.5,209.13456234488186,-43.268066585063934,0.21626179303862336,-43.05180479202531,0.7126854252330452
1458,729.0,209.90235385907582,-43.268860161304474,0.21705575061157395,-43.0518044106929,0.738611851213056
1459,729.5,210.42059733268977,-43.26939541101456,0.21759165563644256,-43.05180375537812,0.7637268332488022
1460,730.0,210.69542768869405,-43.26967930793762,0.21787585211216862,-43.05180345582546,0.7879617875856376
1461,730.5,210.7345260760461,-43.269719421863556,0.21791628295850446,-43.05180313890505,0.8112215642354911
1462,731.0,210.5470423192324,-43.26952511072159,0.2177224098226653,-43.051802700898925,0.8334431130702744
1463,731.5,210.14349938601413,-43.26910674571991,0.21730511429137034,-43.05180163142854,0.854571179327655
1464,732.0,209.53563202684984,-43.26847755908966,0.21667653103115467,-43.051801028058506,0.8745838857064074
1465,732.5,208.73623476054598,-43.26764965057373,0.2158498905934256,-43.051799759980305,0.8934378169969177
1466,733.0,207.75918014219994,-43.26663863658905,0.21483953830497063,-43.05179909828408,0.9110837476746089
1467,733.5,206.61932375730936,-43.265457689762115,0.21366083602430003,-43.05179685373781,0.927471008907224
1468,734.0,205.33266725281658,-43.264127016067505,0.2123303307287308,-43.05179668533877,0.9425633417930948
1469,734.5,203.91641329485066,-43.26266145706177,0.21086581134506877,-43.0517956457167,0.956320860557261
1470,735.0,202.38864231611143,-43.26108008623123,0.2092859744806596,-43.051794111750574,0.9687104906917634
1471,735.5,200.76811172681582,-43.25940364599228,0.20761021679151656,-43.051793429200764,0.9797011025487222
1472,736.0,199.07399990155295,-43.25764989852905,0.20585837024433942,-43.05179152828471,0.9892593215079136
1473,736.5,197.32572897888946,-43.25584065914154,0.20405051887719428,-43.051790140264345,0.9973632184844704
1474,737.0,195.5427870975621,-43.25399649143219,0.2022068149775794,-43.05178967645461,1.0040067237914025
1475,737.5,193.7445884974594,-43.25213557481766,0.2003473344156986,-43.05178824040196,1.0091677972705488
1476,738.0,191.950454545236,-43.25027948617935,0.19849205702343548,-43.051787429155915,1.0128338863258992
1477,738.5,190.1795727886526,-43.24844640493393,0.1966608242532798,-43.05178558068065,1.0149873378297378
1478,739.0,188.45087505450434,-43.24665766954422,0.19487321312187725,-43.05178445642234,1.0156342173812285
1479,739.5,186.78291275114552,-43.244932651519775,0.19314840726290902,-43.051784244256865,1.0147702135062275
1480,740.0,185.1938006373559,-43.24328696727753,0.1915051387796212,-43.05178182849791,1.0123983516635677
1481,740.5,183.7010885372431,-43.241741478443146,0.1899615555878172,-43.05177992285533,1.0085203465994026
1482,741.0,182.32158280690865,-43.2403147816658,0.18853503679817207,-43.05177974486763,1.003147160742643
1483,741.5,181.07098169714007,-43.23902153968811,0.18724181565221612,-43.051779724035896,0.9962998257456681
1484,742.0,179.96389034378612,-43.2378745675087,0.18609699502357677,-43.05177757248512,0.987996790271174
1485,742.5,179.01419620604722,-43.23689293861389,0.185114935651071,-43.05177800296282,0.9782634461870393
1486,743.0,178.23497880398253,-43.23608511686325,0.18430916280009904,-43.05177595406315,0.9671289349475974
1487,743.5,177.6380758376253,-43.23546826839447,0.18369191759525524,-43.051776350799216,0.9546229152811612
1488,744.0,177.2337169621649,-43.235049068927765,0.18327377831469988,-43.051775290613065,0.9407909151148414
1489,744.5,177.03038819657195,-43.234838247299194,0.1830635201778791,-43.05177472712131,0.9256830756850313
1490,745.0,177.03479228464067,-43.23484271764755,0.1830680743556858,-43.051774643291864,0.9372091722534934
1491,745.5,177.25188643878184,-43.23506623506546,0.18329256700054739,-43.05177366806491,0.9495424186323799
1492,746.0,177.68495843462784,-43.23551493883133,0.18374039793430774,-43.05177454089702,0.9605809532387802
1493,746.5,178.33565658434316,-43.23618787527084,0.18441327164301727,-43.05177460362783,0.9702935917764915
1494,747.0,179.20390460392224,-43.237085700035095,0.185311109242939,-43.05177459079216,0.9786451100117267
1495,747.5,180.2878250421069,-43.238206565380096,0.18643196929995082,-43.05177459608014,0.9856043068052525
1496,748.0,181.58368084097256,-43.23954749107361,0.18777198739853768,-43.051775503675074,0.9911321869021008
1497,748.5,183.08581066378187,-43.24110060930252,0.18932530926564167,-43.05177530003688,0.9951952524965856
1498,749.0,184.78662259043008,-43.242860555648804,0.19108408425125045,-43.05177647139755,0.9977646834807119
1499,749.5,186.67657867572245,-43.24481564760208,0.19303844936042625,-43.05177719824165,0.9988212001043758
1500,750.0,188.7443055219812,-43.24695485830307,0.19517664359418752,-43.05177821470888,0.9983406183194814
1501,750.5,190.97675341366715,-43.24926394224167,0.19748517250738137,-43.051778769734284,0.9963158402301575
1502,751.0,193.35938537474667,-43.251728951931,0.1999490037090574,-43.05177994822194,0.9927342453750457
1503,751.5,195.87633962724598,-43.25433301925659,0.20255173485755146,-43.05178128439904,0.9875782033174213
1504,752.0,198.51048971798886,-43.25705724954605,0.2052756558363205,-43.051781593709734,0.9808470292848332
1505,752.5,201.24331576281787,-43.25988572835922,0.2081016156102136,-43.05178411274901,0.9725195802882097
1506,753.0,204.0551050231011,-43.26279354095459,0.2110092296375536,-43.051784311317036,0.9625983198260721
1507,753.5,206.92526877043494,-43.26576292514801,0.21397720753347532,-43.051785717614536,0.9510521124089599
1508,754.0,209.83256767113784,-43.268770933151245,0.21698358613544155,-43.051787347015804,0.9378832937473628
1509,754.5,212.75558370484825,-43.27179437875748,0.22000621750465738,-43.05178816125282,0.9230864296828644
1510,755.0,215.67258600381788,-43.27481251955032,0.22302263019321455,-43.05178988935711,0.9071169226125929
1511,755.5,218.56135593555314,-43.27780145406723,0.22600984836561255,-43.05179160570162,0.9015610383841839
1512,756.0,221.39945588065237,-43.28073787689209,0.2289446697364475,-43.05179320715564,0.8942776437414465
1513,756.5,224.1643005904276,-43.28359830379486,0.23180373935987636,-43.051794564434985,0.8854165355482491
1514,757.0,226.83348447351665,-43.28635948896408,0.23456388807003892,-43.05179560089404,0.8750502039462856
1515,757.5,229.3852366296863,-43.28899973630905,0.23720260302224933,-43.051797133286804,0.8632269036974749
1516,758.0,231.7984348149693,-43.29149669408798,0.23969804213406018,-43.05179865195392,0.8499351627406779
1517,758.5,234.0526550693367,-43.29382848739624,0.2420290854042277,-43.051799401992014,0.8351470567249658
1518,759.0,236.1283193161079,-43.29597634077072,0.24417548754225715,-43.051800853228464,0.8189134035895757
1519,759.5,238.0067963585539,-43.29791986942291,0.24611798240693347,-43.051801887015976,0.8012785679723858
1520,760.0,239.67055778624368,-43.29964119195938,0.2478384442259002,-43.05180274773348,0.7822971888061802
1521,760.5,241.1034062817628,-43.30112427473068,0.24932012368298898,-43.05180415104769,0.762057352720269
1522,761.0,242.29057808444824,-43.302352011203766,0.2505477538738814,-43.051804257329884,0.7406727981132465
1523,761.5,243.21875166343162,-43.303313851356506,0.2515075592747266,-43.05180629208178,0.71825803371824
1524,762.0,243.8758912847605,-43.3039927482605,0.2521870939780864,-43.05180565428241,0.6949254867422127
1525,762.5,244.25086304831547,-43.3043817281723,0.25257484464452823,-43.051806883527775,0.6707916916356479
1526,763.0,244.3333876545103,-43.30446803569794,0.2526601816596318,-43.05180785403831,0.6459652705549506
1527,763.5,244.115349422103,-43.30424231290817,0.2524347127626562,-43.051807600145516,0.6204879683071124
1528,764.0,243.5914522303785,-43.30370157957077,0.25189296134299655,-43.051808618227774,0.5944549181521676
1529,764.5,242.75827349404867,-43.30283999443054,0.2510313881748886,-43.051808606255655,0.5865048943116676
1530,765.0,241.614137470559,-43.301656782627106,0.24984826040707417,-43.05180852222003,0.5799815278284861
1531,765.5,240.15967132797323,-43.30015128850937,0.248344226581279,-43.05180706192809,0.5731316028223966
1532,766.0,238.39775892319844,-43.298329293727875,0.24652226883521677,-43.05180702489266,0.5659668446426979
1533,766.5,236.33342403205427,-43.29619526863098,0.24438758215318085,-43.0518076864778,0.5585226069296634
1534,767.0,233.97374086949642,-43.29375445842743,0.2419474818368292,-43.0518069765906,0.5508757315468028
1535,767.5,231.3272565632121,-43.29101586341858,0.23921080629688765,-43.05180505712169,0.5430626662690045
1536,768.0,228.40353564761494,-43.287992000579834,0.23618744602366382,-43.05180455455617,0.5638655739174284
1537,768.5,225.2131153127392,-43.28469228744507,0.23288829731083988,-43.05180399013423,0.589566378895923
1538,769.0,221.767946537834,-43.28112864494324,0.229325718422741,-43.051802926520494,0.615299337676733
1539,769.5,218.08172075859454,-43.277315974235535,0.22551386739426832,-43.051802106841265,0.6408777472350554
1540,770.0,214.16995412928495,-43.2732697725296,0.22146878916464469,-43.051800983364956,0.6661367512896612
1541,770.5,210.04965027916347,-43.26900780200958,0.21720806684070013,-43.051799735168885,0.690921993386459
1542,771.0,205.7385928917944,-43.26454836130142,0.21275009016754096,-43.05179827113388,0.7151109036716301
1543,771.5,201.25518764364165,-43.25991106033325,0.2081138920804675,-43.05179716825278,0.738582740386653
1544,772.0,196.61856809642052,-43.25511509180069,0.20331925820609914,-43.05179583359459,0.7612424173920184
1545,772.5,191.8483530932276,-43.250180661678314,0.19838647599065154,-43.05179418568766,0.7830053066371838
1546,773.0,186.96450955533487,-43.24512904882431,0.19333619282089493,-43.051792856003416,0.8037893550849672
1547,773.5,181.98737451985534,-43.23998165130615,0.1881894388128552,-43.0517922124933,0.8235309227030947
1548,774.0,176.9375015898881,-43.234758496284485,0.18296746802903535,-43.05179102825545,0.8421651331605196
1549,774.5,171.83547628056004,-43.2294802069664,0.17769156753151663,-43.05178863943488,0.8596403174279734
1550,775.0,166.7017142270765,-43.22417038679123,0.17238284871301204,-43.051787538078216,0.8759153297769025
1551,775.5,161.55650505110984,-43.21884912252426,0.16706229265820574,-43.05178682986605,0.8909535822535971
1552,776.0,156.41993803480875,-43.21353596448898,0.16175067328475926,-43.051785291204226,0.9047294607141515
1553,776.5,151.31165019063766,-43.20825219154358,0.15646829682746166,-43.05178389471612,0.9172295419863201
1554,777.0,146.25068648505507,-43.20301800966263,0.151234857298381,-43.051783152364244,0.928439037170044
1555,777.5,141.2553429391419,-43.1978502869606,0.14606927424041863,-43.051781012720184,0.9383671935533822
1556,778.0,136.34307887539194,-43.19276970624924,0.1409896019835017,-43.05178010426574,0.9470142257735856
1557,778.5,131.530417260291,-43.18779283761978,0.13601292659087327,-43.05177991102891,0.9543986131301907
1558,779.0,126.83289261646134,-43.182934403419495,0.13115531199610142,-43.05177909142339,0.9605292025078584
1559,779.5,122.26505944208068,-43.17820966243744,0.1264318087094289,-43.05177785372801,0.9654047859118742
1560,780.0,117.84037675659131,-43.17363315820694,0.12185633442884164,-43.0517768237781,0.9690425217444318
1561,780.5,113.57113222199769,-43.16921824216843,0.11744159557544734,-43.05177664659298,0.9714532445173379
1562,781.0,109.46845669667391,-43.16497445106506,0.1131991023432716,-43.05177534872179,0.9726582471337268
1563,781.5,105.54230029069443,-43.16091412305832,0.1091391439385628,-43.051774979119756,0.972678963632267
1564,782.0,101.80143417843752,-43.15704470872879,0.1052707904541685,-43.05177391827462,0.971542866807131
1565,782.5,98.25344670571944,-43.15337634086609,0.10160188884400208,-43.05177445202209,0.9692690423662863
1566,783.0,94.90474530455198,-43.14991241693497,0.09813906490305462,-43.051773352031915,0.9658899351300545
1567,783.5,91.7605778145541,-43.14666128158569,0.09488774531543252,-43.05177353627026,0.9614259504061825
1568,784.0,88.82508714464687,-43.14362561702728,0.09185221417890337,-43.051773402848376,0.9559058450394625
1569,784.5,86.10133058738919,-43.14080882072449,0.08903563297745724,-43.05177318774703,0.9493558864110574
1570,785.0,83.59129551183891,-43.13821315765381,0.086440056808975,-43.051773100844834,0.9418031229490412
1571,785.5,81.29594422145735,-43.13583940267563,0.08406648077187392,-43.051772921903755,0.9332743700777127
1572,786.0,79.21524520532577,-43.13368833065033,0.08191487228135448,-43.05177345836898,0.923791187163581
1573,786.5,77.34819541685057,-43.13175743818283,0.07998419410735581,-43.05177324407548,0.9133851204106412
1574,787.0,75.69285485603694,-43.130046010017395,0.07827244013538076,-43.051773569882016,0.902086574728345
1575,787.5,74.24640049315782,-43.1285502910614,0.07677669112786414,-43.05177359993354,0.8899215672724403
1576,788.0,73.00515370160706,-43.12726694345474,0.07549314309192767,-43.05177380036282,0.8769139717668353
1577,788.5,71.96464079836718,-43.12619137763977,0.07441716988304509,-43.05177420775672,0.874044443203908
1578,789.0,71.1196401506338,-43.12531888484955,0.07354337191704335,-43.05177551293251,0.8723244653993407
1579,789.5,70.46422213146025,-43.124640464782715,0.07286561748742139,-43.05177484729529,0.8701645470870714
1580,790.0,69.99179118683156,-43.1241529583931,0.07237708626605471,-43.051775872127045,0.8676250321520551
1581,790.5,69.69515059758712,-43.12384605407715,0.07207033627218117,-43.051775717804965,0.8647617431402143
1582,791.0,69.56655523054677,-43.12371361255646,0.07193735842126649,-43.05177625413519,0.8616261322646908
1583,791.5,69.59773928639804,-43.12374699115753,0.07196960521852944,-43.051777385939005,0.8582852197059038
1584,792.0,69.77997178533408,-43.123935639858246,0.07215804813551045,-43.05177759172273,0.8547839634749145
1585,792.5,70.10409776827663,-43.12427115440369,0.0724932202154174,-43.051777934188266,0.8511712620027553
1586,793.0,70.56057691919314,-43.12474447488785,0.0729652560116774,-43.05177921887617,0.8474925228905588
1587,793.5,71.13953604206105,-43.125343441963196,0.0735639458532972,-43.0517794961099,0.8437875427306389
1588,794.0,71.83082409366583,-43.126058876514435,0.07427879275315914,-43.05178008376127,0.8401005675533068
1589,794.5,72.62401554646092,-43.12687957286835,0.07509901588548626,-43.05178055698286,0.8364599092225847
1590,795.0,73.50844144516023,-43.1277956366539,0.07601358270083211,-43.05178205395307,0.8328992665793555
1591,795.5,74.47326207037824,-43.12879341840744,0.0770112840660718,-43.051782134341366,0.8294427140592927
1592,796.0,75.50750750523511,-43.12986397743225,0.07808077621350226,-43.05178320121875,0.8261118135774281
1593,796.5,76.60010395527219,-43.130994379520416,0.0792106079577311,-43.05178377156268,0.823606089636426
1594,797.0,77.73994242673676,-43.1321747303009,0.08038929171449258,-43.051785438586414,0.821909926688202
1595,797.5,78.91594399162244,-43.13339102268219,0.08160537098989709,-43.05178565169229,0.8197963835185094
1596,798.0,80.117111871492,-43.13463371992111,0.08284747423925198,-43.05178624568186,0.8172338534186084
1597,798.5,81.33257258331413,-43.13589119911194,0.08410435741513364,-43.0517868416968,0.8141938203439679
1598,799.0,82.55163272944459,-43.13715183734894,0.08536496269275073,-43.05178687465619,0.8106484750126156
1599,799.5,83.7639060403919,-43.13840663433075,0.08661854984228175,-43.051788084488464,0.8076467313868367
1600,800.0,84.95939828982533,-43.13964235782623,0.08785478403775583,-43.051787573788474,0.8057947705707947
1601,800.5,86.12858149550438,-43.14085233211517,0.08906381258672338,-43.05178851952845,0.8041357723009033
1602,801.0,87.26247404376116,-43.142025887966156,0.0902363477853519,-43.051789540180806,0.8026616456368326
1603,801.5,88.352655284862,-43.143154203891754,0.09136368201119231,-43.05179052188056,0.8013709389268152
1604,802.0,89.3913615989924,-43.14422911405563,0.09243778706305811,-43.05179132699258,0.8002472183054408
1605,802.5,90.37155612976481,-43.145242393016815,0.09345138627102605,-43.05179100674579,0.7992709840993453
1606,803.0,91.28699280797753,-43.14618909358978,0.0943980207021017,-43.05179107288768,0.7984319419119181
1607,803.5,92.13233742457199,-43.14706426858902,0.09527217435929962,-43.05179209422972,0.7977133209612107
1608,804.0,92.90320621755507,-43.14786094427109,0.09606931408359408,-43.051791630187495,0.7971201038797012
1609,804.5,93.59623820434508,-43.148577988147736,0.09678596435132539,-43.05179202379641,0.7966364907147189
1610,805.0,94.20916521022355,-43.14921259880066,0.09741977968919613,-43.05179281911146,0.7962549427673239
1611,805.5,94.74081401174521,-43.149762570858,0.09796954689072786,-43.05179302396727,0.7959604189657423
1612,806.0,95.19109956841864,-43.15022790431976,0.09843517801727977,-43.05179272630248,0.7957434234896014
1613,806.5,95.56106518253162,-43.15060955286026,0.09881775192650653,-43.051791800933756,0.7955954326160405
1614,807.0,95.85290699965933,-43.15091198682785,0.09911953960783491,-43.051792447220016,0.7955045914850294
1615,807.5,96.0699848633582,-43.151135325431824,0.09934401540708179,-43.05179131002474,0.7954508939936928
1616,808.0,96.21683462047694,-43.15128803253174,0.09949586975112568,-43.051792162780615,0.7954261812726531
1617,808.5,96.2991356098072,-43.15137219429016,0.0995809755285823,-43.05179121876158,0.7954135438088537
1618,809.0,96.32362307943885,-43.15139704942703,0.09960629752237492,-43.051790751904655,0.8206927864271479
1619,809.5,96.29793768673456,-43.151369988918304,0.09957973678072204,-43.051790252137586,0.8497516088924785
1620,810.0,96.23055038481304,-43.15129905939102,0.09951005294377907,-43.051789006447244,0.8783522912595104
1621,810.5,96.13077457586957,-43.15119570493698,0.09940687681113958,-43.051788828125844,0.9063172659148945
1622,811.0,96.00871401044112,-43.15106964111328,0.09928065646552625,-43.05178898464776,0.9335035185539674
1623,811.5,95.8751602207241,-43.15092986822128,0.0991425512106728,-43.05178731701061,0.9597541256305957
1624,812.0,95.74143897740294,-43.15079128742218,0.09900427279545657,-43.051787014626726,0.9849213455594829
1625,812.5,95.61924064556861,-43.15066385269165,0.09887790998840777,-43.05178594270324,1.0088679432870726
1626,813.0,95.52046464069096,-43.1505611538887,0.09877576773279723,-43.051785386155906,1.03146128409161
1627,813.5,95.45706410890317,-43.150494277477264,0.09871020653368075,-43.05178407094358,1.0525730550803742
1628,814.0,95.44090834372153,-43.15047699213028,0.09869350018583027,-43.05178349194445,1.0720823542507658
1629,814.5,95.4836368435428,-43.15052056312561,0.0987376848575631,-43.05178287826805,1.0898728208019302
1630,815.0,95.59653310920017,-43.15063679218292,0.09885442858736403,-43.05178236359556,1.105846923976954
1631,815.5,95.79044071289184,-43.15083658695221,0.09905494449247315,-43.05178164245974,1.1199068753140733
1632,816.0,96.07565674774514,-43.151130974292755,0.0993498805872494,-43.05178109370551,1.131965967597201
1633,816.5,96.46180177121288,-43.15152943134308,0.09974918529428468,-43.05178024604879,1.1419386620980652
1634,817.0,96.95773164416256,-43.15204185247421,0.10026201627900087,-43.05177983619521,1.1497498566957336
1635,817.5,97.57144705919919,-43.15267640352249,0.10089664689473044,-43.05177975662776,1.1553387300849376
1636,818.0,98.3100071898585,-43.153439581394196,0.10166037688910518,-43.05177920450509,1.158661148988632
1637,818.5,99.17947999276845,-43.15433806180954,0.10255948101253333,-43.051778580797006,1.1596640143175658
1638,819.0,100.18484228180934,-43.15537762641907,0.10359910568692286,-43.05177852073214,1.1583222395297306
1639,819.5,101.32970843462981,-43.15656095743179,0.10478298846661323,-43.05177796896518,1.1546198842088968
1640,820.0,102.61633825459803,-43.157891392707825,0.1061134661682589,-43.051777926539565,1.1485440252461072
1641,820.5,104.04583920743009,-43.15937119722366,0.10759168399960936,-43.051779513224055,1.140840205604682
1642,821.0,105.61814933336584,-43.16099655628204,0.10921757788933815,-43.051778978392704,1.1365599545819527
1643,821.5,107.33203821404436,-43.16276955604553,0.11098987548686899,-43.05177968055866,1.1299419063185598
1644,822.0,109.18508204102623,-43.16468560695648,0.11290607038124227,-43.05177953657524,1.1210305579303808
1645,822.5,111.17358567019554,-43.16674202680588,0.11496234149915913,-43.05177968530672,1.1098608153833445
1646,823.0,113.29256909081417,-43.16893398761749,0.11715353911290599,-43.05178044850459,1.0965057682844537
1647,823.5,115.53586901262389,-43.17125368118286,0.11947328988950855,-43.051780391293356,1.081037630792125
1648,824.0,117.89621551790573,-43.173694252967834,0.12191407615506572,-43.05178017681277,1.0635484285514392
1649,824.5,120.36526410827615,-43.17624896764755,0.12446726903368921,-43.051781698613866,1.0441313644646537
1650,825.0,122.93372256127606,-43.1789054274559,0.12712325962731938,-43.051782167828584,1.0229078581913804
1651,825.5,125.59148004994883,-43.181653797626495,0.12987159253565211,-43.051782205090845,1.000009549981517
1652,826.0,128.32776741671458,-43.18448466062546,0.13270113159208907,-43.05178352903337,0.9755807205470051
1653,826.5,131.13136006886353,-43.187384486198425,0.13560026967383657,-43.05178421652459,0.9497744997261092
1654,827.0,133.99071189148415,-43.19034230709076,0.13855706717853808,-43.05178523991222,0.9367371716059488
1655,827.5,136.89402921740614,-43.1933456659317,0.1415593285150864,-43.051786337416615,0.9468545959533439
1656,828.0,139.82923425496,-43.19638139009476,0.14459456428501427,-43.05178682580974,0.9558844704411292
1657,828.5,142.7840617546593,-43.19943791627884,0.14765009124354256,-43.0517878250353,0.9637569242483568
1658,829.0,145.74624355559467,-43.202501356601715,0.15071322313524896,-43.05178813346647,0.9704226938973122
1659,829.5,148.70356095147912,-43.20556092262268,0.15377132484472916,-43.051789597777955,0.9758256537202106
1660,830.0,151.6439369814859,-43.208600997924805,0.15681190783267362,-43.05178909009213,0.9799142036878645
1661,830.5,154.55551275642728,-43.21161341667175,0.15982270906321472,-43.05179070760854,0.9826385741792584
1662,831.0,157.4267442747662,-43.214582324028015,0.16279179111939346,-43.05179053290862,0.9839735936820704
1663,831.5,160.24647768672813,-43.217500030994415,0.1657076200322452,-43.05179241096217,0.9838746974648221
1664,832.0,163.00397543574482,-43.22035104036331,0.16855909231313437,-43.05179194805018,0.9823147932484273
1665,832.5,165.68903188509765,-43.2231285572052,0.17133565452091223,-43.05179290268429,0.9792820136722925
1666,833.0,168.2920295984635,-43.22582149505615,0.1740273614604836,-43.05179413359567,0.9747587579208641
1667,833.5,170.80395764544647,-43.22841900587082,0.17662489511218435,-43.051794110758635,0.9687379869249215
1668,834.0,173.21643842292346,-43.23091393709183,0.17911959236718905,-43.05179434472464,0.9612169211704332
1669,834.5,175.52175284431382,-43.233298659324646,0.18150347107522163,-43.05179518824942,0.9522078471178931
1670,835.0,177.71284640339184,-43.23556470870972,0.18376923631502054,-43.051795472394694,0.9417246857084522
1671,835.5,179.7834034594046,-43.23770594596863,0.1859103572110667,-43.051795588757564,0.929780045193853
1672,836.0,181.7279459065767,-43.239716947078705,0.18792116896570943,-43.051795778113,0.9164010913466076
1673,836.5,183.5419002729762,-43.24159348011017,0.18979694224473764,-43.05179653786543,0.9016229903743842
1674,837.0,185.22162685816463,-43.24333047866821,0.1915339133080306,-43.051796565360185,0.8854822097172081
1675,837.5,186.7644832345726,-43.244926393032074,0.19312934967503734,-43.051797043357034,0.8680307975857228
1676,838.0,188.16883468410032,-43.24637806415558,0.19458156091705295,-43.05179650323853,0.8493160349577806
1677,838.5,189.43400327210495,-43.24768644571304,0.19588984599566575,-43.05179659971738,0.8293918842836843
1678,839.0,190.5602548103009,-43.248851001262665,0.19705447978135776,-43.05179652148131,0.8083294114637599
1679,839.5,191.5487764518176,-43.24987334012985,0.19807668988501026,-43.05179665024484,0.7861949996502656
1680,840.0,192.40166248731651,-43.25075548887253,0.19895864196995752,-43.05179684690257,0.7630707048375098
1681,840.5,193.1219070848791,-43.25149929523468,0.19970343224445267,-43.051795862990225,0.7390314579946585
1682,841.0,193.7135172980925,-43.25211077928543,0.20031520432102845,-43.0517955749644,0.7633565273400627
1683,841.5,194.18157253472464,-43.2525948882103,0.20079921071184326,-43.051795677498454,0.7940661955529199
1684,842.0,194.53217440484667,-43.25295627117157,0.2011617609676458,-43.051794510203926,0.8251017970303436
1685,842.5,194.77240468093524,-43.25320440530777,0.2014101782051725,-43.0517942271026,0.8562194527824337
1686,843.0,194.9102913395338,-43.25334680080414,0.2015527639915212,-43.051794036812616,0.8871783116342441
1687,843.5,194.9547275507795,-43.253391563892365,0.2015987145728698,-43.0517928493195,0.9177997317227476
1688,844.0,194.9154058046995,-43.25335079431534,0.2015580527558209,-43.05179274155952,0.9478900013314212
1689,844.5,194.80271532953194,-43.253233432769775,0.20144152182977568,-43.05179191094,0.9772971902680713
1690,845.0,194.62768085551807,-43.253051936626434,0.20126052224381824,-43.05179141438261,1.0058465632237075
1691,845.5,194.40199003833914,-43.25281798839569,0.20102713996473337,-43.051790848430954,1.0334137283702818
1692,846.0,194.13788190484556,-43.25254434347153,0.20075403112100615,-43.05179031235052,1.05987244520084
1693,846.5,193.84802813801505,-43.25224411487579,0.20045429924201433,-43.05178981563378,1.0851093108341192
1694,847.0,193.5453203354179,-43.251929104328156,0.2001412752663384,-43.051787829061816,1.1090331674384044
1695,847.5,193.24271988585795,-43.25161516666412,0.19982836230225257,-43.05178680436187,1.131525049130337
1696,848.0,192.95323607979446,-43.251315116882324,0.1995290129921577,-43.051786103890166,1.1524510265516879
1697,848.5,192.68968574710374,-43.25104147195816,0.19925648095888415,-43.05178499099927,1.1717415650826806
1698,849.0,192.46450387251832,-43.25080806016922,0.1990236249669734,-43.051784435202244,1.1893369664033115
1699,849.5,192.2896460386369,-43.250627398490906,0.19884280804098062,-43.05178459044993,1.2051912606403645
1700,850.0,192.1765474449386,-43.250509440898895,0.19872585508787186,-43.05178358581102,1.2192574881765552
1701,850.5,192.1360436354691,-43.250465989112854,0.19868397092313814,-43.05178201818972,1.2315184350627961
1702,851.0,192.17823286796786,-43.25050985813141,0.198727597949512,-43.051782260181895,1.241947309622328
1703,851.5,192.31249860286016,-43.25064820051193,0.19886643941237633,-43.051781761099555,1.2505595697301
1704,852.0,192.5474401359499,-43.25089085102081,0.19910938766844433,-43.05178146335237,1.2573517610339973
1705,852.5,192.89063378736893,-43.25124454498291,0.19946427723611396,-43.05178026774679,1.2623085617679284
1706,853.0,193.34844240457394,-43.25171768665314,0.1999376878063956,-43.05177999884674,1.2653933541463749
1707,853.5,193.92576357845473,-43.252315044403076,0.2005346838783157,-43.05178036052476,1.266582800673264
1708,854.0,194.62598430213947,-43.253038585186005,0.20125876787251049,-43.051779817313495,1.2658551040316501
1709,854.5,195.4511392876509,-43.25389188528061,0.20211204384325693,-43.05177984143735,1.263214749909681
1710,855.0,196.40182327676388,-43.25487530231476,0.2030951268009157,-43.05178017551384,1.258634986865831
1711,855.5,197.4770746078281,-43.25598692893982,0.20420702231075324,-43.051779906629065,1.252134709569978
1712,856.0,198.67447862063685,-43.25722575187683,0.20544523342181115,-43.05178051845502,1.243822167888733
1713,856.5,199.99029386446182,-43.258586168289185,0.20680589117606546,-43.05178027711312,1.2338280938861794
1714,857.0,201.41944314053174,-43.26006501913071,0.20828374534563618,-43.05178127378507,1.222268640141838
1715,857.5,202.95549470058035,-43.26165425777435,0.20987214499058857,-43.05178211278376,1.2092255730694552
1716,858.0,204.5904731968538,-43.263345181941986,0.21156284296618477,-43.0517823389758,1.194682854401455
1717,858.5,206.31516210751101,-43.26512861251831,0.213346308654833,-43.051782303863476,1.1788500354863134
1718,859.0,208.11973202678354,-43.26699584722519,0.2152123776681502,-43.05178346955704,1.1619629727688026
1719,859.5,209.9935447264678,-43.26893389225006,0.21715004923094045,-43.05178384301912,1.1441136169493462
1720,860.0,211.92461707996796,-43.27093183994293,0.21914693183596184,-43.05178490810697,1.1252929635804758
1721,860.5,213.89949935600458,-43.27297419309616,0.2211891173899286,-43.051785075706235,1.1055281080351635
1722,861.0,215.90344892563314,-43.27504897117615,0.22326136084040224,-43.051787610335744,1.0848525931603588
1723,861.5,217.92073132575126,-43.27713507413864,0.2253473914994349,-43.05178768263921,1.063378544155706
1724,862.0,219.93495950535166,-43.27921944856644,0.2274302638512127,-43.051789184715226,1.0412475254357325
1725,862.5,221.92929626254858,-43.28128236532211,0.22949256688806313,-43.05178979843405,1.0186009017964401
1726,863.0,223.88667450669013,-43.28330755233765,0.23151665187902115,-43.05179090045863,0.9955657749524548
1727,863.5,225.79003057117708,-43.2852777838707,0.23348487363386472,-43.051792910236834,0.9722565020040046
1728,864.0,227.62245726972807,-43.28717303276062,0.23537974877548273,-43.051793283985134,0.948798470107863
1729,864.5,229.3671552742733,-43.28897833824158,0.23718390546074472,-43.05179443278083,0.9253485226003726
1730,865.0,231.0073891349993,-43.290676295757294,0.23888003790172455,-43.05179625785557,0.90210281495368
1731,865.5,232.52660091863874,-43.292248487472534,0.24045102387674222,-43.05179746359579,0.8792293685225901
1732,866.0,233.90841977738833,-43.29367733001709,0.24187993462538723,-43.0517973953917,0.8568536648438555
1733,866.5,235.13666054714773,-43.294948756694794,0.2431500333989858,-43.05179872329581,0.8351130677855116
1734,867.0,236.19543125880324,-43.296044528484344,0.24424488663583052,-43.05179964184851,0.8141000342736697
1735,867.5,237.06942865514597,-43.296949326992035,0.2451486695492089,-43.051800657442826,0.7939097188980081
1736,868.0,237.7444009673005,-43.297648429870605,0.24584664467508618,-43.05180178519552,0.7746748558746789
1737,868.5,238.2072131983026,-43.298127710819244,0.24632522938052415,-43.05180248143872,0.7566154271078144
1738,869.0,238.44529155570575,-43.298374712467194,0.24657142136275034,-43.05180329110444,0.7398836421003471
1739,869.5,238.44663100716065,-43.298375964164734,0.24657280646222926,-43.0518031577025,0.7247107474835787
1740,870.0,238.20068435111406,-43.298121988773346,0.24631847803257076,-43.051803510740775,0.7113417205225763
1741,870.5,237.69901950737196,-43.297604620456696,0.24579971663131947,-43.05180490382538,0.6999660787728804
1742,871.0,236.93529758001907,-43.29681575298309,0.24500996733526634,-43.05180578564783,0.6906908415510111
1743,871.5,235.90488752576587,-43.295748710632324,0.24394444127683157,-43.05180426935549,0.6835657373177558
1744,872.0,234.6045893321413,-43.29440450668335,0.2425998293882696,-43.05180467729508,0.6786855212367136
1745,872.5,233.03246149170803,-43.29277986288071,0.24097412399626766,-43.05180573888444,0.6760826587036545
1746,873.0,231.1874940822006,-43.290871143341064,0.23906628076077263,-43.05180486258029,0.6757059165492825
1747,873.5,229.06970334922934,-43.288680613040924,0.23687631648103935,-43.05180429655989,0.6774984794971008
1748,874.0,226.68061926592813,-43.28621059656143,0.23440581327113602,-43.051804783290294,0.6813847559718285
1749,874.5,224.0234907559462,-43.283461809158325,0.2316581307768618,-43.05180367838146,0.6872842740460002
1750,875.0,221.10298705852028,-43.280441880226135,0.22863809736344776,-43.051803782862684,0.6950842927788066
1751,875.5,217.92473386592906,-43.27715599536896,0.2253515304447429,-43.05180446492422,0.7046660997371964
1752,876.0,214.49536919528705,-43.2736080288887,0.2218052942590984,-43.051802734629604,0.7159335599620742
1753,876.5,210.82268177739388,-43.269809901714325,0.21800744297445918,-43.051802458739864,0.7288173651304501
1754,877.0,206.91562014185413,-43.265769243240356,0.21396723008310148,-43.05180201315726,0.7432410686975246
1755,877.5,202.7842597784525,-43.2614963054657,0.2096950744438794,-43.05180123102182,0.7591416572683242
1756,878.0,198.43975280091377,-43.25700259208679,0.2052025082305438,-43.05180008385625,0.7764480324691426
1757,878.5,193.89436104312722,-43.25230145454407,0.20050221115587447,-43.051799243388196,0.7950723747046631
1758,879.0,189.16144181549475,-43.24740672111511,0.19560799574260937,-43.0517987253725,0.8149163077953352
1759,879.5,184.25552608731573,-43.2423329949379,0.19053488817025718,-43.05179810676764,0.8358641857089532
1760,880.0,179.19244209280896,-43.23709636926651,0.18529925609356815,-43.051797113172945,0.8577893858040038
1761,880.5,173.9891930232031,-43.23171383142471,0.1799186821664147,-43.0517951492583,0.8805835029447077
1762,881.0,168.66377916280123,-43.22620576620102,0.17441178011631736,-43.051793986084704,0.90416406247068
1763,881.5,163.23513895020545,-43.22058975696564,0.1687981337970567,-43.05179162316858,0.9284369991644846
1764,882.0,157.7230786019897,-43.214888751506805,0.16309822441394647,-43.05179052709286,0.9532959707468992
1765,882.5,152.14819726052332,-43.209123611450195,0.15733335312072194,-43.051790258329476,0.9786488923236919
1766,883.0,146.53179996699888,-43.203313648700714,0.1515255510267196,-43.05178809767399,1.0043964222606774
1767,883.5,140.89586182606956,-43.197484374046326,0.14569754214025846,-43.051786831906064,1.0304253052908956
1768,884.0,135.26295666964288,-43.19165921211243,0.1398726696013213,-43.0517865425111,1.0566237891884962
1769,884.5,129.65614244647003,-43.18585908412933,0.1340747771652627,-43.05178430696407,1.0828760075506338
1770,885.0,124.09886087329424,-43.180110931396484,0.1283281054341044,-43.05178282596238,1.10908040321955
1771,885.5,118.61474180124118,-43.174438297748566,0.12265708955580266,-43.051781208192764,1.1351663687645448
1772,886.0,113.22752058117099,-43.16886591911316,0.11708627377344132,-43.05177964533972,1.1610158216003121
1773,886.5,107.96094334360308,-43.16341769695282,0.11164021347713032,-43.05177748347569,1.1865277540527448
1774,887.0,102.83860417316457,-43.15811961889267,0.10634330682941803,-43.051776312063254,1.2115825282844788
1775,887.5,97.8838167873222,-43.152994990348816,0.10121966207088036,-43.051775328277934,1.2360664351199322
1776,888.0,93.11945994414741,-43.14806681871414,0.09629293765943814,-43.0517738810547,1.2598647044260427
1777,888.5,88.56784579829504,-43.14335823059082,0.09158620613995486,-43.05177202445086,1.2828589642779904
1778,889.0,84.25055127320017,-43.13889282941818,0.08712177976965864,-43.05177104964852,1.304926412904546
1779,889.5,80.18825416106233,-43.134691059589386,0.08292104103247282,-43.051770018556915,1.3259422107229943
1780,890.0,76.40055218124289,-43.13077229261398,0.07900425553098851,-43.051768037082994,1.345795708457681
1781,890.5,72.9058097761915,-43.12715792655945,0.07539041356125147,-43.0517675129982,1.3643545193653328
1782,891.0,69.72099248945993,-43.123864114284515,0.07209705884643797,-43.05176705543808,1.3815121447997347
1783,891.5,66.86149079029923,-43.12090563774109,0.06914010635745776,-43.05176553138363,1.3971530067490439
1784,892.0,64.34098860230968,-43.1182986497879,0.0665337063611076,-43.0517649434268,1.4111627939226008
1785,892.5,62.17130186771024,-43.1160546541214,0.06429007748266903,-43.05176457663873,1.4234368370284944
1786,893.0,60.362238232978186,-43.11418330669403,0.06241936160968507,-43.051763945084346,1.4338771399150003
1787,893.5,58.92147943826201,-43.11269301176071,0.060929502273246644,-43.051763509487465,1.4423879544837448
1788,894.0,57.854446500011335,-43.11158925294876,0.05982610523609494,-43.05176314771266,1.4488901509180092
1789,894.5,57.164188392123506,-43.110875487327576,0.059112323380061504,-43.05176316394751,1.4533041123639108
1790,895.0,56.85131986598921,-43.11055129766464,0.058788792407043405,-43.0517625052576,1.4556732262280605
1791,895.5,56.9139593362334,-43.11061680316925,0.0588535666079125,-43.051763236561335,1.4575003061971226
1792,896.0,57.3476882552341,-43.11106592416763,0.05930207685253248,-43.0517638473151,1.4566844157797156
1793,896.5,58.145522754694625,-43.111892104148865,0.060127101264886046,-43.051765002883975,1.45323242724915
1794,897.0,59.29792257842693,-43.113083839416504,0.0613187744602843,-43.05176506495622,1.4471565667764195
1795,897.5,60.79284193916013,-43.11463105678558,0.06286464013535704,-43.051766416650224,1.4384699880704732
1796,898.0,62.615795519952364,-43.11651659011841,0.06474971931876901,-43.05176687079964,1.4272234828897983
1797,898.5,64.74997776117426,-43.11872512102127,0.06695663372346082,-43.05176848729781,1.4134600578503043
1798,899.0,67.17642012218613,-43.12123489379883,0.0694657683677476,-43.05176912543108,1.3972471462030922
1799,899.5,69.87412819161031,-43.12402707338333,0.07225541335826015,-43.05177166002507,1.3786394244424387
1800,900.0,72.82020804947419,-43.12707507610321,0.07530189455846435,-43.051773181544746,1.3577434680839042
1801,900.5,75.98999825795096,-43.130354166030884,0.07857971007759887,-43.051774455953286,1.334649624234492
1802,901.0,79.35725945717861,-43.13383823633194,0.08206172632785153,-43.05177651000409,1.30947219842891
1803,901.5,82.8943930066054,-43.1374973654747,0.08571940411692323,-43.05177796135778,1.282330457086864
1804,902.0,86.57264460469459,-43.141303062438965,0.08952300920701904,-43.051780053231944,1.2533573602869854
1805,902.5,90.36234390498595,-43.145223677158356,0.09344186009693882,-43.05178181706142,1.2227016834113444
1806,903.0,94.23311374968681,-43.14922869205475,0.09744454438627398,-43.05178414766848,1.1905201822437452
1807,903.5,98.15408819020494,-43.15328508615494,0.1014991442260016,-43.051785941928934,1.1569864367147913
1808,904.0,102.09420288456481,-43.15736126899719,0.10557353661254032,-43.05178773238465,1.1222913862303545
1809,904.5,106.02247574128636,-43.1614248752594,0.10963568359587154,-43.05178919166353,1.0866348436166262
1810,905.0,109.90821562660581,-43.165446043014526,0.11365384809942733,-43.0517921949151,1.0502277461712317
1811,905.5,113.72130624625355,-43.16939175128937,0.11759688747645719,-43.05179486381291,1.0133093092426173
1812,906.0,117.43243089225055,-43.173230826854706,0.12143448591611453,-43.051796340938594,0.9761282603930721
1813,906.5,121.01323445441568,-43.17693555355072,0.12513732197625785,-43.05179823157446,0.9389409370563745
1814,907.0,124.43660116824493,-43.18047571182251,0.1286773557968779,-43.05179835602563,0.902040335659936
1815,907.5,127.67675219519022,-43.18382865190506,0.13202793000587723,-43.051800721899184,0.8657282130519109
1816,908.0,130.7093368221029,-43.18696564435959,0.135163864026558,-43.05180178033303,0.8303409408678133
1817,908.5,133.51165287885618,-43.189865589141846,0.13806168200699773,-43.05180390713485,0.7962252700859465
1818,909.0,136.06279517719585,-43.192503929138184,0.14069976631764258,-43.05180416282054,0.7637498942937316
1819,909.5,138.34382502569207,-43.19486504793167,0.14305853284326792,-43.0518065150884,0.7333189808178274
1820,910.0,140.3379281458147,-43.19692659378052,0.14512059428077656,-43.05180599949974,0.7053334154155677
1821,910.5,142.03055880891856,-43.19867831468582,0.14687090918832085,-43.0518074054975,0.6802082295018207
1822,911.0,143.40940318710423,-43.20010471343994,0.14829674408717375,-43.051807969352765,0.6583528940259662
1823,911.5,144.4643317922976,-43.201196372509,0.14938762427994948,-43.05180874822905,0.6401504065307985
1824,912.0,145.1874510666721,-43.20194435119629,0.15013538719920877,-43.05180896399708,0.625935109501836
1825,912.5,145.57314751482477,-43.202343225479126,0.1505342280436435,-43.05180899743548,0.6159820561362037
1826,913.0,145.61816848109788,-43.202389776706696,0.15058078330826064,-43.05180899339844,0.6104592533348691
1827,913.5,145.32168752867352,-43.20208317041397,0.1502741983915726,-43.0518089720224,0.6094145632081251
1828,914.0,144.6853167124042,-43.20142501592636,0.14961614028668171,-43.05180887563968,0.6127460818983771
1829,914.5,143.71305694878646,-43.20041936635971,0.14861074625988027,-43.05180862009983,0.6202218385880692
1830,915.0,142.41132537854787,-43.19907236099243,0.14726465214574463,-43.05180770884669,0.6315049132738927
1831,915.5,140.78885167981662,-43.19739407300949,0.145586885126695,-43.051807187882794,0.6462251397889206
1832,916.0,138.8564945138464,-43.19539427757263,0.14358867392325647,-43.05180560364938,0.6639664767858564
1833,916.5,136.6272344304708,-43.193088829517365,0.14128344145773408,-43.05180538805963,0.6842653262793157
1834,917.0,134.11614893549148,-43.19049113988876,0.13868677907190632,-43.05180436081686,0.7066670031715446
1835,917.5,131.3403589633959,-43.18762016296387,0.1358163911755524,-43.051803771788315,0.7307363642854035
1836,918.0,128.31897138464828,-43.18449383974075,0.13269203579441244,-43.05180180394634,0.7560626072683819
1837,918.5,125.07295768917959,-43.18113601207733,0.12933539911925424,-43.051800612958075,0.7822581903438021
1838,919.0,121.62495577490725,-43.17756760120392,0.1257698905394172,-43.0517977106645,0.8090289754776989
1839,919.5,117.99916379300035,-43.17381793260574,0.12202053287036216,-43.05179739973538,0.8360864773570348
1840,920.0,114.22120760675011,-43.16990941762924,0.11811382529558798,-43.051795592333654,0.863205210535158
1841,920.5,110.31795508624901,-43.165871143341064,0.11407755133253994,-43.05179359200852,0.8901853976085231
1842,921.0,106.3173988636864,-43.16173255443573,0.10994065759224811,-43.05179189684348,0.9168426816544702
1843,921.5,102.24844109806038,-43.1575226187706,0.10573303120889795,-43.0517895875617,0.9430285716197866
1844,922.0,98.14072539325117,-43.153272807598114,0.10148532602973202,-43.05178748156838,0.9685910192619822
1845,922.5,94.02446793346704,-43.14901351928711,0.09722878799565268,-43.051784731291455,0.9934018758482234
1846,923.0,89.93023440223376,-43.144778192043304,0.09299502445769088,-43.05178316758561,1.0173615847044104
1847,923.5,85.8887538497137,-43.140598237514496,0.08881581170099033,-43.05178242581351,1.0403930809336026
1848,924.0,81.93070535635565,-43.136502504348755,0.08472287433803138,-43.05177963001072,1.0624309560169052
1849,924.5,78.08657235733365,-43.13252568244934,0.08074773466849898,-43.05177794778084,1.0834150481725522
1850,925.0,74.38646981763901,-43.12869757413864,0.07692153396456397,-43.051776040174076,1.1032875325009261
1851,925.5,70.859911616747,-43.1250484585762,0.0732747919281029,-43.0517736666481,1.1220020450941088
1852,926.0,67.53567955867064,-43.12160950899124,0.06983727123666153,-43.05177223775458,1.139524002349392
1853,926.5,64.44165286209277,-43.118408143520355,0.06663780122267188,-43.05177034229769,1.1558189448801932
1854,927.0,61.60459506953845,-43.11547249555588,0.06370405752056586,-43.05176843803531,1.170852468089821
1855,927.5,59.05001150773378,-43.112830340862274,0.06106241466943437,-43.05176792619284,1.184593183853848
1856,928.0,56.801946654581734,-43.11050373315811,0.0587377365743425,-43.05176599658377,1.1970189303499101
1857,928.5,54.88278130417897,-43.108517706394196,0.056753166758803084,-43.05176453963539,1.208117752516516
1858,929.0,53.31309914168496,-43.10689377784729,0.05512999039256528,-43.051763787454725,1.2178633137248156
1859,929.5,52.11152517997466,-43.105649292469025,0.053887467222246514,-43.05176182524678,1.2262589745562176
1860,930.0,51.29457407896915,-43.104803919792175,0.05304267472144038,-43.051761245070736,1.2401509479917807
1861,930.5,50.87652485020156,-43.10437089204788,0.05261037852525927,-43.05176051352262,1.2559361638923539
1862,931.0,50.86928997407455,-43.10436260700226,0.052602897087155036,-43.0517597099151,1.2693428358914611
1863,931.5,51.28228927435246,-43.10478985309601,0.05302997125509915,-43.05175988184091,1.2803332036974142
1864,932.0,52.122387358436335,-43.10565787553787,0.05389869957984484,-43.051759175958026,1.288883218035987
1865,932.5,53.393841972169504,-43.1069729924202,0.055213484909682954,-43.05175950751051,1.294966951304148
1866,933.0,55.098265310631405,-43.10873568058014,0.056975994382721606,-43.051759686197414,1.2985818982775055
1867,933.5,57.234622492738126,-43.11094468832016,0.059185157849501624,-43.05175953047066,1.2997244031879038
1868,934.0,59.79922413363385,-43.11359637975693,0.061837160192257754,-43.05175921956467,1.298394269682933
1869,934.5,62.785748906478155,-43.11668586730957,0.06492546465560359,-43.05176040265397,1.2946146582337552
1870,935.0,66.18529090657873,-43.12020123004913,0.06844086182481687,-43.051760368224315,1.288404036981723
1871,935.5,69.98642082613932,-43.124133348464966,0.07237153288540091,-43.05176181557957,1.2797973922249501
1872,936.0,74.1752759617592,-43.128465950489044,0.07670314269800714,-43.051762807791036,1.2688348501209252
1873,936.5,78.73568276961488,-43.13318383693695,0.08141896653025354,-43.0517648704067,1.255564392076198
1874,937.0,83.64928899807681,-43.1382651925087,0.08650002669237328,-43.05176516581633,1.2400434379277965
1875,937.5,88.8956916121777,-43.14369207620621,0.09192522482130294,-43.051766851384905,1.2223267574741972
1876,938.0,94.45258762263215,-43.149440586566925,0.09767149784990099,-43.05176908871702,1.202482803758351
1877,938.5,100.29591770731676,-43.15548449754715,0.10371396652299619,-43.051770531024154,1.1805859157464846
1878,939.0,106.40001837368519,-43.16179829835892,0.11002609274544313,-43.051772205613474,1.1567106172442385
1879,939.5,112.73781789790607,-43.16835415363312,0.11657988219879546,-43.051774271434326,1.1309420652176854
1880,940.0,119.2810187579374,-43.17512220144272,0.12334607299163391,-43.05177612845108,1.103364280226064
1881,940.5,126.00026033172009,-43.182072043418884,0.13029430390245575,-43.05177773951643,1.0740631409689718
1882,941.0,132.86533033858035,-43.18917262554169,0.1373933330269242,-43.051779292514766,1.0488376752094082
1883,941.5,139.84538580662786,-43.196393609046936,0.14461126627575593,-43.05178234277118,1.0256991260384651
1884,942.0,146.9091024041594,-43.203699707984924,0.15191571179528554,-43.05178399618964,1.0013470922088792
1885,942.5,154.02483861598049,-43.21106058359146,0.15927394973885686,-43.05178663385261,0.9758038033669467
1886,943.0,161.1608420291683,-43.21844083070755,0.16665314558273073,-43.05178768512482,0.9490745578895908
1887,943.5,168.28542419964728,-43.225810289382935,0.17402053095205056,-43.051789758430886,0.9211827720042198
1888,944.0,175.36716586167879,-43.23313558101654,0.18134361582379765,-43.05179196519274,0.892137855100829
1889,944.5,182.37513322996247,-43.24038529396057,0.18859041220039038,-43.05179488176018,0.8619623957122847
1890,945.0,189.27907455037465,-43.2475249171257,0.195729637358801,-43.0517952797669,0.830676091483239
1891,945.5,196.04961822111605,-43.254528880119324,0.20273091872360108,-43.05179796139572,0.7982899460898705
1892,946.0,202.65844406374214,-43.26136440038681,0.2095649709748467,-43.051799429411965,0.764845313798711
1893,946.5,209.07829499835992,-43.26800489425659,0.216203608121162,-43.05180128613543,0.7303797700798528
1894,947.0,215.28304342149937,-43.27442342042923,0.2226198121397444,-43.05180360828948,0.6949565020456989
1895,947.5,221.2478764475612,-43.280591666698456,0.22878792453077454,-43.05180374216768,0.6586274634577364
1896,948.0,226.94928243708586,-43.286489367485046,0.23468363238657328,-43.051805735098476,0.6214541857946889
1897,948.5,232.36521308677374,-43.29209101200104,0.24028413600559168,-43.051806875995446,0.583528436131234
1898,949.0,237.4752107828019,-43.29737663269043,0.2455682805858829,-43.051808352104544,0.544952253997031
1899,949.5,242.26030519037604,-43.302325963974,0.25051644929046335,-43.051809514683534,0.5058155208534038
1900,950.0,246.7030474341007,-43.306920886039734,0.25511059859253754,-43.051810287447196,0.4662939833412959
1901,950.5,250.78769028736724,-43.311146318912506,0.2593344446056757,-43.05181187430683,0.44479889898820146
1902,951.0,254.5004489441409,-43.31498593091965,0.26317373274260947,-43.05181219817704,0.42448609611249455
1903,951.5,257.8294958152937,-43.31842887401581,0.2666162323342258,-43.05181264168158,0.4041950282208968
1904,952.0,260.7649328363506,-43.3214653134346,0.26965170799357113,-43.051813605441026,0.40451140947833003
1905,952.5,263.29900624288734,-43.32408618927002,0.2722721417107173,-43.051814047559304,0.41398238659480646
1906,953.0,265.4262169134754,-43.32628512382507,0.2744718469561545,-43.05181327686892,0.42399573837614746
1907,953.5,267.1429681617649,-43.32806092500687,0.27624710446975537,-43.05181382053711,0.4344564427855564
1908,954.0,268.4470954709436,-43.32940977811813,0.2775956759687529,-43.05181410214938,0.4452678385747283
1909,954.5,269.33838930836373,-43.33033138513565,0.2785173447797019,-43.05181404035595,0.45633800598567487
1910,955.0,269.81933819115335,-43.330828070640564,0.2790146842274996,-43.051813386413066,0.4675958351741332
1911,955.5,269.8949072406055,-43.3309063911438,0.2790928286429874,-43.05181356250081,0.47897408237044337
1912,956.0,269.57180685239666,-43.330571591854095,0.27875871710971395,-43.05181287474438,0.4904035829682509
1913,956.5,268.8581273517988,-43.329832792282104,0.27802071566832776,-43.05181207661378,0.5018261977459777
1914,957.0,267.7634788026151,-43.328700482845306,0.27688876189015116,-43.05181172095516,0.5131822028192973
1915,957.5,266.2990440035756,-43.32718473672867,0.2753744196796744,-43.051810317049,0.5362345365472206
1916,958.0,264.47768275446583,-43.325301229953766,0.27349098709403613,-43.05181024285973,0.5777541277099106
1917,958.5,262.3141319927188,-43.323062777519226,0.27125370330019866,-43.05180907421903,0.6194461266779427
1918,959.0,259.8250147909119,-43.32048684358597,0.2686797578790763,-43.05180708570689,0.6610878626012795
1919,959.5,257.0287195598261,-43.317594826221466,0.2657881659118781,-43.05180666030959,0.7024850814033041
1920,960.0,253.94517268002886,-43.314405024051666,0.26259953286305715,-43.05180549118861,0.7434889645585397
1921,960.5,250.5956667120624,-43.31094002723694,0.25913587693596346,-43.051804150300974,0.7839652692390328
1922,961.0,247.00292169375308,-43.307223320007324,0.2554206924591439,-43.05180262754818,0.8238013310299138
1923,961.5,243.19123217929888,-43.303279638290405,0.25147910193646883,-43.05180053635394,0.8628777025877423
1924,962.0,239.18633617369903,-43.29913705587387,0.24733772051489417,-43.05179933535898,0.9010901302126064
1925,962.5,235.01512926511882,-43.294821083545685,0.24302436037455996,-43.05179672317112,0.9383261111313573
1926,963.0,230.70541657537044,-43.290363132953644,0.23856777422583292,-43.05179535872781,0.9744678390310231
1927,963.5,226.28558001348185,-43.28579127788544,0.23399731122299638,-43.05179396666244,1.0094466085921392
1928,964.0,221.7843586158091,-43.28113371133804,0.2293426898184328,-43.05179102151961,1.0431693438492926
1929,964.5,217.23077116394288,-43.2764236330986,0.22463391774337618,-43.05178971535523,1.075535514443811
1930,965.0,212.65395029901092,-43.27168941497803,0.21990112046888977,-43.05178829450914,1.1064381009969777
1931,965.5,208.08286094776642,-43.2669597864151,0.2151742500360166,-43.051785536379086,1.1357833628670786
1932,966.0,203.54603273988286,-43.26226645708084,0.21048280835395206,-43.05178364872689,1.1634620701128036
1933,966.5,199.07133352983024,-43.25763821601868,0.20585561300362704,-43.05178260301505,1.1893882588850846
1934,967.0,194.68582857770664,-43.25310158729553,0.20132065161947293,-43.05178093567606,1.2134859072216977
1935,967.5,190.41582199829088,-43.24868434667587,0.19690512475104294,-43.05177922192483,1.2356641996394166
1936,968.0,186.28673259790705,-43.244412899017334,0.19263531746844179,-43.05177758154889,1.2558533903824545
1937,968.5,182.32282801989967,-43.240312576293945,0.18853632444757412,-43.05177625184637,1.2739830691417748
1938,969.0,178.5469569696032,-43.23640662431717,0.18463177306943732,-43.051774851247735,1.2899981193546541
1939,969.5,174.98028233924265,-43.23271781206131,0.18094354745001465,-43.051774264611296,1.3038577605178316
1940,970.0,171.64222889451813,-43.229263484478,0.1774917343440374,-43.05177175013396,1.3155194393071974
1941,970.5,168.55026881655127,-43.2260662317276,0.174294401378278,-43.051771830349324,1.3249571985832924
1942,971.0,165.71967329585675,-43.223137855529785,0.17136734017993338,-43.05177051534985,1.332147649579776
1943,971.5,163.1634855654978,-43.22049289941788,0.16872403849076004,-43.05176886092712,1.3370684624369578
1944,972.0,160.89245475652356,-43.21814447641373,0.16637561176832857,-43.051768864645396,1.3396944895498744
1945,972.5,158.91493632709648,-43.21610027551651,0.16433070022181162,-43.0517695752947,1.340022703520629
1946,973.0,157.2368321997245,-43.21436429023743,0.16259540690911417,-43.051768883328315,1.338047946901386
1947,973.5,155.8615032292679,-43.212942361831665,0.16117320722182185,-43.05176915460984,1.3337720031373361
1948,974.0,154.78963131899644,-43.2118336558342,0.16006480630222267,-43.051768849531975,1.327200861768775
1949,974.5,154.01925228848356,-43.21103757619858,0.1592681730313273,-43.05176940316725,1.3183425885655953
1950,975.0,153.5458845389826,-43.21054810285568,0.1587786730791151,-43.05176942977657,1.3072236186270376
1951,975.5,153.36257900010352,-43.210359156131744,0.1585891205533756,-43.05177003557837,1.2938752437294023
1952,976.0,153.4600432483373,-43.210461258888245,0.1586899063481475,-43.0517713525401,1.2783514158448805
1953,976.5,153.82685048941764,-43.21084052324295,0.15906921424812417,-43.05177130899482,1.26070532791139
1954,977.0,154.4495147613166,-43.21148604154587,0.15971309869454053,-43.05177294285133,1.2410071022566493
1955,977.5,155.31254045255034,-43.21237927675247,0.1606055359910445,-43.051773740761426,1.2193253312970733
1956,978.0,156.39865145483594,-43.213503658771515,0.16172866126579424,-43.05177499750572,1.1957496380099886
1957,978.5,157.68901496570285,-43.214839696884155,0.163062999901182,-43.05177669698298,1.1703619478723712
1958,979.0,159.16343559210776,-43.21636587381363,0.16458766825243054,-43.0517782055612,1.1432622734866806
1959,979.5,160.80054784343636,-43.218059957027435,0.16628057270068702,-43.05177938432675,1.1145431169827156
1960,980.0,162.57803087585572,-43.21989983320236,0.16811863171578575,-43.05178120148658,1.084313461948949
1961,980.5,164.47284179981352,-43.221860110759735,0.1700780171147832,-43.05178209364495,1.0526807492400203
1962,981.0,166.46134215496167,-43.223917961120605,0.17213428484710147,-43.0517836762735,1.0197463986623645
1963,981.5,168.51942135644308,-43.22604846954346,0.17426250264782003,-43.051785966895636,0.9856228212299062
1964,982.0,170.62268783873463,-43.22822463512421,0.1764374476956324,-43.05178718742857,0.9504020222164411
1965,982.5,172.74665759923946,-43.23042219877243,0.17863380158193604,-43.05178839719049,0.914194261519979
1966,983.0,174.86699148557182,-43.23261630535126,0.18082639568478262,-43.051789909666475,0.8771300896014869
1967,983.5,176.95980592320316,-43.23478150367737,0.18299053248601063,-43.05179097119136,0.8393687271426735
1968,984.0,179.00192073453405,-43.23689514398575,0.18510224183590213,-43.05179290214985,0.8010995314702267
1969,984.5,180.9710319214711,-43.23893219232559,0.1871384596241277,-43.05179373270146,0.7625140437935275
1970,985.0,182.8457671393151,-43.24087333679199,0.18907708514416485,-43.05179625164783,0.7237864648324628
1971,985.5,184.60555128519792,-43.24269390106201,0.19089684210103727,-43.05179705896097,0.7143253268856502
1972,986.0,186.23049385115004,-43.24437606334686,0.19257716212541504,-43.051798901221446,0.7109020892796523
1973,986.5,187.70144741072352,-43.24589830636978,0.19409824525344105,-43.05180006111634,0.7067209225508014
1974,987.0,189.00041151820264,-43.247241616249084,0.1954414775906814,-43.0518001386584,0.7017772676776949
1975,987.5,190.11086619626218,-43.248391687870026,0.19658977616492307,-43.051801911705105,0.6960948347964757
1976,988.0,191.01788093225724,-43.24933010339737,0.19752770163701827,-43.05180240176035,0.6915832142973712
1977,988.5,191.7082102798425,-43.25004541873932,0.1982415571605724,-43.05180386157875,0.6872065808168827
1978,989.0,192.1702699007598,-43.250522434711456,0.19871936360724443,-43.05180307110421,0.6830472745258088
1979,989.5,192.39426163661662,-43.250755310058594,0.19895098890092663,-43.05180432115767,0.6791861480733427
1980,990.0,192.3722847518911,-43.25073307752609,0.1989282630518711,-43.051804814474224,0.6756980087376362
1981,990.5,192.09831469123995,-43.25044935941696,0.1986449561900545,-43.05180440322691,0.672663866700834
1982,991.0,191.56812947779156,-43.24990165233612,0.19809670245515137,-43.05180494988097,0.6701620999801561
1983,991.5,190.779165103069,-43.2490856051445,0.19728085045819774,-43.0518047546863,0.6682570456123544
1984,992.0,189.73036603230196,-43.24800097942352,0.1961963086921778,-43.05180467073134,0.6670146267379435
1985,992.5,188.42211751341353,-43.24664831161499,0.1948434755341254,-43.05180483608086,0.6664830425202526
1986,993.0,186.85638793399775,-43.24502843618393,0.19322438645357604,-43.05180404973035,0.6667027630974953
1987,993.5,185.03695102748415,-43.24314647912979,0.19134294379143776,-43.05180353533835,0.6727508984297907
1988,994.0,182.9693078445479,-43.24100863933563,0.18920483607221494,-43.05180380326342,0.6855754159348362
1989,994.5,180.66043474392515,-43.238619804382324,0.1868172774064412,-43.051802526975884,0.6981741732174573
1990,995.0,178.1186464573844,-43.235990822315216,0.18418886588895425,-43.05180195642626,0.7104597628812395
1991,995.5,175.3534593770536,-43.23313069343567,0.1813294422271044,-43.051801251208566,0.7223798879296693
1992,996.0,172.37557229825944,-43.23005145788193,0.1782500698273164,-43.05180138805461,0.7338456381956484
1993,996.5,169.1968565237607,-43.22676372528076,0.1749630245620789,-43.05180070071868,0.7447841287893284
1994,997.0,165.8302614867284,-43.22328168153763,0.17148169717658973,-43.05179998436104,0.7551207802338039
1995,997.5,162.28971919229187,-43.21961909532547,0.1678204944737039,-43.05179860085177,0.7647954105031115
1996,998.0,158.5902335146965,-43.2157923579216,0.16399493165430673,-43.05179742626729,0.7768608728654454
1997,998.5,154.7480438567608,-43.2118182182312,0.16002180155422613,-43.05179641667697,0.8200457532521139
1998,999.0,150.78054815469386,-43.20771449804306,0.15591909502508208,-43.05179540301798,0.8631417576769707
1999,999.5,146.70597428088922,-43.20349961519241,0.15170566113860576,-43.05179395405381,0.9059569148080152
2000,1000.0,142.54312539675274,-43.199193477630615,0.14740094386118335,-43.05179253376943,0.9482951481148387
2001,1000.5,138.31145320689473,-43.19481670856476,0.14302505780452474,-43.05179165076024,0.9899269383912555
2002,1001.0,134.03104463822527,-43.19038873910904,0.13859877445078714,-43.051789964658255,1.0306555404525077
2003,1001.5,129.7223971797648,-43.185932755470276,0.13414328983604734,-43.05178946563423,1.0703125632079025
2004,1002.0,125.40617999557503,-43.1814683675766,0.1296799775220469,-43.051788390054554,1.1087539615437016
2005,1002.5,121.10308693476335,-43.177016615867615,0.12523023659683075,-43.05178637927079,1.1458365614409851
2006,1003.0,116.83368835921915,-43.17260068655014,0.12081533845282567,-43.05178534809731,1.181443288631991
2007,1003.5,112.61824756966308,-43.16824036836624,0.11645623695675554,-43.051784131409484,1.215437350801705
2008,1004.0,108.47659783528373,-43.163956344127655,0.11217344128849216,-43.051782902839165,1.2476924536626888
2009,1004.5,104.42795826345528,-43.15976768732071,0.10798682553567912,-43.05178086178503,1.278088790394701
2010,1005.0,100.490703464489,-43.15569543838501,0.10391539050874078,-43.05178004787627,1.30654002309843
2011,1005.5,96.68221185763416,-43.15175586938858,0.09997710687720629,-43.051778762511375,1.3329612607298604
2012,1006.0,93.01875867765528,-43.14796680212021,0.09618880452998949,-43.05177799759022,1.3572841783133298
2013,1006.5,89.51543631105979,-43.144342958927155,0.09256609019670368,-43.05177686873045,1.379440102217773
2014,1007.0,86.18611425190366,-43.14089971780777,0.08912330603877577,-43.05177641176899,1.3993378187360315
2015,1007.5,83.04338902389892,-43.13764828443527,0.085873477864917,-43.05177480657036,1.416905738089391
2016,1008.0,80.09846939685559,-43.134603559970856,0.08282819643578257,-43.05177536353507,1.4320903329975203
2017,1008.5,77.36110567463808,-43.13177162408829,0.07999754434208704,-43.0517740797462,1.4448263122009204
2018,1009.0,74.8395559041832,-43.12916350364685,0.07739006106203777,-43.05177344258481,1.4550622867434644
2019,1009.5,72.54054179167032,-43.12678670883179,0.07501269737514404,-43.051774011456644,1.4627592074969769
2020,1010.0,70.46921488881162,-43.12464439868927,0.07287078039614822,-43.05177361829312,1.4678936583296518
2021,1010.5,68.62917256853694,-43.12274122238159,0.07096803009515625,-43.05177319228643,1.4704578133311863
2022,1011.0,67.02245827483746,-43.12108016014099,0.0693065595559958,-43.051773600584994,1.4704498559818975
2023,1011.5,65.64955498855554,-43.1196608543396,0.0678868682193227,-43.051773986120274,1.467877255543444
2024,1012.0,64.50941463663753,-43.118481516838074,0.06670787229413047,-43.05177364454394,1.4627623850810438
2025,1012.5,63.599486968208964,-43.11754089593887,0.06576693461791173,-43.05177396132096,1.4551379166849465
2026,1013.0,62.91578997920699,-43.11683410406113,0.06505993748133684,-43.05177416657979,1.4450446622175064
2027,1013.5,62.45300112204015,-43.11635571718216,0.06458137694630606,-43.05177434023585,1.4325282204955758
2028,1014.0,62.204576816416875,-43.116099536418915,0.06432448642966411,-43.05177504998925,1.4176443068014337
2029,1014.5,62.162880976178606,-43.116057097911835,0.06428136961018159,-43.051775728301656,1.4004692698481578
2030,1015.0,62.31931063170422,-43.11621928215027,0.06444313033212574,-43.051776151818146,1.3810757351498866
2031,1015.5,62.664419608670414,-43.11657601594925,0.06480000049894856,-43.0517760154503,1.3595504770302522
2032,1016.0,63.18802619953823,-43.11711895465851,0.06534145141417881,-43.05177750324433,1.3359812092702368
2033,1016.5,63.87935119992122,-43.117834985256195,0.06605633652202006,-43.05177864873418,1.3104641049856345
2034,1017.0,64.72714845403365,-43.11871236562729,0.06693302640174076,-43.05177933922555,1.2831048764239177
2035,1017.5,65.71982143530157,-43.1197395324707,0.06795952932131066,-43.05178000314939,1.2540102161662976
2036,1018.0,66.8455592885247,-43.12090456485748,0.06912363191583068,-43.051780932941654,1.223292647364467
2037,1018.5,68.09243645786522,-43.12219488620758,0.07041300221080767,-43.051781883996775,1.1910777173060196
2038,1019.0,69.44849022921537,-43.123597621917725,0.07181526980713808,-43.051782352110585,1.15748808899094
2039,1019.5,70.90181683224247,-43.125100791454315,0.07331812525827612,-43.05178266619604,1.1226529094201374
2040,1020.0,72.44069347168677,-43.12669235467911,0.0749094462603143,-43.051782908418794,1.0909789008402206
2041,1020.5,74.05365661984493,-43.128361880779266,0.07657737861264671,-43.05178450216662,1.074335039622754
2042,1021.0,75.72955671483598,-43.130094945430756,0.0783103927803321,-43.051784552650425,1.0564701564195285
2043,1021.5,77.45761703353143,-43.13188338279724,0.08009734477339236,-43.05178603802385,1.0374405806504094
2044,1022.0,79.22746531359776,-43.13371396064758,0.08192750884652285,-43.05178645180106,1.0173001199728386
2045,1022.5,81.02918317725343,-43.13557767868042,0.08379062860719318,-43.05178705007323,0.9961256360065512
2046,1023.0,82.85333504072376,-43.13746339082718,0.08567694691032608,-43.05178644391685,0.9739824842434477
2047,1023.5,84.69100312312645,-43.13936573266983,0.08757724206027302,-43.05178849060956,0.9509644965792663
2048,1024.0,86.5338057181517,-43.1412707567215,0.08948284670518666,-43.05178791001631,0.9271711549292597
2049,1024.5,88.37388501599885,-43.14317452907562,0.0913856352439335,-43.05178889383169,0.9027063414674443
2050,1025.0,90.20392458467528,-43.145067632198334,0.09327804190314909,-43.051789590295186,0.894965451715323
2051,1025.5,92.01713323413233,-43.14694267511368,0.0951530440514696,-43.051789631062206,0.9077996951322785
2052,1026.0,93.80724769963365,-43.14879488945007,0.0970041649743483,-43.05179072447572,0.9194889120888018
2053,1026.5,95.56859564614992,-43.15061581134796,0.09882553902561748,-43.05179027232234,0.9300029280703442
2054,1027.0,97.29605278003089,-43.15240228176117,0.10061186727754166,-43.05179041448363,0.9393153822414048
2055,1027.5,98.98497144368002,-43.154149413108826,0.10235834368202439,-43.0517910694268,0.9473942041189167
2056,1028.0,100.63119589713642,-43.15585231781006,0.10406067087298103,-43.051791646937076,0.954218341720315
2057,1028.5,102.23106466958812,-43.15750676393509,0.10571506259799077,-43.0517917013371,0.9597802594669685
2058,1029.0,103.78145662999265,-43.159109592437744,0.10731829135898735,-43.05179130107876,0.9640727852545161
2059,1029.5,105.27975247508539,-43.16065859794617,0.10886764858779266,-43.05179094935838,0.9670586239115343
2060,1030.0,106.72379659185597,-43.16215217113495,0.11036090520887992,-43.05179126592607,0.9687583832155547
2061,1030.5,108.11197338635006,-43.163587629795074,0.1117963905694337,-43.05179123922564,0.9691813322487719
2062,1031.0,109.44323678155025,-43.16496521234512,0.11317302294250796,-43.05179218940262,0.9683754398102761
2063,1031.5,110.71716623787971,-43.16628235578537,0.11449036745668825,-43.05179198832868,0.9663653094138256
2064,1032.0,111.9340032516835,-43.16754025220871,0.11574867383842828,-43.051791578370285,0.9631883922378918
2065,1032.5,113.09463373800216,-43.168740808963776,0.11694885819443462,-43.05179195076934,0.9588734344538433
2066,1033.0,114.20058249445701,-43.1698842048645,0.11809249728688334,-43.05179170757762,0.9678710210430483
2067,1033.5,115.2540618540984,-43.17097318172455,0.11918187884433973,-43.05179130288021,0.9815083072391225
2068,1034.0,116.25805902812871,-43.17201155424118,0.12022009188108995,-43.05179146236009,0.9943305745212926
2069,1034.5,117.21631278687003,-43.173001766204834,0.12121100258340443,-43.051790763621426,1.0063655017011144
2070,1035.0,118.13326571658418,-43.17394959926605,0.12215920493928754,-43.051790394326765,1.0176508142427751
2071,1035.5,119.01407754160115,-43.174860417842865,0.12307003451461936,-43.051790383328246,1.0282189377781303
2072,1036.0,119.86460291442943,-43.17574054002762,0.12394954548636088,-43.05179099454126,1.0380818762882429
2073,1036.5,120.69137295952761,-43.176593363285065,0.12480449155734412,-43.05178887172772,1.0472821594114106
2074,1037.0,121.50147009121322,-43.17743158340454,0.12564219650802017,-43.05178938689652,1.0558306358840404
2075,1037.5,122.30237089579164,-43.178258776664734,0.1264703917240676,-43.051788384940664,1.0637491500553988
2076,1038.0,123.1020547873867,-43.179085195064545,0.12729732855517473,-43.05178786650937,1.07106463450662
2077,1038.5,123.90913701302044,-43.17991942167282,0.1281319158528846,-43.05178750581994,1.0778164485438586
2078,1039.0,124.73265361662261,-43.180769979953766,0.12898349760625538,-43.05178648234751,1.0840261821801422
2079,1039.5,125.58185502441874,-43.18164759874344,0.12986163949271248,-43.05178595925073,1.0897095351170405
2080,1040.0,126.46607054091257,-43.18256139755249,0.13077598875610294,-43.051785408796384,1.0948689419262265
2081,1040.5,127.39453474752881,-43.18352097272873,0.13173609468906627,-43.05178487803966,1.0995035366590264
2082,1041.0,128.37628277412492,-43.184535801410675,0.13275130033543703,-43.05178450107524,1.1036073385548535
2083,1041.5,129.42004855056837,-43.185614824295044,0.13383063727427247,-43.05178418702077,1.1071625186952978
2084,1042.0,130.53412119877675,-43.18676620721817,0.13498267711778486,-43.05178353010039,1.110174579710126
2085,1042.5,131.7262157182614,-43.18799811601639,0.1362153977898951,-43.05178271822649,1.1125990645684825
2086,1043.0,133.00339317095268,-43.18931859731674,0.13753610099098548,-43.05178249632576,1.114404383290419
2087,1043.5,134.37202953763045,-43.1907342672348,0.13895137999296842,-43.051782887241835,1.1155521315227293
2088,1044.0,135.83783814234255,-43.192248582839966,0.14046714282792117,-43.05178144001204,1.116012949053777
2089,1044.5,137.40581053744538,-43.19386947154999,0.14208855115850982,-43.05178092039148,1.1157456060635187
2090,1045.0,139.08004065423563,-43.19560086727142,0.14381983843573773,-43.051781028835684,1.11472780213577
2091,1045.5,140.863486470289,-43.19744557142258,0.1456640634439929,-43.05178150797858,1.1129291877121408
2092,1046.0,142.7578259990907,-43.19940406084061,0.14762296138285683,-43.05178109945775,1.110326605955881
2093,1046.5,144.76350037021743,-43.201478123664856,0.14969698841544357,-43.05178113524941,1.1068910778227796
2094,1047.0,146.87972173713965,-43.20366686582565,0.1518853298456971,-43.051781535979956,1.1025981941134764
2095,1047.5,149.1044770142372,-43.20596778392792,0.15418590398276313,-43.05178187994515,1.0974203094543031
2096,1048.0,151.43453209585255,-43.208376705646515,0.15659536650382605,-43.051781339142686,1.0913300084698268
2097,1048.5,153.86543235109505,-43.21089148521423,0.15910911096577607,-43.05178237424846,1.084296199238704
2098,1049.0,156.39158979687443,-43.213504910469055,0.16172135894906828,-43.05178355151999,1.076301557299125
2099,1049.5,159.0063055899563,-43.216208040714264,0.16442518331629935,-43.05178285739797,1.0672997046486954
2100,1050.0,161.70176459308675,-43.21899634599686,0.1672125025931475,-43.05178384340371,1.057275726063211
2101,1050.5,164.46915300991307,-43.22185832262039,0.1700742026122492,-43.05178412000814,1.0462327052714135
2102,1051.0,167.29879185683018,-43.22478586435318,0.17300027453371805,-43.05178558981946,1.034172964779433
2103,1051.5,170.18011857038763,-43.22776561975479,0.17597979582573883,-43.05178582392905,1.0210993694226744
2104,1052.0,173.10161571164187,-43.230786979198456,0.17900085653918965,-43.051786122659266,1.007010998175709
2105,1052.5,176.05094835724012,-43.23383831977844,0.1820507013809647,-43.051787618397476,0.9919071990772711
2106,1053.0,179.0151006979992,-43.236903846263885,0.1851158709677835,-43.0517879752961,0.9758172232510111
2107,1053.5,181.98058179277749,-43.239971935749054,0.18818241459208077,-43.05178952115698,0.9587625266667148
2108,1054.0,184.93356250817286,-43.243026316165924,0.19123603182856003,-43.051790284337365,0.9407651480493172
2109,1054.5,187.85989322428765,-43.246052980422974,0.19426209084336482,-43.05179088957961,0.9218818156443555
2110,1055.0,190.745240184701,-43.249037086963654,0.1972457693908089,-43.05179131757284,0.902194048732795
2111,1055.5,193.57521452000876,-43.25196534395218,0.20017218823399213,-43.05179315571819,0.8817834915617255
2112,1056.0,196.3356052907717,-43.25482076406479,0.20302665212976853,-43.05179411193502,0.8607712586993512
2113,1056.5,199.0125298055841,-43.25758910179138,0.20579480526960053,-43.051794296521784,0.8392684887371243
2114,1057.0,201.59245176417397,-43.260258436203,0.20846265004096964,-43.05179578616203,0.8173495887724279
2115,1057.5,204.06224212720576,-43.262813687324524,0.21101660997160013,-43.05179707735292,0.7951394631427814
2116,1058.0,206.40919766265307,-43.265241384506226,0.2134435489078853,-43.05179783559834,0.7728162175292443
2117,1058.5,208.6212620544733,-43.267529249191284,0.21573099965886658,-43.05179824953242,0.7505561409986122
2118,1059.0,210.6874044049323,-43.269666373729706,0.2178675553977809,-43.051798818331925,0.7285784812625535
2119,1059.5,212.59785230312852,-43.27164286375046,0.2198431106734768,-43.05179975307698,0.7170075484945926
2120,1060.0,214.34411900628626,-43.273449182510376,0.22164888951803605,-43.05180029299234,0.7203324258137305
2121,1060.5,215.91885409846833,-43.27507781982422,0.22327729101598898,-43.05180052880823,0.7233899251003505
2122,1061.0,217.31568181614423,-43.27652180194855,0.2247217221200763,-43.051800079828475,0.7261637054155241
2123,1061.5,218.52908129453428,-43.277777552604675,0.2259764738164316,-43.051801078788245,0.7286236707363544
2124,1062.0,219.55430551917917,-43.27883857488632,0.22703663731404947,-43.05180193757227,0.7307997538694384
2125,1062.5,220.38745254290393,-43.27969938516617,0.22789817768879814,-43.05180120747737,0.7326980321315824
2126,1063.0,221.02568947286798,-43.2803601026535,0.22855816550386754,-43.051801937149634,0.7343210772346528
2127,1063.5,221.46731573155233,-43.28081625699997,0.22901484222666824,-43.0518014147733,0.7356678459961946
2128,1064.0,221.71178161760886,-43.28106838464737,0.22926763942222778,-43.051800745225144,0.7367542314703849
2129,1064.5,221.75972160206732,-43.281118631362915,0.22931721318412052,-43.0518014181788,0.7376025018479676
2130,1065.0,221.6129379739653,-43.28096717596054,0.2291654272227465,-43.051801748737795,0.738214574050195
2131,1065.5,221.27442152082438,-43.28061658143997,0.22881537425059068,-43.05180120718938,0.7385952877760561
2132,1066.0,220.74833938858788,-43.2800714969635,0.22827136342843193,-43.05180013353507,0.7387618724984811
2133,1066.5,220.0399946611692,-43.279339253902435,0.2275388785673768,-43.051800375335056,0.738723683947419
2134,1067.0,219.1557624723382,-43.27842319011688,0.22662451206346193,-43.05179867805342,0.7384856863614006
2135,1067.5,218.1029048768317,-43.27733451128006,0.2255357734596386,-43.05179873782042,0.7380455141538288
2136,1068.0,216.88951640275207,-43.276079416275024,0.22428103314261666,-43.05179838313241,0.7374220821976798
2137,1068.5,215.52472015103822,-43.27466720342636,0.22286972512533496,-43.051797478301026,0.7366545919739876
2138,1069.0,214.0187541374364,-43.273109555244446,0.22131243633143546,-43.05179711891301,0.7357590181741515
2139,1069.5,212.38296903296305,-43.27141833305359,0.21962090425872194,-43.05179742879487,0.7428741670720023
2140,1070.0,210.62969569667527,-43.2696036696434,0.21780787999749474,-43.05179578964591,0.7714106589152878
2141,1070.5,208.7719635761906,-43.267681658267975,0.21588683703426167,-43.05179482123371,0.8010259101176553
2142,1071.0,206.8233237236438,-43.265665888786316,0.21387178823614222,-43.051794100550175,0.8314409946962467
2143,1071.5,204.79775118023235,-43.263569712638855,0.2117771849087134,-43.05179252773014,0.8623999344957142
2144,1072.0,202.70962026374238,-43.26141035556793,0.20961789124134336,-43.05179246432659,0.8936594890628118
2145,1072.5,200.57369333233228,-43.25920045375824,0.20740917268804904,-43.05179128107019,0.9249905972334432
2146,1073.0,198.40508353524893,-43.25695687532425,0.20516665744876988,-43.05179021787548,0.9561886378473946
2147,1073.5,196.21922694653185,-43.25469654798508,0.20290630765339895,-43.05179024033168,0.9870547149681952
2148,1074.0,194.03180143201305,-43.25243252515793,0.20064433546379906,-43.05178818969413,1.0174290578121483
2149,1074.5,191.85866061318922,-43.25018447637558,0.19839713478718757,-43.051787341588394,1.0471519084402798
2150,1075.0,189.7158290007509,-43.24796777963638,0.19618127624381804,-43.05178650339256,1.0760359344477515
2151,1075.5,187.61949444574176,-43.24579846858978,0.1940134993608776,-43.051784969228905,1.1039151084591838
2152,1076.0,185.58589341495886,-43.24369436502457,0.1919105939381142,-43.051783771086455,1.1306058792861198
2153,1076.5,183.63105115854333,-43.24167186021805,0.18988913136043215,-43.05178272885762,1.1559564936798414
2154,1077.0,181.7706588830211,-43.239747524261475,0.18796533758503428,-43.05178218667644,1.1798164474369566
2155,1077.5,180.01992920152767,-43.23793661594391,0.18615494366544227,-43.051781672278466,1.2020531099995617
2156,1078.0,178.3933951607308,-43.2362539768219,0.18447297792932923,-43.05178099889257,1.2225394232206517
2157,1078.5,176.90487280704002,-43.234713077545166,0.18293372726899898,-43.05177935027617,1.2411412978147798
2158,1079.0,175.567343376356,-43.23332953453064,0.18155061531620448,-43.051778919214435,1.2577527907283623
2159,1079.5,174.39273813721806,-43.232114017009735,0.18033597995282716,-43.051778037056906,1.272269106450437
2160,1080.0,173.39171994460514,-43.23107826709747,0.17930084742011,-43.051777419677364,1.2846153063544146
2161,1080.5,172.57343468891682,-43.230231404304504,0.17845467529710912,-43.05177672900739,1.29473951184715
2162,1081.0,171.94529654132182,-43.2295817732811,0.17780513042728108,-43.05177664285382,1.3025821687751733
2163,1081.5,171.51280685695656,-43.22913372516632,0.17735790164996734,-43.05177582351635,1.3080831468647698
2164,1082.0,171.27942448159175,-43.22889333963394,0.177116565687159,-43.051776773946784,1.311215801176038
2165,1082.5,171.24665354538146,-43.2288601398468,0.17708267792922494,-43.051777461917574,1.311940067930778
2166,1083.0,171.41421077444835,-43.22903251647949,0.1772559454484159,-43.05177657103108,1.3102575294837624
2167,1083.5,171.78014537569356,-43.22941154241562,0.17763435096930566,-43.05177719144631,1.3061480834989323
2168,1084.0,172.3408712236304,-43.22999155521393,0.1782141861525402,-43.05177736906139,1.299621480755668
2169,1084.5,173.09102899341303,-43.23076671361923,0.17898990902940987,-43.05177680458982,1.2906993396390611
2170,1085.0,174.023258588206,-43.231731951236725,0.1799539086736252,-43.0517780425631,1.2794034625272248
2171,1085.5,175.1282319028918,-43.232875406742096,0.1810965390816001,-43.051778867660495,1.2657898828394734
2172,1086.0,176.39477835748244,-43.23418641090393,0.18240624898399674,-43.051780161919936,1.2499176682373412
2173,1086.5,177.80987585337496,-43.23565012216568,0.1838695724937737,-43.0517805496719,1.231864897332053
2174,1087.0,179.35873718804282,-43.23725253343582,0.18547121846585884,-43.051781314969965,1.2117218717518423
2175,1087.5,181.02486976770473,-43.23897737264633,0.1871941322448044,-43.05178324040153,1.1895886038551249
2176,1088.0,182.79016602183518,-43.24080330133438,0.18901958916059172,-43.05178371217379,1.1655908620836002
2177,1088.5,184.63510348972792,-43.2427117228508,0.19092740143407264,-43.051784321416726,1.1398589718826593
2178,1089.0,186.53889468642643,-43.24468243122101,0.1928960731502771,-43.05178635807073,1.1125336417337597
2179,1089.5,188.47964226186267,-43.246690571308136,0.19490296070531957,-43.051787610602815,1.0837882673547263
2180,1090.0,190.4344956830905,-43.24871349334717,0.1969244348283067,-43.051789058518864,1.053794576334818
2181,1090.5,192.37970869788242,-43.25072681903839,0.19893594000327267,-43.05179087903512,1.0227662319613735
2182,1091.0,194.29074460612318,-43.25270503759384,0.200912103328184,-43.051792934265656,0.9909065875529741
2183,1091.5,196.14256215853788,-43.25462120771408,0.20282703015699374,-43.051794177557085,0.9584428393244769
2184,1092.0,197.91019187879414,-43.25645172595978,0.20465490006259346,-43.051796825897185,0.9256417028734523
2185,1092.5,199.56899791810284,-43.25816798210144,0.20637023761532475,-43.051797744486116,0.8927781315635881
2186,1093.0,201.09491902032113,-43.25974702835083,0.20794816156008622,-43.05179886679075,0.8601680696144601
2187,1093.5,202.46481692439525,-43.26116460561752,0.2093647450922064,-43.051799860525314,0.8281293158385972
2188,1094.0,203.65651639607987,-43.26239854097366,0.21059705725342961,-43.05180148372023,0.7970061342406176
2189,1094.5,204.648999690493,-43.26342576742172,0.21162336402168494,-43.05180240340004,0.7671558529877652
2190,1095.0,205.42255251182058,-43.26422828435898,0.21242327924504487,-43.051805005113934,0.738961961981048
2191,1095.5,205.9588395662989,-43.26478314399719,0.21297784276952642,-43.05180530122767,0.7128228743252765
2192,1096.0,206.2410230447937,-43.26507592201233,0.21326964295951378,-43.05180627905281,0.6891700400194817
2193,1096.5,206.2538293397259,-43.265089213848114,0.21328288568837298,-43.05180632815974,0.6684341876137463
2194,1097.0,205.9835290981226,-43.26481115818024,0.21300337371171796,-43.05180778446852,0.6510067747648148
2195,1097.5,205.41796403253943,-43.2642263174057,0.21241853439203953,-43.05180778301366,0.6372434077615762
2196,1098.0,204.5466461373174,-43.263326823711395,0.21151752229621668,-43.051809301415176,0.627424622189007
2197,1098.5,203.36088218372495,-43.262100636959076,0.21029134793340817,-43.05180928902567,0.6217407628846415
2198,1099.0,201.85435348649622,-43.26054358482361,0.20873347727982608,-43.05181010754378,0.6202535579795424
2199,1099.5,200.0235943317739,-43.25865030288696,0.20684032651133086,-43.05180997637563,0.6228926712191352
2200,1100.0,197.86783915734506,-43.25642102956772,0.20461110397562463,-43.051809925592096,0.6294556991672187
2201,1100.5,195.38833003203132,-43.25385642051697,0.20204709407078789,-43.05180932644618,0.6396598202522474
2202,1101.0,192.58820452488584,-43.250960290431976,0.19915154129309903,-43.05180874913888,0.6531215629672623
2203,1101.5,189.47283143855134,-43.24773824214935,0.19592999741206457,-43.05180824473729,0.6694489833886386
2204,1102.0,186.04987427005327,-43.24419867992401,0.19239038709393336,-43.05180829283008,0.6882374932403866
2205,1102.5,182.32936707280496,-43.240351021289825,0.18854308634905143,-43.051807934940776,0.7090646166734098
2206,1103.0,178.3235604995477,-43.23620688915253,0.18440076332800096,-43.05180612582453,0.731524195427706
2207,1103.5,174.04689101112146,-43.23178327083588,0.17997834648101696,-43.05180492435486,0.7552095998920582
2208,1104.0,169.51590469006314,-43.22709661722183,0.17529294577518031,-43.05180367144665,0.779758550134774
2209,1104.5,164.7490443223399,-43.22216635942459,0.1703636325199731,-43.05180272690462,0.804843633432269
2210,1105.0,159.76649205562023,-43.21701246500015,0.16521127666340027,-43.05180118833675,0.8301724520034397
2211,1105.5,154.59001622483237,-43.21165829896927,0.15985838839741787,-43.05179991057185,0.8554781791467234
2212,1106.0,149.2428424654277,-43.20612698793411,0.15432898487878313,-43.05179800305533,0.8805290424171591
2213,1106.5,143.74952854498025,-43.20044595003128,0.14864846079495958,-43.05179748923632,0.9051098480980506
2214,1107.0,138.13583175013025,-43.19463902711868,0.1428434512316556,-43.05179557588703,0.929048059606865
2215,1107.5,132.42860682356402,-43.188735008239746,0.13694172613153302,-43.051793282108214,0.9521680440635458
2216,1108.0,126.65566467741361,-43.18276381492615,0.1309720441926104,-43.05179177073354,0.9743519576068982
2217,1108.5,120.84559959059963,-43.17675423622131,0.12496397417655337,-43.05179026204476,0.9954667361296168
2218,1109.0,115.02752688125692,-43.170735239982605,0.11894762364107082,-43.051787616341535,1.0154234705112783
2219,1109.5,109.23085272619085,-43.16473966836929,0.11295340091490118,-43.05178626745439,1.0341335338246376
2220,1110.0,103.48511175301478,-43.15879559516907,0.10701184715514812,-43.05178374801392,1.0515244034629743
2221,1110.5,97.81976506069009,-43.152935564517975,0.10115342748443339,-43.05178213703354,1.0675258503532754
2222,1111.0,92.26392940819166,-43.14718794822693,0.09540825095040927,-43.05177969727652,1.0820932555865213
2223,1111.5,86.84610892758457,-43.14158421754837,0.0898057930957134,-43.05177842445266,1.095188035587425
2224,1112.0,81.5940422217438,-43.13615036010742,0.08437473784483379,-43.05177562226259,1.1067725814934097
2225,1112.5,76.5345875460311,-43.1309175491333,0.07914285877281846,-43.05177469036048,1.1168194564428493
2226,1113.0,71.693539070031,-43.12590944766998,0.07413682910527747,-43.051772618564705,1.1301160794850318
2227,1113.5,67.09544365551696,-43.12115341424942,0.06938203225220813,-43.05177138199721,1.1546482346106244
2228,1114.0,62.763445238615844,-43.11667263507843,0.06490240088675946,-43.05177023419167,1.1781333260432596
2229,1114.5,58.71911948872002,-43.11248832941055,0.060720245969379534,-43.051768083441175,1.2004773534586424
2230,1115.0,54.98232855099728,-43.108623921871185,0.05685610654000235,-43.05176781533118,1.2215943283475699
2231,1115.5,51.571094045993505,-43.105095982551575,0.05332861838952261,-43.05176736416205,1.2413902221769335
2232,1116.0,48.50148076214811,-43.10192137956619,0.05015439378859391,-43.0517669857776,1.259782006384785
2233,1116.5,45.78748471290611,-43.09911227226257,0.047347905729767416,-43.05176436653281,1.2766914226968202
2234,1117.0,43.440935344951434,-43.09668606519699,0.04492138680301697,-43.05176467839397,1.292044640490232
2235,1117.5,41.47140441534259,-43.09464967250824,0.04288473496744026,-43.0517649375408,1.3057751995207918
2236,1118.0,39.88616019450701,-43.093009531497955,0.041245466193507704,-43.05176406530445,1.3178201884993483
2237,1118.5,38.690151889438404,-43.09177279472351,0.04000869835540793,-43.0517640963681,1.3281186716523496
2238,1119.0,37.88594821030063,-43.09094029664993,0.03917708770402365,-43.05176320894591,1.3366253839721074
2239,1119.5,37.4737288016423,-43.09051388502121,0.03875082000612511,-43.05176306501509,1.3432918164858592
2240,1120.0,37.45130938347953,-43.09049153327942,0.0387276365422519,-43.051763896737164,1.3480811311054797
2241,1120.5,37.81417064881894,-43.09086734056473,0.03910286398905313,-43.05176447657568,1.3509596027253004
2242,1121.0,38.555517680358946,-43.09163451194763,0.039869475860888605,-43.05176503608674,1.35190151401425
2243,1121.5,39.666307851374654,-43.09278428554535,0.04101812136156577,-43.05176616418378,1.350893744715947
2244,1122.0,41.13534563545783,-43.0943039059639,0.042537223425161565,-43.051766682538734,1.3479262407635382
2245,1122.5,42.949395291776746,-43.096179842948914,0.04441309524155542,-43.05176674770736,1.3429897130222024
2246,1123.0,45.093264953283466,-43.09839963912964,0.046630027210332395,-43.051769611919305,1.3360985911152008
2247,1123.5,47.549936766443885,-43.1009401679039,0.049170421515628435,-43.051769746388274,1.3272588202777782
2248,1124.0,50.300713661175514,-43.103785932064056,0.05201494389793488,-43.05177098816612,1.3164904788805343
2249,1124.5,53.32534642122486,-43.10691523551941,0.05514265505498859,-43.05177258046442,1.3038195964908033
2250,1125.0,56.602183804578985,-43.11030489206314,0.058531165878233184,-43.051773726184905,1.2892706384262147
2251,1125.5,60.10836043904392,-43.113931596279144,0.062156831751811206,-43.05177476452733,1.272893462770278
2252,1126.0,63.819949595994196,-43.117771446704865,0.0659949105327881,-43.05177653617208,1.2547273290098666
2253,1126.5,67.71213495222683,-43.12179780006409,0.07001974016658842,-43.0517780598975,1.2348410591046053
2254,1127.0,71.7594227305242,-43.12598556280136,0.07420495805723286,-43.05178060474413,1.2132952147538163
2255,1127.5,75.93582019826592,-43.13030552864075,0.0785236856491186,-43.05178184299163,1.1901725683062
2256,1128.0,80.21503846812928,-43.1347319483757,0.08294873813909473,-43.05178321023661,1.1655490286188268
2257,1128.5,84.57065540794828,-43.13923794031143,0.08745279293823066,-43.0517851473732,1.1394973760492098
2258,1129.0,88.97625183669159,-43.14379554986954,0.09200853050930413,-43.05178701936023,1.1120904431746077
2259,1129.5,93.40556123832782,-43.148378014564514,0.09658878918286108,-43.051789225381654,1.0833941917675232
2260,1130.0,97.83263869902918,-43.152956902980804,0.10116673985173856,-43.05179016312906,1.053484001348937
2261,1130.5,102.23203646443643,-43.15750831365585,0.10571606751125812,-43.05179224614459,1.0224476816344112
2262,1131.0,106.57895468014003,-43.162004709243774,0.11021112713688828,-43.05179358210689,0.9903738136549601
2263,1131.5,110.84933315087207,-43.16642248630524,0.1146270385705569,-43.05179544773468,0.9573293595602956
2264,1132.0,115.02000643791176,-43.1707369685173,0.11893984690372032,-43.05179712161358,0.9234164969178804
2265,1132.5,119.06890820153461,-43.174925208091736,0.12312673378372986,-43.05179847430801,0.8887660443642369
2266,1133.0,122.9752601131017,-43.17896604537964,0.12716621276397708,-43.051799832615664,0.8535111315290417
2267,1133.5,126.71971920204246,-43.18283832073212,0.13103828167240883,-43.05180003905971,0.817805196127748
2268,1134.0,130.2844185831905,-43.186525881290436,0.134724464726836,-43.0518014165636,0.7817908931829006
2269,1134.5,133.65313103618726,-43.19001030921936,0.13820798168906445,-43.0518023275303,0.7499928002004888
2270,1135.0,136.81139464713678,-43.19327688217163,0.1414738777883722,-43.05180300438326,0.7341733164732396
2271,1135.5,139.74649777917452,-43.196312725543976,0.1445090081798806,-43.051803717364095,0.718690118012594
2272,1136.0,142.44738941068425,-43.199105978012085,0.14730194522712997,-43.05180403278496,0.7216910062208991
2273,1136.5,144.90480341682508,-43.20164757966995,0.14984310701907635,-43.05180447265088,0.7242523221185767
2274,1137.0,147.11138088869978,-43.20392966270447,0.15212488385785308,-43.051804778846616,0.7263380021143593
2275,1137.5,149.06156900370473,-43.20594722032547,0.1541415336826586,-43.05180568664281,0.7279096852359371
2276,1138.0,150.75152647820738,-43.2076940536499,0.15588908430029522,-43.051804969349604,0.7289446405146773
2277,1138.5,152.17900960770308,-43.20917057991028,0.1573652155416155,-43.05180536436866,0.7294096462568989
2278,1139.0,153.34342211166023,-43.210374534130096,0.15856931080506173,-43.05180522332503,0.7292791526311956
2279,1139.5,154.24586912858757,-43.21130794286728,0.15950251289186562,-43.05180542997542,0.7285259899302589
2280,1140.0,154.88918021198933,-43.21197199821472,0.16016774778569753,-43.05180425042902,0.727120519888566
2281,1140.5,155.27789719530244,-43.21237391233444,0.16056971210404503,-43.0518042002304,0.7250307160657785
2282,1141.0,155.41811193423896,-43.21251833438873,0.16071470531087254,-43.05180362907786,0.7222317421555262
2283,1141.5,155.31736282706387,-43.21241372823715,0.16061052271034765,-43.0518032055268,0.7187021690648329
2284,1142.0,154.98448653451555,-43.21206921339035,0.1602663021134296,-43.05180291127692,0.7252992446094396
2285,1142.5,154.42939553246663,-43.211494505405426,0.1596922938096049,-43.05180221159582,0.7412684655870202
2286,1143.0,153.66298119045416,-43.21070075035095,0.1588997603423686,-43.05180099000858,0.7563786236615444
2287,1143.5,152.69707606584245,-43.20970046520233,0.1579009375183858,-43.05179952768395,0.7706163175789454
2288,1144.0,151.544517433835,-43.208509266376495,0.1567091001025835,-43.051800166273914,0.783966325597962
2289,1144.5,150.21914380918219,-43.20713675022125,0.15533855822131928,-43.051798191999936,0.7964221440828108
2290,1145.0,148.73582768397696,-43.205601811409,0.15380469121586957,-43.05179712019313,0.8079693237511159
2291,1145.5,147.11041793952856,-43.20391994714737,0.1521238880917203,-43.05179605905565,0.8357017791721199
2292,1146.0,145.35942656609404,-43.202108502388,0.15031322356181998,-43.051795278826184,0.8708737135282555
2293,1146.5,143.4999247892775,-43.20018446445465,0.1483903506330035,-43.05179411382165,0.904764602008491
2294,1147.0,141.54961071707072,-43.19816756248474,0.14637357055842,-43.051793991926324,0.9372948176526804
2295,1147.5,139.52668882315277,-43.19607329368591,0.1442817082136664,-43.051791585472245,0.9683870001844138
2296,1148.0,137.44978416150116,-43.193924486637115,0.1421340233878634,-43.051790463249255,0.9979547726676998
2297,1148.5,135.33799487301638,-43.19173967838287,0.139950265079687,-43.05178941330318,1.0259341157424262
2298,1149.0,133.21079263261385,-43.18953812122345,0.13775056855173293,-43.05178755267172,1.0522525219610412
2299,1149.5,131.08781914726637,-43.187341034412384,0.13555524489328583,-43.0517857895191,1.0768331814874483
2300,1150.0,128.98884941813267,-43.185170114040375,0.13338474303043407,-43.05178537100994,1.0996422671241388
2301,1150.5,126.93387259317295,-43.18304419517517,0.13125973333411364,-43.05178446184106,1.120604490462641
2302,1151.0,124.94296398689964,-43.180984020233154,0.12920097527833774,-43.05178304495482,1.1396857623496277
2303,1151.5,123.03604406545635,-43.17901086807251,0.1272290682115741,-43.05178179986093,1.1568761131932754
2304,1152.0,121.23269909623185,-43.17714488506317,0.12536426589416214,-43.05178061916901,1.172134254176487
2305,1152.5,119.5520595734162,-43.17540520429611,0.12362635078065586,-43.05177885351546,1.1854472035939714
2306,1153.0,118.01269710902683,-43.17381250858307,0.12203452739693314,-43.051777981186135,1.1967911276574155
2307,1153.5,116.63250632217184,-43.172384679317474,0.12060730020428756,-43.05177737911319,1.206152180885057
2308,1154.0,115.42858972814507,-43.171138286590576,0.11936235456558522,-43.05177593202499,1.213516439836479
2309,1154.5,114.41726719430035,-43.170091927051544,0.11831656652339184,-43.051775360528154,1.2188796995821747
2310,1155.0,113.6140308578211,-43.16926026344299,0.11748595618135611,-43.05177430726164,1.222237388464839
2311,1155.5,113.03332947505697,-43.168658435344696,0.11688546470424922,-43.05177297064045,1.223597988296313
2312,1156.0,112.68840919463565,-43.16830152273178,0.11652878966468169,-43.0517727330671,1.2229557831651565
2313,1156.5,112.59120148226594,-43.16820013523102,0.1164282691484239,-43.051771866082596,1.2203243269726203
2314,1157.0,112.75231945670335,-43.168365836143494,0.11659487796550275,-43.05177095817799,1.2157232721822309
2315,1157.5,113.18103246087064,-43.16880887746811,0.1170382013547152,-43.05177067611339,1.2091721986460415
2316,1158.0,113.88521557115801,-43.16953670978546,0.11776638277222343,-43.05177032701324,1.2007031543605715
2317,1158.5,114.87127727120242,-43.17055553197861,0.11878604910048271,-43.05176948287812,1.1903404485426943
2318,1159.0,116.144057998773,-43.171871066093445,0.12010220573764102,-43.05176886035581,1.1781260582555584
2319,1159.5,117.70679022160142,-43.17348796129227,0.12171819531276819,-43.0517697659795,1.164090809470069
2320,1160.0,119.56102898349701,-43.17540466785431,0.12363562586500741,-43.0517690419893,1.1482779060539199
2321,1160.5,121.70661919674251,-43.17762392759323,0.12585433702130783,-43.05176959057192,1.130739783847375
2322,1161.0,124.14165412497316,-43.180142879486084,0.12837235706441488,-43.05177052242167,1.1115244599266718
2323,1161.5,126.8624291715767,-43.182955861091614,0.13118585514639572,-43.051770005945215,1.0906862010725658
2324,1162.0,129.86344786999547,-43.18605959415436,0.13428914748308854,-43.05177044667127,1.06828126681316
2325,1162.5,133.1374386533543,-43.18944650888443,0.13767471469523346,-43.05177179418919,1.0678108805221662
2326,1163.0,136.67537364674013,-43.19310599565506,0.1413332212411862,-43.05177277441388,1.0699282534453216
2327,1163.5,140.4664868288473,-43.19702726602554,0.14525353419750572,-43.051773731828035,1.070312021601115
2328,1164.0,144.49831765438694,-43.20119625329971,0.14942276836799975,-43.051773484931715,1.0689491079181412
2329,1164.5,148.75674704298953,-43.205601155757904,0.15382632349911604,-43.051774832258786,1.065806822065099
2330,1165.0,153.22602766785138,-43.21022439002991,0.15844791560081514,-43.05177647442909,1.0608768428726254
2331,1165.5,157.88888591021748,-43.215047776699066,0.1632696823756253,-43.05177809432344,1.054146124161887
2332,1166.0,162.72661971241843,-43.22005158662796,0.1682722844064758,-43.05177930222148,1.0456128575416868
2333,1166.5,167.71917919750717,-43.22521436214447,0.1734349885238218,-43.05177937362065,1.035277509605126
2334,1167.0,172.84520983812146,-43.23051714897156,0.17873571244568628,-43.05178143652587,1.0231436256607398
2335,1167.5,178.08216225232104,-43.23593431711197,0.18415113831529967,-43.05178317879667,1.0092297157595813
2336,1168.0,183.40649327846643,-43.241441667079926,0.1896569206285384,-43.05178474645139,0.993561065693863
2337,1168.5,188.79379828534744,-43.24701392650604,0.19522782305313496,-43.051786103452905,0.9761660516913369
2338,1169.0,194.21898215369578,-43.25262624025345,0.2008378952371789,-43.05178834501627,0.9570842780836558
2339,1169.5,199.65646011890607,-43.258250176906586,0.20646068049648572,-43.0517894964101,0.9418330944501326
2340,1170.0,205.08016694212384,-43.263860523700714,0.2120692252982321,-43.051791298402485,0.9290020246065082
2341,1170.5,210.4635806767222,-43.26942867040634,0.21763610383738563,-43.051792566568956,0.9147194134915756
2342,1171.0,215.78003782684888,-43.27492731809616,0.2231337439357419,-43.05179357416042,0.8990188608326857
2343,1171.5,221.00291491058027,-43.280331671237946,0.2285346147926853,-43.05179705644526,0.8819311210949043
2344,1172.0,226.10572847642757,-43.28560924530029,0.23381133041022203,-43.051797914890074,0.8634913130279378
2345,1172.5,231.06247645108377,-43.29073667526245,0.2389370025737354,-43.051799672688716,0.8437615385518665
2346,1173.0,235.84805262636357,-43.29568636417389,0.24388566946449172,-43.0518006947094,0.822806096950664
2347,1173.5,240.4386247840871,-43.30043560266495,0.24863268667088398,-43.05180291599407,0.8006964602255708
2348,1174.0,244.81145662949012,-43.304959177970886,0.2531545430533969,-43.05180463491749,0.7775146483923909
2349,1174.5,248.94464078943417,-43.30923384428024,0.2574285846434919,-43.05180525963675,0.7533163933528897
2350,1175.0,252.81736709202394,-43.313240468502045,0.2614332920660974,-43.05180717643595,0.728148389459803
2351,1175.5,256.4103077163341,-43.316956639289856,0.26514867881509996,-43.051807960474754,0.7021067616729417
2352,1176.0,259.70593698139544,-43.32036596536636,0.268556621940624,-43.05180934342574,0.6753239423167239
2353,1176.5,262.6885282374806,-43.32345074415207,0.27164085883437383,-43.051809885317695,0.6479451890984982
2354,1177.0,265.3439048683539,-43.32619708776474,0.27438672974612927,-43.051810358018614,0.6201106340562673
2355,1177.5,267.6592440575002,-43.32859230041504,0.27678097486239867,-43.05181132555264,0.5919168644284828
2356,1178.0,269.6231294427862,-43.33062368631363,0.27881178875553175,-43.051811897558096,0.5634411867324858
2357,1178.5,271.22581353525106,-43.33228129148483,0.28046909174564855,-43.05181219973918,0.5347821037871723
2358,1179.0,272.4594811866568,-43.33355790376663,0.2817448023470688,-43.05181310141956,0.5060490232578527
2359,1179.5,273.3183817055859,-43.334446012973785,0.28263297388687914,-43.05181303908691,0.4882227191918541
2360,1180.0,273.79891897242175,-43.334942519664764,0.2831298876909992,-43.05181263197377,0.4974601504871924
2361,1180.5,273.89973089133304,-43.3350465297699,0.28323413524386176,-43.05181239452604,0.5076675373295872
2362,1181.0,273.6217036396179,-43.33475965261459,0.2829466329233684,-43.051813019691224,0.5187186740489255
2363,1181.5,272.96795091334855,-43.33408319950104,0.28227060053923403,-43.0518125989618,0.5304751875150193
2364,1182.0,271.94374304022705,-43.333023607730865,0.28121148803003404,-43.051812119700834,0.5427937329444056
2365,1182.5,270.55642636523817,-43.331588208675385,0.279776892101549,-43.05181131657383,0.5555342315285858
2366,1183.0,268.8153478441607,-43.32978683710098,0.27797647825045,-43.05181035885053,0.5685505279100034
2367,1183.5,266.7317506262091,-43.32763200998306,0.2758218727884345,-43.05181013719463,0.5817000282540316
2368,1184.0,264.3185594323968,-43.32513511180878,0.2733264409063612,-43.05180867090242,0.5948468213630087
2369,1184.5,261.59013018093816,-43.32231307029724,0.27050502776697577,-43.05180804253027,0.6078637191177723
2370,1185.0,258.56211848119784,-43.319179475307465,0.2673738225171813,-43.051805652790286,0.6206177601404406
2371,1185.5,255.25149576628027,-43.31575548648834,0.2639503749704205,-43.05180511151792,0.6330270592949331
2372,1186.0,251.67666333313463,-43.31205767393112,0.26025371353322685,-43.0518039603979,0.6469768384636628
2373,1186.5,247.85745676083704,-43.30810743570328,0.25630434977407973,-43.0518030859292,0.6725433263482907
2374,1187.0,243.81488597197765,-43.30392563343048,0.25212400962617737,-43.0518016238043,0.6971347036388355
2375,1187.5,239.57105849963943,-43.29953473806381,0.24773555403938188,-43.05179918402443,0.7207228061162136
2376,1188.0,235.14898334077472,-43.29496091604233,0.24316277614898912,-43.051798139893336,0.7432772660287762
2377,1188.5,230.57234102926387,-43.29022687673569,0.2384301635129602,-43.05179671322273,0.7647918369101822
2378,1189.0,225.86516112818921,-43.28535771369934,0.23356256461324784,-43.05179514908609,0.7852724335463548
2379,1189.5,221.05128299792304,-43.28037774562836,0.22858463124705472,-43.051793114381304,0.804735908903372
2380,1190.0,216.15431822545207,-43.27531260251999,0.22352077967576298,-43.05179182284422,0.8231866131502708
2381,1190.5,211.19773133389143,-43.270185470581055,0.21839527408499912,-43.05179019649606,0.8406119616178415
2382,1191.0,206.20494658489847,-43.265021204948425,0.21323233702683603,-43.05178886792159,0.8569360920632751
2383,1191.5,201.1993790723218,-43.25984346866608,0.20805618157310213,-43.05178728709298,0.8721009865396233
2384,1192.0,196.2040830603666,-43.25467658042908,0.20289064766903792,-43.05178593276004,0.8860446327520458
2385,1192.5,191.24134068780126,-43.2495431303978,0.19775877682068985,-43.051784353577105,0.8987002070706891
2386,1193.0,186.33263475571587,-43.24446529150009,0.19268278395528535,-43.05178250754481,0.9099974294069286
2387,1193.5,181.4986361625268,-43.23946624994278,0.1876840444280269,-43.051782205514755,0.9198648994413589
2388,1194.0,176.7589024446751,-43.23456287384033,0.18278278228916597,-43.051780091551166,0.9285292152136241
2389,1194.5,172.1316677399512,-43.229777216911316,0.17799785308935298,-43.051779363821964,0.9479014108788792
2390,1195.0,167.63380298601862,-43.22512483596802,0.17334670272174138,-43.05177813324627,0.9656467906163337
2391,1195.5,163.28087556175885,-43.22062283754349,0.16884542909588796,-43.0517774084476,0.9817350151516179
2392,1196.0,159.0872017354686,-43.21628588438034,0.16450883637336577,-43.051777048006976,0.9961352963639317
2393,1196.5,155.06575130768175,-43.212127804756165,0.16035033636084786,-43.051777468395315,1.008835071602388
2394,1197.0,151.2280719905977,-43.20815759897232,0.15638187031241352,-43.051775728659905,1.0198149959632492
2395,1197.5,147.5842924187946,-43.20438915491104,0.15261391204286578,-43.051775242868175,1.0290718372032897
2396,1198.0,144.14310150942282,-43.2008296251297,0.14905544658452752,-43.05177417854517,1.0366033691467282
2397,1198.5,140.91168973761683,-43.197487592697144,0.14571390946134058,-43.0517736832358,1.0424182773686752
2398,1199.0,137.895645282445,-43.19436812400818,0.14259507929550683,-43.051773044712675,1.0465293665430826
2399,1199.5,135.0989461292628,-43.1914758682251,0.13970306964069243,-43.0517727985844,1.0489522420426851
2400,1200.0,132.52401453116778,-43.188813269138336,0.1370403852995096,-43.05177288383883,1.049718749984719
2401,1200.5,130.171806573701,-43.18638116121292,0.13460801494055094,-43.05177314627237,1.0488549283652557
2402,1201.0,128.04193425396747,-43.184179961681366,0.13240555733792225,-43.05177440434344,1.0463994880253584
2403,1201.5,126.13276742143938,-43.182204723358154,0.13043132678615188,-43.051773396572,1.0423888234583234
2404,1202.0,124.44148524798685,-43.18045651912689,0.12868240632430142,-43.05177411280259,1.0368710310972553
2405,1202.5,122.96405314165216,-43.178928554058075,0.12715462386296983,-43.051773930195104,1.029893348017655
2406,1203.0,121.69521325903939,-43.17761743068695,0.1258425423733486,-43.0517748883136,1.021499813197432
2407,1203.5,120.62855546868288,-43.17651408910751,0.12473953326899642,-43.05177455583852,1.0117411440277788
2408,1204.0,119.75660862177367,-43.1756135225296,0.12383787078703902,-43.05177565174256,1.0006620476109083
2409,1204.5,119.07094494995495,-43.17490428686142,0.12312883994380408,-43.05177544691762,0.9883188129228785
2410,1205.0,118.56235660777541,-43.17437934875488,0.12260291909377784,-43.0517764296611,0.987986902092914
2411,1205.5,118.22104033683921,-43.17402762174606,0.12224997088704291,-43.05177765085902,0.9881398963867047
2412,1206.0,118.03660272421456,-43.173837542533875,0.1220592477068916,-43.05177829482698,0.9868208464617646
2413,1206.5,117.9980825379747,-43.17379802465439,0.12201941476655398,-43.05177860988783,0.9840329511178441
2414,1207.0,118.0941154169048,-43.173898577690125,0.12211872041147095,-43.05177985727865,0.9797757096761179
2415,1207.5,118.31307869641756,-43.17412585020065,0.12234514588082478,-43.05178070431983,0.9740559081865808
2416,1208.0,118.64320323256374,-43.174467504024506,0.12268652094247184,-43.05178098308203,0.966869733009546
2417,1208.5,119.07261793625499,-43.174911856651306,0.12313056994487573,-43.05178128670643,0.9582098423895826
2418,1209.0,119.58939793035957,-43.17544770240784,0.12366496161537945,-43.051782740792454,0.94807265516713
2419,1209.5,120.18167834831314,-43.17606085538864,0.12427742673703197,-43.05178342865161,0.9364719821979385
2420,1210.0,120.8377478634436,-43.17673969268799,0.12495585486535882,-43.05178383782263,0.9234237741369639
2421,1210.5,121.54606969111197,-43.177472829818726,0.1256883160462484,-43.051784513772475,0.9089391016076378
2422,1211.0,122.29524223746394,-43.17824840545654,0.1264630201236271,-43.05178538533291,0.89303203220202
2423,1211.5,123.07398727044753,-43.17905455827713,0.1272683045073495,-43.051786253769784,0.8757220333665738
2424,1212.0,123.87118706432425,-43.17987984418869,0.12809267258358115,-43.051787171605106,0.8570317660567788
2425,1212.5,124.6759151136922,-43.18071073293686,0.1289248254755445,-43.051785907461316,0.8369895710986882
2426,1213.0,125.47745056470453,-43.181541442871094,0.12975367696654816,-43.05178776590454,0.8156154733825175
2427,1213.5,126.26537550030956,-43.18235683441162,0.13056845410067286,-43.051788380310946,0.7996224916677641
2428,1214.0,127.0298892560004,-43.183147966861725,0.131359022210289,-43.051788944651435,0.8172495638637922
2429,1214.5,127.76173250725398,-43.183905839920044,0.13211580641642282,-43.05179003350362,0.8344940813309885
2430,1215.0,128.45180231755182,-43.18461990356445,0.1328293935577521,-43.051790510006704,0.8512428377221815
2431,1215.5,129.09119543828544,-43.1852822303772,0.1334905769661568,-43.05179165341104,0.8673733795609658
2432,1216.0,129.6713482101558,-43.18588173389435,0.1340905011359079,-43.05179123275844,0.8827880187363614
2433,1216.5,130.18405114584468,-43.186413049697876,0.13462067680331094,-43.05179237289457,0.89739671290783
2434,1217.0,130.62156472782027,-43.186865746974945,0.1350731006908593,-43.051792646284085,0.911100976107112
2435,1217.5,130.97669325742424,-43.18723338842392,0.1354403318730714,-43.05179305655085,0.923826709457722
2436,1218.0,131.24282487690843,-43.187509417533875,0.13571553316246426,-43.05179388437141,0.9354936147230775
2437,1218.5,131.4139628438721,-43.187686026096344,0.13589250344981213,-43.051793522646534,0.9460342971934177
2438,1219.0,131.48470639111264,-43.18775916099548,0.13596565791170792,-43.05179350308377,0.9553816353739623
2439,1219.5,131.4501559632914,-43.187724232673645,0.1359299300177286,-43.051794302655914,0.9634797183935071
2440,1220.0,131.3058577155083,-43.18757575750351,0.13578071413754117,-43.05179504336597,0.9702756462624674
2441,1220.5,131.0478271324577,-43.18730843067169,0.13551388996499097,-43.0517945407067,0.9757265393085369
2442,1221.0,130.6725354596008,-43.186920523643494,0.13512580848685318,-43.05179471515664,0.9797924041489396
2443,1221.5,130.1768956691465,-43.186408162117004,0.1346132774705395,-43.05179488464646,0.9824434215377327
2444,1222.0,129.55826363246373,-43.18576866388321,0.13397356267646582,-43.05179510120674,0.9836519669498023
2445,1222.5,128.8144947636702,-43.18499934673309,0.13320444643203397,-43.05179490030106,0.9833929607041622
2446,1223.0,127.94398192658969,-43.184099197387695,0.13230426683044463,-43.05179493055725,0.981657251861254
2447,1223.5,126.94569370793592,-43.18306654691696,0.13127195730821764,-43.05179458960875,0.9784238439864735
2448,1224.0,125.81931477822799,-43.18190276622772,0.1301071917895567,-43.05179557443817,0.9736781579204362
2449,1224.5,124.56533412585186,-43.18060511350632,0.1288104759273962,-43.05179463757892,0.9674300084911646
2450,1225.0,123.18494391306135,-43.17917758226395,0.12738304251245092,-43.0517945397515,0.9596898217754366
2451,1225.5,121.68002339918633,-43.17762142419815,0.12582683484853302,-43.05179458934962,0.9504700455087263
2452,1226.0,120.05314059960753,-43.17593848705292,0.12414450846806416,-43.051793978584854,0.939787546134175
2453,1226.5,118.30749154614473,-43.174133241176605,0.12233936832247942,-43.05179387285413,0.9276656145052367
2454,1227.0,116.44702445916325,-43.172210335731506,0.12041549718607465,-43.05179483854543,0.9141394075795093
2455,1227.5,114.47654378210252,-43.170171439647675,0.11837786323599438,-43.05179357641168,0.8992602643086821
2456,1228.0,112.40168851093935,-43.168025732040405,0.11623229764317083,-43.05179343439723,0.8830798529448662
2457,1228.5,110.22890727821607,-43.16577786207199,0.11398546880722493,-43.05179239326477,0.8656731265382909
2458,1229.0,107.96548795775576,-43.16343688964844,0.11164491297009939,-43.05179197667834,0.847110619824556
2459,1229.5,105.619491767833,-43.161011040210724,0.1092189660734893,-43.05179207413723,0.8360312289043609
2460,1230.0,103.19971362762135,-43.158508121967316,0.10671672276425159,-43.05179139920306,0.8631948523663111
2461,1230.5,100.71574035741327,-43.15593892335892,0.1041480965780675,-43.05179082678085,0.8901994413458311
2462,1231.0,98.17793512579705,-43.153313398361206,0.10152380385658491,-43.05178959450462,0.9169418387889965
2463,1231.5,95.59738005515598,-43.15064454078674,0.0988553043969335,-43.05178923638981,0.9433315016688358
2464,1232.0,92.98583093330517,-43.147942662239075,0.09615475461995054,-43.05178790761912,0.9692753414910557
2465,1232.5,90.35572225763235,-43.14522284269333,0.09343501278622413,-43.051787829907106,0.9946863670000693
2466,1233.0,87.72010875771383,-43.14249587059021,0.09070957852582087,-43.05178629206439,1.0194741582826605
2467,1233.5,85.09257875506384,-43.13977783918381,0.08799250324536677,-43.05178533593844,1.043560292319112
2468,1234.0,82.48714257604409,-43.13708287477493,0.08529827473810875,-43.051784600036825,1.0668667733424446
2469,1234.5,79.91815550278672,-43.13442575931549,0.0826417375090328,-43.051784021806455,1.0893061204067411
2470,1235.0,77.40027869385176,-43.13182044029236,0.08003805236371149,-43.05178238792865,1.110798822400045
2471,1235.5,74.94840473624508,-43.129284143447876,0.07750261942316147,-43.05178152402471,1.1312659062220274
2472,1236.0,72.5775948276153,-43.12683165073395,0.0750510131652322,-43.05178063756872,1.1506357075040166
2473,1236.5,70.30297540376763,-43.12447851896286,0.07269887552922268,-43.05177964343364,1.1688281596566008
2474,1237.0,68.13960064822199,-43.12223970890045,0.07046177373981467,-43.051777935160636,1.1857808502572882
2475,1237.5,66.10230499663153,-43.12013244628906,0.06835504778489493,-43.051777398504164,1.2014281285249213
2476,1238.0,64.20557351018383,-43.118170738220215,0.06639367637132843,-43.05177706184889,1.215702456313837
2477,1238.5,62.46344376299774,-43.11636817455292,0.064592175468713,-43.05177599908421,1.2285557137753584
2478,1239.0,60.88938749046519,-43.11474084854126,0.06296447592433918,-43.05177637261692,1.2399250373047468
2479,1239.5,59.49620374328869,-43.11329823732376,0.061523812975955744,-43.051774424347805,1.2497629722672325
2480,1240.0,58.29593892702529,-43.1120570898056,0.06028264356629002,-43.051774446239314,1.2580150750070689
2481,1240.5,57.29976286369886,-43.111025512218475,0.05925251818088453,-43.05177299403759,1.2646396090292442
2482,1241.0,56.51784834885636,-43.11021673679352,0.058443956300501,-43.05177278049302,1.2696002073762114
2483,1241.5,55.959293275262425,-43.10963833332062,0.05786636587081848,-43.0517719674498,1.272868611591474
2484,1242.0,55.63201891562199,-43.10930061340332,0.057527938118667736,-43.05177267528465,1.2744190458945879
2485,1242.5,55.542665448162644,-43.10920721292496,0.05743553951716298,-43.05177167340779,1.274233909059402
2486,1243.0,55.69656106238459,-43.10936504602432,0.05759467983858691,-43.051770366185735,1.2722983914054962
2487,1243.5,56.097662625604066,-43.10978049039841,0.058009450798871286,-43.05177103959954,1.268602831355504
2488,1244.0,56.748504372596166,-43.11045306921005,0.05868247299860119,-43.051770596211455,1.2631427136560174
2489,1244.5,57.65016916206464,-43.11138588190079,0.059614866199915656,-43.05177101570087,1.2559326919353093
2490,1245.0,58.80225203775144,-43.11257767677307,0.06080621164579297,-43.05177146512728,1.2469722471765443
2491,1245.5,60.20285537746806,-43.1140261888504,0.06225454704376271,-43.05177164180664,1.2362873459551744
2492,1246.0,61.848577921242686,-43.11572754383087,0.06395635522013607,-43.051771188610736,1.2238935447960024
2493,1246.5,63.73455004831271,-43.11767876148224,0.06590660059922566,-43.05177216088301,1.2098258125226045
2494,1247.0,65.85449446783613,-43.119871497154236,0.06809879196237448,-43.05177270519186,1.1941196626679964
2495,1247.5,68.2007706827034,-43.122298181056976,0.07052502842707851,-43.0517731526299,1.1768166487632912
2496,1248.0,70.76443647531246,-43.12495023012161,0.07317606302817484,-43.051774167093434,1.1579657359788669
2497,1248.5,73.5353123619736,-43.12781620025635,0.07604136936882946,-43.05177483088752,1.1376261924920057
2498,1249.0,76.50205888800662,-43.13088500499725,0.07910922154982364,-43.05177578344743,1.115858492551594
2499,1249.5,79.6522513687738,-43.134143590927124,0.08236677145773429,-43.05177681946939,1.0927322925204117
2500,1250.0,82.97249953575678,-43.137576937675476,0.08580017248850615,-43.05177676518697,1.0683254732849692
2501,1250.5,86.44857279511227,-43.14117282629013,0.08939470907477418,-43.051778117215356,1.0427158923795772
2502,1251.0,90.06551874721724,-43.14491409063339,0.09313491924451207,-43.05177917138888,1.0159973588550748
2503,1251.5,93.80777003860234,-43.14878559112549,0.09700470511444126,-43.051780886011045,0.9882602541029482
2504,1252.0,97.6592589596196,-43.152768552303314,0.10098745139314581,-43.05178110091017,0.9596047609683368
2505,1252.5,101.60354729287046,-43.1568483710289,0.10506615965468835,-43.05178221137421,0.9301423184771562
2506,1253.0,105.6239353406218,-43.16100722551346,0.10922356108164114,-43.05178366443182,0.8999866386592295
2507,1253.5,109.7036070709543,-43.16522657871246,0.11344226655776293,-43.0517843121547,0.8692667915680705
2508,1254.0,113.82575645979567,-43.16949051618576,0.11770489731572344,-43.051785618870035,0.8381078875186763
2509,1254.5,117.9736671678588,-43.17378097772598,0.1219941673294027,-43.05178681039658,0.8066456164120783
2510,1255.0,122.13079883203473,-43.17808097600937,0.12629297254606384,-43.05178800346331,0.775015747285672
2511,1255.5,126.28095540098218,-43.182374119758606,0.1305845649587589,-43.051789554799846,0.7433849283167312
2512,1256.0,130.40839602004093,-43.18664342164993,0.13485266727016018,-43.05179075437977,0.7342730931096605
2513,1256.5,134.49788879565276,-43.19087219238281,0.13908152848925345,-43.051790663893556,0.7421040174073245
2514,1257.0,138.53486191684726,-43.19504851102829,0.14325608020298944,-43.0517924308253,0.7491559090198333
2515,1257.5,142.50558635355065,-43.1991548538208,0.1473621255008855,-43.05179272831992,0.75541735194132
2516,1258.0,146.39735707200646,-43.20318007469177,0.15138652636620265,-43.05179354832557,0.7608759497571778
2517,1258.5,150.19851559471488,-43.20711052417755,0.15531722700471948,-43.05179329717283,0.7655343701387692
2518,1259.0,153.89841794498383,-43.21093797683716,0.15914322069684514,-43.05179475614031,0.7693781723805362
2519,1259.5,157.48753166569904,-43.21464943885803,0.16285465012275416,-43.05179478873528,0.7723989349192956
2520,1260.0,160.95744502829146,-43.21823811531067,0.1664428168851921,-43.051795298425475,0.7745833929519919
2521,1260.5,164.3007987207866,-43.22169494628906,0.16990011086947837,-43.051794835419585,0.775926792811389
2522,1261.0,167.51139951174426,-43.22501689195633,0.17322012778107196,-43.05179676417526,0.7764088787444362
2523,1261.5,170.58418629481622,-43.22819399833679,0.17639763403293987,-43.051796364303854,0.7760242429788148
2524,1262.0,173.5151364368281,-43.23122537136078,0.1794284699020155,-43.051796901458765,0.7747517505828231
2525,1262.5,176.30149855869752,-43.234106957912445,0.18230979024320648,-43.051797167669235,0.7725774427032883
2526,1263.0,178.94187059047522,-43.23683696985245,0.18504014520452383,-43.05179682464792,0.774522294862043
2527,1263.5,181.43604450687246,-43.23941683769226,0.18761931967125173,-43.05179751802101,0.781636952098112
2528,1264.0,183.78492961149595,-43.241844952106476,0.19004825393573688,-43.05179669817074,0.7876705997578088
2529,1264.5,185.99047040701396,-43.24412578344345,0.19232895876859937,-43.05179682467485,0.7925943089311911
2530,1265.0,188.05531334632155,-43.24626100063324,0.19446417081289746,-43.05179682982034,0.7963884562176388
2531,1265.5,189.98260192008772,-43.24825292825699,0.19645714068833192,-43.05179578756866,0.7990447612259596
2532,1266.0,191.7759099122376,-43.25010824203491,0.19831156397209923,-43.051796678062814,0.8005500334148794
2533,1266.5,193.43910385335968,-43.251827120780945,0.20003143896476008,-43.05179568181619,0.8009113287655745
2534,1267.0,194.97653481206703,-43.253416895866394,0.20162126501778155,-43.05179563084861,0.8001230694497851
2535,1267.5,196.39343598544085,-43.25488120317459,0.2030864536737199,-43.05179474950087,0.798206528111093
2536,1268.0,197.69579306017772,-43.25622856616974,0.20443319460932224,-43.05179537156042,0.7951921441667839
2537,1268.5,198.8900057144439,-43.257462084293365,0.20566810560148585,-43.05179397869188,0.7911007229298004
2538,1269.0,199.9827858874253,-43.25859194993973,0.2067981273298709,-43.05179382260986,0.7859630496711356
2539,1269.5,200.98093394774912,-43.25962346792221,0.20783029191722246,-43.051793176004985,0.7798175268493225
2540,1270.0,201.89143982066022,-43.260564029216766,0.2087718275029246,-43.051792201713845,0.7726976060171198
2541,1270.5,202.7217860838523,-43.26142239570618,0.2096304716682286,-43.05179192403795,0.7646426096108139
2542,1271.0,203.47992062412098,-43.26220637559891,0.21041444316105454,-43.05179193243785,0.7556878637972179
2543,1271.5,204.17404832795472,-43.26292443275452,0.21113222648747249,-43.051792206267045,0.7514068357943089
2544,1272.0,204.81245392331974,-43.263583183288574,0.21179238871599906,-43.051790794572575,0.7722369995853724
2545,1272.5,205.40331027383812,-43.26419347524643,0.21240338123851019,-43.05179009400792,0.7922518099165542
2546,1273.0,205.95471931317147,-43.26476329565048,0.21297358209965378,-43.051789713550825,0.8113320001346807
2547,1273.5,206.47462048708522,-43.26530051231384,0.2135112013186524,-43.05178931099519,0.8293873135550267
2548,1274.0,206.9702378992595,-43.26581245660782,0.2140237091940423,-43.051788747413774,0.8463902853821609
2549,1274.5,207.4480304133335,-43.266305685043335,0.21451778470521332,-43.05178790033812,0.8622693384676301
2550,1275.0,207.91371988074854,-43.266788601875305,0.2149993447022467,-43.051789257173056,0.8770077709973692
2551,1275.5,208.3720098948442,-43.26726144552231,0.21547325307525192,-43.051788192447056,0.8906111147674379
2552,1276.0,208.82661421155083,-43.26773166656494,0.21594335014362623,-43.051788316421316,0.9030820572609067
2553,1276.5,209.2804511999294,-43.2682004570961,0.21641265373339894,-43.0517878033627,0.9144383696427689
2554,1277.0,209.73584800091544,-43.268671452999115,0.21688357029363198,-43.05178788270548,0.9276903505973698
2555,1277.5,210.19460635461573,-43.269145488739014,0.21735796296708718,-43.05178752577193,0.9396353881462901
2556,1278.0,210.65790345415292,-43.269625306129456,0.21783704906520557,-43.05178825706425,0.9501154680691344
2557,1278.5,211.1262266064442,-43.27010887861252,0.21832133250214886,-43.05178754611037,0.9591129337239508
2558,1279.0,211.5995356030068,-43.27059876918793,0.2188107716991437,-43.05178799748878,0.9666095234114291
2559,1279.5,212.07752012831588,-43.271092891693115,0.21930504576522364,-43.05178784592789,0.972588490521896
2560,1280.0,212.5595953563929,-43.2715904712677,0.21980354994375112,-43.05178692132395,0.9770563765607354
2561,1280.5,213.0447435648288,-43.27209264039993,0.22030523182870326,-43.05178740857123,0.9800008334259103
2562,1281.0,213.53144822851038,-43.27259659767151,0.22080852321233627,-43.051788074459175,0.9814228768279962
2563,1281.5,214.01763815147262,-43.273099184036255,0.2213112823130713,-43.05178790172318,0.9813262339784176
2564,1282.0,214.5006178453643,-43.27359902858734,0.22181072178128322,-43.05178830680606,0.9797419229726902
2565,1282.5,214.9770715556037,-43.27409225702286,0.22230341286266628,-43.05178884416019,0.9766836883889571
2566,1283.0,215.44313190885714,-43.274574637413025,0.2227853563851941,-43.05178928102783,0.9721868696977468
2567,1283.5,215.89448056631676,-43.27504104375839,0.2232520868426248,-43.051788956915765,0.966278844214995
2568,1284.0,216.3264871452851,-43.27548795938492,0.22369881605048336,-43.05178914333443,0.9589888643984903
2569,1284.5,216.73441381122288,-43.275910437107086,0.2241206447105328,-43.051789792396555,0.9503443875734932
2570,1285.0,217.1135392826004,-43.27630257606506,0.2245126906416664,-43.051789885423396,0.9403819617786962
2571,1285.5,217.45913433862415,-43.276660203933716,0.22487006345294627,-43.05179014048077,0.9291515809409902
2572,1286.0,217.76645409020855,-43.2769780755043,0.2251878565511728,-43.05179021895313,0.9167116780522843
2573,1286.5,218.03074848177698,-43.277251839637756,0.22546115800058308,-43.05179068163717,0.9031114618456636
2574,1287.0,218.24719718220598,-43.27747619152069,0.22568498319490204,-43.05179120832579,0.8884175078832575
2575,1287.5,218.41104593534055,-43.277644753456116,0.22585441585463426,-43.05179033760148,0.875356030001373
2576,1288.0,218.5178578753589,-43.27775639295578,0.2259648679071659,-43.051791525048614,0.8616806803187982
2577,1288.5,218.56365551572821,-43.27780383825302,0.2260122263146532,-43.05179161193837,0.8471980877374387
2578,1289.0,218.54495752445328,-43.277785539627075,0.22599289110255819,-43.05179264852452,0.8319456175234198
2579,1289.5,218.4587239710219,-43.27769589424133,0.22590371874062976,-43.0517921755007,0.8159646292371564
2580,1290.0,218.30217060812197,-43.27753400802612,0.22574183009540844,-43.051792177930714,0.7993491830023686
2581,1290.5,218.07261796258973,-43.27729696035385,0.22550445437824843,-43.051792505975605,0.7821742481742369
2582,1291.0,217.76754586961025,-43.27698189020157,0.22518898553802397,-43.05179290466354,0.7645134367700598
2583,1291.5,217.38467948467007,-43.276585817337036,0.2247930712043385,-43.0517927461327,0.7693731313505773
2584,1292.0,216.92206025658672,-43.276107251644135,0.22431468607928937,-43.051792565564845,0.7875099846227662
2585,1292.5,216.37805020179718,-43.27554488182068,0.2237521363574227,-43.05179274546325,0.8046020421420028
2586,1293.0,215.75131501629343,-43.27489644289017,0.22310404226212954,-43.05179240062804,0.8205924241004542
2587,1293.5,215.04081165820097,-43.27416229248047,0.22236932520504335,-43.051792967275425,0.835433940699047
2588,1294.0,214.24574099379765,-43.2733399271965,0.22154715881825204,-43.05179276837825,0.8490777960959086
2589,1294.5,213.3656306213035,-43.272429049015045,0.22063705460069283,-43.05179199441435,0.8614773095943702
2590,1295.0,212.40046783881027,-43.27143204212189,0.21963899941758103,-43.051793042704304,0.8725935903064838
2591,1295.5,211.35075874408057,-43.27034592628479,0.21855351661430897,-43.05179240967048,0.8823900759864831
2592,1296.0,210.2174427068307,-43.26917344331741,0.2173815775739752,-43.05179186574344,0.8908324118298222
2593,1296.5,209.00171104106485,-43.267916440963745,0.21612441421013684,-43.05179202675361,0.8978907523550119
2594,1297.0,207.70499363359005,-43.26657545566559,0.2147835051396292,-43.05179195052596,0.9035469139528419
2595,1297.5,206.32896728989505,-43.26515257358551,0.21336058431286925,-43.051791989272644,0.9077633064893341
2596,1298.0,204.87555896128094,-43.26365041732788,0.21185764435096557,-43.05179277297692,0.9105453958551147
2597,1298.5,203.3469676907464,-43.26206886768341,0.21027695923951165,-43.051791908443896,0.911877010647152
2598,1299.0,201.74568274954902,-43.260412096977234,0.20862110308323453,-43.051790993894,0.9117532855728472
2599,1299.5,200.0744792206103,-43.258683919906616,0.20689294553888396,-43.051790974367734,0.9101772308848478
2600,1300.0,198.3364017399809,-43.25688689947128,0.20509563500261255,-43.05179126446867,0.907162227459262
2601,1300.5,196.5348094121703,-43.255023300647736,0.20323264505600375,-43.05179065559173,0.9027158904459364
2602,1301.0,194.67339158871428,-43.25309842824936,0.20130779078236724,-43.05179063746699,0.8968484601773662
2603,1301.5,192.75610232796424,-43.25111538171768,0.19932516099294137,-43.05179022072474,0.889592935857612
2604,1302.0,190.78704349326816,-43.24907964468002,0.19728899734110233,-43.05179064733892,0.8809663177798539
2605,1302.5,188.77041074976123,-43.24699383974075,0.19520363847874458,-43.05179020126201,0.8710019703516801
2606,1303.0,186.7105432448476,-43.244862735271454,0.19307357142985576,-43.0517891638416,0.859745631684301
2607,1303.5,184.6119719144042,-43.24269276857376,0.19090348154297845,-43.05178928703078,0.8472274714351276
2608,1304.0,182.47946160035366,-43.24048697948456,0.1886982960441349,-43.05178868344042,0.8334793020681126
2609,1304.5,180.3180944623812,-43.23825138807297,0.18646327029118517,-43.05178811778178,0.8185594781137744
2610,1305.0,178.13329210474538,-43.23599195480347,0.1842040106547117,-43.05178794414876,0.8025250655161887
2611,1305.5,175.93079779822114,-43.23371481895447,0.18192645613409256,-43.051788362820375,0.7854220108005783
2612,1306.0,173.71667810222172,-43.23142486810684,0.17963688003490466,-43.051787988071936,0.7673133447249749
2613,1306.5,171.4972466254477,-43.22912818193436,0.1773418111313631,-43.05178637080299,0.7482579326977109
2614,1307.0,169.2789821835774,-43.22683447599411,0.1750479490348552,-43.051786526959255,0.728309859232172
2615,1307.5,167.0684754358392,-43.224548637866974,0.17276210901190628,-43.05178652885507,0.725035408205118
2616,1308.0,164.87243120547288,-43.22227770090103,0.1704912243837215,-43.05178647651731,0.7293659210225311
2617,1308.5,162.697669284349,-43.22002738714218,0.1682423473582264,-43.05178503978396,0.7328601461391283
2618,1309.0,160.5510356346057,-43.21780776977539,0.16602255720548753,-43.051785212569904,0.735528416334773
2619,1309.5,158.43944004764793,-43.21562331914902,0.1638389992001165,-43.0517843199489,0.7523802258128585
2620,1310.0,156.36974782839744,-43.21348279714584,0.16169877261415852,-43.051784024531685,0.7714079213171903
2621,1310.5,154.34863045648595,-43.211392641067505,0.15960877628887257,-43.051783864778635,0.7898970572982326
2622,1311.0,152.38258726106272,-43.2093591094017,0.15757573104820857,-43.05178337835349,0.8077296365727371
2623,1311.5,150.4779574027517,-43.207389295101166,0.1556061920891054,-43.05178310301206,0.824802314514985
2624,1312.0,148.64086915981568,-43.20548874139786,0.15370649653934568,-43.051782244858515,0.8410035517408557
2625,1312.5,146.87706578966842,-43.20366483926773,0.15188258338449095,-43.05178225588324,0.8562375516730851
2626,1313.0,145.19183459287527,-43.20192164182663,0.1501399201144089,-43.05178172171222,0.8704088138004076
2627,1313.5,143.59010923784103,-43.2002654671669,0.14848360853514972,-43.05178185863175,0.8834391718007295
2628,1314.0,142.07640161140165,-43.19869935512543,0.14691831429703053,-43.051781040828395,0.8952513286858351
2629,1314.5,140.6546022360308,-43.19722944498062,0.14544806051013218,-43.05178138447049,0.9057650585553254
2630,1315.0,139.32793662492017,-43.195857763290405,0.1440761826119762,-43.05178158067843,0.9149131660459513
2631,1315.5,138.0989047771904,-43.19458597898483,0.14280526580075445,-43.05178071318408,0.9228693299458407
2632,1316.0,136.96921382334503,-43.19341731071472,0.14163707538536427,-43.05178023532936,0.933875991227197
2633,1316.5,135.9397420808896,-43.192352175712585,0.140572519616056,-43.05177965609653,0.9432244152774732
2634,1317.0,135.01042524961798,-43.19139212369919,0.13961153200129556,-43.05178059169789,0.9508813649737584
2635,1317.5,134.18030925124967,-43.19053262472153,0.13875312594815772,-43.05177949877337,0.9568124631036423
2636,1318.0,133.44729976091347,-43.18977677822113,0.13799513575793265,-43.0517816424632,0.9609975328400351
2637,1318.5,132.80797221675414,-43.18911516666412,0.13733402016092833,-43.051781146503195,0.9634054568260109
2638,1319.0,132.2578176690076,-43.18854737281799,0.13676511654399381,-43.051782256274,0.9640105781086183
2639,1319.5,131.791186094063,-43.18806403875351,0.13628258233274498,-43.05178145642076,0.9628139151857191
2640,1320.0,131.4013873105506,-43.18766164779663,0.13587949934683638,-43.051782148449796,0.959797401784625
2641,1320.5,131.08098148207944,-43.18733078241348,0.1355481742029277,-43.05178260821055,0.9549660069702784
2642,1321.0,130.82166206911816,-43.18706315755844,0.13528001727760683,-43.05178314028083,0.9483222422174769
2643,1321.5,130.61413258608164,-43.186850011348724,0.1350654152644023,-43.051784596084325,0.9398770526801333
2644,1322.0,130.44823725252567,-43.18667870759964,0.13489386627752376,-43.05178484132212,0.9296500226277233
2645,1322.5,130.3130975880254,-43.18654006719589,0.13475412110184462,-43.05178594609405,0.9176702869629708
2646,1323.0,130.1971916499335,-43.18642073869705,0.13463426513105464,-43.051786473566,0.9039589213192094
2647,1323.5,130.08834666482394,-43.186308801174164,0.13452171074798602,-43.05178709042618,0.8885435677662953
2648,1324.0,129.97382384416306,-43.18619132041931,0.13440328503077187,-43.05178803538854,0.8714621822531305
2649,1324.5,129.84053385971092,-43.18605417013168,0.13426545257157185,-43.051788717560115,0.8527463864870346
2650,1325.0,129.67512589964724,-43.18588477373123,0.134094407567699,-43.05179036616353,0.832445350988296
2651,1325.5,129.4639736263879,-43.185666680336,0.1338760593008834,-43.05179062103512,0.8106167108080258
2652,1326.0,129.19341224696169,-43.185388028621674,0.1335962772869223,-43.051791751334754,0.7873143937444356
2653,1326.5,128.85000512549806,-43.18503373861313,0.13324116697422572,-43.051792571638906,0.768259709468142
2654,1327.0,128.42069934394263,-43.184590280056,0.1327972306059849,-43.05179304945001,0.7583821585989111
2655,1327.5,127.89302327029715,-43.18404597043991,0.13225157152146702,-43.051794398918446,0.7480124686075833
2656,1328.0,127.25505143744611,-43.18338632583618,0.13159185783792493,-43.051794467998256,0.7372346542720711
2657,1328.5,126.49540077466624,-43.18260198831558,0.13080631855367772,-43.0517956697619,0.7261523400797084
2658,1329.0,125.60346128460107,-43.18167966604233,0.12988398208647364,-43.05179568395585,0.7148756162369674
2659,1329.5,124.56956983949318,-43.18061047792435,0.12881485599263554,-43.05179562193171,0.7035328559024216
2660,1330.0,123.38512609709588,-43.17938715219498,0.12759004683334504,-43.05179710536163,0.7223848843906544
2661,1330.5,122.04271567894783,-43.177998661994934,0.12620188755078862,-43.05179677444414,0.7418113212669519
2662,1331.0,120.53621092598226,-43.176441729068756,0.12464404165748157,-43.05179768741127,0.7606008047699002
2663,1331.5,118.86083517339684,-43.17470955848694,0.12291156970160245,-43.05179798878534,0.7787470387330462
2664,1332.0,117.0132641399494,-43.1727991104126,0.12100103411159963,-43.051798076301,0.7962348423395874
2665,1332.5,114.99172546169963,-43.170708894729614,0.11891060212200685,-43.05179829260761,0.8130651381575239
2666,1333.0,112.7961145945609,-43.168437480926514,0.11664016562591266,-43.051797315300604,0.829217666942872
2667,1333.5,110.428064586979,-43.16598892211914,0.1141914133254667,-43.051797508793676,0.8446837357757078
2668,1334.0,107.89098188628812,-43.16336452960968,0.1115678677585036,-43.05179666185118,0.8594514044897327
2669,1334.5,105.19012742604737,-43.16057175397873,0.10877496914930666,-43.05179678482942,0.8734905211800441
2670,1335.0,102.33261261689033,-43.157616794109344,0.10582007126282711,-43.05179672284652,0.8867997830948826
2671,1335.5,99.32734381520791,-43.15450841188431,0.10271238398087947,-43.05179602790343,0.8993594918444144
2672,1336.0,96.18497910256288,-43.15125846862793,0.09946292860861423,-43.05179554001931,0.9111614371701435
2673,1336.5,92.91782884845112,-43.14787817001343,0.09608443504849373,-43.05179373496493,0.9221990767867247
2674,1337.0,89.53983157683123,-43.144384145736694,0.0925913168443617,-43.05179282889233,0.9324690808922221
2675,1337.5,86.06650901258892,-43.14079260826111,0.08899962469590733,-43.0517929835652,0.94196760347647
2676,1338.0,82.51487438527174,-43.13711714744568,0.08532695163742435,-43.05179019580825,0.9506905598010528
2677,1338.5,78.90337864478693,-43.1333823800087,0.08159237742055908,-43.05179000258814,0.9586300799074177
2678,1339.0,75.25181299175888,-43.12960487604141,0.07781636772293761,-43.051788508318474,0.9657872215790213
2679,1339.5,71.58115915486157,-43.125807106494904,0.07402061932300345,-43.0517864871719,0.9721608305500256
2680,1340.0,67.91346683810355,-43.12201362848282,0.07022793337075017,-43.051785695112066,0.9777516672566767
2681,1340.5,64.27171802300327,-43.11824548244476,0.06646207506536356,-43.051783407379396,0.9825540357141583
2682,1341.0,60.67966370894647,-43.114529728889465,0.06274760483174913,-43.051782124057716,0.9865648864973049
2683,1341.5,57.161660810544305,-43.110890448093414,0.059109709659410835,-43.051780738434005,0.9897837328481114
2684,1342.0,53.742493866832845,-43.10735261440277,0.05557401873556423,-43.05177859566721,0.9922002158570558
2685,1342.5,50.44717861397259,-43.103943824768066,0.05216640032366416,-43.0517774244444,0.9938132140741094
2686,1343.0,47.300775861511504,-43.100689113140106,0.048912769296637765,-43.05177634384347,0.9946213079691292
2687,1343.5,44.32820389152746,-43.09761381149292,0.045838893142657156,-43.05177491835026,0.9946142131315097
2688,1344.0,41.554017044500355,-43.09474289417267,0.042970163005297685,-43.05177273116737,0.9937907076526594
2689,1344.5,39.002219253521176,-43.09210330247879,0.040331400863059835,-43.05177190161573,0.9921367098210702
2690,1345.0,36.696053221704595,-43.08971631526947,0.037946641522023886,-43.051769673747444,0.9896569994844533
2691,1345.5,34.6577895895261,-43.087607860565186,0.03583891459808569,-43.0517689459671,0.9863359601937446
2692,1346.0,32.908551224180414,-43.085797131061554,0.03403006281815958,-43.05176706824339,0.9954304457139406
2693,1346.5,31.468112638682268,-43.084306597709656,0.03254053460355421,-43.0517660631061,1.0064660979234485
2694,1347.0,30.354694262839455,-43.08315324783325,0.03138917132977436,-43.051764076503474,1.016024423879572
2695,1347.5,29.584817188983592,-43.08235716819763,0.030593057122038424,-43.05176411107559,1.0240859751729463
2696,1348.0,29.17313080311763,-43.08193093538284,0.030167340612157378,-43.051763594770684,1.0306381520303811
2697,1348.5,29.13225758488673,-43.081886887550354,0.030125074449344477,-43.05176181310101,1.035666787866566
2698,1349.0,29.472669999949275,-43.082238495349884,0.030477087997122537,-43.051761407352764,1.0391670108163191
2699,1349.5,30.20255960071805,-43.08299368619919,0.031231851973065435,-43.05176183422612,1.0411409758289554
2700,1350.0,31.32775305195576,-43.08415633440018,0.0323953916125761,-43.0517609427876,1.0415859397360505
2701,1350.5,32.85163930698982,-43.085731983184814,0.03397121136329289,-43.05176077182152,1.0405229193958665
2702,1351.0,34.775098056394114,-43.08772087097168,0.035960220895328195,-43.05176065007635,1.0379595752808135
2703,1351.5,37.09646700465994,-43.09012150764465,0.038360701262740014,-43.051760806381914,1.0339182312093453
2704,1352.0,39.8115321086806,-43.092930138111115,0.04116829480934765,-43.05176184330177,1.0284243651479599
2705,1352.5,42.9135339714044,-43.09613794088364,0.04437601178027814,-43.05176192910336,1.0215029875447708
2706,1353.0,46.393197887647084,-43.09973728656769,0.04797426139172912,-43.05176302517596,1.0131909703144928
2707,1353.5,50.238790765774276,-43.10371547937393,0.05195091069252175,-43.05176456868141,1.0035242957959492
2708,1354.0,54.43620786357869,-43.10805606842041,0.056291374255905455,-43.051764694164504,0.9925605134522271
2709,1354.5,58.96904399545231,-43.112745225429535,0.06097868781344492,-43.05176653761609,0.9803421341130885
2710,1355.0,63.81869561781775,-43.11776143312454,0.06599361381948625,-43.051767819305056,0.9669244285435825
2711,1355.5,68.96449778992655,-43.12308353185654,0.07131478307953001,-43.05176874877701,0.9523653549160911
2712,1356.0,74.38387009382544,-43.12868928909302,0.07691884564309752,-43.05177044344992,0.9367314499036046
2713,1356.5,80.0524833380098,-43.134553372859955,0.08278064318858486,-43.05177272967137,0.9200880757517822
2714,1357.0,85.94441800463946,-43.140647768974304,0.08887337287030281,-43.051774396104,0.9025073513124104
2715,1357.5,92.0323357826415,-43.146944642066956,0.09516876469736613,-43.051775877369586,0.8840701222993783
2716,1358.0,98.28764487083457,-43.153415858745575,0.10163725247028893,-43.051778606275285,0.8648478167387497
2717,1358.5,104.68070914059882,-43.1600284576416,0.10824819007184319,-43.05178026756976,0.8449299793667613
2718,1359.0,111.18106269645766,-43.166752219200134,0.11497007333978801,-43.051782145860344,0.8243941017374194
2719,1359.5,117.7576023345058,-43.173554956912994,0.12177073908421167,-43.05178421782878,0.803327463254517
2720,1360.0,124.3788593055758,-43.180403888225555,0.12861764611228915,-43.051786242113266,0.781824996124241
2721,1360.5,131.01320948972295,-43.18726623058319,0.13547809256543802,-43.051788138017756,0.7599818876016472
2722,1361.0,137.62913756528278,-43.19410973787308,0.14231948909116227,-43.05179024878191,0.7378924282474227
2723,1361.5,144.1954172173914,-43.20090138912201,0.1491095451930144,-43.051791843928996,0.7156587480618641
2724,1362.0,150.68121355630745,-43.20761024951935,0.15581637513929683,-43.05179387438005,0.6933799191328266
2725,1362.5,157.05637346139446,-43.21420478820801,0.16240879820186288,-43.05179599000615,0.6711582873416063
2726,1363.0,163.29144318331737,-43.220654129981995,0.16885635685818978,-43.0517977731238,0.6490940276939395
2727,1363.5,169.35785354917834,-43.226928651332855,0.1751295083082389,-43.05179914302462,0.6273142979115657
2728,1364.0,175.2284930576716,-43.233001589775085,0.1812002171004875,-43.051801372674596,0.6059480837640326
2729,1364.5,180.87793138706598,-43.2388454079628,0.18704218625698285,-43.05180322170582,0.5851276794575055
2730,1365.0,186.28231751303284,-43.24443531036377,0.19263075191906243,-43.05180455844471,0.5649871947187851
2731,1365.5,191.41929492513728,-43.2497478723526,0.1979427956744537,-43.05180507667815,0.5456660663277264
2732,1366.0,196.2680078261787,-43.254763305187225,0.20295675096788576,-43.05180655421934,0.5272995124142883
2733,1366.5,200.8091251519451,-43.25946033000946,0.2076526279394285,-43.05180770207003,0.5100240745614527
2734,1367.0,205.0249421795961,-43.26382124423981,0.2120121184956526,-43.05180912574416,0.493977712090316
2735,1367.5,208.89968699180258,-43.26782810688019,0.21601891321795683,-43.05180919366223,0.4792888850723858
2736,1368.0,212.419741289854,-43.27146965265274,0.21965892970090684,-43.051810722951835,0.4661016791199149
2737,1368.5,215.57367204141948,-43.27473068237305,0.22292034527854057,-43.05181033709451,0.454566837318063
2738,1369.0,218.3523252681796,-43.27760523557663,0.22579369400824856,-43.051811541568384,0.44481044381095164
2739,1369.5,220.74866427236566,-43.280083775520325,0.22827169938413205,-43.051812076136194,0.4369282684272122
2740,1370.0,222.75740855798117,-43.28216087818146,0.2303489009527896,-43.05181197722867,0.43100911739198217
2741,1370.5,224.37522866879178,-43.28383433818817,0.2320218557913154,-43.051812482396855,0.4271118440157364
2742,1371.0,225.60145198741483,-43.285102009773254,0.23328986835976825,-43.051812141413485,0.4252526182813377
2743,1371.5,226.43814737188796,-43.28596740961075,0.23415507802212385,-43.05181233158862,0.4254110938821098
2744,1372.0,226.88966516328952,-43.28643333911896,0.23462198337752038,-43.051811355741435,0.4275399459430704
2745,1372.5,226.962418084604,-43.28650879859924,0.23469721569223612,-43.05181158290701,0.43156104751183616
2746,1373.0,226.66479095679585,-43.28619998693466,0.23438944553891933,-43.051810541395746,0.4376936329534208
2747,1373.5,226.00726306654684,-43.28551959991455,0.2337095093345742,-43.05181009057998,0.4600319061138913
2748,1374.0,225.00246012057178,-43.28447866439819,0.2326704630654611,-43.05180820133273,0.4824160304371136
2749,1374.5,223.66510654387253,-43.28309601545334,0.23128753295969193,-43.05180848249365,0.5047663673645647
2750,1375.0,222.01206794459614,-43.28138417005539,0.22957815939927567,-43.051806010656115,0.5270128240055577
2751,1375.5,220.0622001693895,-43.27936661243439,0.22756184083133363,-43.05180477160305,0.5490810607734072
2752,1376.0,217.83604304316347,-43.27706319093704,0.22525981707062484,-43.05180337386642,0.5709116457977642
2753,1376.5,215.35536103219468,-43.27449691295624,0.22269459430861158,-43.051802318647624,0.5924419739375574
2754,1377.0,212.6431989671995,-43.27169042825699,0.21989000273555567,-43.051800425521435,0.6136133616549978
2755,1377.5,209.72439362743106,-43.26867014169693,0.2168717255592175,-43.051798416137714,0.6343657905648235
2756,1378.0,206.6251621762165,-43.26546412706375,0.21366687341442442,-43.051797253649326,0.654646283379371
2757,1378.5,203.3725494629906,-43.26209932565689,0.21030341282935644,-43.05179591282754,0.6743952414893113
2758,1379.0,199.9944444577771,-43.258603632450104,0.20681018322010863,-43.05179344923,0.6935588166662662
2759,1379.5,196.5195206632611,-43.25500839948654,0.20321683527202855,-43.05179156421451,0.7120846674035877
2760,1380.0,192.97709814171628,-43.25134253501892,0.1995536882645706,-43.05178884675435,0.7299049041114293
2761,1380.5,189.3968820055042,-43.247639179229736,0.19585145964964562,-43.05178771958009,0.7469568865818037
2762,1381.0,185.80882893023806,-43.243927001953125,0.19214112701560124,-43.05178587493752,0.7631815384980042
2763,1381.5,182.24311500109377,-43.24023771286011,0.18845389483774685,-43.05178381802236,0.7785223484266147
2764,1382.0,178.72994118113058,-43.23660337924957,0.18482099331710453,-43.05178238593247,0.7929221071354557
2765,1382.5,175.29933039473846,-43.233053267002106,0.18127346854853316,-43.05177979845357,0.8063316659891142
2766,1383.0,171.98090117282143,-43.22962033748627,0.1778419484518211,-43.051778389034446,0.8186911866419012
2767,1383.5,168.8035972213716,-43.22633320093155,0.17455636312405448,-43.051776837807495,0.8299451474079317
2768,1384.0,165.79545902942428,-43.2232204079628,0.17144570866405334,-43.05177469929875,0.8400335259184805
2769,1384.5,162.98340135561148,-43.220311641693115,0.16853781707574716,-43.05177382461737,0.8488830889704936
2770,1385.0,160.3930684880451,-43.21763104200363,0.16585920659536668,-43.05177183540827,0.8564577397829276
2771,1385.5,158.0487261476427,-43.21520459651947,0.163434969910874,-43.051769626608596,0.86352956351901
2772,1386.0,155.9730661608328,-43.21305650472641,0.1612885721779838,-43.05176793254843,0.8710988871730829
2773,1386.5,154.18697063011757,-43.21120995283127,0.15944160715374375,-43.05176834567752,0.8775465642013534
2774,1387.0,152.7092987065498,-43.20968121290207,0.157913576702294,-43.05176763619978,0.8828699885757062
2775,1387.5,151.55672533308834,-43.20848751068115,0.15672172404265422,-43.0517657866385,0.8870587271794832
2776,1388.0,150.7434854595193,-43.20764583349228,0.15588076924658126,-43.0517650642457,0.8900950390401712
2777,1388.5,150.2810885815909,-43.20716708898544,0.15540261404930045,-43.05176447493614,0.8919596221736458
2778,1389.0,150.17838874091782,-43.207061529159546,0.1552964142349813,-43.051765114924564,0.8926501975783407
2779,1389.5,150.44176835369026,-43.20733296871185,0.15556876973026312,-43.05176419898159,0.8921688882989535
2780,1390.0,151.07509722913176,-43.207987666130066,0.15622368222607644,-43.05176398390399,0.8905120215807977
2781,1390.5,152.07960445686632,-43.20902639627457,0.15726242269897778,-43.05176397357559,0.887669570893801
2782,1391.0,153.45378111251563,-43.21044731140137,0.15868343080098846,-43.051763880600376,0.8836335950342722
2783,1391.5,155.19330066173882,-43.212246000766754,0.16048223255103286,-43.05176376821572,0.879198711529232
2784,1392.0,157.2909770617929,-43.214416444301605,0.16265139700861495,-43.05176504729299,0.8776513160507661
2785,1392.5,159.73675782164398,-43.21694666147232,0.16518052909742056,-43.0517661323749,0.8744248231435544
2786,1393.0,162.51774997474837,-43.21982270479202,0.16805629646324172,-43.05176640832878,0.869530568601501
2787,1393.5,165.61827324200252,-43.223030507564545,0.17126248444870054,-43.05176802311584,0.8629797025118792
2788,1394.0,169.01987593611497,-43.22654992341995,0.17478001253963676,-43.05176991088032,0.854809910134802
2789,1394.5,172.7015160187462,-43.23035830259323,0.1785871215926095,-43.051771181000625,0.8450705913274137
2790,1395.0,176.6398390837314,-43.23443204164505,0.18265966129168862,-43.05177238035336,0.8338045380631369
2791,1395.5,180.8093460146539,-43.23874628543854,0.18697126351973772,-43.0517750219188,0.8210674334981817
2792,1396.0,185.18259597536706,-43.243270099163055,0.19149355226678022,-43.05177654689628,0.8069422876296771
2793,1396.5,189.73039138592992,-43.24797546863556,0.19619633490984828,-43.05177913372571,0.7914805088095503
2794,1397.0,194.4219881488134,-43.252827286720276,0.20104781960362259,-43.05177946711665,0.7747492644311558
2795,1397.5,199.22534684212738,-43.25779813528061,0.20601487503423427,-43.051783260246374,0.7568213410922238
2796,1398.0,204.10727080826823,-43.26284831762314,0.21106317321392384,-43.051785144409216,0.737766673476342
2797,1398.5,209.0336591128642,-43.26794481277466,0.2161574510607367,-43.05178736171392,0.7176590615651294
2798,1399.0,213.96981985739998,-43.27305191755295,0.22126183438872896,-43.05179008316422,0.6965572192302356
2799,1399.5,218.88069029627627,-43.27813196182251,0.22634006552653757,-43.051791896295974,0.6745520151912101
2800,1400.0,223.73104791077614,-43.28315007686615,0.23135572158467144,-43.05179435528148,0.6517231749908599
2801,1400.5,228.48576059136713,-43.28806883096695,0.2362724731639364,-43.05179635780301,0.6281666570698416
2802,1401.0,233.11004656311297,-43.292853116989136,0.24105435313901163,-43.05179876385012,0.6039799722947643
2803,1401.5,237.5696924635797,-43.297466695308685,0.24566598216837224,-43.05180071314031,0.5792556132713939
2804,1402.0,241.8312617488137,-43.3018753528595,0.2500727842026682,-43.05180256865683,0.5606108014137806
2805,1402.5,245.8623111032204,-43.306046068668365,0.2542412102697741,-43.05180485839859,0.5534411612848033
2806,1403.0,249.6316176082415,-43.309945821762085,0.2581389733852927,-43.05180684837679,0.5460655296502264
2807,1403.5,253.10941030673578,-43.31354331970215,0.26173528800856716,-43.05180803169358,0.5384888758065092
2808,1404.0,256.26747382426606,-43.31681144237518,0.2650009771953439,-43.05181046517984,0.5307333809633566
2809,1404.5,259.07923057446726,-43.319720447063446,0.26790855760467,-43.051811889458776,0.5228376218232378
2810,1405.0,261.5198784606444,-43.32224661111832,0.2704323818933123,-43.051814229225,0.5148392798658115
2811,1405.5,263.5665697337646,-43.32436317205429,0.27254882366916544,-43.05181434838512,0.5067791766424551
2812,1406.0,265.19871694183087,-43.32605308294296,0.27423659386727034,-43.05181648907569,0.4987058182366099
2813,1406.5,266.39850942036765,-43.3272944688797,0.27547727484210954,-43.05181719403759,0.4906685155095897
2814,1407.0,267.1512810453711,-43.32807385921478,0.2762557006534461,-43.05181815856134,0.48272468171912875
2815,1407.5,267.44540023803046,-43.32837873697281,0.2765598433224455,-43.05181889365036,0.47493739767650817
2816,1408.0,267.27180731662594,-43.328199565410614,0.2763803344166921,-43.05181923099392,0.4673942011959152
2817,1408.5,266.6240260928099,-43.32753002643585,0.27571047704166773,-43.05181954939418,0.46018140033522287
2818,1409.0,265.49856578524975,-43.32636594772339,0.27454666145146706,-43.05181928627192,0.4533787021731922
2819,1409.5,263.8948556915949,-43.324706971645355,0.2728882974944087,-43.051818674150944,0.4470840874638399
2820,1410.0,261.81507132787226,-43.32255679368973,0.27073763482732344,-43.05181915886241,0.4429722342161674
2821,1410.5,259.26401909040396,-43.31991755962372,0.26809964364679206,-43.051817915976926,0.4793811828857968
2822,1411.0,256.2492288664681,-43.31679946184158,0.26498211045594383,-43.05181735138564,0.5154422071229364
2823,1411.5,252.7811707355522,-43.313212454319,0.2613958621508109,-43.05181659216819,0.5510104405997435
2824,1412.0,248.87294040575156,-43.30917066335678,0.2573544407365121,-43.05181622262027,0.5859551566764379
2825,1412.5,244.54002115772894,-43.304688572883606,0.25287385715834837,-43.05181471572526,0.6201828303880496
2826,1413.0,239.80053866735634,-43.299785792827606,0.24797285480870865,-43.0518129380189,0.6535754861646272
2827,1413.5,234.67537612570973,-43.294485092163086,0.2426730285703126,-43.05181206359277,0.6860515065552443
2828,1414.0,229.1879927203432,-43.28880912065506,0.2369986371113917,-43.05181048354367,0.717545098381306
2829,1414.5,223.36402334225605,-43.2827849984169,0.23097618895081398,-43.05180880946609,0.7479941588082681
2830,1415.0,217.23090165057337,-43.27644097805023,0.22463405267694414,-43.051806925373285,0.7773444485865723
2831,1415.5,210.81770941587382,-43.26980769634247,0.21800230115664626,-43.05180539518582,0.8055439294589664
2832,1416.0,204.15523704645452,-43.26291608810425,0.21111277412426205,-43.05180331397999,0.8325393089488019
2833,1416.5,197.2759323716647,-43.255799531936646,0.2039990252194989,-43.05180050671715,0.8582897034354046
2834,1417.0,190.21376676972469,-43.248494386672974,0.19669618355293292,-43.05179820312004,0.8827398031576233
2835,1417.5,183.00399950608013,-43.24103623628616,0.18924071001309936,-43.05179552627306,0.9058538758150882
2836,1418.0,175.68283930960726,-43.23346304893494,0.18167004730933622,-43.0517930016256,0.9275894736093276
2837,1418.5,168.287054755661,-43.22581362724304,0.17402221707682697,-43.05179141016622,0.9479502246175048
2838,1419.0,160.85361014281503,-43.218123972415924,0.16633544334415082,-43.05178852907177,0.9669456898296162
2839,1419.5,153.41949786398305,-43.21043401956558,0.1586479791916719,-43.05178604037391,0.9845745934006869
2840,1420.0,146.02160598601085,-43.202781677246094,0.15099796981829156,-43.0517837074278,1.0008278959201087
2841,1420.5,138.69653631837093,-43.195204854011536,0.1434232644099896,-43.051781589601546,1.0157013142217644
2842,1421.0,131.48037058612087,-43.18773978948593,0.13596117434404092,-43.05177861514189,1.0291847404622219
2843,1421.5,124.40839034834546,-43.18042480945587,0.128648183562379,-43.051776625893496,1.041279000258446
2844,1422.0,117.51477920604557,-43.17329406738281,0.12151964063083667,-43.051774426751976,1.0519849317483065
2845,1422.5,110.83240960178699,-43.16638147830963,0.11460953827300359,-43.05177194003663,1.0612988409430748
2846,1423.0,104.39269441187359,-43.159721076488495,0.10795035990471408,-43.05177071658378,1.0692236012689802
2847,1423.5,98.22535986040621,-43.15334177017212,0.10157284480909876,-43.05176892536302,1.0757743143051113
2848,1424.0,92.3582400425499,-43.14727199077606,0.09550577565727857,-43.05176621511878,1.0809561130235246
2849,1424.5,86.8171527660134,-43.14154154062271,0.0897758501185666,-43.05176569050415,1.084784382242872
2850,1425.0,81.62571857287584,-43.136171996593475,0.08440749371462368,-43.051764502878854,1.0872757567759344
2851,1425.5,76.80519482349307,-43.13118505477905,0.07942268824900382,-43.05176236653005,1.0884460226873383
2852,1426.0,72.37435513312046,-43.12660264968872,0.07484084713502054,-43.0517618025537,1.0883141066370952
2853,1426.5,68.34933478763618,-43.12243968248367,0.07067865554329356,-43.051761026940376,1.0869031738698995
2854,1427.0,64.7435036913188,-43.11870950460434,0.06694993901963232,-43.05175956558471,1.0842405651756652
2855,1427.5,61.56737668778942,-43.11542582511902,0.0636655707497481,-43.05176025436927,1.0803471834207088
2856,1428.0,58.82854065177973,-43.112592697143555,0.0608333961663357,-43.05175930097722,1.0752520514756547
2857,1428.5,56.531628472313834,-43.1102175116539,0.05845820604561148,-43.051759305608286,1.068989267091366
2858,1429.0,54.67830896350653,-43.108301639556885,0.056541726074275274,-43.05175991348261,1.0615819679192104
2859,1429.5,53.2672998218625,-43.1068429350853,0.055082630248389684,-43.051760304836904,1.0530664002576855
2860,1430.0,52.294408295665825,-43.105837404727936,0.05407658292876775,-43.05176082179917,1.0483614976955589
2861,1430.5,51.7525917409738,-43.10527700185776,0.05351630146069325,-43.05176070039706,1.043374049561428
2862,1431.0,51.632032295938636,-43.10515397787094,0.053391633393116505,-43.05176234447782,1.0369378852682225
2863,1431.5,51.920265190489374,-43.10545217990875,0.05368968916108403,-43.05176249074767,1.0290988737233877
2864,1432.0,52.60231770624395,-43.10615819692612,0.054394985781354495,-43.05176321114476,1.0199289348150544
2865,1432.5,53.6608276829834,-43.10725486278534,0.05548956939753097,-43.05176529338781,1.0094862080579332
2866,1433.0,55.076230083991675,-43.10871893167496,0.056953208203480404,-43.051765723471476,0.9978622316120783
2867,1433.5,56.8269153000238,-43.1105318069458,0.05876355614224416,-43.051768250803555,0.9851359673973461
2868,1434.0,58.88937725378684,-43.11266505718231,0.06089630605786639,-43.05176875112445,0.9713982348664053
2869,1434.5,61.23843721542966,-43.11509585380554,0.06332542113843523,-43.051770432667105,0.9567646842206194
2870,1435.0,63.84743624055917,-43.11779636144638,0.06602333391231746,-43.05177302753406,0.9413388920757367
2871,1435.5,66.68845369940533,-43.1207355260849,0.06896117222471891,-43.05177435386018,0.9252486663481382
2872,1436.0,69.73252843287135,-43.12388503551483,0.07210898793065329,-43.05177604758418,0.9086228374203161
2873,1436.5,72.94989487666825,-43.1272149682045,0.07543600106610238,-43.0517789671384,0.8916101533118461
2874,1437.0,76.31022728712443,-43.130691826343536,0.07891085239695336,-43.051780973946585,0.8743523831104484
2875,1437.5,79.78282879688079,-43.134285151958466,0.08250179891764414,-43.05178335304082,0.8570121632954074
2876,1438.0,83.3368725250232,-43.13796103000641,0.0861769631782423,-43.05178406682817,0.8397576302585763
2877,1438.5,86.94160888851852,-43.141690135002136,0.08990454766098051,-43.05178558734116,0.8227513324886692
2878,1439.0,90.56655281993741,-43.145441114902496,0.0936530283782918,-43.051788086524205,0.8061739600201557
2879,1439.5,94.18175990661646,-43.149181604385376,0.09739144042269525,-43.05179016396268,0.7902047270241066
2880,1440.0,97.75801070649962,-43.15288186073303,0.1010895685640549,-43.051792292168976,0.7766393981854721
2881,1440.5,101.26696707031113,-43.15651232004166,0.10471810889915621,-43.0517942111425,0.769906238390419
2882,1441.0,104.68140803612182,-43.16004556417465,0.10824891278547434,-43.051796651389175,0.7626448048843438
2883,1441.5,107.97538119812137,-43.16345274448395,0.11165514336853971,-43.05179760111541,0.754886927810377
2884,1442.0,111.12434504640184,-43.16670995950699,0.11491142277261021,-43.05179853673438,0.7466843230779474
2885,1442.5,114.10533112177933,-43.16979420185089,0.11799399978167091,-43.051800202069224,0.7380767326433024
2886,1443.0,116.89709075295612,-43.172682881355286,0.12088090157734588,-43.05180197977794,0.729137769552554
2887,1443.5,119.48020974879367,-43.17535424232483,0.12355205233984264,-43.05180218998499,0.7199198463953284
2888,1444.0,121.8372179690027,-43.17779290676117,0.12598938655277195,-43.051803520208395,0.7104828451139567
2889,1444.5,123.9526969827855,-43.17998021841049,0.12817696033075798,-43.05180325807974,0.7014763636756158
2890,1445.0,125.81340345838825,-43.18190586566925,0.13010107901406215,-43.05180478665519,0.7024694078921975
2891,1445.5,127.40836610390738,-43.18355602025986,0.13175039741309738,-43.05180562284676,0.7054073008148964
2892,1446.0,128.72889984478323,-43.18492269515991,0.1331159344690856,-43.05180676069082,0.7102176550259642
2893,1446.5,129.76865912185764,-43.18599736690521,0.13419112836849395,-43.05180623853672,0.7167898160049558
2894,1447.0,130.5236944989987,-43.18677860498428,0.13497189507982715,-43.051806709904454,0.7249939444955867
2895,1447.5,130.9924091839784,-43.18726235628128,0.1354565833927521,-43.05180577288853,0.7346714263848507
2896,1448.0,131.17551257240453,-43.18745279312134,0.13564592687882393,-43.051806866242515,0.7456630721089931
2897,1448.5,131.07602183607727,-43.18734860420227,0.13554304553397292,-43.0518055586683,0.7578038905102935
2898,1449.0,130.69910241402548,-43.18695890903473,0.13515328083353292,-43.051805628201194,0.7709154794551011
2899,1449.5,130.05199914492076,-43.18628948926926,0.1344841245176727,-43.05180536475159,0.7848235872760712
2900,1450.0,129.14405834019624,-43.1853483915329,0.1335452414167587,-43.051803150116136,0.7993527809960412
2901,1450.5,127.98664260052924,-43.18415153026581,0.13234838136481408,-43.051803148900994,0.8143253830309458
2902,1451.0,126.59305354835581,-43.18270820379257,0.13090729929878514,-43.05180090449379,0.82957887464648
2903,1451.5,124.97850655668796,-43.18103849887848,0.1292377291261257,-43.051800769752354,0.8449538027579447
2904,1452.0,123.1600701911182,-43.17915606498718,0.12735732110300688,-43.05179874388418,0.8602919528060556
2905,1452.5,121.15647832308497,-43.177084386348724,0.12528544754447035,-43.051798938804254,0.8754447040174719
2906,1453.0,118.98788383228926,-43.17484027147293,0.12304294813311163,-43.05179732333982,0.8902771975368087
2907,1453.5,116.67570731032409,-43.17244732379913,0.12065197346658381,-43.05179535033255,0.9046611468714095
2908,1454.0,114.24252838877622,-43.169929921627045,0.1181358726822,-43.05179404894484,0.9184674561559637
2909,1454.5,111.71186438722573,-43.16731154918671,0.11551896456133624,-43.05179258462537,0.9315591351264843
2910,1455.0,109.1080375193022,-43.16461670398712,0.11282640020991799,-43.0517903037772,0.9438502078500637
2911,1455.5,106.45608173195176,-43.161874175071716,0.11008406672280274,-43.05179010834891,0.9552396100177171
2912,1456.0,103.78149986406059,-43.159105241298676,0.1073183360664568,-43.05178690523222,0.9656322983029946
2913,1456.5,101.10999582497398,-43.156341195106506,0.10455578813021446,-43.05178540697629,0.9749136091205558
2914,1457.0,98.46725652702827,-43.15360754728317,0.10182298522714922,-43.05178456205602,0.9830028566388024
2915,1457.5,95.87874447029353,-43.15092879533768,0.09914625761017888,-43.0517825377275,0.9898317187756266
2916,1458.0,93.36950703030604,-43.148332834243774,0.09655150626039263,-43.051781327983385,0.9953412208787593
2917,1458.5,90.96400265698949,-43.14584356546402,0.09406402316289392,-43.05177954230113,0.999476685805658
2918,1459.0,88.68593667141397,-43.14348602294922,0.09170832150757201,-43.051777701441644,1.002188943733951
2919,1459.5,86.55809968962825,-43.14128428697586,0.08950796860647663,-43.051776318369384,1.0034252977581475
2920,1460.0,84.60220869034498,-43.139260709285736,0.08748542154514698,-43.05177528774059,1.0031504427476134
2921,1460.5,82.83873879263415,-43.137435019016266,0.08566185322734943,-43.051773165788916,1.0013369936804881
2922,1461.0,81.28675542546345,-43.135830104351044,0.08405697882501624,-43.051773125526026,0.9979632420410689
2923,1461.5,79.96378624730977,-43.13446068763733,0.0826889233329234,-43.051771764304405,0.9930078815561455
2924,1462.0,78.88567354327147,-43.13334399461746,0.08157406893554957,-43.05176992568191,0.9864486036147465
2925,1462.5,78.06643838053627,-43.13249707221985,0.0807269145330112,-43.05177015768684,0.9782641463296262
2926,1463.0,77.51816787147776,-43.13192933797836,0.08015995916212582,-43.05176937881624,0.9684451148552263
2927,1463.5,77.25094384709867,-43.13165241479874,0.079883628239072,-43.05176878655966,0.9569736477775082
2928,1464.0,77.27282391288199,-43.131675004959106,0.0799062539696306,-43.051768750989474,0.9561767889256287
2929,1464.5,77.58979316344883,-43.1320019364357,0.08023402541829555,-43.05176791101741,0.9551118174036494
2930,1465.0,78.20574187381453,-43.13263934850693,0.08087096543925605,-43.051768383067675,0.9527402574548268
2931,1465.5,79.1224649245983,-43.13358795642853,0.08181893008201749,-43.05176902634651,0.949071322006138
2932,1466.0,80.33963696887311,-43.13484615087509,0.08307758291194652,-43.051768567963144,0.9441232891440582
2933,1466.5,81.85483354548703,-43.13641321659088,0.08464441684312686,-43.051768799747755,0.947933735215874
2934,1467.0,83.66357424015108,-43.13828319311142,0.0865147987703614,-43.05176839434106,0.955762706398471
2935,1467.5,85.75939333067195,-43.14045172929764,0.08868204262196915,-43.05176968667567,0.9621820666317398
2936,1468.0,88.1339182739378,-43.14290827512741,0.09113749052157918,-43.05177078460583,0.9671877651602817
2937,1468.5,90.77691944080912,-43.145642042160034,0.09387056421796888,-43.05177147794207,0.970775693340758
2938,1469.0,93.67641543845309,-43.148640632629395,0.09686887399674535,-43.05177175863265,0.9729466809125595
2939,1469.5,96.8188345862053,-43.15189164876938,0.10011838565924663,-43.051773263110135,0.9737146433780565
2940,1470.0,100.18914599165807,-43.15537738800049,0.10360355606565591,-43.05177383193483,0.9730819143809692
2941,1470.5,103.7709701060258,-43.159082651138306,0.10730744745805398,-43.05177520368025,0.9710639568518818
2942,1471.0,107.5467322928334,-43.162987887859344,0.11121188626267335,-43.05177600159667,0.9676743007952323
2943,1471.5,111.49781522227298,-43.16707569360733,0.11529762067779983,-43.05177807292953,0.9629300314579626
2944,1472.0,115.60471147972308,-43.17132306098938,0.11954447848313526,-43.051778582506245,0.9568630711690664
2945,1472.5,119.84714404911496,-43.17571151256561,0.12393149162919355,-43.05178002093642,0.9494998555770036
2946,1473.0,124.204097773724,-43.18021875619888,0.12843692877026455,-43.05178182742862,0.9408444542917309
2947,1473.5,128.653836793492,-43.18482160568237,0.13303831329599405,-43.05178329238638,0.9309251416851725
2948,1474.0,133.1741875482512,-43.18949741125107,0.13771271597925597,-43.05178469527181,0.919775150480119
2949,1474.5,137.74296957297338,-43.19422256946564,0.1424372004527485,-43.05178536901289,0.907429510398993
2950,1475.0,142.33821679381572,-43.198977172374725,0.14718905204672983,-43.051788120328,0.8942368089608944
2951,1475.5,146.9383584097081,-43.20373493432999,0.1519459648349848,-43.051788969495,0.9020917148737188
2952,1476.0,151.52231356327664,-43.208476543426514,0.15668613953209953,-43.051790403894415,0.908943272608657
2953,1476.5,156.06948809349498,-43.213179767131805,0.16138828013544418,-43.051791486996365,0.9147660821774426
2954,1477.0,160.5598516597652,-43.21782445907593,0.1660316736776148,-43.05179278539831,0.919540591532508
2955,1477.5,164.9740369061671,-43.22239077091217,0.1705962927701647,-43.05179447814201,0.9232329178957995
2956,1478.0,169.29344996722165,-43.22685778141022,0.17506290987536438,-43.05179487153485,0.9258322482570259
2957,1478.5,173.50036555563264,-43.23120927810669,0.17941319563449953,-43.05179608247219,0.9272990120282105
2958,1479.0,177.57807338274077,-43.23542720079422,0.18362987027828115,-43.05179733051594,0.9276145126338915
2959,1479.5,181.5110625969652,-43.23949575424194,0.18769689435088327,-43.05179885989106,0.9267685020293749
2960,1480.0,185.2851473698586,-43.24339908361435,0.19159959857592535,-43.05179948503842,0.9247414375372489
2961,1480.5,188.8875438392289,-43.24712556600571,0.19532476342178798,-43.05180080258392,0.9215096930194219
2962,1481.0,192.30689637291206,-43.25066149234772,0.1988606462604458,-43.051800846087275,0.9170662688395629
2963,1481.5,195.5333495488293,-43.25399833917618,0.2021970558005789,-43.051801283375596,0.91140935072304
2964,1482.0,198.55868430113009,-43.25712734460831,0.20532549287352758,-43.05180185173478,0.9045361549051979
2965,1482.5,201.37629375894974,-43.26004105806351,0.2082391254486435,-43.051801932614865,0.8964783676082515
2966,1483.0,203.98102751083152,-43.26273465156555,0.21093262759029927,-43.051802023975256,0.8872587489696758
2967,1483.5,206.36930628678817,-43.265203416347504,0.21340229804827324,-43.05180111829923,0.8769152667400842
2968,1484.0,208.53919665708295,-43.26744741201401,0.21564613750223846,-43.05180127451177,0.8654589269426038
2969,1484.5,210.49015425454616,-43.26946574449539,0.21766358303318775,-43.051802161462206,0.8529142637847794
2970,1485.0,212.22294725436288,-43.27125662565231,0.21945542899544032,-43.051801196656875,0.83932366549147
2971,1485.5,213.73991382158866,-43.27282637357712,0.2210240932378762,-43.05180228033924,0.8247022657347519
2972,1486.0,215.04482954770464,-43.2741756439209,0.22237348002277674,-43.051802163898124,0.8090521598957405
2973,1486.5,216.1425920702473,-43.275309801101685,0.22350865389740476,-43.05180114720428,0.7923900822272767
2974,1487.0,217.03910719925173,-43.27623689174652,0.22443572193967806,-43.05180116980684,0.7747236337400176
2975,1487.5,217.74122310612793,-43.27696228027344,0.2251617657042261,-43.05180051456921,0.7954712345774233
2976,1488.0,218.25672808997348,-43.277495324611664,0.22569483891257958,-43.05180048569908,0.8229448651276474
2977,1488.5,218.59416520414163,-43.27784329652786,0.2260437757622785,-43.051799520765584,0.849206474779832
2978,1489.0,218.76273831544813,-43.27801716327667,0.22621809378461055,-43.05179906949206,0.8741842561732615
2979,1489.5,218.77238529359883,-43.27802616357803,0.2262280695283082,-43.05179809404972,0.8978073479064157
2980,1490.0,218.63383741664677,-43.277882158756256,0.2260847999895223,-43.051797358766734,0.9200255794515183
2981,1490.5,218.35868003202975,-43.27759701013565,0.22580026534016595,-43.05179674479548,0.9407789214908459
2982,1491.0,217.95936545278354,-43.2771834731102,0.22538734226362617,-43.051796130846576,0.9600209635377187
2983,1491.5,217.44897116080264,-43.27665460109711,0.22485955391767862,-43.051795047179425,0.9777123058366821
2984,1492.0,216.84091895694178,-43.27602505683899,0.22423077951332557,-43.05179427732566,0.9938149013436429
2985,1492.5,216.1492832704365,-43.27530920505524,0.22351557313129072,-43.05179363192395,1.0082991214749697
2986,1493.0,215.38884742641835,-43.27452081441879,0.22272922190711092,-43.051791592511684,1.02114196353559
2987,1493.5,214.5746119416953,-43.27367842197418,0.2218872375698138,-43.051791184404365,1.0323216623890084
2988,1494.0,213.72141707982811,-43.272795498371124,0.22100496613380666,-43.05179053223732,1.0418224110270042
2989,1494.5,212.8437325403989,-43.27188664674759,0.22009737042083108,-43.05178927632676,1.0496379604527302
2990,1495.0,211.9555279266644,-43.27096730470657,0.21917889611320018,-43.051788408593374,1.0557715939142522
2991,1495.5,211.0701797858956,-43.27005052566528,0.2182633756261067,-43.051787150039175,1.0602166030980578
2992,1496.0,210.2003980157867,-43.2691507935524,0.21736395200598857,-43.05178684154641,1.0629857798009477
2993,1496.5,209.3581107865332,-43.2682785987854,0.21649295993079293,-43.05178563885461,1.064089773181093
2994,1497.0,208.55444759319312,-43.26744771003723,0.21566190818476802,-43.05178580185246,1.0635469460296627
2995,1497.5,207.7997634150532,-43.266666889190674,0.21488150464117167,-43.051785384549504,1.0613739831882447
2996,1498.0,207.1036059713861,-43.265945732593536,0.2141616224021166,-43.05178411019142,1.0576004390796065
2997,1498.5,206.47467247594,-43.26529538631439,0.21351125507926863,-43.051784131235124,1.0522417808880857
2998,1499.0,205.92073184791747,-43.26472222805023,0.21293843635380355,-43.05178379169643,1.0453368068760198
2999,1499.5,205.44849972117916,-43.26423245668411,0.21245011072596948,-43.051782345958145,1.0369071105752896
3000,1500.0,205.06355095920395,-43.26383501291275,0.2120520430485883,-43.05178296986416,1.0269988169395048
3001,1500.5,204.77026663920233,-43.263530910015106,0.2117487637044067,-43.0517821463107,1.0156414137942804
3002,1501.0,204.5716968019391,-43.2633256316185,0.21154342667848214,-43.05178220494002,1.0028744393235156
3003,1501.5,204.46943768992122,-43.26321983337402,0.2114376826126923,-43.05178215076133,0.9887372530749344
3004,1502.0,204.46369496191568,-43.26321405172348,0.21143174417458102,-43.0517823075489,0.9732632587704347
3005,1502.5,204.5534604706541,-43.26330786943436,0.2115245688595835,-43.051783300574776,0.9564961103047869
3006,1503.0,204.7368259575569,-43.26349663734436,0.21171418337635386,-43.05178245396801,0.9384776425783025
3007,1503.5,205.0111887678372,-43.26378047466278,0.21199789637256578,-43.051782578290215,0.919250491860751
3008,1504.0,205.37303535118002,-43.26415568590164,0.21237207455737278,-43.05178361134427,0.8988589288371667
3009,1504.5,205.81734180854482,-43.264615297317505,0.21283152281906131,-43.051783774498446,0.8773519431514111
3010,1505.0,206.33736514215354,-43.26515436172485,0.21336926836091338,-43.05178509336394,0.8547771861499877
3011,1505.5,206.9249497643117,-43.265761971473694,0.21397687765573808,-43.051785093817955,0.83119832283072
3012,1506.0,207.57077502038757,-43.26642960309982,0.21464471240434493,-43.05178489069548,0.8099522550628915
3013,1506.5,208.26453843482344,-43.267148077487946,0.21536211902651328,-43.05178595846143,0.7994435765718702
3014,1507.0,208.9949664469175,-43.26790416240692,0.21611743976264583,-43.05178672264427,0.7877409085137048
3015,1507.5,209.74977285152846,-43.26868551969528,0.21689796969814745,-43.05178754999714,0.7749130234448655
3016,1508.0,210.51562500697295,-43.26947969198227,0.21768992181969965,-43.05178977016257,0.7632902649014226
3017,1508.5,211.2783320052405,-43.270268201828,0.21847862159824907,-43.05178958022975,0.773451442631365
3018,1509.0,212.02332171938278,-43.27104049921036,0.21924900029400027,-43.05179149891636,0.7823836964387462
3019,1509.5,212.73593907985062,-43.271777510643005,0.21998590339790272,-43.0517916072451,0.7900861809664571
3020,1510.0,213.40138293026,-43.272466123104095,0.22067402533548441,-43.05179209776861,0.7965687331787329
3021,1510.5,214.00455021596872,-43.27309161424637,0.22129774834543098,-43.05179386590094,0.8018386414480972
3022,1511.0,214.5301218991062,-43.27363568544388,0.22184123132256894,-43.05179445412131,0.8058992370513389
3023,1511.5,214.96273028453126,-43.274084746837616,0.22228858284623187,-43.05179616399138,0.808732947713241
3024,1512.0,215.2871757950632,-43.27442115545273,0.2226240853431136,-43.051797070109615,0.8103403261200703
3025,1512.5,215.48864370249643,-43.27463001012802,0.22283241920439759,-43.05179759092363,0.8107154769284728
3026,1513.0,215.55280866250197,-43.274697065353394,0.22289877088317064,-43.051798294470224,0.8098599230605297
3027,1513.5,215.46597698163168,-43.27460849285126,0.2228089800098352,-43.05179951284142,0.8137901388865937
3028,1514.0,215.21523766232022,-43.27434951066971,0.22254969558467091,-43.05179981508504,0.8223268536454438
3029,1514.5,214.78856661818304,-43.27390879392624,0.22210848374475226,-43.051800310181484,0.8299278465403167
3030,1515.0,214.1749047493678,-43.27327483892441,0.22147390850008009,-43.05180093042433,0.836630563358994
3031,1515.5,213.36425550848503,-43.27243673801422,0.22063563262452393,-43.0518011053897,0.8424705629660011
3032,1516.0,212.34789904739108,-43.271386325359344,0.2195846391006505,-43.05180168625869,0.8474513611455708
3033,1516.5,211.11867177310833,-43.270116090774536,0.21831352020280914,-43.05180257057172,0.8516099994025629
3034,1517.0,209.67109690815963,-43.26861971616745,0.21681661250691525,-43.05180310366053,0.8549804370104915
3035,1517.5,208.00130244714524,-43.26689237356186,0.21508991205101727,-43.05180246151084,0.8575862206875287
3036,1518.0,206.10708030419107,-43.26493418216705,0.21313113549846838,-43.05180304666858,0.8594517149313585
3037,1518.5,203.98797654384182,-43.262742698192596,0.21093981344385615,-43.05180288474874,0.860624229863583
3038,1519.0,201.64532767857256,-43.26032066345215,0.20851732794752026,-43.05180333550463,0.861127240457196
3039,1519.5,199.08231263828918,-43.25766921043396,0.20586696627615492,-43.051802244157805,0.8610053570566566
3040,1520.0,196.3039774958504,-43.25479531288147,0.20299394647096758,-43.0518013664105,0.860293908467501
3041,1520.5,193.3172766995081,-43.25170707702637,0.19990545998530623,-43.05180161704106,0.8590212059828323
3042,1521.0,190.1309877368782,-43.24841058254242,0.1966105834404089,-43.05179999910201,0.8572439318996526
3043,1521.5,186.75569671191326,-43.24492019414902,0.19312026371084481,-43.05179993043817,0.8549993137947227
3044,1522.0,183.2037881646778,-43.24124652147293,0.18944730739735124,-43.05179921407558,0.8523220017386917
3045,1522.5,179.4893054283557,-43.23740392923355,0.18560623642485785,-43.05179769280869,0.8492404276009622
3046,1523.0,175.62780262881992,-43.233410000801086,0.1816131349982552,-43.05179686580283,0.8457919149799111
3047,1523.5,171.63629479966465,-43.22928088903427,0.17748559801736483,-43.05179529101691,0.8420060929723778
3048,1524.0,167.53321844843566,-43.22503727674484,0.17324269029928113,-43.05179458644556,0.837914017235431
3049,1524.5,163.3382346171098,-43.22069716453552,0.16890474292722274,-43.0517924216083,0.8335476830037591
3050,1525.0,159.0719707984108,-43.21628421545029,0.1644930863714491,-43.051791129078836,0.828927997810308
3051,1525.5,154.75587630671885,-43.21182054281235,0.1600299009312627,-43.051790641881084,0.856161832221724
3052,1526.0,150.4121191692779,-43.20732706785202,0.15553811011230587,-43.05178895773972,0.885684857544709
3053,1526.5,146.06341471687563,-43.20282816886902,0.15104120337567256,-43.05178696549335,0.9139638649382656
3054,1527.0,141.73282808735192,-43.19834917783737,0.14656303191080752,-43.05178614592656,0.9408732988257466
3055,1527.5,137.44361754876215,-43.19391196966171,0.14212764661917937,-43.05178432304253,0.9662905216792972
3056,1528.0,133.21901909375228,-43.189542174339294,0.13775907536770926,-43.05178309897158,0.9901051014186509
3057,1528.5,129.08196572368246,-43.1852633357048,0.13348103270619854,-43.0517823029986,1.0122164689515976
3058,1529.0,125.054843573487,-43.181096613407135,0.1293166676810115,-43.051779945726125,1.0325301202544002
3059,1529.5,121.1592813424505,-43.17706710100174,0.12528834608972808,-43.051778754912014,1.0509522818935024
3060,1530.0,117.41592565418044,-43.17319482564926,0.12141741818546517,-43.051777407463796,1.0674097765422201
3061,1530.5,113.84418774869522,-43.16949915885925,0.117723956736322,-43.05177520212293,1.0818405053641977
3062,1531.0,110.46210156301524,-43.166000723838806,0.1142266102694088,-43.051774113569394,1.094171630253144
3063,1531.5,107.28619703252045,-43.16271650791168,0.1109424720543602,-43.05177403585732,1.1043499331333
3064,1532.0,104.3313649456416,-43.15966033935547,0.10788694035232292,-43.051773399003146,1.1123314694367545
3065,1532.5,101.61073713736863,-43.15684527158737,0.10507359452650203,-43.05177167706087,1.1180765911075206
3066,1533.0,99.13556051224082,-43.154286563396454,0.10251406477189985,-43.05177249862455,1.1215482990898518
3067,1533.5,96.91508363513537,-43.151989459991455,0.10021791484115945,-43.051771545150295,1.1227335639890443
3068,1534.0,94.95648413207846,-43.14996337890625,0.09819256697122133,-43.05177081193503,1.121618214041107
3069,1534.5,93.2648269981916,-43.14821344614029,0.09644325877041976,-43.05177018736987,1.1182031534049401
3070,1535.0,91.84294219336466,-43.14674240350723,0.09497291664266017,-43.05176948686457,1.1125144065280919
3071,1535.5,90.69138304754674,-43.14555299282074,0.09378211277517735,-43.05177088004556,1.1045876804630976
3072,1536.0,89.80849399693405,-43.14463996887207,0.09286913518314835,-43.05177083368892,1.0944637343735517
3073,1536.5,89.19045141916614,-43.14400100708008,0.0922300299365374,-43.05177097714354,1.0821940365942566
3074,1537.0,88.83134009787658,-43.1436305642128,0.091858680230531,-43.05177188398227,1.0678369073576146
3075,1537.5,88.72325117715107,-43.14351940155029,0.09174690767824879,-43.05177249387204,1.051466850456179
3076,1538.0,88.8563698415046,-43.14365762472153,0.09188456297882282,-43.05177306174271,1.0331503038947893
3077,1538.5,89.21908316013213,-43.14403301477432,0.09225963743694142,-43.05177337733738,1.0129731128378758
3078,1539.0,89.79810048501359,-43.14463251829147,0.09285838746407847,-43.0517741308274,0.9910373403839895
3079,1539.5,90.57860334763917,-43.145441353321075,0.09366548958364507,-43.05177586373743,0.9910002103373156
3080,1540.0,91.54442570288539,-43.146440625190735,0.09466422681751216,-43.05177639837322,0.9907162843668093
3081,1540.5,92.67823299060231,-43.147614777088165,0.09583667384995229,-43.05177810323821,0.9891562404196325
3082,1541.0,93.96169728533485,-43.148942828178406,0.09716387814640033,-43.051778950032,0.9863180444243347
3083,1541.5,95.37565386203832,-43.150406658649445,0.09862602185487249,-43.051780636794575,0.9821845117498486
3084,1542.0,96.90023864155243,-43.15198439359665,0.10020256393553248,-43.05178182966112,0.9767738343779575
3085,1542.5,98.51508306237743,-43.1536563038826,0.10187244167362783,-43.05178386220897,0.9700648184802969
3086,1543.0,100.1995562557937,-43.155399441719055,0.10361432110785043,-43.05178512061121,0.9620661980474312
3087,1543.5,101.93290953673747,-43.157192051410675,0.10540674644540945,-43.051785304965264,0.9527821412565999
3088,1544.0,103.6944290181529,-43.15901553630829,0.1072282978774255,-43.05178723843086,0.9422157316544707
3089,1544.5,105.46358334212354,-43.16084557771683,0.10905774434468604,-43.05178783337214,0.9303867616805136
3090,1545.0,107.22012325855033,-43.16266393661499,0.11087414650992894,-43.05178979010506,0.9173043118749273
3091,1545.5,108.94430685641,-43.16444772481918,0.11265708966490115,-43.05179063515428,0.902979986213078
3092,1546.0,110.61708922670172,-43.16617912054062,0.1143868798569504,-43.05179224068367,0.8874324550191133
3093,1546.5,112.22024956873422,-43.167837619781494,0.11604467532704882,-43.05179294445445,0.8706765075405282
3094,1547.0,113.73651755792727,-43.1694073677063,0.11761261718416377,-43.051794750522134,0.8527405678656284
3095,1547.5,115.14970450500205,-43.17086935043335,0.11907396503430619,-43.051795385399046,0.8336480315272493
3096,1548.0,116.44477401917177,-43.1722097992897,0.12041317005189739,-43.051796629237806,0.8134289984787036
3097,1548.5,117.60790172236257,-43.17341327667236,0.12161593672902904,-43.051797339943334,0.7921153575908579
3098,1549.0,118.62656597503633,-43.174466252326965,0.12266931669318956,-43.051796935633774,0.7697476467172261
3099,1549.5,119.48956545347355,-43.17535978555679,0.12356172688357431,-43.05179805867322,0.7463700395227995
3100,1550.0,120.18711771215024,-43.17608153820038,0.124283051472433,-43.05179848672795,0.7220175704535435
3101,1550.5,120.71094362321776,-43.17662328481674,0.12482472918221652,-43.05179855563453,0.7171503263356324
3102,1551.0,121.05431021209448,-43.176979780197144,0.1251797975809902,-43.05179998261615,0.7162475365309554
3103,1551.5,121.21204425502363,-43.17714196443558,0.12534290714339164,-43.051799057292186,0.714989517207465
3104,1552.0,121.18034898981651,-43.17711019515991,0.1253101317149418,-43.05180006344497,0.713351494534978
3105,1552.5,120.9568171704215,-43.17687916755676,0.12507898201150908,-43.051800185545254,0.7113137545870593
3106,1553.0,120.5406237264705,-43.17644876241684,0.1246486048446239,-43.05180015757222,0.7088431496346917
3107,1553.5,119.93251109461524,-43.17581909894943,0.12401976795291213,-43.05179933099652,0.7059089564407268
3108,1554.0,119.13482294093676,-43.17499327659607,0.12319489487375225,-43.051798381722314,0.7024968544490241
3109,1554.5,118.15156971739371,-43.17397743463516,0.12217813273386376,-43.0517993019013,0.698576855650421
3110,1555.0,116.98834993369209,-43.1727739572525,0.12097527083815056,-43.05179868641435,0.7025020033021055
3111,1555.5,115.65221664081376,-43.17139196395874,0.1195936026030362,-43.0517983613557,0.7229892459382301
3112,1556.0,114.1515249438289,-43.169839918613434,0.11804176787256769,-43.051798150740865,0.7568270364788355
3113,1556.5,112.49584393212173,-43.1681267619133,0.11632966184725504,-43.05179710006605,0.7908589703007197
3114,1557.0,110.69589185576947,-43.16626435518265,0.11446836805128456,-43.051795987131364,0.8248871402320668
3115,1557.5,108.7634363130927,-43.16426521539688,0.1124700551184967,-43.05179516027838,0.8587565284489183
3116,1558.0,106.71126152028845,-43.16214197874069,0.11034794294658015,-43.05179403579411,0.8923015712824215
3117,1558.5,104.55314002269105,-43.15990948677063,0.10811627344426256,-43.05179321332637,0.9253675528552593
3118,1559.0,102.30376445457559,-43.157582104206085,0.10579023996551257,-43.05179186424057,0.9578348170318127
3119,1559.5,99.97865350781434,-43.15517717599869,0.10338589007364199,-43.05179128592505,0.9895820319892483
3120,1560.0,97.59401488190016,-43.1527099609375,0.10091998382071517,-43.05178997711678,1.0205036500458324
3121,1560.5,95.16663785844668,-43.15019828081131,0.09840988266102679,-43.051788398150286,1.0504938027597923
3122,1561.0,92.71384167488615,-43.14766162633896,0.09587349606539398,-43.051788130273565,1.0794519443782764
3123,1561.5,90.25337317135694,-43.14511615037918,0.09332917567988643,-43.0517869746993,1.1072837429780653
3124,1562.0,87.80331694113536,-43.142580687999725,0.09079562241421725,-43.051785065585506,1.1339000077953527
3125,1562.5,85.38200311342182,-43.140075504779816,0.08829179108179971,-43.051783713698015,1.1592176979939148
3126,1563.0,83.00791004005931,-43.13762027025223,0.08583678977006404,-43.051783480482165,1.1831614407781545
3127,1563.5,80.69956187647686,-43.13523179292679,0.08344977393099619,-43.051782018995794,1.2056568909020589
3128,1564.0,78.47542010279142,-43.13293153047562,0.08114983420531799,-43.0517816962703,1.2266404368924946
3129,1564.5,76.35374965681461,-43.130734622478485,0.07895585799335482,-43.05177876448513,1.2460674174397322
3130,1565.0,74.3525335139151,-43.12866532802582,0.0768864411238104,-43.05177888690201,1.2638783700931253
3131,1565.5,72.4893716146612,-43.12673670053482,0.07495978333689986,-43.05177691719792,1.2800316490392665
3132,1566.0,70.78135510067752,-43.12496989965439,0.0731935582342095,-43.05177634142018,1.2944868256826652
3133,1566.5,69.24496058779218,-43.12337988615036,0.07160480394871101,-43.05177508220165,1.3072099387272702
3134,1567.0,67.89594852859902,-43.12198406457901,0.07020981804355617,-43.05177424653545,1.3181677017979774
3135,1567.5,66.74928082263806,-43.12079668045044,0.06902407231444199,-43.051772608136,1.3273363249283954
3136,1568.0,65.81903932135526,-43.11983513832092,0.06806212851724887,-43.051773009803675,1.3346893603750583
3137,1568.5,65.11833882146252,-43.119109094142914,0.0673375483962454,-43.05177154574667,1.3402089626960338
3138,1569.0,64.6592253377646,-43.11863362789154,0.06686278849008992,-43.05177083940145,1.3438815607169527
3139,1569.5,64.45261540094624,-43.1184196472168,0.06664913736090808,-43.05177050985589,1.3457031278229825
3140,1570.0,64.50824231989003,-43.11847668886185,0.0667066600252497,-43.0517700288366,1.345662683877937
3141,1570.5,64.834589800161,-43.11881363391876,0.06704412931031532,-43.051769504608444,1.3437647946417286
3142,1571.0,65.43883650063606,-43.11943846940994,0.06766896852109537,-43.051769500888845,1.3400104937943773
3143,1571.5,66.32683903489753,-43.12035584449768,0.06858723386245744,-43.05176861063522,1.3344081056814678
3144,1572.0,67.50307693419083,-43.12157201766968,0.06980355752646121,-43.051768460143215,1.3269668121123097
3145,1572.5,68.97059179631947,-43.12309044599533,0.0713210847674698,-43.05176936122786,1.3177064898907906
3146,1573.0,70.73097335056754,-43.12490922212601,0.07314145949216973,-43.05176776263384,1.3066426458346507
3147,1573.5,72.78434208050773,-43.12703251838684,0.07526480629017054,-43.05176771209667,1.2937993486984716
3148,1574.0,75.12933108137105,-43.129458367824554,0.07768971167308017,-43.051768656151474,1.279209974699176
3149,1574.5,77.76308676818402,-43.1321827173233,0.08041322480677518,-43.05176949251653,1.2629051066757842
3150,1575.0,80.68126831882437,-43.13520038127899,0.08343085693547606,-43.05176952434351,1.2449193698508396
3151,1575.5,83.87803200826242,-43.13850688934326,0.08673656518210514,-43.051770324161154,1.2252939762375648
3152,1576.0,87.34605279815109,-43.14209300279617,0.09032277487364204,-43.05177022792253,1.204075019009381
3153,1576.5,91.07658957742171,-43.145951330661774,0.09418044700509565,-43.05177088365668,1.181300570362551
3154,1577.0,95.05953319853855,-43.15007048845291,0.09829912791281675,-43.051771360540094,1.1570147701739275
3155,1577.5,99.28346050470394,-43.154439091682434,0.10266700514293105,-43.0517720865395,1.1312728942950374
3156,1578.0,103.7356718698259,-43.159044325351715,0.1072709462706553,-43.05177337908106,1.1041192893630902
3157,1578.5,108.4021974057703,-43.16387057304382,0.11209650531909039,-43.051774067724736,1.0756012813927278
3158,1579.0,113.26787985154361,-43.168903172016144,0.11712800847323772,-43.05177516354291,1.0457853030506357
3159,1579.5,118.31648806176158,-43.174125134944916,0.12234867143611393,-43.0517764635088,1.0147559887393958
3160,1580.0,123.53082609726884,-43.1795192360878,0.12774071223713981,-43.05177852385066,0.9825951192270165
3161,1580.5,128.8928126013104,-43.185065507888794,0.133285433313423,-43.05178007457537,0.949376737639212
3162,1581.0,134.38354424430534,-43.190742909908295,0.13896328711670686,-43.051779622791585,0.915160520899781
3163,1581.5,139.98334969030867,-43.19653570652008,0.1447539319189899,-43.05178177460109,0.8800072096857988
3164,1582.0,145.6717938286459,-43.20241993665695,0.15063623618837294,-43.051783700468576,0.8439558997199053
3165,1582.5,151.42761675643166,-43.208372712135315,0.15658821549212398,-43.051784496643194,0.8070249671292674
3166,1583.0,157.22878693950503,-43.214372515678406,0.16258708746931896,-43.05178542820909,0.7791603537195584
3167,1583.5,163.05273211105634,-43.22039753198624,0.1686095105984108,-43.05178802138783,0.7679610010377047
3168,1584.0,168.87651111744435,-43.22642123699188,0.17463176189949037,-43.05178947509239,0.7558415720482127
3169,1584.5,174.67689914282542,-43.23242098093033,0.18062982506334008,-43.05179115586699,0.7428274361953544
3170,1585.0,180.430469748245,-43.23837161064148,0.1865794752863885,-43.05179213535509,0.7289651279770606
3171,1585.5,186.11385944504102,-43.244250535964966,0.19245655286067984,-43.05179398310429,0.714313290843305
3172,1586.0,191.70410529938988,-43.25003242492676,0.19823731228386182,-43.05179511264289,0.7091453319485593
3173,1586.5,197.17884536908758,-43.255695044994354,0.20389862952678,-43.05179641546757,0.7079752272063718
3174,1587.0,202.5163466975481,-43.261216163635254,0.2094180309815016,-43.05179813265375,0.7055026322844034
3175,1587.5,207.69525907389732,-43.26657247543335,0.21477343882964206,-43.05179903660371,0.7017325862503578
3176,1588.0,212.694464356156,-43.271743297576904,0.21994301523053617,-43.05180028234637,0.6966855624510854
3177,1588.5,217.49321444221667,-43.27670735120773,0.2249053049942163,-43.05180204621352,0.6903754845171459
3178,1589.0,222.07171351647284,-43.28144317865372,0.22963983767079732,-43.05180334098292,0.6828189192700621
3179,1589.5,226.41140340130187,-43.28593271970749,0.23412742262663552,-43.051805297080854,0.6740447644234238
3180,1590.0,230.49477251248624,-43.29015517234802,0.2383499514890193,-43.051805220859,0.664072751072437
3181,1590.5,234.3051693674323,-43.29409617185593,0.24229020529881498,-43.05180596655711,0.6529402472964901
3182,1591.0,237.8265595820011,-43.297739803791046,0.245931603225837,-43.05180820056521,0.6406809721978118
3183,1591.5,241.0436105495689,-43.30106699466705,0.2492582901337405,-43.051808704533315,0.6273245674035457
3184,1592.0,243.94223905899975,-43.30406481027603,0.25225570286061744,-43.051809107415416,0.6129267432778507
3185,1592.5,246.5102975931016,-43.30672097206116,0.2549112799062573,-43.0518096921549,0.6060375744462986
3186,1593.0,248.7377985204968,-43.30902510881424,0.25721469326439594,-43.051810415549845,0.6055032744882307
3187,1593.5,250.61692776087426,-43.31096887588501,0.25915786255367473,-43.05181101333134,0.6043278877746502
3188,1594.0,252.14175598701107,-43.312546133995056,0.2607346563775308,-43.05181147761753,0.6025509612232007
3189,1594.5,253.30836836747008,-43.31375199556351,0.2619410264884791,-43.05181096907503,0.6002120947004306
3190,1595.0,254.11555819487623,-43.31458759307861,0.26277572505499114,-43.05181186802362,0.597349108484655
3191,1595.5,254.5649952012597,-43.31505137681961,0.2632404787129643,-43.051810898106645,0.5940064565064569
3192,1596.0,254.6608369897378,-43.31515049934387,0.26333958675513536,-43.051810912588735,0.5902308377215107
3193,1596.5,254.40867477708437,-43.314889669418335,0.26307883094493556,-43.0518108384734,0.5860632517185894
3194,1597.0,253.8151255406403,-43.314274311065674,0.2624650537639146,-43.05180925730176,0.5815574807522756
3195,1597.5,252.8883627743823,-43.31331527233124,0.2615067072557852,-43.051808565075454,0.5767529246547155
3196,1598.0,251.6384497028487,-43.31202220916748,0.2602141975961599,-43.05180801157132,0.584721556361561
3197,1598.5,250.0772435275599,-43.310407400131226,0.2585997860757238,-43.051807614055505,0.6062694735528021
3198,1599.0,248.2180267232819,-43.30848389863968,0.25667720783120757,-43.05180669080847,0.6333255780788231
3199,1599.5,246.0754331317917,-43.30626726150513,0.2544615954204545,-43.051805666084675,0.672372730661963
3200,1600.0,243.66570316481383,-43.30377370119095,0.2519697427225817,-43.05180395846837,0.7106698454685281
3201,1600.5,241.00697937062046,-43.30102401971817,0.24922041057738364,-43.051803609140784,0.747976236937675
3202,1601.0,238.11923664579106,-43.29803627729416,0.24623425461873358,-43.051802022675425,0.7841165408099865
3203,1601.5,235.02378443000046,-43.29483360052109,0.24303331050434893,-43.051800290016736,0.819022341015862
3204,1602.0,231.74293225235297,-43.29143959283829,0.2396406480640649,-43.05179894477422,0.85267433501131
3205,1602.5,228.30010428144567,-43.28787750005722,0.2360804897537226,-43.051797010303495,0.8849454631741243
3206,1603.0,224.7197859575946,-43.284174144268036,0.2323781554686406,-43.0517959887994,0.9157234332818405
3207,1603.5,221.0270717932887,-43.28035366535187,0.22855959493327122,-43.051794070418595,0.9449369145751644
3208,1604.0,217.2471812437935,-43.27644354104996,0.22465088707284814,-43.05179265397711,0.972541658654746
3209,1604.5,213.40510049611817,-43.27246850728989,0.22067786959465044,-43.051790637695234,0.9985452747803949
3210,1605.0,209.52568208197548,-43.26845562458038,0.21666624199573634,-43.051789382584644,1.0228682455397609
3211,1605.5,205.6338049768535,-43.264429688453674,0.21264173111813367,-43.05178795733554,1.0454059527395358
3212,1606.0,201.75419153036106,-43.2604153752327,0.20862990184023747,-43.05178547339246,1.0660481394759465
3213,1606.5,197.9110075593262,-43.256440222263336,0.2046557435412248,-43.05178447872211,1.0847470128637817
3214,1607.0,194.12731650121844,-43.25252628326416,0.20074310565222206,-43.05178317761194,1.1015330092735864
3215,1607.5,190.42514102209063,-43.24869740009308,0.19691476136382327,-43.05178263872926,1.1163658527982774
3216,1608.0,186.8258079218253,-43.2449734210968,0.1931927642855833,-43.05178065681122,1.1291918158649306
3217,1608.5,183.35000897374815,-43.24137818813324,0.18959851135902336,-43.05177967677422,1.1399564145547183
3218,1609.0,180.01755295668397,-43.23793143033981,0.18615248643902865,-43.051778943900786,1.148623044520368
3219,1609.5,176.84691950527872,-43.2346510887146,0.18287379893954983,-43.05177728977505,1.155164788328632
3220,1610.0,173.85510804183028,-43.23155653476715,0.1797800276170848,-43.051776507150066,1.159561186439144
3221,1610.5,171.05751507587954,-43.22866243124008,0.17688709368868408,-43.0517753375514,1.1618258599685616
3222,1611.0,168.46767162740392,-43.22598338127136,0.17420898930662101,-43.05177439196474,1.1619882774736479
3223,1611.5,166.09722787347212,-43.22353148460388,0.1717577616818102,-43.05177372292207,1.1600688016301899
3224,1612.0,163.95600582001626,-43.22131645679474,0.16954356755061453,-43.05177288924413,1.1560986911293585
3225,1612.5,162.05200302984886,-43.21934777498245,0.16757467702991186,-43.05177309795254,1.1501031497916803
3226,1613.0,160.39141527413446,-43.21762990951538,0.16585749704052036,-43.05177241247486,1.142121124980555
3227,1613.5,158.97867073039419,-43.21616876125336,0.16439660667065903,-43.0517721545827,1.1321940602597635
3228,1614.0,157.81649452248433,-43.214967131614685,0.1631948239154254,-43.05177230769926,1.1203610734938385
3229,1614.5,156.90590688913412,-43.21402567625046,0.16225320378291774,-43.05177247246754,1.1066801461411448
3230,1615.0,156.24623496837805,-43.213343501091,0.16157105048027676,-43.05177245061073,1.0912201755997768
3231,1615.5,155.83514028131228,-43.21291881799698,0.16114594583407826,-43.0517728721629,1.0740400296995276
3232,1616.0,155.66858574268565,-43.21274709701538,0.16097371517665726,-43.05177338183872,1.0552165160107356
3233,1616.5,155.74090040882155,-43.2128227353096,0.1610484943006155,-43.051774241008985,1.0348377766331405
3234,1617.0,156.04485060234964,-43.21313655376434,0.16136280300745862,-43.05177375075689,1.012996837890178
3235,1617.5,156.5716840030587,-43.21368211507797,0.16190759070104935,-43.051774524376924,0.9897838871828437
3236,1618.0,157.31123362371991,-43.21444761753082,0.1626723439068895,-43.05177527362393,0.9653052608905623
3237,1618.5,158.25205515173636,-43.21542191505432,0.16364522829432349,-43.05177668676,0.9396697243471708
3238,1619.0,159.38155508924362,-43.21659058332443,0.16481322118360744,-43.051777362140825,0.912994421060471
3239,1619.5,160.68610466115982,-43.21794044971466,0.16616222933590472,-43.05177822037876,0.8853914040101593
3240,1620.0,162.151252331078,-43.219456255435944,0.1676773087116434,-43.0517789467243,0.8569834025298506
3241,1620.5,163.7618508816159,-43.22112286090851,0.1693427958817188,-43.05178006502679,0.8278904704568576
3242,1621.0,165.50204305755145,-43.22292351722717,0.17114229318135207,-43.05178122404582,0.8278360577434888
3243,1621.5,167.35530959625063,-43.22484141588211,0.17305871837737793,-43.051782697504734,0.8284186509092172
3244,1622.0,169.30461485338478,-43.226858377456665,0.17507445525683382,-43.05178392219983,0.8276804401617073
3245,1622.5,171.33251535615597,-43.22895634174347,0.1771714658796404,-43.05178487586383,0.8256332785613759
3246,1623.0,173.4212442013234,-43.231117248535156,0.17933137785288222,-43.051785870682274,0.8222694727178473
3247,1623.5,175.5528140340992,-43.23332220315933,0.18153559081918735,-43.051786612340145,0.8176057555898132
3248,1624.0,177.7090851097231,-43.23555374145508,0.1837653468378159,-43.05178839461726,0.8116496365325914
3249,1624.5,179.8718442424623,-43.237790524959564,0.1860018120242135,-43.05178871293535,0.8044156967137045
3250,1625.0,182.0228964914055,-43.24001634120941,0.18822617136042444,-43.051790169848985,0.7959208090443448
3251,1625.5,184.144169006848,-43.2422109246254,0.19041973608052376,-43.051791188544875,0.7861911784445139
3252,1626.0,186.2178376963847,-43.24435633420944,0.1925640746534456,-43.051792259555995,0.7752353978176204
3253,1626.5,188.22638474401617,-43.24643450975418,0.19464107226231955,-43.05179343749186,0.7630585653133397
3254,1627.0,190.15269022905267,-43.24842703342438,0.19663302554571388,-43.05179400787866,0.7496643838411042
3255,1627.5,191.98003608150012,-43.25031852722168,0.1985226466878199,-43.05179588053386,0.7350582405525816
3256,1628.0,193.69197602920997,-43.252089619636536,0.2002929289334472,-43.051796690703085,0.7256122060259362
3257,1628.5,195.2725386369677,-43.253724098205566,0.20192735654661143,-43.051796741658954,0.7177248240353682
3258,1629.0,196.70657217631918,-43.255207538604736,0.2034102614334003,-43.05179727717134,0.7096108561765623
3259,1629.5,197.97989690982808,-43.25652664899826,0.2047269806160237,-43.05179966838224,0.7013314640130682
3260,1630.0,199.07918401521937,-43.25766372680664,0.2058637310307357,-43.0517999957759,0.6929461072010934
3261,1630.5,199.99198784936996,-43.258608758449554,0.2068076428913702,-43.051801115558185,0.6845119801865175
3262,1631.0,200.70690599322364,-43.25934839248657,0.2075469251885291,-43.05180146729804,0.676091132105462
3263,1631.5,201.21364342850853,-43.25987297296524,0.2080709320534192,-43.051802040911824,0.6677359008976655
3264,1632.0,201.50314385598955,-43.26017326116562,0.20837029855138353,-43.05180296261423,0.659511554155881
3265,1632.5,201.5675237467185,-43.2602401971817,0.20843687248564177,-43.05180332469606,0.6514678619316635
3266,1633.0,201.40002500832296,-43.26006633043289,0.20826366545046318,-43.05180266498243,0.6436613575654394
3267,1633.5,200.99507102807493,-43.25964790582657,0.207844910784163,-43.05180299504241,0.6361510370155532
3268,1634.0,200.34819788950807,-43.258979856967926,0.20717599244160664,-43.05180386452632,0.6289987913239138
3269,1634.5,199.4560692343047,-43.25805747509003,0.20625346036258443,-43.051804014727445,0.6222581722678522
3270,1635.0,198.3165147883818,-43.25687801837921,0.20507507031085298,-43.05180294806836,0.6159812414661044
3271,1635.5,196.92848992781296,-43.255443811416626,0.20363974206207802,-43.051804069354546,0.6102293186328543
3272,1636.0,195.29209113488704,-43.25375038385391,0.20194757538663008,-43.05180280846728,0.6050680110434886
3273,1636.5,193.40855060445804,-43.25180280208588,0.1999998444721208,-43.05180295761375,0.611707509937663
3274,1637.0,191.28006612418793,-43.249601900577545,0.19779882200602547,-43.05180307857152,0.6211735140818277
3275,1637.5,188.90970121618605,-43.247149884700775,0.1953476759141855,-43.05180220878659,0.6305206006361218
3276,1638.0,186.3015760862156,-43.24445354938507,0.19265066681749515,-43.05180288256758,0.6397075633464347
3277,1638.5,183.46093801479697,-43.24151450395584,0.18971322082190836,-43.05180128313393,0.6487110830074329
3278,1639.0,180.39402571289665,-43.238343238830566,0.18654178925141832,-43.051801449579145,0.6575114648162246
3279,1639.5,177.10796573501037,-43.234944224357605,0.18314374153093574,-43.05180048282667,0.6660761971482946
3280,1640.0,173.61086198505615,-43.23132735490799,0.17952745774251055,-43.05179989716548,0.6744142020825885
3281,1640.5,169.91195640846277,-43.2275013923645,0.17570249479374897,-43.051798897570755,0.6825414497486664
3282,1641.0,166.02159696847568,-43.22347867488861,0.17167955330276335,-43.051799121585844,0.690457752010194
3283,1641.5,161.95118935787465,-43.21926748752594,0.1674704276642427,-43.0517970598617,0.6981757195635613
3284,1642.0,157.7131323234615,-43.21488547325134,0.1630879391698221,-43.05179753408152,0.7056990818977819
3285,1642.5,153.3206023087399,-43.210341811180115,0.15854571331146236,-43.05179609786865,0.713022133373123
3286,1643.0,148.78742272979835,-43.2056530714035,0.15385804460230237,-43.0517950268012,0.72014832791709
3287,1643.5,144.12812140175086,-43.20083397626877,0.14903995596017197,-43.0517940203086,0.7270747185170676
3288,1644.0,139.35799379492653,-43.19590014219284,0.1441072641195298,-43.051792878073314,0.733801305788686
3289,1644.5,134.49302748313505,-43.190868854522705,0.13907650150495296,-43.05179235301775,0.7403519623428201
3290,1645.0,129.5497957577507,-43.18575608730316,0.13396480621962706,-43.05179128108353,0.7478377352659785
3291,1645.5,124.54539938648779,-43.18058001995087,0.12878986181928181,-43.05179015813159,0.7550890413587451
3292,1646.0,119.4973946178919,-43.17535799741745,0.1235698228631012,-43.051788174554346,0.7615925538946554
3293,1646.5,114.42374359801302,-43.17011022567749,0.11832326364061456,-43.05178696203688,0.7733276518668402
3294,1647.0,109.34275961125637,-43.16485571861267,0.11306912154637541,-43.0517865970663,0.7844005839478583
3295,1647.5,104.27302274215053,-43.15961146354675,0.10782660986751288,-43.05178485367924,0.7947475873679528
3296,1648.0,99.23327121761692,-43.15439957380295,0.10261510542298485,-43.051784468379964,0.804326852480251
3297,1648.5,94.24230721833325,-43.14923769235611,0.09745405116502653,-43.051783641191086,0.8130925305360843
3298,1649.0,89.31894513237063,-43.14414435625076,0.09236290266929004,-43.05178145358147,0.8210083752364685
3299,1649.5,84.48195229663278,-43.13914132118225,0.08736106685677332,-43.05178025432548,0.8280371894863701
3300,1650.0,79.74999765717965,-43.134246945381165,0.08246784890450588,-43.05177909647666,0.8341462096460069
3301,1650.5,75.14156668243783,-43.12947976589203,0.07770236425903218,-43.051777401633,0.8393093902666656
3302,1651.0,70.67486899457901,-43.124859631061554,0.07308344311990055,-43.051776187941655,0.8435014589066318
3303,1651.5,66.36779842015558,-43.120405197143555,0.06862958912883879,-43.051775608014715,0.846701997904724
3304,1652.0,62.237835491121515,-43.11613309383392,0.06435887854804506,-43.05177421528588,0.8488850000063582
3305,1652.5,58.30194185658837,-43.11206305027008,0.06028885107353435,-43.051774199196544,0.8500434736727367
3306,1653.0,54.576487545548886,-43.10820823907852,0.05643643461900189,-43.05177180445952,0.8501688959015089
3307,1653.5,51.07716180400166,-43.10458940267563,0.05281785311430909,-43.05177154956132,0.8513871975646014
3308,1654.0,47.81886660396806,-43.10121923685074,0.04944851638532603,-43.05177072046541,0.8705561212632866
3309,1654.5,44.81562399029015,-43.098112404346466,0.04634292434314161,-43.05176948000332,0.8885254283996679
3310,1655.0,42.080503450967555,-43.09528374671936,0.04351459187920755,-43.05176915484015,0.9052411098150691
3311,1655.5,39.62551773983626,-43.09274482727051,0.04097594113769158,-43.05176888613282,0.9206644507058249
3312,1656.0,37.46153297873596,-43.090505719184875,0.03873820855395894,-43.05176751063092,0.9347584330664903
3313,1656.5,35.59818379546501,-43.08857840299606,0.03681135710045937,-43.0517670458956,0.9474819715085923
3314,1657.0,34.043801911193924,-43.086970150470734,0.03520400244042536,-43.05176614803031,0.958809473895464
3315,1657.5,32.80534099711037,-43.08568984270096,0.03392333522365857,-43.051766507477296,0.9687096661714278
3316,1658.0,31.88832010151121,-43.08474159240723,0.03297506258563752,-43.05176652982159,0.9894287155869806
3317,1658.5,31.296750909421394,-43.084129333496094,0.03236333292817048,-43.05176600056792,1.0091027140832514
3318,1659.0,31.033090339580465,-43.083856642246246,0.032090686900904296,-43.051765955345346,1.027432594799558
3319,1659.5,31.098226527185975,-43.08392357826233,0.03215804290636473,-43.05176553535596,1.044366210499033
3320,1660.0,31.491426255106976,-43.084330558776855,0.032564642739644635,-43.05176591603721,1.0598527613181747
3321,1660.5,32.21031195305561,-43.08507442474365,0.03330802780371555,-43.05176639693994,1.0738593174977455
3322,1661.0,33.25087651997983,-43.086151003837585,0.03438405443696228,-43.05176694940062,1.0863417724285866
3323,1661.5,34.60749975142458,-43.08755397796631,0.03578691090038257,-43.051767067065924,1.0972630370767098
3324,1662.0,36.27293439336832,-43.08927667140961,0.037509102956143486,-43.051767568453464,1.106596988427361
3325,1662.5,38.23833526046753,-43.09130948781967,0.039541483978165134,-43.05176800384151,1.114322889719608
3326,1663.0,40.49331974668958,-43.09364330768585,0.04187331752493419,-43.05176999016092,1.1204133057248813
3327,1663.5,43.025999177821404,-43.09626251459122,0.044492309760494786,-43.051770204830724,1.1248572362228069
3328,1664.0,45.823018395843285,-43.09915554523468,0.04738465038784353,-43.05177089484684,1.1276467384884172
3329,1664.5,48.869633819535004,-43.10230737924576,0.05053509336981303,-43.05177228587595,1.1287790284860602
3330,1665.0,52.14980830847591,-43.105699241161346,0.053927055026003,-43.051772186135345,1.1282576911861004
3331,1665.5,55.646305623233495,-43.1093168258667,0.05754271171213809,-43.05177411415456,1.126077679715925
3332,1666.0,59.34083495305645,-43.11313831806183,0.06136314927321274,-43.051775168788616,1.1222624711500677
3333,1666.5,63.21416849577865,-43.11714547872543,0.06536848463047606,-43.05177699409496,1.1168292735250998
3334,1667.0,67.24625995575268,-43.1213161945343,0.0695379883177323,-43.05177820621657,1.1098013962557316
3335,1667.5,71.41638288535793,-43.12562960386276,0.0738502275374778,-43.051779376325285,1.1012157769392508
3336,1668.0,75.70328216901507,-43.13006430864334,0.0782832228074362,-43.051781085835906,1.0911090512316264
3337,1668.5,80.08531336603323,-43.13459664583206,0.08281459205215982,-43.0517820537799,1.0795258069488416
3338,1669.0,84.54056296751918,-43.13920575380325,0.087421674958251,-43.051784078845,1.066517789813654
3339,1669.5,89.04698276234552,-43.143866181373596,0.09208167191947418,-43.05178450945412,1.0521376344818776
3340,1670.0,93.58248671181963,-43.14855796098709,0.09677174421287878,-43.05178621677421,1.0364340155155336
3341,1670.5,98.12507173818753,-43.15325689315796,0.10146913890373184,-43.05178775425423,1.0194648320756763
3342,1671.0,102.65293334576751,-43.1579412817955,0.10615130840697824,-43.05178997338852,1.0012850824791923
3343,1671.5,107.14457714817979,-43.16258615255356,0.11079602581527837,-43.05179012673828,0.9819570013289953
3344,1672.0,111.57899907213752,-43.16717332601547,0.11538157124407941,-43.05179175477139,0.9615374880772141
3345,1672.5,115.93582249434165,-43.17168003320694,0.11988687364208639,-43.05179315956485,0.9400996899196803
3346,1673.0,120.19545330796355,-43.17608618736267,0.12429167114235469,-43.05179451622032,0.9177110636887126
3347,1673.5,124.33922059184896,-43.18037235736847,0.12857665652544997,-43.051795700843016,0.8944501085636182
3348,1674.0,128.34952529252493,-43.18451946973801,0.13272363096848436,-43.05179583876952,0.8704086979728092
3349,1674.5,132.20998031958518,-43.18851280212402,0.13671564891490223,-43.05179715320912,0.8456745964843158
3350,1675.0,135.9055149148037,-43.192335307598114,0.1405371260004557,-43.05179818159766,0.8203602977168482
3351,1675.5,139.42252134662857,-43.19597375392914,0.144173990746994,-43.051799763182146,0.7945849160762682
3352,1676.0,142.7489537607176,-43.199413776397705,0.14761378678178985,-43.051799989615915,0.7684599098523235
3353,1676.5,145.87432722513762,-43.2026464343071,0.15084567185019948,-43.0518007624569,0.7420975647282664
3354,1677.0,148.7895573099771,-43.205662190914154,0.15386025192820618,-43.051801938985946,0.7155868308411448
3355,1677.5,151.48700177277678,-43.20845079421997,0.15664962432847523,-43.0518011698915,0.6890596653502962
3356,1678.0,153.96071732638725,-43.21100914478302,0.15920764321876807,-43.05180150156425,0.662648593240256
3357,1678.5,156.20661255242595,-43.213331282138824,0.1615300777466346,-43.05180120439219,0.6365105078507011
3358,1679.0,158.22243241075753,-43.21541655063629,0.1636145960209825,-43.05180195461531,0.6107770538686965
3359,1679.5,160.00761780079225,-43.21726256608963,0.16546061988727487,-43.05180194620235,0.6014615622985746
3360,1680.0,161.56306373413096,-43.21887093782425,0.16706907485878617,-43.05180186296546,0.6209899495384202
3361,1680.5,162.89090563138177,-43.22024369239807,0.16844216913049107,-43.05180152326758,0.6403629473651922
3362,1681.0,163.99448039153665,-43.22138422727585,0.16958335332169944,-43.05180087395415,0.6594782659674613
3363,1681.5,164.87828847479045,-43.222298324108124,0.17049728126667152,-43.051801042841454,0.6782407643355725
3364,1682.0,165.54794567892623,-43.22299063205719,0.17118976014755977,-43.05180087190963,0.696544848752123
3365,1682.5,166.01024722370605,-43.2234673500061,0.1716678167627726,-43.05179953324333,0.7143015874337868
3366,1683.0,166.273245243733,-43.22373914718628,0.17193977766076532,-43.05179936952551,0.7314470238368966
3367,1683.5,166.346269424519,-43.22381412982941,0.17201529047937786,-43.05179883935003,0.7479140493013711
3368,1684.0,166.23985963005606,-43.22370272874832,0.17190525427737754,-43.051797474470945,0.7636448469809287
3369,1684.5,165.9656200933637,-43.22341948747635,0.17162166875587315,-43.05179781872047,0.7785960298161451
3370,1685.0,165.5359877953421,-43.222973108291626,0.17117739474360236,-43.051795713548024,0.7927060662516938
3371,1685.5,164.9641745508882,-43.22238200902939,0.17058609430936372,-43.051795914720024,0.8059191964683514
3372,1686.0,164.26404725881397,-43.22165608406067,0.16986210693089512,-43.051793977129776,0.8181799575313257
3373,1686.5,163.44997210811525,-43.22081410884857,0.16902028839174824,-43.05179382045682,0.8294438508071003
3374,1687.0,162.536809851834,-43.219868659973145,0.16807600589408572,-43.05179265407906,0.8396691169898852
3375,1687.5,161.5397386680694,-43.218836545944214,0.16704495488285936,-43.05179159106135,0.8488436307180458
3376,1688.0,160.47405426010175,-43.21773362159729,0.16594295233341788,-43.05179066926387,0.8569339023860946
3377,1688.5,159.35505210439734,-43.21657580137253,0.16478581498656633,-43.05178998638596,0.8639144333746827
3378,1689.0,158.1979899381449,-43.21537804603577,0.1635893205576911,-43.051788725478076,0.8697847977528176
3379,1689.5,157.01803308588083,-43.2141569852829,0.16236915120013642,-43.05178783408276,0.8745321131503169
3380,1690.0,155.83019859728785,-43.212927520275116,0.16114083573923899,-43.05178668453588,0.8781673682396188
3381,1690.5,154.64931876240624,-43.211705327034,0.159919711944151,-43.05178561508985,0.8806941544367639
3382,1691.0,153.48990231922062,-43.21050637960434,0.15872078300543116,-43.05178559659891,0.8821287146576811
3383,1691.5,152.36601033188177,-43.20934218168259,0.15755858918324112,-43.05178359249935,0.8824973984195638
3384,1692.0,151.29115256103216,-43.20823031663895,0.15644710064600878,-43.05178321599294,0.8818275291845229
3385,1692.5,150.2782410330502,-43.20718210935593,0.15539966945732928,-43.051782439898595,0.8801458158467932
3386,1693.0,149.33954760161686,-43.206210255622864,0.15442898569124483,-43.05178126993162,0.8774672289442639
3387,1693.5,148.48653201921803,-43.20532774925232,0.1535468996444859,-43.05178084960783,0.8738101551769866
3388,1694.0,147.72984830751017,-43.204544842243195,0.1527644284239365,-43.05178041381926,0.8692152337365492
3389,1694.5,147.07941667899826,-43.2038716673851,0.15209183031937715,-43.05177983706572,0.8637003921871518
3390,1695.0,146.54443904190057,-43.20331782102585,0.1515386208367498,-43.051779200189095,0.8572824404426281
3391,1695.5,146.13347391304126,-43.20289272069931,0.15111365016405484,-43.051779070535254,0.8669070851124117
3392,1696.0,145.85423946688368,-43.20260316133499,0.1508248995083665,-43.05177826182663,0.877539490680464
3393,1696.5,145.71342182952532,-43.20245772600174,0.15067928285655566,-43.05177844314518,0.8871692000323865
3394,1697.0,145.71669278080427,-43.2024610042572,0.1506826652806782,-43.051778338976526,0.8957687233826654
3395,1697.5,145.86871884307834,-43.202617168426514,0.15083987233649604,-43.051777296090016,0.9033143629376068
3396,1698.0,146.17323250109413,-43.20293229818344,0.15115476371049402,-43.05177753447295,0.9097909264859064
3397,1698.5,146.63305473493608,-43.20340716838837,0.1516302565207436,-43.05177691186762,0.915188551681052
3398,1699.0,147.25009175513443,-43.20404553413391,0.15226832194074455,-43.051777212193166,0.9194781487440237
3399,1699.5,148.02536039249102,-43.20484757423401,0.15307001145452687,-43.051777562779485,0.9226440369201039
3400,1700.0,148.95899917048334,-43.20581233501434,0.15403546830639836,-43.05177686670795,0.9246827647819755
3401,1700.5,150.0503031219307,-43.20694237947464,0.15516396350415024,-43.05177841597049,0.9255787805552466
3402,1701.0,151.29774256045152,-43.20823222398758,0.15645391523023905,-43.05177830875734,0.9253305069648802
3403,1701.5,152.69898789124096,-43.20968151092529,0.15790291449810653,-43.051778596427184,0.9239443269893542
3404,1702.0,154.25092019444526,-43.21128714084625,0.1595077360962317,-43.05177940475002,0.9214050987691098
3405,1702.5,155.94967936732598,-43.213042974472046,0.16126438837096263,-43.051778586101086,0.9177401018130974
3406,1703.0,157.7907568544276,-43.21494781970978,0.16316820911689484,-43.05177961059288,0.9129566503507871
3407,1703.5,159.7690123603164,-43.21699285507202,0.16521388285917435,-43.051778972212844,0.9070726415656281
3408,1704.0,161.87856176575278,-43.21917623281479,0.1673953249498934,-43.051780907864895,0.9000782789954722
3409,1704.5,164.11279162187458,-43.221485793590546,0.16970569655623038,-43.05178009703432,0.8919856458863223
3410,1705.0,166.46450845024285,-43.22391825914383,0.17213755904858744,-43.05178070009524,0.8828149612939573
3411,1705.5,168.92592680618753,-43.226464688777924,0.17468286165713928,-43.051781827120784,0.8725728835053904
3412,1706.0,171.48852636396583,-43.229113817214966,0.17733279368650517,-43.05178102352846,0.8612647352145351
3413,1706.5,174.14299474401807,-43.23185974359512,0.18007772539457811,-43.05178201820055,0.8489195344835994
3414,1707.0,176.87940388968858,-43.234690487384796,0.18290739038010115,-43.051783097004694,0.8355649320239477
3415,1707.5,179.687377851522,-43.2375950217247,0.18581105908499193,-43.05178396263971,0.8212440694021054
3416,1708.0,182.5561840981486,-43.240562200546265,0.18877763321707036,-43.05178456732919,0.8060166025798775
3417,1708.5,185.47484916745051,-43.24358093738556,0.19179576534257495,-43.05178517204298,0.7943111468015581
3418,1709.0,188.4320348100548,-43.246640384197235,0.1948537308086706,-43.05178665338857,0.7881403469675516
3419,1709.5,191.41585627388866,-43.24972611665726,0.19793923983520684,-43.05178687682205,0.7812284346300498
3420,1710.0,194.41386304734715,-43.252827882766724,0.2010394176016196,-43.0517884651651,0.7735955646092383
3421,1710.5,197.4131538030765,-43.25592988729477,0.20414092310795742,-43.05178896418681,0.7652661236069815
3422,1711.0,200.4006610643186,-43.25901937484741,0.2072302435425524,-43.05178913130486,0.7562537424132769
3423,1711.5,203.36336255799372,-43.26208472251892,0.21029391283794027,-43.05179080968098,0.7465830829966722
3424,1712.0,206.2883372778722,-43.265109837055206,0.21331856964464452,-43.051791267410565,0.7362788506487324
3425,1712.5,209.1628926998026,-43.26808339357376,0.21629108888185408,-43.05179230469191,0.7253489368737023
3426,1713.0,211.97458071385626,-43.270992159843445,0.21919859821252943,-43.051793561630916,0.7138200665483306
3427,1713.5,214.7109868308873,-43.273822486400604,0.22202826006619805,-43.05179422633441,0.7017144188654822
3428,1714.0,217.35964800329631,-43.276562333106995,0.2247671866590792,-43.051795146447915,0.6890577577713775
3429,1714.5,219.90864714977755,-43.27919888496399,0.22740305478002082,-43.05179583018397,0.6758832473318204
3430,1715.0,222.34714168055547,-43.281721234321594,0.2299246523276861,-43.051796581993905,0.6622189243562117
3431,1715.5,224.6648965013374,-43.28411787748337,0.2323213953994488,-43.05179648208392,0.6480950756990763
3432,1716.0,226.8517381997291,-43.28638011217117,0.23458276387667787,-43.05179734829449,0.6429446009754188
3433,1716.5,228.8976377264908,-43.28849595785141,0.23669838692374132,-43.05179757092767,0.6486038019993513
3434,1717.0,230.79307025854936,-43.29045635461807,0.2386584151150201,-43.051797939503054,0.6540799696545742
3435,1717.5,232.5290803364513,-43.292252123355865,0.2404535877922224,-43.05179853556364,0.6593149780523754
3436,1718.0,234.09727034598583,-43.293874621391296,0.24207522115346436,-43.05179940023783,0.6642589607901285
3437,1718.5,235.48982849969602,-43.295314610004425,0.24351523718838106,-43.05179937281604,0.6688614122462775
3438,1719.0,236.69965465180027,-43.296567142009735,0.24476629378077547,-43.05180084822896,0.6730736590909516
3439,1719.5,237.72061323068695,-43.29762268066406,0.24582204626096135,-43.0518006344031,0.6768658496115741
3440,1720.0,238.54767526316746,-43.298478066921234,0.24667729427015195,-43.051800772651085,0.6802030316071396
3441,1720.5,239.17697273897224,-43.299129605293274,0.24732803797767833,-43.05180156731559,0.6830564214165812
3442,1721.0,239.60584140913383,-43.299573600292206,0.2477715223379262,-43.05180207795428,0.685415391117558
3443,1721.5,239.83271960766163,-43.29980790615082,0.24800613246388942,-43.051801773686925,0.6872592764420524
3444,1722.0,239.85700563329013,-43.299832224845886,0.2480312461485397,-43.051800978697344,0.6885925125957001
3445,1722.5,239.67894652151645,-43.29964900016785,0.24784711884625504,-43.051801881321595,0.6894148731674058
3446,1723.0,239.29946018478648,-43.29925638437271,0.24745469975160755,-43.051801684621104,0.6920395856759033
3447,1723.5,238.72005998265954,-43.29865741729736,0.24685555379890614,-43.051801863498454,0.7206369085284207
3448,1724.0,237.9431399779002,-43.29785341024399,0.2460521566397137,-43.051801253604275,0.748520512064665
3449,1724.5,236.97262302407987,-43.29684901237488,0.24504856481704096,-43.05180044755784,0.7755707454979788
3450,1725.0,235.8142814826552,-43.2956508398056,0.24385074741234763,-43.05180009239326,0.801665881931989
3451,1725.5,234.4749892374699,-43.29426580667496,0.24246581256896743,-43.05179999410599,0.8266958923680393
3452,1726.0,232.96219767358818,-43.29270029067993,0.2409014656124885,-43.05179882506744,0.8505422268824402
3453,1726.5,231.28418583482932,-43.29096478223801,0.23916626773356695,-43.05179851450444,0.8731010724151594
3454,1727.0,229.4501108332789,-43.289067566394806,0.2372696881153759,-43.05179787827943,0.8942803138447901
3455,1727.5,227.4697638434237,-43.28701967000961,0.23522185161210837,-43.0517978183975,0.9139605725829568
3456,1728.0,225.353393564768,-43.28482937812805,0.23303335619526303,-43.05179602193279,0.9320658175232202
3457,1728.5,223.11186642886526,-43.28251165151596,0.2307154386204738,-43.05179621289549,0.9484897125403549
3458,1729.0,220.75662285350438,-43.280075430870056,0.2282799291908546,-43.0517955016792,0.9631619845869008
3459,1729.5,218.2995008393415,-43.27753311395645,0.2257390693418678,-43.05179404461458,0.976000208457454
3460,1730.0,215.75227644685114,-43.27489793300629,0.22310503645789498,-43.05179289654839,0.9869377025448356
3461,1730.5,213.12627756631326,-43.27218174934387,0.22038954447964407,-43.05179220486423,0.9959206262301061
3462,1731.0,210.4325817766446,-43.26939654350281,0.21760404850593856,-43.05179249499687,1.002896195710514
3463,1731.5,207.68223286929975,-43.26655125617981,0.21475996869667516,-43.051791287483134,1.0078267243268344
3464,1732.0,204.88622414401996,-43.26365917921066,0.21186867299929785,-43.05179050621137,1.0106857320264988
3465,1732.5,202.0554280427846,-43.26073116064072,0.20894140438469966,-43.051789756256014,1.0114499210929577
3466,1733.0,199.20038042077294,-43.25777852535248,0.20598905776621634,-43.05178946758626,1.0101166940827244
3467,1733.5,196.33131446186005,-43.25481069087982,0.20302221507095025,-43.05178847580887,1.0066765758619762
3468,1734.0,193.45839358031859,-43.25183880329132,0.20005138607867842,-43.051787417212644,1.0011461458270225
3469,1734.5,190.59124913538008,-43.24887406826019,0.19708653038189214,-43.0517875378783,0.9948257584627404
3470,1735.0,187.73853219708477,-43.24592345952988,0.19413659387598825,-43.05178686565389,0.9928328287177463
3471,1735.5,184.90799981868068,-43.24299615621567,0.1912095979718006,-43.05178655824387,0.9888160883407733
3472,1736.0,182.10660533043074,-43.24009823799133,0.1883127329665875,-43.051785505024746,0.9827784839124662
3473,1736.5,179.3405385323277,-43.237238109111786,0.18545239960649998,-43.05178570950529,0.9747485072834715
3474,1737.0,176.61530223146264,-43.23442018032074,0.18263428823231637,-43.051785892088425,0.9647522060403992
3475,1737.5,173.93567041254872,-43.23164838552475,0.17986333552443243,-43.05178505000032,0.9528376399510351
3476,1738.0,171.30563017778687,-43.22892874479294,0.1771436644640586,-43.05178508032888,0.9390476409087379
3477,1738.5,168.72846561909535,-43.22626310586929,0.174478671063785,-43.051784434805505,0.9234538179928814
3478,1739.0,166.20675579131617,-43.22365540266037,0.17187102227171536,-43.05178438038865,0.9061065109618183
3479,1739.5,163.74225867330648,-43.22110605239868,0.16932253597799424,-43.051783516420684,0.8871081656375742
3480,1740.0,161.33588134338464,-43.21861809492111,0.16683415017384298,-43.05178394474727,0.8665299518330292
3481,1740.5,158.98771207683623,-43.21618968248367,0.16440595614293713,-43.05178372634074,0.8444815855431679
3482,1741.0,156.69709130974437,-43.21382147073746,0.16203727184365868,-43.0517841988938,0.8210583190718449
3483,1741.5,154.46260883038306,-43.211510717868805,0.15972663900477302,-43.05178407886403,0.8235664372566187
3484,1742.0,152.28220684303156,-43.209256410598755,0.15747192970162108,-43.05178448089713,0.8319573578078673
3485,1742.5,150.15335715769123,-43.20705562829971,0.15527052958439805,-43.051785098715314,0.8400716198903297
3486,1743.0,148.0731232756371,-43.20490437746048,0.1531194020795582,-43.05178497538092,0.8489890677851396
3487,1743.5,146.0382149048043,-43.20279997587204,0.15101514476306604,-43.051784831108975,0.8571056688497839
3488,1744.0,144.0450274933949,-43.20074009895325,0.1489540302412943,-43.051786068711955,0.8643960143624004
3489,1744.5,142.08965051339743,-43.19871699810028,0.1469320147168429,-43.051784983383435,0.870854077495605
3490,1745.0,140.1679135135851,-43.19673079252243,0.14494478561100663,-43.05178600691142,0.8764632016850575
3491,1745.5,138.27542128018428,-43.194774091243744,0.1429877979227067,-43.05178629332104,0.8812168540034935
3492,1746.0,136.40761767439946,-43.19284200668335,0.1410563402415755,-43.05178566644177,0.8851263358377751
3493,1746.5,134.55983335255988,-43.19093185663223,0.1391455840943888,-43.051786272537846,0.8882060579765777
3494,1747.0,132.7273374805115,-43.1890372633934,0.13725063742186547,-43.05178662597154,0.890472864096183
3495,1747.5,130.9054148301308,-43.18715387582779,0.13536662430260282,-43.051787251525184,0.8919318852061314
3496,1748.0,129.08939308796482,-43.18527674674988,0.13348871319238526,-43.05178803355749,0.8925958267154972
3497,1748.5,127.27479629326739,-43.183399856090546,0.13161227559133365,-43.05178758049921,0.8924754848471228
3498,1749.0,125.45750834530493,-43.181520819664,0.12973305512348132,-43.05178776454052,0.8915839721945343
3499,1749.5,123.63374193784652,-43.1796355843544,0.12784713541256265,-43.051788448941835,0.8899337703688798
3500,1750.0,121.80004129774652,-43.17773950099945,0.12595094291392564,-43.051788558085526,0.8875365115986841
3501,1750.5,119.95340322314868,-43.17582952976227,0.12404137207767456,-43.05178815768459,0.8844124928144419
3502,1751.0,118.09137634051353,-43.17390418052673,0.12211588798834105,-43.05178829253839,0.8805728764650255
3503,1751.5,116.21205509350206,-43.1719611287117,0.1201725201489112,-43.05178860856279,0.8760311036692274
3504,1752.0,114.31410053471166,-43.16999816894531,0.11820988398113629,-43.051788284964175,0.8708021373786717
3505,1752.5,112.39680611220993,-43.168015480041504,0.11622724885404812,-43.05178823118746,0.8649055522967277
3506,1753.0,110.46010919554878,-43.16601300239563,0.11422455000277541,-43.051788452392856,0.858361960253142
3507,1753.5,108.50460422817999,-43.163991034030914,0.11220240212918908,-43.05178863190172,0.8511779520286695
3508,1754.0,106.53151767845416,-43.16194945573807,0.11016207349924018,-43.05178738223883,0.8433751831694872
3509,1754.5,104.54273636401423,-43.159893810749054,0.1081055152326385,-43.05178829551642,0.8349718813084918
3510,1755.0,102.54085516036024,-43.157823741436005,0.1060354106373082,-43.05178833079869,0.8259876731969068
3511,1755.5,100.52915026363885,-43.155742824077606,0.10395514756098273,-43.051787676516625,0.8164407918306571
3512,1756.0,98.51155505840137,-43.15365558862686,0.1018687934365447,-43.05178679519032,0.8063508878701741
3513,1756.5,96.49264568863005,-43.15156787633896,0.099781080361318,-43.05178679597764,0.830299572228299
3514,1757.0,94.47761135434132,-43.14948362112045,0.09769737438138994,-43.05178624673906,0.8548784813189974
3515,1757.5,92.47221657513128,-43.147409558296204,0.09562363646911189,-43.05178592182709,0.8786973507635324
3516,1758.0,90.48280078631176,-43.14535194635391,0.09356642210547188,-43.05178552424844,0.9016651684616418
3517,1758.5,88.51625358081186,-43.143318474292755,0.09153285567824901,-43.05178561861451,0.9237011602710677
3518,1759.0,86.57994839348412,-43.141315281391144,0.08953056190630455,-43.051784719484836,0.9447488507876504
3519,1759.5,84.68171788721568,-43.13935101032257,0.08756764038686077,-43.05178336993571,0.96473370635619
3520,1760.0,82.82977568230665,-43.13743668794632,0.0856525846574445,-43.051784103288874,0.9835970597069363
3521,1760.5,81.03261055421098,-43.13557720184326,0.08379417278792518,-43.051783029055336,1.0013044607031436
3522,1761.0,79.29894158810441,-43.13378345966339,0.08200142100676654,-43.051782038656626,1.017808080531517
3523,1761.5,77.63762098604853,-43.132065296173096,0.08028348319589372,-43.051781812977204,1.0330852172872271
3524,1762.0,76.0575789430585,-43.130430817604065,0.07864959388815733,-43.051781223715906,1.0471070900048707
3525,1762.5,74.56771753175553,-43.12888914346695,0.07710895853561288,-43.05178018493134,1.059857454175129
3526,1763.0,73.17681531949523,-43.12745076417923,0.0756706548760353,-43.051780109303195,1.0713184225261998
3527,1763.5,71.8934699903942,-43.1261225938797,0.07434357359952469,-43.05177902028017,1.081483767025783
3528,1764.0,70.72601403139957,-43.12491458654404,0.07313633116118756,-43.05177825538285,1.090353714595928
3529,1764.5,69.68243041848038,-43.12383460998535,0.07205718259394381,-43.05177742739141,1.0979205803314172
3530,1765.0,68.77023793880576,-43.122890532016754,0.07111390292252603,-43.05177662909423,1.104187352134946
3531,1765.5,67.9963903792702,-43.12209111452103,0.07031368291638596,-43.05177743160464,1.1091655859625806
3532,1766.0,67.36720996812808,-43.121440052986145,0.06966306026304382,-43.0517769927231,1.1128607687579977
3533,1766.5,66.88835402925167,-43.120944917201996,0.06916788508593547,-43.05177703211606,1.115283645234054
3534,1767.0,66.5647363298976,-43.12060934305191,0.06883323861173896,-43.05177610444017,1.11644932356408
3535,1767.5,66.40043569012217,-43.12044054269791,0.06866333866523162,-43.051777204032675,1.1163785944026205
3536,1768.0,66.39866313641573,-43.12043708562851,0.06866150570353217,-43.05177557992498,1.1150875953186614
3537,1768.5,66.56175258118486,-43.12060636281967,0.06883015317794285,-43.05177620964173,1.1125837228224795
3538,1769.0,66.89110841063959,-43.12094563245773,0.0691707333356508,-43.05177489912208,1.1089003229076815
3539,1769.5,67.38715962371381,-43.12145960330963,0.06968368979571934,-43.051775913513914,1.104043245362219
3540,1770.0,68.04935131884537,-43.12214422225952,0.0703684487457406,-43.05177577351378,1.0980406971480996
3541,1770.5,68.87612435767205,-43.12300008535385,0.07122339791247753,-43.051776687441375,1.0909113907500987
3542,1771.0,69.86492966028155,-43.124022364616394,0.07224590134429089,-43.051776463272105,1.0826708150434008
3543,1771.5,71.01225936706008,-43.12520945072174,0.07343233163497248,-43.051777119086765,1.073342898476293
3544,1772.0,72.31365545465222,-43.12655472755432,0.0747780788333337,-43.05177664872099,1.0629421102256562
3545,1772.5,73.76375542814998,-43.12805491685867,0.0762775976925681,-43.051777319166106,1.0514862134502752
3546,1773.0,75.35636944079671,-43.12970232963562,0.07792448741816706,-43.051777842217454,1.0390045412132727
3547,1773.5,77.08446036257895,-43.131489992141724,0.07971147105725632,-43.051778521084465,1.0255114277135324
3548,1774.0,78.9401396835069,-43.13340926170349,0.08163039126226179,-43.05177887044123,1.0110286522626875
3549,1774.5,80.91487232140946,-43.13545209169388,0.08367242207848069,-43.0517796696154,1.0027583101894504
3550,1775.0,82.99958315771349,-43.13760817050934,0.08582817911056166,-43.051779991398774,1.0125708136939167
3551,1775.5,85.18468582656521,-43.139868080616,0.08808774929274929,-43.05178033132325,1.021089632587191
3552,1776.0,87.46009874898778,-43.14222210645676,0.09044070746947985,-43.05178139898727,1.0283165570950574
3553,1776.5,89.81515273162957,-43.144657611846924,0.09287602084512825,-43.0517815910018,1.034249980841739
3554,1777.0,92.2385908167353,-43.14716553688049,0.09538204882886615,-43.051783488051626,1.0388902435224343
3555,1777.5,94.71869181606611,-43.14973098039627,0.0979466707785737,-43.051784309617695,1.0422538245808006
3556,1778.0,97.24340971583999,-43.15234172344208,0.10055743015665011,-43.05178429328543,1.0443359047717125
3557,1778.5,99.800449061976,-43.15498626232147,0.10320161248436001,-43.05178464983711,1.0451612035898328
3558,1779.0,102.37732772325393,-43.1576532125473,0.10586631024393897,-43.05178690230336,1.0447371749890753
3559,1779.5,104.96151779160117,-43.16032588481903,0.10853856858071147,-43.05178731623832,1.0430849677932148
3560,1780.0,107.5405438865252,-43.16299271583557,0.1112054869577031,-43.05178722887787,1.0402207338560119
3561,1780.5,110.10203669459263,-43.16564255952835,0.11385427451972588,-43.05178828500863,1.0361599053969364
3562,1781.0,112.63387270971675,-43.16826170682907,0.11647239459596448,-43.051789312233105,1.030938707458358
3563,1781.5,115.12429839362622,-43.17083781957626,0.11904769309178903,-43.05179012648448,1.024590909251699
3564,1782.0,117.56203723428563,-43.17335832118988,0.12156850919568828,-43.05178981199419,1.017157082375445
3565,1782.5,119.93633203739778,-43.1758154630661,0.12402371911205093,-43.05179174395405,1.0086900137614974
3566,1783.0,122.2368859852477,-43.17819458246231,0.12640267511131636,-43.051791907350996,0.999237395799752
3567,1783.5,124.45394424968117,-43.18048840761185,0.12869528992429405,-43.05179311768755,0.9888675145583964
3568,1784.0,126.57845566594878,-43.18268579244614,0.13089220392579412,-43.05179358852034,0.9776177136512604
3569,1784.5,128.60204587855952,-43.184778809547424,0.13298475736530127,-43.051794052182125,0.9655333614512186
3570,1785.0,130.51700600040778,-43.1867595911026,0.13496497863960896,-43.05179461246299,0.9526589853651345
3571,1785.5,132.31634586909723,-43.1886203289032,0.13682563936409964,-43.0517946895391,0.9390331911771821
3572,1786.0,133.99378754587636,-43.19035482406616,0.13856024765012617,-43.051794576416036,0.9246785875437379
3573,1786.5,135.54377374969584,-43.19195872545242,0.14016305682649918,-43.05179566862592,0.9096451156435458
3574,1787.0,136.9614799170508,-43.19342523813248,0.14162907791032414,-43.05179616022215,0.893993571619893
3575,1787.5,138.2427376409393,-43.194750010967255,0.14295400043678713,-43.05179601053047,0.8777764635406022
3576,1788.0,139.38411506812193,-43.19593036174774,0.14413427559632422,-43.05179608615142,0.8610652213841612
3577,1788.5,140.3831592809829,-43.19696348905563,0.1451673668767692,-43.051796122178864,0.8439197912210757
3578,1789.0,141.2385161587426,-43.19784766435623,0.14605187400939312,-43.05179579034684,0.8264154456552542
3579,1789.5,141.94988816030786,-43.19858396053314,0.14678748931300936,-43.051796471220136,0.8086128280075189
3580,1790.0,142.51789953973892,-43.19917094707489,0.14737485831603206,-43.051796088758856,0.7905631354323396
3581,1790.5,142.94401213481405,-43.199611604213715,0.1478154926751454,-43.05179611153857,0.77232862190617
3582,1791.0,143.2305204849161,-43.19990825653076,0.14811176512680946,-43.051796491403955,0.7576613455216287
3583,1791.5,143.38059095988356,-43.200062572956085,0.14826694994960837,-43.05179562300648,0.7752533317622575
3584,1792.0,143.39830074878208,-43.200080156326294,0.1482852632817453,-43.05179489304455,0.7937671103660976
3585,1792.5,143.2886623909491,-43.19996702671051,0.14817188848809607,-43.05179513822242,0.8131439707756719
3586,1793.0,143.0576855009563,-43.19972735643387,0.14793303998873636,-43.05179431644513,0.8333148153181639
3587,1793.5,142.71248564523503,-43.199369728565216,0.14757607584604315,-43.05179365271917,0.8542043557531585
3588,1794.0,142.26135139542174,-43.19890344142914,0.1471095671031943,-43.051793874325945,0.875741575092427
3589,1794.5,141.71375297964087,-43.198336362838745,0.14654330673028385,-43.05179305610846,0.8978470328094111
3590,1795.0,141.08030638154386,-43.19768017530441,0.14588827249986924,-43.051791902804545,0.9204381857092478
3591,1795.5,140.37271336185754,-43.19694745540619,0.1451565649644757,-43.051790890441715,0.9434400716377666
3592,1796.0,139.60374728137046,-43.19615179300308,0.14436139279643503,-43.05179040020665,0.9667713374569232
3593,1796.5,138.7872245585274,-43.19530671834946,0.1435170432727651,-43.05178967507669,0.9903476584542604
3594,1797.0,137.93787167595738,-43.19442743062973,0.14263874474932828,-43.0517886858804,1.0140933665676082
3595,1797.5,137.0712558077214,-43.193530678749084,0.14174259492388064,-43.0517880838252,1.0379138246644057
3596,1798.0,136.20377139153686,-43.19263255596161,0.1408455469506826,-43.05178700901093,1.0617089654565202
3597,1798.5,135.35251897668823,-43.19175112247467,0.13996528415959006,-43.051785838315084,1.0853790463705164
3598,1799.0,134.5352138394355,-43.190904557704926,0.1391201255571087,-43.05178443214782,1.10881101013023
3599,1799.5,133.77014549839336,-43.19011169672012,0.13832898396207186,-43.051782712758055,1.13189748009553
3600,1800.0,133.0760658034235,-43.1893926858902,0.1376112502806426,-43.051781435609556,1.1545204341464173
3601,1800.5,132.47200226978242,-43.18876737356186,0.13698660047895642,-43.0517807730829,1.1765358546710907
3602,1801.0,131.9769584435481,-43.18825304508209,0.13647468573710908,-43.051778359344986,1.1978443915895345
3603,1801.5,131.60976783340493,-43.187872648239136,0.1360949814029897,-43.051777666836145,1.2183123835705814
3604,1802.0,131.38900039158693,-43.187643349170685,0.13586669028612794,-43.051776658884556,1.2378361154592235
3605,1802.5,131.3327523880377,-43.187583923339844,0.13580852537084082,-43.051775397969,1.2562894099115611
3606,1803.0,131.45850990359096,-43.18771320581436,0.13593856865731005,-43.05177463715705,1.2735512040117636
3607,1803.5,131.7829305317791,-43.18804746866226,0.13627404542386662,-43.051773423238394,1.289507378427523
3608,1804.0,132.32164953823715,-43.188603937625885,0.13683112378037698,-43.05177281384551,1.3040419485246724
3609,1804.5,133.08912869428084,-43.18939679861069,0.13762475835012383,-43.051772040260566,1.3171404147079366
3610,1805.0,134.0984687515656,-43.1904394030571,0.13866849635366887,-43.05177090670343,1.3387792242603285
3611,1805.5,135.36124457346148,-43.191745936870575,0.1399743071215642,-43.05177162974901,1.3580427088597549
3612,1806.0,136.8873290242978,-43.19332319498062,0.14155239998180588,-43.051770794998816,1.3748354498437814
3613,1806.5,138.6847438934203,-43.19518119096756,0.1434110701034364,-43.05177012086412,1.3890578361992068
3614,1807.0,140.75947627656961,-43.19732540845871,0.14555650862026678,-43.05176889983844,1.4006419579775777
3615,1807.5,143.11532886900028,-43.19976228475571,0.14799264782203853,-43.05176963693367,1.4095080269355698
3616,1808.0,145.75377615246438,-43.2024906873703,0.15072101244031175,-43.051769674929986,1.4156106057429239
3617,1808.5,148.67377651924008,-43.20551007986069,0.15374052536974794,-43.05176955449094,1.4189032410287556
3618,1809.0,151.87164814684783,-43.20881736278534,0.1570473793126812,-43.05176998347266,1.4193418680321437
3619,1809.5,155.34111425433267,-43.2124058008194,0.1606350835777183,-43.05177071724168,1.4169146107871977
3620,1810.0,159.07331780205104,-43.21626573801041,0.1644944792804891,-43.051771258729914,1.4115962277588918
3621,1810.5,163.0569125826394,-43.220386266708374,0.1686138335389624,-43.05177243316941,1.4034077782774461
3622,1811.0,167.27835875377758,-43.224752366542816,0.17297914507785983,-43.051773221464956,1.3923720573856369
3623,1811.5,171.72197378933413,-43.22934865951538,0.17757419691619775,-43.051774462599184,1.3785159676937955
3624,1812.0,176.36975627057987,-43.234157502651215,0.18238037415336883,-43.05177712849785,1.3618847565941514
3625,1812.5,181.2011528661105,-43.23915433883667,0.18737642300782412,-43.05177791582884,1.3425361502343256
3626,1813.0,186.19324754437406,-43.24431759119034,0.19253864647789545,-43.051778944712446,1.3205443265486436
3627,1813.5,191.32129798697164,-43.24962240457535,0.1978414590358686,-43.05178094553948,1.2959610899158287
3628,1814.0,196.55918701548623,-43.25504046678543,0.2032578534392761,-43.051782613346155,1.2688945656785124
3629,1814.5,201.87944006584374,-43.26054400205612,0.20875941880077828,-43.05178458325534,1.239436904827704
3630,1815.0,207.25322012040348,-43.26610350608826,0.21431633534754116,-43.05178717074072,1.2077329162587709
3631,1815.5,212.650591494566,-43.27168679237366,0.21989764719759694,-43.05178914517606,1.1739049838999684
3632,1816.0,218.04087790572842,-43.277262568473816,0.22547163263166092,-43.051790935842156,1.1380999770494569
3633,1816.5,223.39303228141185,-43.28279894590378,0.2310061865041865,-43.05179275939959,1.1004893253470454
3634,1817.0,228.67547418974695,-43.28826451301575,0.23646865213354054,-43.05179586088221,1.061186974084241
3635,1817.5,233.85634950560697,-43.29362291097641,0.2418260898174646,-43.051796821158945,1.0203665060600522
3636,1818.0,238.90430961935934,-43.298844397068024,0.2470460825969807,-43.05179831447104,0.9782567617856844
3637,1818.5,243.7886648446881,-43.30389738082886,0.2520968948922972,-43.05180048593656,0.9351226337621297
3638,1819.0,248.47925972652098,-43.30875027179718,0.2569473435612749,-43.05180292823591,0.8912165801204377
3639,1819.5,252.9477392309189,-43.31337261199951,0.2615681072406127,-43.0518045047589,0.8467419555535701
3640,1820.0,257.16774573967064,-43.31773775815964,0.2659319300539471,-43.05180582810569,0.8018910762632756
3641,1820.5,261.11343714896236,-43.32181936502457,0.2700120892078576,-43.05180727581671,0.7568480855414799
3642,1821.0,264.759407883808,-43.32559072971344,0.27378231331449654,-43.05180841639894,0.7118749517627029
3643,1821.5,268.0815422040014,-43.32902806997299,0.2772176647779021,-43.05181040519509,0.667302078487188
3644,1822.0,271.0577521248842,-43.332106828689575,0.2802953028628401,-43.051811525826736,0.6235202209217667
3645,1822.5,273.66824950755995,-43.334807097911835,0.28299476505775506,-43.05181233285408,0.5809830749294073
3646,1823.0,275.8954724106464,-43.337111592292786,0.2852978909166165,-43.05181370137617,0.540202198784502
3647,1823.5,277.7240286987862,-43.33900362253189,0.2871887637456281,-43.051814858786265,0.5017690885368349
3648,1824.0,279.1408378894022,-43.34046959877014,0.2886538572840692,-43.051815741486074,0.48558526613388475
3649,1824.5,280.1352220925666,-43.34149754047394,0.28968212974336266,-43.051815410730576,0.48146353980925854
3650,1825.0,280.69894335737155,-43.342080950737,0.2902650624261952,-43.051815888310806,0.4769888815745995
3651,1825.5,280.82623345718065,-43.34221315383911,0.2903966905268407,-43.05181646331227,0.4721784589219253
3652,1826.0,280.513693558495,-43.34188973903656,0.29007349938077653,-43.051816239655786,0.46708805961146754
3653,1826.5,279.75989388049004,-43.34111052751541,0.28929401048076175,-43.05181651703465,0.4618718647114967
3654,1827.0,278.56475425162336,-43.33987456560135,0.28805814092303655,-43.051816424678314,0.45679453288213184
3655,1827.5,276.9298234473206,-43.338183522224426,0.28636749226473623,-43.05181602995969,0.4520060887149437
3656,1828.0,274.8599941985047,-43.33604317903519,0.28422712397929456,-43.051816055055895,0.4472679302186591
3657,1828.5,272.36443399329903,-43.33346098661423,0.28164651597953405,-43.051814470634696,0.44240770073773583
3658,1829.0,269.4551701993097,-43.33045268058777,0.27863810552142465,-43.051814575066345,0.437590875839956
3659,1829.5,266.1459679623379,-43.327029049396515,0.2752161268619874,-43.05181292253453,0.4922922433685358
3660,1830.0,262.45282696594353,-43.323208928108215,0.27139712494824536,-43.05181180315997,0.5500682862703536
3661,1830.5,258.39431445129316,-43.31901115179062,0.2672002997862687,-43.05181085200435,0.6073733690192927
3662,1831.0,253.99138173425035,-43.3144553899765,0.2626473167052328,-43.05180807327127,0.6639921379060244
3663,1831.5,249.26698045065802,-43.309569358825684,0.2577619095244782,-43.05180744930121,0.7197873170467798
3664,1832.0,244.245393053384,-43.30437517166138,0.25256918823413615,-43.05180598342724,0.7747415598768136
3665,1832.5,238.9519712847606,-43.298899710178375,0.24709536855480282,-43.05180434162357,0.8288006703886909
3666,1833.0,233.41332717140097,-43.29317057132721,0.2413679694413904,-43.05180260188582,0.8819195017821005
3667,1833.5,227.65744113406447,-43.28721684217453,0.23541592487733784,-43.05180091729719,0.934031727268289
3668,1834.0,221.71383246040327,-43.28106737136841,0.22926976015700729,-43.0517976112114,0.9849702550207855
3669,1834.5,215.6133996126018,-43.274758100509644,0.22296142675106534,-43.05179667375858,1.0345914240809693
3670,1835.0,209.38797944738462,-43.26831817626953,0.2165238465048674,-43.05179432976466,1.0827423880011031
3671,1835.5,203.06999541012476,-43.261782586574554,0.20999054784314736,-43.051792038731406,1.1293242639899523
3672,1836.0,196.69219054604523,-43.25518488883972,0.20339538968233728,-43.05178949915739,1.1742399430513604
3673,1836.5,190.2874251297857,-43.24856090545654,0.19677235216342215,-43.05178855329312,1.2173767716034443
3674,1837.0,183.88841818695258,-43.24194139242172,0.1901552693646374,-43.051786123057084,1.2586687499307714
3675,1837.5,177.5277792486821,-43.23536163568497,0.1835778621382162,-43.05178377354675,1.2980029391390275
3676,1838.0,171.2381822376823,-43.228856444358826,0.17707391792240512,-43.05178252643642,1.3352322899140148
3677,1838.5,165.05208632792002,-43.222456872463226,0.17067700208814954,-43.05177987037508,1.3702577603737944
3678,1839.0,159.00134982316573,-43.216197311878204,0.1644200586587583,-43.05177725321945,1.4029894938475413
3679,1839.5,153.11680652214878,-43.21011006832123,0.1583349722377357,-43.05177509608349,1.4333324112308508
3680,1840.0,147.42787190420137,-43.204225957393646,0.1524521607733737,-43.051773796620274,1.461199138152866
3681,1840.5,141.96249461394297,-43.198572874069214,0.1468005253900519,-43.051772348679165,1.4865136156261822
3682,1841.0,136.74713381399027,-43.193177819252014,0.141407426969136,-43.051770392282876,1.509202962272905
3683,1841.5,131.80659117534344,-43.18806791305542,0.1362985124136568,-43.05176940064176,1.529218990028321
3684,1842.0,127.16381285217838,-43.18326556682587,0.13149750987447464,-43.05176805695139,1.5464885190137931
3685,1842.5,122.8396744213424,-43.178791761398315,0.12702600636059028,-43.05176575503773,1.5609887159957447
3686,1843.0,118.8527541162445,-43.17466813325882,0.12290321324492778,-43.051764920013895,1.5726659105740581
3687,1843.5,115.21923122977432,-43.170910239219666,0.1191458612048615,-43.0517643780148,1.5814965014867837
3688,1844.0,111.95282383883469,-43.167532324790955,0.11576813582442293,-43.05176418896653,1.587477526450325
3689,1844.5,109.06467177823858,-43.16454499959946,0.11278155657999038,-43.05176344301947,1.5905935720469409
3690,1845.0,106.56323301784269,-43.16195726394653,0.11019486968599232,-43.05176239426054,1.5908501153100392
3691,1845.5,104.45419895693156,-43.15977656841278,0.10801396050255466,-43.05176260791023,1.588260921899122
3692,1846.0,102.74047596663658,-43.158004462718964,0.10624183444889199,-43.05176262827007,1.5828378900476878
3693,1846.5,101.42221180634164,-43.15664184093475,0.1048786443199749,-43.05176319661478,1.5746238983978897
3694,1847.0,100.4968177084382,-43.15568417310715,0.1039217131239255,-43.05176245998322,1.5636646304487738
3695,1847.5,99.9590063761191,-43.155129194259644,0.10336557337476239,-43.051763620884884,1.5500017791215257
3696,1848.0,99.80088143991644,-43.15496647357941,0.10320205959758522,-43.05176441398182,1.5336957012000305
3697,1848.5,100.0120772276832,-43.155184626579285,0.10342045286186702,-43.051764173717416,1.514821161115583
3698,1849.0,100.57985289123476,-43.15577280521393,0.1040075781158978,-43.05176522709803,1.4934427256372467
3699,1849.5,101.4891887169027,-43.15671455860138,0.1049479037795674,-43.05176665482181,1.4696501955195873
3700,1850.0,102.72295983780315,-43.157992124557495,0.10622372137668555,-43.05176840318081,1.443533327101316
3701,1850.5,104.26207216540284,-43.15958470106125,0.10781528609904674,-43.0517694149622,1.418151052786554
3702,1851.0,106.08559163848363,-43.16147190332413,0.10970095046015299,-43.051770952863976,1.4142193480494516
3703,1851.5,108.17091211699676,-43.16362935304642,0.11185733791083037,-43.05177201513559,1.408476363992974
3704,1852.0,110.4938980154494,-43.16603308916092,0.11425949033351002,-43.05177359882741,1.4009143632396226
3705,1852.5,113.02901932496086,-43.16865670681,0.11688100766578748,-43.05177569914421,1.3915226759700212
3706,1853.0,115.74950021752018,-43.171472668647766,0.11969420156906002,-43.051778467078705,1.380290966854477
3707,1853.5,118.62754075205683,-43.17445009946823,0.12267032469026046,-43.05177977477797,1.3672262367818482
3708,1854.0,121.63455399499763,-43.17756146192551,0.12577981586339737,-43.05178164606211,1.3523370524556018
3709,1854.5,124.74134787640921,-43.180775821208954,0.12899248816328962,-43.05178333304566,1.3356393096877235
3710,1855.0,127.91831069488,-43.18406265974045,0.13227772073238797,-43.05178493900806,1.3171565574379305
3711,1855.5,131.1355885348864,-43.187392830848694,0.13560464224446123,-43.051788188604235,1.2969201905491397
3712,1856.0,134.36325250154655,-43.19073075056076,0.13894230383865042,-43.05178844672211,1.2749727358439604
3713,1856.5,137.57147968643324,-43.19405061006546,0.1422598662525315,-43.05179074381293,1.2513504854618662
3714,1857.0,140.7307291130371,-43.19731992483139,0.14552678176373665,-43.051793143067655,1.2261063329495114
3715,1857.5,143.811909074304,-43.20050674676895,0.14871296723029476,-43.051793779538656,1.1993014642397073
3716,1858.0,146.78649539762668,-43.20358496904373,0.15178892638605157,-43.05179604265768,1.1709989447123512
3717,1858.5,149.62666569524558,-43.20652395486832,0.1547258886662757,-43.05179806620204,1.141277169307852
3718,1859.0,152.30552650988972,-43.20929557085037,0.15749604409434156,-43.05179952675603,1.1102333282625871
3719,1859.5,154.79731648113776,-43.21187400817871,0.16007275337192667,-43.05180125480678,1.0779580123769075
3720,1860.0,157.07756723768784,-43.21423375606537,0.16243071425443245,-43.051803041810935,1.0445782020579657
3721,1860.5,159.1232489630372,-43.21634966135025,0.16454611207748973,-43.05180354927276,1.010216563987387
3722,1861.0,160.9128575329762,-43.218201994895935,0.16639670986406724,-43.05180528503187,0.9750330952754016
3723,1861.5,162.4264636375484,-43.21976816654205,0.1679618991204905,-43.05180626742156,0.9391936311802451
3724,1862.0,163.64589159850107,-43.22103077173233,0.1692228847479267,-43.051807886984406,0.9028997546473055
3725,1862.5,164.55488950763709,-43.2219717502594,0.17016286097899047,-43.05180888928041,0.8663756560290441
3726,1863.0,165.1391037314683,-43.222576439380646,0.17076698501352502,-43.051809454367124,0.8298892210594666
3727,1863.5,165.38599728515356,-43.22283178567886,0.17102229261075327,-43.05180949306811,0.7937649973421306
3728,1864.0,165.2850266821862,-43.22272849082947,0.17091788096593916,-43.05181060986353,0.7583546153628662
3729,1864.5,164.82800082641842,-43.222255885601044,0.17044527983332308,-43.05181060576772,0.7240835673177577
3730,1865.0,164.00917192542093,-43.22140920162201,0.1695985455377764,-43.051810656084236,0.6914266397387241
3731,1865.5,162.82511145634652,-43.220185458660126,0.16837413271362583,-43.0518113259465,0.6609522943935071
3732,1866.0,161.2746391699453,-43.21858215332031,0.16677082088915146,-43.051811332431164,0.6332913660357944
3733,1866.5,159.35877272955315,-43.216601490974426,0.16478966240928974,-43.051811828565135,0.6091082623617143
3734,1867.0,157.08074656091893,-43.214245080947876,0.16243400192785618,-43.05181107902002,0.6225651235223175
3735,1867.5,154.44610238714026,-43.211519718170166,0.1597095700278791,-43.05181014814229,0.6476954591989054
3736,1868.0,151.4627215370464,-43.20843428373337,0.15662451663104074,-43.05180976710233,0.6721732542366305
3737,1868.5,148.14086440577967,-43.20499777793884,0.1531894518030608,-43.051808326135784,0.6959616127140359
3738,1869.0,144.49318665621254,-43.20122516155243,0.14941746250725235,-43.05180769904518,0.7190327967635297
3739,1869.5,140.5347183814456,-43.19713073968887,0.145324091056885,-43.05180664863199,0.741358582140652
3740,1870.0,136.28278892327836,-43.19273328781128,0.14092725737149636,-43.051806030439785,0.7629169314959753
3741,1870.5,131.75697629174311,-43.188051879405975,0.13624720667266163,-43.05180467273331,0.7836816109325394
3742,1871.0,126.97909426405069,-43.183109760284424,0.13130649614327616,-43.05180326414115,0.8036475214402112
3743,1871.5,121.97312025418533,-43.17793148756027,0.12612992033897213,-43.0518015672213,0.8228187649127716
3744,1872.0,116.76522660366429,-43.17254388332367,0.12074454354525582,-43.05179933977841,0.8411694283723966
3745,1872.5,111.38371601336763,-43.166976749897,0.11517963300887754,-43.051797116888125,0.858709737466824
3746,1873.0,105.85879383664552,-43.16126191616058,0.10946642347076974,-43.05179549268981,0.8754188333921261
3747,1873.5,100.22231842018773,-43.15543109178543,0.10363785899862325,-43.05179323278681,0.8912957534927065
3748,1874.0,94.50768404260384,-43.14951944351196,0.09772847193605629,-43.051790971575905,0.9356294108647771
3749,1874.5,88.74968252146815,-43.143562376499176,0.09177423979327723,-43.0517881367059,0.9810558385999992
3750,1875.0,82.98422566592109,-43.137598633766174,0.08581229824097052,-43.0517863355252,1.0251790594418244
3751,1875.5,77.24812160664203,-43.1316642165184,0.07988070981767528,-43.05178350670073,1.0678727256692029
3752,1876.0,71.57882291862364,-43.12579965591431,0.0740182034686745,-43.05178145244563,1.1090028418042324
3753,1876.5,66.01414457643921,-43.12004339694977,0.06826388288927912,-43.05177951406049,1.1484527886169802
3754,1877.0,60.59199405641397,-43.114434480667114,0.06265694742897852,-43.05177753323814,1.1860902043136785
3755,1877.5,55.35004281246527,-43.109011113643646,0.057236352371295415,-43.05177476127235,1.2217995873834586
3756,1878.0,50.32536314657101,-43.10381209850311,0.052040433428930326,-43.051771665074185,1.2554555504993974
3757,1878.5,45.55416127383528,-43.09887570142746,0.04710663071178074,-43.05176907071568,1.2869379344291187
3758,1879.0,41.07150711842666,-43.09423816204071,0.04247120931442209,-43.05176695272629,1.3161309089434314
3759,1879.5,36.91103915410151,-43.089933931827545,0.03816895409770215,-43.051764977729846,1.3429242052620394
3760,1880.0,33.10466235258288,-43.085995972156525,0.03423285734330939,-43.05176311481321,1.3672086148478517
3761,1880.5,29.68224488710545,-43.082455575466156,0.030693805121083714,-43.051761770345074,1.3888822531180036
3762,1881.0,26.67132663908863,-43.079340279102325,0.027580275861701763,-43.051760003240624,1.4078517929706025
3763,1881.5,24.09685963064424,-43.076677083969116,0.02491807194321784,-43.0517590120259,1.4240234254704218
3764,1882.0,21.980969670576062,-43.074487805366516,0.022730073214044782,-43.051757732152474,1.4373176180875107
3765,1882.5,20.342718890553222,-43.07279193401337,0.021035991436445512,-43.05175594257692,1.4476709652685418
3766,1883.0,19.197912460487586,-43.07160848379135,0.01985217041484,-43.05175631337651,1.4550202432653834
3767,1883.5,18.558929187753503,-43.070946633815765,0.01919141082190731,-43.05175522299386,1.4593256497782874
3768,1884.0,18.434590013055153,-43.070817947387695,0.019062834212839393,-43.051755113174856,1.4605582280489673
3769,1884.5,18.83006705508863,-43.07122629880905,0.019471788970277955,-43.05175450983877,1.4633472206482212
3770,1885.0,19.746820235160538,-43.07217454910278,0.020419784769122835,-43.05175476433366,1.4635079810256755
3771,1885.5,21.182570181212185,-43.07365936040878,0.021904464557135093,-43.05175489585165,1.4604043417704893
3772,1886.0,23.13131862991671,-43.075675308704376,0.023919625652330273,-43.05175568305204,1.4540390673707766
3773,1886.5,25.583408395363225,-43.07821172475815,0.026455281755373723,-43.05175644300277,1.4444443777516105
3774,1887.0,28.525622034713876,-43.08125555515289,0.029497764977727797,-43.05175779017517,1.4316562523157257
3775,1887.5,31.941304439926547,-43.08478891849518,0.033029852611256384,-43.05175906588392,1.4157363280327737
3776,1888.0,35.81052904680325,-43.088791489601135,0.0370309390016179,-43.05176055059952,1.39675194800954
3777,1888.5,40.110300083963544,-43.09323912858963,0.04147724468981102,-43.05176188389982,1.3747821217069123
3778,1889.0,44.81477971121531,-43.0981063246727,0.04634205129133945,-43.05176427338136,1.3499265498207262
3779,1889.5,49.895548619586386,-43.103361546993256,0.05159597097739898,-43.05176557601585,1.3222907811895097
3780,1890.0,55.32189372138445,-43.108975410461426,0.057207243969311115,-43.05176816649212,1.2919987363231829
3781,1890.5,61.06107918308776,-43.11491268873215,0.06314201880811735,-43.05177066992403,1.2591685993907056
3782,1891.0,67.07863457003438,-43.121137499809265,0.06936465031913575,-43.05177284949013,1.2239324645237637
3783,1891.5,73.33868603749268,-43.12761265039444,0.07583804208990408,-43.051774608304534,1.1864355682639172
3784,1892.0,79.80427701655944,-43.134301841259,0.08252397808493807,-43.05177786317407,1.1468139143649057
3785,1892.5,86.43769478724755,-43.14116406440735,0.08938346034831245,-43.05178060405903,1.10522429669364
3786,1893.0,93.20078462922292,-43.14815890789032,0.09637703386054204,-43.05178187402978,1.0618179994636183
3787,1893.5,100.05523428623941,-43.15524983406067,0.1034650806974624,-43.05178475336321,1.0167397483649243
3788,1894.0,106.96288001052136,-43.16239583492279,0.11060813650449482,-43.051787698418295,0.9701473995590706
3789,1894.5,113.88596994368606,-43.16955691576004,0.11776716285349602,-43.051789752906544,0.9221894189628604
3790,1895.0,120.78735365986415,-43.1766961812973,0.12490374324543982,-43.05179243805186,0.8730152264366217
3791,1895.5,127.6307833828181,-43.18377500772476,0.1319803945929068,-43.051794613131854,0.822782146819518
3792,1896.0,134.3812105026277,-43.19075757265091,0.1389608738419519,-43.05179669880896,0.7949555723037321
3793,1896.5,141.0050194199203,-43.19760900735855,0.14581041978566175,-43.05179858757289,0.7815217851768728
3794,1897.0,147.47019346478223,-43.20429617166519,0.15249592463752312,-43.05180024702767,0.7673547703001435
3795,1897.5,153.74637915231241,-43.21078842878342,0.1589860004767826,-43.05180242830664,0.752461083629771
3796,1898.0,159.80503390698814,-43.21705383062363,0.1652511320072057,-43.05180269861642,0.7368509352543763
3797,1898.5,165.61953243893882,-43.223068952560425,0.1712637865586157,-43.051805166001806,0.7205427649656473
3798,1899.0,171.1652087887113,-43.22880518436432,0.17699845756452962,-43.05180672679979,0.7035357343430864
3799,1899.5,176.41945033796304,-43.234239399433136,0.1824317617767017,-43.05180763765643,0.685852952097485
3800,1900.0,181.3618554049906,-43.23935109376907,0.18754260223145122,-43.05180849153762,0.6675122501564785
3801,1900.5,185.97425500938766,-43.24412268400192,0.19231219075605197,-43.051810493245874,0.6485219685182724
3802,1901.0,190.24075780015767,-43.248535454273224,0.19672409442797886,-43.051811359845246,0.628892380535688
3803,1901.5,194.147843033465,-43.252576768398285,0.2007643317213076,-43.051812436676975,0.6086166489680629
3804,1902.0,197.68436108855695,-43.25623273849487,0.20442137304021882,-43.051811365454654,0.5877241020520122
3805,1902.5,200.8416750276197,-43.259499073028564,0.2076862871031633,-43.0518127859254,0.566258155462304
3806,1903.0,203.61377142038316,-43.26236575841904,0.21055285554432945,-43.05181290287471,0.5442548823741834
3807,1903.5,205.99731125949685,-43.26483082771301,0.21301762556419668,-43.051813202148814,0.5217421299711752
3808,1904.0,207.99154995239533,-43.266893088817596,0.21507982719475266,-43.05181326162285,0.4987253001460143
3809,1904.5,209.59818857630586,-43.26855427026749,0.21674121948532493,-43.05181305078216,0.49347416139457223
3810,1905.0,210.82128560971987,-43.26981830596924,0.2180059992258928,-43.051812306743344,0.4921022904071521
3811,1905.5,211.66744490109227,-43.27069240808487,0.2188809953216922,-43.05181141276318,0.5196646385140131
3812,1906.0,212.14590527807175,-43.27118682861328,0.21937576145629642,-43.05181106715698,0.5713251611483484
3813,1906.5,212.26839471960756,-43.27131229639053,0.21950242529396063,-43.05180987109657,0.6235648828270928
3814,1907.0,212.0490326403444,-43.271084010601044,0.2192755874339043,-43.05180842316714,0.6759981875776552
3815,1907.5,211.5040130395099,-43.270519852638245,0.21871199376102643,-43.05180785887722,0.7283349366869085
3816,1908.0,210.65137526564268,-43.26963663101196,0.217830298398378,-43.05180633261359,0.7803486988020185
3817,1908.5,209.51091145372132,-43.26845598220825,0.2166509679897818,-43.05180501421847,0.8318467332323685
3818,1909.0,208.10403133471328,-43.266999900341034,0.21519614190213912,-43.05180375843889,0.8826580922558818
3819,1909.5,206.45369341571327,-43.265291929244995,0.21348956106021208,-43.05180236818478,0.9326174530534833
3820,1910.0,204.5843702133462,-43.263357520103455,0.21155653199519348,-43.05180098810826,0.9815653535691862
3821,1910.5,202.52190217278064,-43.2612224817276,0.20942377578533267,-43.05179870594227,1.0293655832558457
3822,1911.0,200.29336839732696,-43.25891673564911,0.20711929438004506,-43.051797441269066,1.0758679615610154
3823,1911.5,197.92687223027744,-43.256467401981354,0.20467214887445817,-43.051795253106896,1.1209419421364073
3824,1912.0,195.45124790805312,-43.25390553474426,0.2021121561654034,-43.05179337857886,1.1644550604219566
3825,1912.5,192.89584777327659,-43.25126165151596,0.19946966891278672,-43.05179198260318,1.2062723324641458
3826,1913.0,190.29034104569413,-43.24856513738632,0.19677536745269636,-43.05178976993363,1.2462840677531017
3827,1913.5,187.66453114579193,-43.24584758281708,0.19406007089547325,-43.0517875119216,1.2843535718439951
3828,1914.0,185.04817021061004,-43.24314135313034,0.1913545453202909,-43.051786807810046,1.3203643690102105
3829,1914.5,182.4706750602051,-43.240473210811615,0.18868921006185715,-43.051784000749755,1.354190364558394
3830,1915.0,179.96108222811318,-43.23787647485733,0.1860940912083313,-43.051782383649,1.3857147350802164
3831,1915.5,177.54785227799226,-43.23537987470627,0.18359861924914833,-43.05178125545712,1.4148269664454565
3832,1916.0,175.25831881993045,-43.23301017284393,0.18123105931400074,-43.05177911352993,1.441406938332802
3833,1916.5,173.1182527890198,-43.23079460859299,0.17901806060218303,-43.051776547990805,1.465362741168058
3834,1917.0,171.1515656130843,-43.22876089811325,0.1769843494343824,-43.051776548678866,1.4866002513929766
3835,1917.5,169.3800708957339,-43.22692650556564,0.17515248281397716,-43.051774022751665,1.5050580120835322
3836,1918.0,167.82328665822524,-43.22531634569168,0.173542643929371,-43.05177370176231,1.5206747093564126
3837,1918.5,166.49839556865317,-43.22394520044327,0.1721726010278096,-43.05177259941546,1.5334152425802505
3838,1919.0,165.4201540067292,-43.22282886505127,0.17105761338111972,-43.05177125167015,1.543263430494014
3839,1919.5,164.60075740225398,-43.221981942653656,0.17021029203496485,-43.05177165061869,1.5502107996623702
3840,1920.0,164.04986563881576,-43.2214121222496,0.16964062607829294,-43.05177149617131,1.5542506059885872
3841,1920.5,163.7746824704672,-43.22112691402435,0.16935606476650475,-43.05177084925785,1.5553674190899507
3842,1921.0,163.77994193135837,-43.221132040023804,0.16936150346793213,-43.05177053655587,1.5535507735039626
3843,1921.5,164.06760200269468,-43.22142958641052,0.16965896689107604,-43.051770619519445,1.5487982636226612
3844,1922.0,164.63685460924992,-43.22201895713806,0.17024761942179703,-43.05177133771627,1.5411137645803519
3845,1922.5,165.4845811601598,-43.222895443439484,0.17112423618877545,-43.05177120725071,1.5305231255324103
3846,1923.0,166.6056720959561,-43.22405517101288,0.17228353350059347,-43.05177163751228,1.517080371462569
3847,1923.5,167.99285026498157,-43.22548979520798,0.1737179862028817,-43.051771809005096,1.5008367541439485
3848,1924.0,169.6362581612592,-43.22718971967697,0.17541740084940358,-43.05177231882757,1.4818879829111518
3849,1924.5,171.52350748661027,-43.22914272546768,0.17736896695323243,-43.05177375851445,1.4603416481833222
3850,1925.0,173.64001644944034,-43.23133236169815,0.17955760578055896,-43.05177475591759,1.436314063619294
3851,1925.5,175.96938199351283,-43.23374146223068,0.18196635526488747,-43.05177510696579,1.409953032413086
3852,1926.0,178.49361336716453,-43.23635286092758,0.1845766115362064,-43.051776249391374,1.3813640927543214
3853,1926.5,181.193308595823,-43.23914611339569,0.1873683114076255,-43.05177780198807,1.3506688648823173
3854,1927.0,184.04786345087072,-43.24209940433502,0.1903201484658239,-43.0517792558692,1.3179767419635164
3855,1927.5,187.03561250126728,-43.24519068002701,0.1934097189296608,-43.05178096109735,1.2833782290861853
3856,1928.0,190.1340133267318,-43.24839669466019,0.1966137121412769,-43.05178298251891,1.2469626627486272
3857,1928.5,193.31991287864648,-43.25169312953949,0.19990818600448185,-43.051784943535004,1.20884318496616
3858,1929.0,196.5697517102847,-43.255054116249084,0.20326877817507494,-43.05178533807401,1.1691066037325488
3859,1929.5,199.85971292156202,-43.258458375930786,0.2066708600815799,-43.051787515849206,1.127851248251913
3860,1930.0,203.16588273396044,-43.261879086494446,0.21008970297250462,-43.05178938352194,1.0851628715405357
3861,1930.5,206.46451627109042,-43.26529186964035,0.21350075275460928,-43.05179111688574,1.0412073054342472
3862,1931.0,209.7323071466849,-43.26867216825485,0.2168799087683623,-43.05179225948649,0.9961511668731735
3863,1931.5,212.94655128237986,-43.27199739217758,0.22020369318857191,-43.05179369898901,0.9658113925162926
3864,1932.0,216.08501937652548,-43.27524358034134,0.22344911914698024,-43.05179446119436,0.9383018455344022
3865,1932.5,219.125929821189,-43.27838999032974,0.22659366272628742,-43.051796327603455,0.9092458116621643
3866,1933.0,222.0483651895035,-43.28141337633133,0.22961569364123938,-43.05179768269009,0.8786746803225772
3867,1933.5,224.8326502765533,-43.284293830394745,0.23249486616301085,-43.051798964231736,0.8466301351795028
3868,1934.0,227.46049738218764,-43.2870118021965,0.23521226935320502,-43.0517995328433,0.813150268073363
3869,1934.5,229.91488713535378,-43.28955101966858,0.23775030382672266,-43.05180071584186,0.7782858633272927
3870,1935.0,232.17993047899628,-43.29189443588257,0.24009253903315653,-43.05180189684941,0.7420991649073395
3871,1935.5,234.2408529757998,-43.29402583837509,0.24222369702767957,-43.05180214134741,0.7046413229091126
3872,1936.0,236.08414409917282,-43.295932590961456,0.24412980684981142,-43.05180278411164,0.6659742643002153
3873,1936.5,237.69756131762344,-43.297601878643036,0.24579820874698857,-43.051803669896046,0.6261711179707435
3874,1937.0,239.07018100074583,-43.29902148246765,0.24721760681540844,-43.05180387565224,0.6041405177075413
3875,1937.5,240.1926974135761,-43.30018365383148,0.2483783781840052,-43.051805275647475,0.5981347984504989
3876,1938.0,241.05750081080797,-43.30107772350311,0.2492726537700886,-43.05180506973302,0.5918268233976931
3877,1938.5,241.6586453333421,-43.301699340343475,0.2498942850818188,-43.05180505526166,0.5852248357405113
3878,1939.0,241.99175011526165,-43.302043199539185,0.2502387419549437,-43.05180445758424,0.5879994726384338
3879,1939.5,242.05399431595066,-43.30210793018341,0.2503031074156133,-43.0518048227678,0.6089114498000125
3880,1940.0,241.84413769793215,-43.301891803741455,0.2500860989595033,-43.051805704781955,0.6297947633946028
3881,1940.5,241.36238218180102,-43.30139338970184,0.24958792538858987,-43.051805464313254,0.6504618827715045
3882,1941.0,240.61031541061018,-43.300615668296814,0.2488102284522304,-43.051805439844586,0.67072260653715
3883,1941.5,239.59079646432323,-43.29956102371216,0.24775596466680563,-43.05180505904535,0.6904401885699393
3884,1942.0,238.30764097598006,-43.29823338985443,0.24642907970075767,-43.05180431015367,0.7094965195630761
3885,1942.5,236.76522510292972,-43.29663842916489,0.2448340988493046,-43.05180433031558,0.7277977484850381
3886,1943.0,234.96852642313735,-43.29477995634079,0.24297616932447907,-43.05180378701631,0.7452555498856301
3887,1943.5,232.92413748768533,-43.29266548156738,0.24086210834913405,-43.05180337321825,0.7618067544606452
3888,1944.0,230.6407858481377,-43.29030376672745,0.23850094090665303,-43.05180282582079,0.7774039269250992
3889,1944.5,228.1283235763404,-43.28770500421524,0.2359028548239483,-43.05180214939129,0.7920061898161564
3890,1945.0,225.3973812975515,-43.284880220890045,0.2330788430141647,-43.05180137787588,0.8055746328595998
3891,1945.5,222.45993830859297,-43.28184175491333,0.2300412930242529,-43.05180046188908,0.8180817456577468
3892,1946.0,219.32940422819365,-43.2786038517952,0.22680407146792683,-43.05179978032727,0.8294970514394087
3893,1946.5,216.0205880215118,-43.27518117427826,0.22338249199455296,-43.0517986822837,0.8398023983246371
3894,1947.0,212.54935853025358,-43.27159023284912,0.21979296425025746,-43.05179726859886,0.8489897698467394
3895,1947.5,208.93210355152522,-43.267848789691925,0.21605243452237993,-43.05179635516954,0.857038958767527
3896,1948.0,205.18544753683676,-43.263972759246826,0.21217809381776087,-43.051794665429064,0.8639493399578722
3897,1948.5,201.32630879074756,-43.25998067855835,0.2081874370106963,-43.05179324154766,0.8697158656137935
3898,1949.0,197.37210770869677,-43.25589096546173,0.2040984781774387,-43.051792487284295,0.8743215724984054
3899,1949.5,193.34083479824318,-43.251720905303955,0.19992982093557626,-43.05179108436838,0.9076044588002891
3900,1950.0,189.2512761154166,-43.247491002082825,0.19570089156317408,-43.05179011051965,0.9448153628367224
3901,1950.5,185.12297175823403,-43.243220150470734,0.19143189607776423,-43.05178825439297,0.9805541568469941
3902,1951.0,180.97546075340276,-43.23892956972122,0.18714303938905927,-43.051786530332166,1.0148373434281017
3903,1951.5,176.82768721071017,-43.234640181064606,0.18285391121529704,-43.05178626984931,1.047677835618995
3904,1952.0,172.69812984635243,-43.23036861419678,0.178583620020678,-43.0517849941761,1.0789819538830032
3905,1952.5,168.6049479272036,-43.22613513469696,0.17435094393336237,-43.0517841907636,1.1086235214425697
3906,1953.0,164.56576117106653,-43.221955955028534,0.17017410314480086,-43.05178185188373,1.1364969915867627
3907,1953.5,160.59737045236693,-43.21785229444504,0.16607047109717912,-43.05178182334786,1.1625036102758641
3908,1954.0,156.71556039527434,-43.21383744478226,0.16205637034898324,-43.05178107443327,1.1865769724152084
3909,1954.5,152.93493902092013,-43.20992660522461,0.15814690675745272,-43.05177969846716,1.2086585423406047
3910,1955.0,149.26889039170837,-43.20613467693329,0.1543559205090263,-43.05177875642426,1.2286682418354322
3911,1955.5,145.7295322211491,-43.20247459411621,0.15069594228453376,-43.051778651831675,1.2465871653286436
3912,1956.0,142.3278082969493,-43.19895541667938,0.14717828883203243,-43.05177712784735,1.2623709223226012
3913,1956.5,139.07361146518537,-43.19558972120285,0.14381319014223615,-43.05177653106061,1.2759708512207155
3914,1957.0,135.9755352681567,-43.19238585233688,0.1406095326222763,-43.051776319714605,1.2873845266156794
3915,1957.5,133.04053931406006,-43.18935036659241,0.13757451306129467,-43.05177585353111,1.2966041198429406
3916,1958.0,130.2738474978995,-43.18648940324783,0.13471353338275896,-43.051775869865075,1.3035996843265252
3917,1958.5,127.67903017953397,-43.183807015419006,0.1320302856231084,-43.0517767297959,1.308370847197953
3918,1959.0,125.25807585113851,-43.18130272626877,0.12952682604161647,-43.05177590022715,1.3109263797235806
3919,1959.5,123.0114176420382,-43.17897915840149,0.12720360252849988,-43.051775555872986,1.3112724443944965
3920,1960.0,120.93800417349372,-43.17683565616608,0.1250595278744099,-43.051776128291664,1.3094328076573736
3921,1960.5,119.03536449456081,-43.1748685836792,0.1230920469192825,-43.05177653675992,1.305426454455169
3922,1961.0,117.29954783110234,-43.1730734705925,0.12129707424801836,-43.05177639634448,1.2993365474942995
3923,1961.5,115.72511140450396,-43.171446084976196,0.11966898159406482,-43.05177710338213,1.2912194347857058
3924,1962.0,114.30524147018625,-43.169977962970734,0.11820072300287698,-43.051777239967855,1.2811379062742898
3925,1962.5,113.03186285075962,-43.16866213083267,0.11688394809792313,-43.05177818273475,1.2691722772898903
3926,1963.0,111.89577902669639,-43.16748857498169,0.1157091469455965,-43.05177942803609,1.2553961945181225
3927,1963.5,110.88680787616126,-43.16644459962845,0.11466579042101051,-43.05177880920744,1.239889714030114
3928,1964.0,109.99387399501678,-43.165523171424866,0.11374242567423666,-43.05178074575063,1.2227382887108456
3929,1964.5,109.20515949072035,-43.16470688581467,0.11292683206320343,-43.051780053751465,1.2040586552601371
3930,1965.0,108.50827248669171,-43.16398751735687,0.11220619540063202,-43.05178132195624,1.1839426140961222
3931,1965.5,107.89040226758512,-43.163350045681,0.11156726838660358,-43.0517827772944,1.1625038864331483
3932,1966.0,107.33847049242121,-43.16277974843979,0.11099652697498029,-43.05178322146481,1.139863209009751
3933,1966.5,106.83929228752287,-43.16226404905319,0.11048033695633053,-43.051783712096864,1.116142907994653
3934,1967.0,106.37972750673853,-43.16179013252258,0.1100051103730462,-43.05178502214954,1.0914612580710625
3935,1967.5,105.94682975728688,-43.16134351491928,0.10955745962393465,-43.051786055295345,1.065953530253133
3936,1968.0,105.52802494361676,-43.16091150045395,0.1091243820927892,-43.05178711836116,1.0397621712809733
3937,1968.5,105.11122971002578,-43.160480976104736,0.10869338262748947,-43.05178759347724,1.0130206510922763
3938,1969.0,104.68494395457179,-43.16004025936127,0.1082525692067538,-43.05178769015451,0.9858695200282879
3939,1969.5,104.2383985869007,-43.159580290317535,0.1077908057335007,-43.051789484584035,0.9584594410640237
3940,1970.0,103.76162384651515,-43.15908771753311,0.1072977826813795,-43.05178993485173,0.9309389695118879
3941,1970.5,103.24549613647176,-43.15855348110199,0.10676406552454326,-43.051789415577446,0.9034401301454842
3942,1971.0,102.6818030326934,-43.15797173976898,0.10618116196245493,-43.05179057780653,0.8761163822110359
3943,1971.5,102.06326593447041,-43.157331705093384,0.10554154534230958,-43.05179015975107,0.84910891455115
3944,1972.0,101.38360567626191,-43.156630516052246,0.10483872250686226,-43.051791793545384,0.822570713003358
3945,1972.5,100.63760989160284,-43.155858635902405,0.10406730345407281,-43.05179133244833,0.8061576026386601
3946,1973.0,99.82113735305053,-43.15501445531845,0.10322300582495622,-43.05179144949349,0.7925045609270739
3947,1973.5,98.93111084451985,-43.15409451723099,0.10230264753300955,-43.05179186969798,0.7799425200598404
3948,1974.0,97.965587497188,-43.15309524536133,0.10130421949713904,-43.05179102586419,0.7685660709779409
3949,1974.5,96.92377243871852,-43.15201836824417,0.10022689975604478,-43.051791468488126,0.7584328926699303
3950,1975.0,95.80601306363803,-43.15086281299591,0.09907104754333398,-43.05179176545258,0.7495956913056355
3951,1975.5,94.61381092424601,-43.14962947368622,0.0978382155836686,-43.05179125810255,0.7420804622640986
3952,1976.0,93.34975777656012,-43.14832258224487,0.09653108395917959,-43.051791498285695,0.7358863800816684
3953,1976.5,92.01742432660176,-43.146944880485535,0.09515334506426573,-43.051791535421266,0.743446561150418
3954,1977.0,90.62131193843997,-43.14550030231476,0.09370965366786517,-43.05179064864689,0.7559226171189735
3955,1977.5,89.16682994470858,-43.1439950466156,0.09220560345072304,-43.05178944316488,0.7679841381390191
3956,1978.0,87.66028757142404,-43.14243710041046,0.09064771865501006,-43.05178938175545,0.7796260814616846
3957,1978.5,86.1088946327611,-43.140831887722015,0.08904345480277591,-43.05178843291924,0.7908392878179996
3958,1979.0,84.52072684111819,-43.13919013738632,0.08740116282379402,-43.05178897456253,0.8016180701146806
3959,1979.5,82.90465007983795,-43.13751792907715,0.08573001074752379,-43.05178791832962,0.8119570960886432
3960,1980.0,81.27022681330163,-43.13582617044449,0.08403988692369455,-43.05178628352079,0.8218464487614222
3961,1980.5,79.62763181958192,-43.13412791490555,0.0823413128831575,-43.05178660202239,0.8312784339341309
3962,1981.0,77.98753273513606,-43.13243091106415,0.080645319811585,-43.05178559125256,0.8402519840717919
3963,1981.5,76.3610191238316,-43.13074862957001,0.07896337520119412,-43.051785254368816,0.8487584074274295
3964,1982.0,74.75956860377623,-43.129091680049896,0.07730734782319108,-43.0517843322267,0.8716209252000606
3965,1982.5,73.19496843577502,-43.12747257947922,0.07568942664399124,-43.05178315283523,0.9047587978278716
3966,1983.0,71.67923378045354,-43.125904738903046,0.07412203629657445,-43.051782702606474,0.937069328864034
3967,1983.5,70.22454236808683,-43.12439966201782,0.07261776952388521,-43.051781892493935,0.9684653343791095
3968,1984.0,68.84312904480878,-43.12297040224075,0.07118927813121481,-43.05178112410954,0.9988805429821161
3969,1984.5,67.54720363158629,-43.12162899971008,0.06984918804583885,-43.05177981166425,1.0282286869559818
3970,1985.0,66.34890341465461,-43.120388865470886,0.06861005018834375,-43.051778815282546,1.0564244019422286
3971,1985.5,65.2601938101124,-43.11926311254501,0.06748423775190678,-43.05177887479311,1.083402276128021
3972,1986.0,64.29276845796811,-43.11826193332672,0.06648384289158366,-43.051778090435135,1.1090758399059986
3973,1986.5,63.457967855314706,-43.11739766597748,0.06562059258453097,-43.05177707339295,1.133371469759307
3974,1987.0,62.76673515374592,-43.11668252944946,0.06490580292101433,-43.05177672652845,1.1562188161902753
3975,1987.5,62.229527509820834,-43.116126358509064,0.06435028743372866,-43.05177607107534,1.177556793081945
3976,1988.0,61.856173874109835,-43.11573940515518,0.06396421004034593,-43.051775195114836,1.1973180250334992
3977,1988.5,61.65583018431048,-43.11553221940994,0.06375703870962857,-43.05177518070031,1.2154225961978422
3978,1989.0,61.63692535822354,-43.11551094055176,0.06373748961386551,-43.051773450937894,1.2318168403930336
3979,1989.5,61.807045145607155,-43.11568748950958,0.06391340702243932,-43.05177408248714,1.2464304930608263
3980,1990.0,62.17287942183715,-43.116064608097076,0.0642917087992734,-43.0517728992978,1.2592143751624285
3981,1990.5,62.74022371004145,-43.116651356220245,0.06487838797684017,-43.051772968243405,1.270101914303727
3982,1991.0,63.51392118207527,-43.1174510717392,0.06567845278055041,-43.051772618958644,1.279055374849256
3983,1991.5,64.49773953863321,-43.118468284606934,0.06669579931298376,-43.05177248529395,1.2860311992615496
3984,1992.0,65.6943082095249,-43.11970567703247,0.0679331466139724,-43.051772530418496,1.2909920220248736
3985,1992.5,67.10505409334874,-43.12116503715515,0.06939197021030594,-43.05177306694485,1.2939054772032867
3986,1993.0,68.73012897420018,-43.122845232486725,0.07107242705882723,-43.051772805427895,1.2947527390548004
3987,1993.5,70.5683767125896,-43.124745547771454,0.07297332161922851,-43.051772226152224,1.293505839213031
3988,1994.0,72.61725164183473,-43.12686491012573,0.07509202146942225,-43.05177288865631,1.2901557065743225
3989,1994.5,74.87278957955539,-43.129198372364044,0.077424427329118,-43.051773945034924,1.2846949336939906
3990,1995.0,77.32964923020039,-43.13173830509186,0.07996501587333257,-43.051773289218524,1.2771369019402472
3991,1995.5,79.98111171287498,-43.13448125123978,0.08270683924412597,-43.05177441199565,1.267492485821965
3992,1996.0,82.81906875720314,-43.13741660118103,0.08564151284418298,-43.051775088336846,1.2557766133707167
3993,1996.5,85.83407239679549,-43.14053475856781,0.08875926672381651,-43.05177549184399,1.2420334218122935
3994,1997.0,89.01538666940652,-43.14382576942444,0.0920489990430477,-43.05177677038139,1.2263037157222376
3995,1997.5,92.35104007860674,-43.14727580547333,0.09549833032115286,-43.05177747515217,1.208634129937984
3996,1998.0,95.82790076494246,-43.150871992111206,0.0990936811696295,-43.05177831094158,1.1890802615062506
3997,1998.5,99.43170872481937,-43.15459984540939,0.10282030560908775,-43.05177953980031,1.1677027859942501
3998,1999.0,103.14711968167425,-43.15844225883484,0.10666233643553594,-43.051779922399305,1.1445828996255176
3999,1999.5,106.9577705014393,-43.16238451004028,0.11060285286518029,-43.051781657175106,1.1198059296642433
4000,2000.0,110.84645554051349,-43.16640728712082,0.1146240628922719,-43.051783224228544,1.0934777677544054
