backend,id,track,selection,group,atoms,component_mae,component_rmse,component_p95,component_p99,component_max,vector_p95,vector_max,cf_sio_contact_A
mace,dft/FC/CF0.2_d2.3.extxyz:0,FC,coverage,dft/FC/CF0.2_d2.3.extxyz:melt,144,0.6991271918689091,0.9101485664570098,1.8754509455954995,2.5795374950129166,3.3685541492066697,2.860644630308558,3.708718014974981,
mace,dft/FC/CF0.2_d2.3.extxyz:7,FC,coverage,dft/FC/CF0.2_d2.3.extxyz:melt,144,0.6869350026433294,0.905280308008898,1.823298964907061,2.513374781045703,3.9009826995829577,2.657811202246338,4.41906286050764,
mace,dft/FC/CF0.2_d2.3.extxyz:14,FC,coverage,dft/FC/CF0.2_d2.3.extxyz:melt,144,0.6132759037755522,0.8013018116863675,1.6918841110349856,2.0834482366198666,3.4993022695966625,2.2981424967708386,4.153210421642881,
mace,dft/FC/CF0.2_d2.3.extxyz:21,FC,coverage,dft/FC/CF0.2_d2.3.extxyz:melt,144,0.6996710998818797,0.8982088114517298,1.7512349207709272,2.5260391202594854,3.1920730832722413,2.64107532573843,3.5100849089702324,
mace,dft/FC/CF0.2_d2.3.extxyz:28,FC,coverage,dft/FC/CF0.2_d2.3.extxyz:melt,144,0.6503644140881972,0.8884611281924597,1.7334236741424762,2.7453050212720007,4.77883502303601,2.8187181979754734,4.926538335150043,
mace,dft/FC/CF0.2_d2.3.extxyz:35,FC,coverage,dft/FC/CF0.2_d2.3.extxyz:melt,144,0.6498417509718287,0.8327629560181777,1.5973098203384117,2.3205085521835183,2.7885731176654938,2.5387540214889692,2.9395975013985067,
mace,dft/FC/CF0.2_d2.3.extxyz:42,FC,coverage,dft/FC/CF0.2_d2.3.extxyz:melt,144,0.6908812484347953,0.9150807485905714,1.8505929768070326,2.6951038549002866,4.022210342173757,2.7902128779578583,4.206552370111697,
mace,dft/FC/CF0.2_d2.3.extxyz:49,FC,coverage,dft/FC/CF0.2_d2.3.extxyz:melt,144,0.6261994439583192,0.8271501750914222,1.7505140697048558,2.277835613437873,2.8150007429580626,2.561261584799691,3.822011115486631,
mace,dft/FC/CF0.2_d2.3.extxyz:50,FC,coverage,dft/FC/CF0.2_d2.3.extxyz:quench,144,0.48889542189942226,0.6512024250623176,1.3539059796352229,1.9696893367444774,2.5271358179602097,1.902206707567892,2.9690498267670447,
mace,dft/FC/CF0.2_d2.3.extxyz:63,FC,coverage,dft/FC/CF0.2_d2.3.extxyz:quench,144,0.7076198856195798,0.9063619726166119,1.786665257704604,2.4921947297229563,3.370569977309912,2.653240697193728,4.0799478324403475,
mace,dft/FC/CF0.2_d2.3.extxyz:75,FC,coverage,dft/FC/CF0.2_d2.3.extxyz:quench,144,0.5422293654480936,0.7072846803848781,1.4277341675402895,2.087693990773484,3.1240909246743804,2.184190139316877,3.126539765420771,
mace,dft/FC/CF0.2_d2.3.extxyz:88,FC,coverage,dft/FC/CF0.2_d2.3.extxyz:quench,144,0.4538374859218308,0.6188329461897626,1.2653739716330847,1.8241027098177063,2.834756286736531,1.907079628407584,3.003758730537443,
mace,dft/FC/CF0.2_d2.3.extxyz:101,FC,coverage,dft/FC/CF0.2_d2.3.extxyz:quench,144,0.6088072826807474,0.8082152105747509,1.6525224262936071,2.336864648680007,2.5570904800453036,2.4543469757755276,3.40232873794007,
mace,dft/FC/CF0.2_d2.3.extxyz:114,FC,coverage,dft/FC/CF0.2_d2.3.extxyz:quench,144,0.43381424974481814,0.5735695450396541,1.1818775892969555,1.6871873654342264,2.4324602511546938,1.8447599947383728,2.780075921661997,
mace,dft/FC/CF0.2_d2.3.extxyz:126,FC,coverage,dft/FC/CF0.2_d2.3.extxyz:quench,144,0.39487748371114084,0.514773541422288,1.0253766035236431,1.3263734733955261,1.893517475156493,1.4389641080402715,2.065037460381033,
mace,dft/FC/CF0.2_d2.3.extxyz:139,FC,coverage,dft/FC/CF0.2_d2.3.extxyz:quench,144,0.525676231413143,0.6983926449420319,1.4533063748673556,1.9672548268471404,2.3905694956994243,2.249854648969789,2.790488804030101,
mace,dft/FC/CF0.2_d2.3.extxyz:140,FC,coverage,dft/FC/CF0.2_d2.3.extxyz:anneal,144,0.3490462720309686,0.46375704789656,0.9418857155226381,1.4062938534205298,1.5270651247722944,1.403481373082557,1.8160159586781839,
mace,dft/FC/CF0.2_d2.3.extxyz:151,FC,coverage,dft/FC/CF0.2_d2.3.extxyz:anneal,144,0.3774184222135555,0.48462495810654893,0.9402354570761264,1.3676828106805607,2.0118214970984276,1.421880395927285,2.184646703453854,
mace,dft/FC/CF0.2_d2.3.extxyz:161,FC,coverage,dft/FC/CF0.2_d2.3.extxyz:anneal,144,0.36672332067884883,0.49159700224140573,0.9896444753567276,1.3500981191736494,2.175437624826305,1.611712476742833,2.201727646602177,
mace,dft/FC/CF0.2_d2.3.extxyz:172,FC,coverage,dft/FC/CF0.2_d2.3.extxyz:anneal,144,0.3726799345397793,0.4941815111052541,1.04662562800574,1.2822300581474655,1.883794132757464,1.5027695444568943,2.157152519367409,
mace,dft/FC/CF0.2_d2.3.extxyz:182,FC,coverage,dft/FC/CF0.2_d2.3.extxyz:anneal,144,0.3667220328979694,0.48162778395788164,1.052336370609913,1.4222608323471084,1.5929668523476128,1.5060521171362016,1.8516430741699117,
mace,dft/FC/CF0.2_d2.3.extxyz:193,FC,coverage,dft/FC/CF0.2_d2.3.extxyz:anneal,144,0.33697662711331977,0.4543724367908139,0.9052311618000766,1.4239772043514498,2.297170839075122,1.4425693947231482,2.3562602908976507,
mace,dft/FC/CF0.2_d2.3.extxyz:203,FC,coverage,dft/FC/CF0.2_d2.3.extxyz:anneal,144,0.36088265908321154,0.46889102908104474,0.9949401398318042,1.2448390387499944,1.5379937071434873,1.45270285664912,1.6565831162202171,
mace,dft/FC/CF0.2_d2.3.extxyz:214,FC,coverage,dft/FC/CF0.2_d2.3.extxyz:anneal,144,0.3349619432429774,0.4400892788985865,0.8991620444392413,1.2665407452990392,1.651225954164709,1.3336990953761667,1.656734111918088,
mace,dft/FC/CF0.2_d3.2.extxyz:0,FC,coverage,dft/FC/CF0.2_d3.2.extxyz:melt,144,0.788816982411386,0.9994943292989649,2.045930774535326,2.569401032695963,3.8433282484147187,2.934037345330699,4.370532458103264,
mace,dft/FC/CF0.2_d3.2.extxyz:7,FC,coverage,dft/FC/CF0.2_d3.2.extxyz:melt,144,0.8227793619515856,1.040506030945592,2.015943214064595,2.782779823927602,3.1239313498358023,3.0785154655466997,3.841478173220742,
mace,dft/FC/CF0.2_d3.2.extxyz:14,FC,coverage,dft/FC/CF0.2_d3.2.extxyz:melt,144,0.8739990783389352,1.145796809531423,2.3679638411759854,3.4032755406364323,4.101861272161605,3.597716422023802,5.6155730654437885,
mace,dft/FC/CF0.2_d3.2.extxyz:21,FC,coverage,dft/FC/CF0.2_d3.2.extxyz:melt,144,0.7619342772176613,1.0015711720319196,1.9856854126664956,2.7945404363388766,4.144190359507343,3.04768358904087,4.251373363895149,
mace,dft/FC/CF0.2_d3.2.extxyz:28,FC,coverage,dft/FC/CF0.2_d3.2.extxyz:melt,144,0.8750420138900554,1.1677604683836016,2.427002622823342,3.5424968542953876,5.678503557338856,3.4451146214707777,6.043417644382058,
mace,dft/FC/CF0.2_d3.2.extxyz:35,FC,coverage,dft/FC/CF0.2_d3.2.extxyz:melt,144,0.8440683254475103,1.097446513854815,2.188234225032385,3.290356020547567,3.7396396763994977,3.506825732450969,4.762313379371607,
mace,dft/FC/CF0.2_d3.2.extxyz:42,FC,coverage,dft/FC/CF0.2_d3.2.extxyz:melt,144,0.8159507163648619,1.0601337475146948,1.988684022552935,3.034076949514268,4.094816996493152,3.176502248967691,4.451769479642924,
mace,dft/FC/CF0.2_d3.2.extxyz:49,FC,coverage,dft/FC/CF0.2_d3.2.extxyz:melt,144,0.8498950716676275,1.100165109671874,2.240520058485125,2.7193769129093504,4.521075569535544,3.2463442115572936,4.79026080668626,
mace,dft/FC/CF0.2_d3.2.extxyz:50,FC,coverage,dft/FC/CF0.2_d3.2.extxyz:quench,144,0.7635071238750254,0.9865277213961562,2.009040338236395,2.81119489748565,3.0749255681103556,3.1574379872060403,4.01503816137088,
mace,dft/FC/CF0.2_d3.2.extxyz:63,FC,coverage,dft/FC/CF0.2_d3.2.extxyz:quench,144,0.6026990781414256,0.7978043643180677,1.591302822775918,2.624939503190293,2.9917391528142403,2.6281860106689092,3.3056395419693465,
mace,dft/FC/CF0.2_d3.2.extxyz:75,FC,coverage,dft/FC/CF0.2_d3.2.extxyz:quench,144,0.3920391832949114,0.5075285534807887,1.0605613148560395,1.3923951538433739,1.9827948264110433,1.5398342270379388,1.9944298501857318,
mace,dft/FC/CF0.2_d3.2.extxyz:88,FC,coverage,dft/FC/CF0.2_d3.2.extxyz:quench,144,0.5736034884811165,0.7568622369041893,1.436657015502018,2.497040850031519,2.883240091324394,2.506684583519959,3.345107244623089,
mace,dft/FC/CF0.2_d3.2.extxyz:101,FC,coverage,dft/FC/CF0.2_d3.2.extxyz:quench,144,0.6773138718952751,0.8808632865844477,1.8598451276228403,2.3974133131544124,3.264315669061131,2.7540936197226604,3.644296954120678,
mace,dft/FC/CF0.2_d3.2.extxyz:114,FC,coverage,dft/FC/CF0.2_d3.2.extxyz:quench,144,0.5060872209721082,0.660068816465061,1.3247075969635067,1.7967478390037912,2.442486217333632,2.0459185467867167,2.5401376481194644,
mace,dft/FC/CF0.2_d3.2.extxyz:126,FC,coverage,dft/FC/CF0.2_d3.2.extxyz:quench,144,0.6821602027729066,0.8800396960748157,1.7644803366738633,2.460733370938313,3.6339065701156974,2.7373586657922635,3.899634417960336,
mace,dft/FC/CF0.2_d3.2.extxyz:139,FC,coverage,dft/FC/CF0.2_d3.2.extxyz:quench,144,0.4507042205926102,0.5780381038966307,1.1389370453240735,1.6403031133491148,2.2135107188549044,1.7462128712598128,2.229313512313107,
mace,dft/FC/CF0.2_d3.2.extxyz:140,FC,coverage,dft/FC/CF0.2_d3.2.extxyz:anneal,144,0.4061448855316488,0.5266517910948147,1.0499157897142208,1.4497413625446576,1.674765049688808,1.6390837805323546,1.7705599661473856,
mace,dft/FC/CF0.2_d3.2.extxyz:151,FC,coverage,dft/FC/CF0.2_d3.2.extxyz:anneal,144,0.3846367592338065,0.4906835593940037,0.9977127497750686,1.3038311241418665,1.605662220295922,1.4286475744888387,1.8654807702647298,
mace,dft/FC/CF0.2_d3.2.extxyz:161,FC,coverage,dft/FC/CF0.2_d3.2.extxyz:anneal,144,0.43061810232119435,0.5520970448041524,1.0848716295253094,1.5319475004631375,2.156701248977189,1.7395284758697305,2.458222272871012,
mace,dft/FC/CF0.2_d3.2.extxyz:172,FC,coverage,dft/FC/CF0.2_d3.2.extxyz:anneal,144,0.4336200943125239,0.5432903766942135,1.058884821787557,1.3651394506622823,1.7288419183372756,1.5636679248629326,2.0653390481770857,
mace,dft/FC/CF0.2_d3.2.extxyz:182,FC,coverage,dft/FC/CF0.2_d3.2.extxyz:anneal,144,0.41951805954642873,0.5495294580154316,1.1489339739622888,1.5471866510775867,2.0013161626076688,1.7556555054251235,2.0920881345388826,
mace,dft/FC/CF0.2_d3.2.extxyz:193,FC,coverage,dft/FC/CF0.2_d3.2.extxyz:anneal,144,0.4331058821494494,0.5502612510465417,1.1014934584908707,1.4869363600798753,1.8786490275055343,1.6599438003055256,2.0912943469317247,
mace,dft/FC/CF0.2_d3.2.extxyz:203,FC,coverage,dft/FC/CF0.2_d3.2.extxyz:anneal,144,0.4368319420347187,0.5580429711886699,1.0814352179478093,1.5133152786978687,2.0203153137092316,1.734814610377614,2.18254163235608,
mace,dft/FC/CF0.2_d3.2.extxyz:214,FC,coverage,dft/FC/CF0.2_d3.2.extxyz:anneal,144,0.432371493698568,0.5659445952574855,1.0904889087003995,1.7843062137824202,2.165769971066722,1.8531158259548894,2.345440480556362,
mace,dft/FC/CF0.4_d2.3.extxyz:0,FC,coverage,dft/FC/CF0.4_d2.3.extxyz:melt,144,0.6771389974289862,0.9023145241251419,1.8310299965308041,2.798165257830043,3.86245900892968,2.5528761770212895,5.230511329635649,
mace,dft/FC/CF0.4_d2.3.extxyz:7,FC,coverage,dft/FC/CF0.4_d2.3.extxyz:melt,144,0.6618359083549741,0.87388309336893,1.7843637625814392,2.5718691383926937,3.0048318812032258,2.7099710078079244,3.6698938696658026,
mace,dft/FC/CF0.4_d2.3.extxyz:14,FC,coverage,dft/FC/CF0.4_d2.3.extxyz:melt,144,0.5675414186565936,0.7707962646281648,1.6606300943876915,2.3133346855290196,3.5188532433025275,2.619688509841817,4.313888906636366,
mace,dft/FC/CF0.4_d2.3.extxyz:21,FC,coverage,dft/FC/CF0.4_d2.3.extxyz:melt,144,0.6053199651336554,0.8404388876233109,1.600391943381889,2.6621010951591906,4.768802981214858,2.715430262897181,4.810242243977531,
mace,dft/FC/CF0.4_d2.3.extxyz:28,FC,coverage,dft/FC/CF0.4_d2.3.extxyz:melt,144,0.7345580443881167,0.9676105973289273,1.8566618212618324,2.8539834585861663,3.9374932492128143,3.2461390052880668,4.042680661697774,
mace,dft/FC/CF0.4_d2.3.extxyz:35,FC,coverage,dft/FC/CF0.4_d2.3.extxyz:melt,144,0.6926299254644205,0.9167570269327153,1.9684310456213245,2.4341168455686053,4.292180323363558,2.6938155708956795,5.016705255490242,
mace,dft/FC/CF0.4_d2.3.extxyz:42,FC,coverage,dft/FC/CF0.4_d2.3.extxyz:melt,144,0.6389891825332144,0.844010408154126,1.6464564953082959,2.5645969434676967,3.571234565222264,2.4807150308353623,4.247634967633331,
mace,dft/FC/CF0.4_d2.3.extxyz:49,FC,coverage,dft/FC/CF0.4_d2.3.extxyz:melt,144,0.6217842069312541,0.8194375339435248,1.6806060747393738,2.3128546523246243,3.4419523875706393,2.4464365517315905,3.6359369315587986,
mace,dft/FC/CF0.4_d2.3.extxyz:50,FC,coverage,dft/FC/CF0.4_d2.3.extxyz:quench,144,0.4907286466563821,0.6539781360878671,1.343339938034298,1.7664706036491362,2.6633377712203714,2.0460445688710043,2.7731445516989752,
mace,dft/FC/CF0.4_d2.3.extxyz:63,FC,coverage,dft/FC/CF0.4_d2.3.extxyz:quench,144,0.6587339130825172,0.9075583806891985,1.7660302207605292,2.9965634596420703,4.306727539779354,3.0899857569918154,5.195929852396799,
mace,dft/FC/CF0.4_d2.3.extxyz:75,FC,coverage,dft/FC/CF0.4_d2.3.extxyz:quench,144,0.6056271146400197,0.8333873551726774,1.6892631640515008,2.758675017870035,3.801514017464103,2.6941684674929083,4.768507838385236,
mace,dft/FC/CF0.4_d2.3.extxyz:88,FC,coverage,dft/FC/CF0.4_d2.3.extxyz:quench,144,0.6472272387980677,0.870739696941465,1.703484223542041,2.3753556145762897,5.113329003980822,2.462814698102552,5.917287223896921,
mace,dft/FC/CF0.4_d2.3.extxyz:101,FC,coverage,dft/FC/CF0.4_d2.3.extxyz:quench,144,0.6064720363645312,0.7879108830485423,1.6499397169824117,2.2204260415684547,2.493129819326923,2.3705148116362533,3.2115604331372447,
mace,dft/FC/CF0.4_d2.3.extxyz:114,FC,coverage,dft/FC/CF0.4_d2.3.extxyz:quench,144,0.2805649715266919,0.3921454194721293,0.8483654318665036,1.2550435187609863,1.5131767635243607,1.2851728105087759,2.1645510477343968,
mace,dft/FC/CF0.4_d2.3.extxyz:126,FC,coverage,dft/FC/CF0.4_d2.3.extxyz:quench,144,0.6562281765832786,0.8997956567193794,1.8067088333291172,2.806873370162857,4.58728908795302,2.987211177508359,5.267078154591618,
mace,dft/FC/CF0.4_d2.3.extxyz:139,FC,coverage,dft/FC/CF0.4_d2.3.extxyz:quench,144,0.40168631265266785,0.5579493363629965,1.20990673986149,1.7809349181008804,2.334206285904477,1.8054546286372912,3.1845621065285576,
mace,dft/FC/CF0.4_d2.3.extxyz:140,FC,coverage,dft/FC/CF0.4_d2.3.extxyz:anneal,144,0.3299029635512277,0.44232634129136295,0.924094309448503,1.3218271045320993,1.7407163552466915,1.4179609876668842,2.019255879059422,
mace,dft/FC/CF0.4_d2.3.extxyz:151,FC,coverage,dft/FC/CF0.4_d2.3.extxyz:anneal,144,0.3362663773210509,0.4543851714786366,0.9823989770590483,1.291580965316583,1.9150036727615225,1.4554316457869145,2.1320248538600475,
mace,dft/FC/CF0.4_d2.3.extxyz:161,FC,coverage,dft/FC/CF0.4_d2.3.extxyz:anneal,144,0.3674119988416309,0.5100820565022356,1.1273498518485983,1.641164132564503,1.8349305289855518,1.6883684760574487,2.6795004372646773,
mace,dft/FC/CF0.4_d2.3.extxyz:172,FC,coverage,dft/FC/CF0.4_d2.3.extxyz:anneal,144,0.33191900407845637,0.44320631993579157,0.9183346294165999,1.384232062685548,1.7227220869429074,1.4297815589534222,1.9955583901984613,
mace,dft/FC/CF0.4_d2.3.extxyz:182,FC,coverage,dft/FC/CF0.4_d2.3.extxyz:anneal,144,0.32242823680767424,0.44300538522767624,0.9339636281777477,1.3075107681319291,2.121498807411024,1.265431647738776,2.1412451908406123,
mace,dft/FC/CF0.4_d2.3.extxyz:193,FC,coverage,dft/FC/CF0.4_d2.3.extxyz:anneal,144,0.3173559374236579,0.4297315152933896,0.8542223017632283,1.4084837413021005,1.6256444399219028,1.446157522727007,1.9647859666637966,
mace,dft/FC/CF0.4_d2.3.extxyz:203,FC,coverage,dft/FC/CF0.4_d2.3.extxyz:anneal,144,0.3542477195703525,0.47588819774765856,1.0034730867837518,1.3255386064291848,1.6879008254388563,1.4674972620632005,1.9706252116446912,
mace,dft/FC/CF0.4_d2.3.extxyz:214,FC,coverage,dft/FC/CF0.4_d2.3.extxyz:anneal,144,0.32139979586642503,0.44481961158888045,1.0031614828973152,1.4036767965045172,1.7194413076177182,1.4521502454426523,2.189399484746587,
mace,dft/FC/CF0.4_d3.2.extxyz:0,FC,coverage,dft/FC/CF0.4_d3.2.extxyz:melt,144,0.8020623582378476,1.0530802536504056,2.2254813941146603,2.903238929060359,3.4508315008557195,3.324391886243951,4.015019371677939,
mace,dft/FC/CF0.4_d3.2.extxyz:7,FC,coverage,dft/FC/CF0.4_d3.2.extxyz:melt,144,0.7938094916472641,1.0377462966513618,1.9864874681245126,3.0574524464096045,4.8465857116998095,3.026667953735277,5.01464909257937,
mace,dft/FC/CF0.4_d3.2.extxyz:14,FC,coverage,dft/FC/CF0.4_d3.2.extxyz:melt,144,0.80196848484594,1.025088097697201,2.047204479874829,2.6878174568180073,4.2922511263951515,3.1629996258869895,4.933514124439197,
mace,dft/FC/CF0.4_d3.2.extxyz:21,FC,coverage,dft/FC/CF0.4_d3.2.extxyz:melt,144,1.0885733661349977,1.5204555613781288,2.9836159580294748,5.934215365169482,7.330985092588278,4.476602557251714,9.38202547306287,
mace,dft/FC/CF0.4_d3.2.extxyz:28,FC,coverage,dft/FC/CF0.4_d3.2.extxyz:melt,144,0.8183495902621526,1.0514561599022705,2.131132625544701,2.8460947721716803,3.847409718753772,3.129724445658693,4.318467926835519,
mace,dft/FC/CF0.4_d3.2.extxyz:35,FC,coverage,dft/FC/CF0.4_d3.2.extxyz:melt,144,0.8381624095127284,1.0943666788866622,2.249997242757667,3.0206709199018924,4.592188467636919,3.48480923047522,4.9001329176519635,
mace,dft/FC/CF0.4_d3.2.extxyz:42,FC,coverage,dft/FC/CF0.4_d3.2.extxyz:melt,144,0.7892471972517798,1.0314198619392834,2.07163660058018,2.6746199707808653,4.551929175831434,3.023827259430754,4.80885982321916,
mace,dft/FC/CF0.4_d3.2.extxyz:49,FC,coverage,dft/FC/CF0.4_d3.2.extxyz:melt,144,0.8425143865944357,1.0951603496203883,2.318216536524079,2.838315816081925,3.772843117933533,3.36638536859182,4.776205920005255,
mace,dft/FC/CF0.4_d3.2.extxyz:50,FC,coverage,dft/FC/CF0.4_d3.2.extxyz:quench,144,0.5915847597352981,0.8106716162142829,1.6437877584376352,2.524425066042834,4.305343216877766,2.5368495601180676,4.630026894213457,
mace,dft/FC/CF0.4_d3.2.extxyz:63,FC,coverage,dft/FC/CF0.4_d3.2.extxyz:quench,144,0.8619514267159439,1.1430725299245663,2.4266694851813067,3.1220937815904892,4.626717409601898,3.5531135155601605,5.5369193074940295,
mace,dft/FC/CF0.4_d3.2.extxyz:75,FC,coverage,dft/FC/CF0.4_d3.2.extxyz:quench,144,0.762405334783895,0.9953403516370484,2.1816090199226754,2.5516889546041086,3.2418398668036144,3.1330995538086177,3.6317082043008897,
mace,dft/FC/CF0.4_d3.2.extxyz:88,FC,coverage,dft/FC/CF0.4_d3.2.extxyz:quench,144,0.41199410245841334,0.5500128716780962,1.0695551839227613,1.556783674730725,2.3933907992223693,1.7426876996692815,2.8989676519095933,
mace,dft/FC/CF0.4_d3.2.extxyz:101,FC,coverage,dft/FC/CF0.4_d3.2.extxyz:quench,144,0.6979227112151699,0.9253934840959246,1.9181903892532508,2.818208058593988,3.854252474050754,2.751925319990051,5.289364249533418,
mace,dft/FC/CF0.4_d3.2.extxyz:114,FC,coverage,dft/FC/CF0.4_d3.2.extxyz:quench,144,0.6358665419123687,0.8595851615855703,1.736116467650729,2.6202310775877886,3.8826962605050532,2.802299525132813,4.164479564298315,
mace,dft/FC/CF0.4_d3.2.extxyz:126,FC,coverage,dft/FC/CF0.4_d3.2.extxyz:quench,144,0.47579610159144214,0.6470139519770607,1.2760008303768187,1.7335144659834747,2.970066855648555,1.9677525517938934,3.074831386819441,
mace,dft/FC/CF0.4_d3.2.extxyz:139,FC,coverage,dft/FC/CF0.4_d3.2.extxyz:quench,144,0.7839996267360929,1.0133173353017573,2.1829844392933575,2.8065337556070302,3.4595298005138977,2.9842224005874374,4.59853175497152,
mace,dft/FC/CF0.4_d3.2.extxyz:140,FC,coverage,dft/FC/CF0.4_d3.2.extxyz:anneal,144,0.4327444694829986,0.5824156163130425,1.2075538969488933,1.7256425421341326,2.6194115043926707,1.8134719174151288,2.941338428564926,
mace,dft/FC/CF0.4_d3.2.extxyz:151,FC,coverage,dft/FC/CF0.4_d3.2.extxyz:anneal,144,0.4300780953698873,0.5781767108009502,1.1534793759635922,1.705374278853615,2.522828392058945,1.8898417250113544,2.798944342561651,
mace,dft/FC/CF0.4_d3.2.extxyz:161,FC,coverage,dft/FC/CF0.4_d3.2.extxyz:anneal,144,0.4028194986847823,0.546821969305346,1.1290175272252645,1.649962414199931,1.8595310257875903,1.7617928365666984,2.277428752196312,
mace,dft/FC/CF0.4_d3.2.extxyz:172,FC,coverage,dft/FC/CF0.4_d3.2.extxyz:anneal,144,0.43463684372374906,0.5863063216881905,1.2346196656750137,1.6701207094771524,2.5746532171104004,1.9358610049937963,2.964192270158471,
mace,dft/FC/CF0.4_d3.2.extxyz:182,FC,coverage,dft/FC/CF0.4_d3.2.extxyz:anneal,144,0.41633336979707825,0.5537533167348412,1.155086675139355,1.6733987631968175,2.1110225563704956,1.7103244998732026,2.3973678179758706,
mace,dft/FC/CF0.4_d3.2.extxyz:193,FC,coverage,dft/FC/CF0.4_d3.2.extxyz:anneal,144,0.43454863059479226,0.5847074907563471,1.177318845925846,1.785254783409242,2.3187799680871626,1.8306250491250773,2.6468999601872794,
mace,dft/FC/CF0.4_d3.2.extxyz:203,FC,coverage,dft/FC/CF0.4_d3.2.extxyz:anneal,144,0.42103551598953004,0.573182695615026,1.2658250831892088,1.6801207359903565,2.400340529901735,1.7749327928448642,2.6298905035066427,
mace,dft/FC/CF0.4_d3.2.extxyz:214,FC,coverage,dft/FC/CF0.4_d3.2.extxyz:anneal,144,0.41572216868025325,0.5472698889521422,1.1449896307919458,1.5652275920016387,2.1578887690268926,1.6721894768067507,2.4540606854859806,
mace,dft/etch/trj_CF2_30eV.extxyz:0,etch,coverage,trj_CF2_30eV_case1,150,0.20223393975749226,0.3296204460830755,0.6771690484098772,1.2115924215359095,2.7068315677305694,1.1998569681616347,3.228755567894017,
mace,dft/etch/trj_CF2_30eV.extxyz:32,etch,coverage,trj_CF2_30eV_case1,150,0.1551723750473436,0.2625939619340375,0.5209351632692799,1.0203769764272395,1.741186836367696,0.9151092611251447,2.4081492466625494,1.1801694793545539
mace,dft/etch/trj_CF2_30eV.extxyz:64,etch,coverage,trj_CF2_30eV_case1,150,0.24146333973705117,0.3454047073239471,0.6833737274344095,1.0731983987546434,2.0716374925980774,0.9544211975269736,2.6862396233949277,1.1752021102772092
mace,dft/etch/trj_CF2_30eV.extxyz:95,etch,prior_outlier,trj_CF2_30eV_case1,150,0.4381181783544318,0.7132662008959884,1.4980503204149125,2.4703235649107067,5.150613793292777,2.1025156956412903,5.969153982681401,1.120981712607302
mace,dft/etch/trj_CF2_30eV.extxyz:97,etch,coverage,trj_CF2_30eV_case1,150,0.22329479839918984,0.33474571123076813,0.7797133831125133,1.1000378986396184,1.5238514913609293,1.112649637156835,2.1311643214554365,1.1132385189167686
mace,dft/etch/trj_CF2_30eV.extxyz:105,etch,prior_outlier,trj_CF2_30eV_case1,150,0.24548976907487396,0.4690989065292334,0.7537808758883733,1.9041434285439722,4.5172013186864595,1.003100041039352,5.976749908316022,1.1836807001890333
mace,dft/etch/trj_CF2_30eV.extxyz:129,etch,coverage,trj_CF2_30eV_case1,150,0.1273696556776316,0.1961031997802486,0.45202646235545696,0.7237185356833742,1.0339754542710347,0.683684699555464,1.3104246623085591,1.2054044964243331
mace,dft/etch/trj_CF2_30eV.extxyz:146,etch,prior_outlier,trj_CF2_30eV_case1,150,0.375520647111504,0.6262448510520731,1.3529864663588225,2.43700966729982,4.678438371305069,2.091840556079247,4.916140329525114,1.2147839314050886
mace,dft/etch/trj_CF2_30eV.extxyz:161,etch,coverage,trj_CF2_30eV_case1,150,0.14325173182306583,0.24209776698866836,0.5121619372120838,0.951045359209789,1.4889172721632715,0.8980745969863977,1.5275406417683444,1.1903780911962376
mace,dft/etch/trj_CF2_30eV.extxyz:163,etch,prior_outlier,trj_CF2_30eV_case1,150,0.3347929097066329,0.5603958394525759,1.0019714895852603,1.8126952343797202,5.876943528191525,1.697515358491496,5.894185581110227,1.1751170154499515
mace,dft/etch/trj_CF2_30eV.extxyz:193,etch,coverage,trj_CF2_30eV_case1,150,0.16007868246474893,0.2406053402404688,0.5466901141268047,0.8223449873240546,1.2613274836321615,0.8260722447446646,1.6196906298431766,1.2303657992645913
mace,dft/etch/trj_CF2_30eV.extxyz:226,etch,coverage,trj_CF2_30eV_case1,150,0.16202464962502972,0.24899969603489502,0.5037357771425941,0.9396059468072012,1.4911938020986786,0.8908099046673476,1.8604904695176465,1.1734564329364785
mace,dft/etch/trj_CF2_30eV.extxyz:232,etch,prior_outlier,trj_CF2_30eV_case1,150,0.5296165691217818,0.9411648602853432,1.8600515866903764,3.265172834720563,8.214461805079635,3.144083281695668,8.498079060461526,1.1676472069936201
mace,dft/etch/trj_CF2_30eV.extxyz:258,etch,coverage,trj_CF2_30eV_case1,150,0.18899805212082924,0.3009788534728808,0.5908891591070369,1.2985857462327934,1.7357300788399348,0.9021826583660113,2.1503333619361378,1.5185519418182574
mace,dft/etch/trj_CF2_30eV.extxyz:282,etch,prior_outlier,trj_CF2_30eV_case1,150,0.45154495924895716,0.7632147115806592,1.7126552511870567,2.9262898937047086,3.8199423886613513,2.6468152553399666,5.270734893435453,1.536847422485394
mace,dft/etch/trj_CF2_30eV.extxyz:290,etch,coverage,trj_CF2_30eV_case1,150,0.1785404916771153,0.30321549648571394,0.6545235092778868,1.1608482853771098,2.10971379220852,1.1142832268089338,2.2374310002049995,1.1039021695784448
mace,dft/etch/trj_CF2_30eV.extxyz:292,etch,prior_outlier,trj_CF2_30eV_case1,150,0.5813947010246827,1.0180772636007946,2.144537018536923,4.1543812988527264,6.37393821274038,3.7171821167804087,7.38175557277538,1.0402403568406686
mace,dft/etch/trj_CF2_30eV.extxyz:322,etch,coverage,trj_CF2_30eV_case1,150,0.19781853161867777,0.35869970541532964,0.597532672184688,1.2574889574136585,4.1218411907139085,1.192247273593588,4.13871207531386,1.288293444833124
mace,dft/etch/trj_CF2_30eV.extxyz:339,etch,prior_outlier,trj_CF2_30eV_case1,150,0.29433743688809316,0.6843348130079041,0.9541101750097357,1.7267934931546447,8.986505826196897,1.5908576022879188,9.128918691195492,1.363121417922852
mace,dft/etch/trj_CF2_30eV.extxyz:344,etch,prior_outlier,trj_CF2_30eV_case1,150,0.4465096176252584,0.7281045515616621,1.6097604025000025,2.6354192290427125,3.7975490521619397,2.5875662249963853,5.3393661934092,1.2782018619920732
mace,dft/etch/trj_CF2_30eV.extxyz:354,etch,coverage,trj_CF2_30eV_case1,150,0.23828240880036788,0.36833095268958294,0.8568151559674293,1.2394361279922226,1.7698731554660614,1.3341444955539332,1.9457541513634522,1.3054884143492023
mace,dft/etch/trj_CF2_30eV.extxyz:387,etch,coverage,trj_CF2_30eV_case1,150,0.21081103806321916,0.33754961732113015,0.720261449596508,1.3273849104090927,1.6735831911714816,1.2842923226943128,1.9729275626809775,1.4711560080426516
mace,dft/etch/trj_CF2_30eV.extxyz:419,etch,coverage,trj_CF2_30eV_case1,150,0.13226712928258386,0.23798699805538295,0.5090722256531793,0.8889894691897879,1.9327309980872796,0.8939862201821688,2.1675470514917268,1.3802898246382913
mace,dft/etch/trj_CF2_30eV.extxyz:425,etch,prior_outlier,trj_CF2_30eV_case1,150,0.5856480383789685,0.8877120316112134,1.9004679117103058,2.9734486605128554,4.550639010306915,2.7398922099189216,5.728783120860017,1.2781627439414756
mace,dft/etch/trj_CF2_30eV.extxyz:451,etch,coverage,trj_CF2_30eV_case1,150,0.16267629953344984,0.26437731429844963,0.5980822149673116,1.045142409123357,1.3622249952944419,0.981942865515184,1.8303620918368564,1.2043670536842155
mace,dft/etch/trj_CF2_30eV.extxyz:483,etch,coverage,trj_CF2_30eV_case1,150,0.1402746874075117,0.20501015073997428,0.4473208803027541,0.6812103036304937,0.9329699450583326,0.6958850467143983,1.4145588188943532,1.4659809002848585
mace,dft/etch/trj_CF2_30eV.extxyz:516,etch,coverage,trj_CF2_30eV_case1,150,0.1385334043775114,0.2104212559547796,0.46043773813372313,0.7582362052680807,1.096400775089684,0.7322974637847393,1.4349462332740097,1.2709838708654015
mace,dft/etch/trj_CF2_30eV.extxyz:548,etch,coverage,trj_CF2_30eV_case1,150,0.10231824503955252,0.16318868654319185,0.3899822031816219,0.6112249149445573,0.8047668669773945,0.6520885710798453,0.8692390357373205,1.198916177220076
mace,dft/etch/trj_CF2_30eV.extxyz:580,etch,coverage,trj_CF2_30eV_case1,150,0.1647754888269551,0.24301241071027826,0.48232396680300893,0.8450984337356018,1.2233165684037597,0.8400488180027662,1.716056688107069,1.165160933090357
mace,dft/etch/trj_CF2_30eV.extxyz:612,etch,coverage,trj_CF2_30eV_case1,150,0.1827444763402995,0.2769356215684055,0.6007616371681883,0.9265980917005129,1.6017399897253988,0.8574757253076793,1.7810037434277537,1.2195900950729293
mace,dft/etch/trj_CF2_30eV.extxyz:644,etch,prior_outlier,trj_CF2_30eV_case1,150,0.507909942540429,0.8116138236125459,1.6957626141279551,2.5888502021091093,5.303064492606496,2.713767527985531,5.432725634953682,1.1374532957444887
mace,dft/etch/trj_CF2_30eV.extxyz:645,etch,coverage,trj_CF2_30eV_case1,150,0.1581484563222375,0.23926558023658,0.5430938876472402,0.7991980367912759,1.3041841438018928,0.7980510084523997,1.6731052342133481,1.142716062720741
mace,dft/etch/trj_CF2_30eV.extxyz:650,etch,prior_outlier,trj_CF2_30eV_case1,150,0.3559429306192445,0.6379824333374313,1.2916641078748883,2.469358143724458,5.342335621459018,1.8360637125476815,7.4110005680367275,1.4723111084278335
mace,dft/etch/trj_CF2_30eV.extxyz:677,etch,coverage,trj_CF2_30eV_case1,150,0.16218225233838812,0.2608391106416724,0.5667063547743281,0.9372266418451638,1.87809529008935,0.8810418130017853,2.0955735065261742,1.1622392180614114
mace,dft/etch/trj_CF2_30eV.extxyz:709,etch,coverage,trj_CF2_30eV_case1,150,0.20571940055944485,0.3672934604195844,0.7052751395085068,1.8175043056597535,2.4970288715826667,1.1988873611821207,3.68773904150784,1.1512601791080939
mace,dft/etch/trj_CF2_30eV.extxyz:741,etch,coverage,trj_CF2_30eV_case1,151,0.16757164739662847,0.34353668768067247,0.5661845187436069,1.6792462540448532,3.1869940299504345,1.128102069201929,3.730725746183088,1.165289663560095
mace,dft/etch/trj_CF2_30eV.extxyz:773,etch,coverage,trj_CF2_30eV_case1,150,0.1629038301552088,0.24971659723483977,0.5749757306921002,0.8081112244113808,1.6445179354479562,0.8344573091459614,2.33909865176999,1.3949551964131324
mace,dft/etch/trj_CF2_30eV.extxyz:806,etch,coverage,trj_CF2_30eV_case1,150,0.18089370330217278,0.2983750840057016,0.5972685901953371,1.0914661707310922,1.902338098041648,1.108255162561867,2.6408310941963196,1.1416654501210053
mace,dft/etch/trj_CF2_30eV.extxyz:838,etch,coverage,trj_CF2_30eV_case1,150,0.14437631593700379,0.2212328090794825,0.4792486506508248,0.8391214609456261,1.2473425566149585,0.898116885961618,1.408130477686654,1.1536897329871678
mace,dft/etch/trj_CF2_30eV.extxyz:870,etch,coverage,trj_CF2_30eV_case1,150,0.16441031087469657,0.2579600205250233,0.530055853922832,1.1740867739328413,1.302554672526327,0.984912229279173,1.7078797743743168,1.3112970677920375
mace,dft/etch/trj_CF2_30eV.extxyz:874,etch,prior_outlier,trj_CF2_30eV_case1,150,0.5737396228525637,0.966384282594487,2.2087496641059268,3.442696015564988,7.517430002682378,3.0875310066122896,7.6332122313281126,1.220040982918196
mace,dft/etch/trj_CF2_30eV.extxyz:902,etch,coverage,trj_CF2_30eV_case1,150,0.25170788855114373,0.3798070458204717,0.7618526383560872,1.2898553789295109,2.224257215081912,1.3162197916405314,2.4440308358387237,1.386686698573258
mace,dft/etch/trj_CF2_30eV.extxyz:935,etch,coverage,trj_CF2_30eV_case1,150,0.13010184152465087,0.2229975140180137,0.49814465842922223,0.9457624123298133,1.5674662400319628,0.903114276897551,1.9313634788731602,1.3411562175973366
mace,dft/etch/trj_CF2_30eV.extxyz:958,etch,prior_outlier,trj_CF2_30eV_case1,150,0.21839697885988396,0.6692415403083118,0.5346388160774225,1.920674744876082,6.706764508019901,0.7475748622051382,9.216846195786601,0.9210320298447815
mace,dft/etch/trj_CF2_30eV.extxyz:959,etch,prior_outlier,trj_CF2_30eV_case1,150,0.23661591177259236,0.5698149696279433,0.706946133149232,1.813884470592425,6.75173740461701,1.069082299130276,7.258484564434662,0.9356815697661205
mace,dft/etch/trj_CF2_30eV.extxyz:967,etch,coverage,trj_CF2_30eV_case1,150,0.1215675073520263,0.19577262001917728,0.41543553786573595,0.7016680060205461,1.3380374820600633,0.7296946059109264,1.7493141228158076,1.168332144554793
mace,dft/etch/trj_CF2_30eV.extxyz:999,etch,coverage,trj_CF2_30eV_case1,150,0.22415179791772474,0.3377537527760149,0.8361248145988639,1.0819850333342096,1.2722212768717829,1.0842383658763313,1.7203197645979507,1.1717508267545613
mace,dft/etch/trj_CF3_30eV.extxyz:0,etch,coverage,trj_CF3_30eV_case1,150,0.20232018798559112,0.3295822402154166,0.6773094484098772,1.2094080615359095,2.7007115677305693,1.1961884657311692,3.2212133076030027,
mace,dft/etch/trj_CF3_30eV.extxyz:32,etch,coverage,trj_CF3_30eV_case1,150,0.15659639125615285,0.23570491973976174,0.4805756884898761,0.8878506207863264,1.3316900487312573,0.8564897615972369,1.4603538912280865,1.2120231020900523
mace,dft/etch/trj_CF3_30eV.extxyz:64,etch,coverage,trj_CF3_30eV_case1,150,0.13320782192914665,0.23120417419589992,0.4367847484136932,0.811317767819179,1.8952933258141473,0.6818656397245328,1.9533873174093892,1.3714955340794934
mace,dft/etch/trj_CF3_30eV.extxyz:97,etch,coverage,trj_CF3_30eV_case1,150,0.20788818436966655,0.32657600147563537,0.7055170578999307,1.2457478426886983,2.1716805974960094,1.0929402530969243,3.0239743488893147,1.1713667231059617
mace,dft/etch/trj_CF3_30eV.extxyz:129,etch,coverage,trj_CF3_30eV_case1,150,0.19717548785721423,0.3159956785984492,0.6484033170235751,1.1783568664567934,2.3110977215676227,1.2686900640563876,2.5015138553770258,1.192476414861108
mace,dft/etch/trj_CF3_30eV.extxyz:161,etch,coverage,trj_CF3_30eV_case1,150,0.199271958145943,0.32705291826253974,0.6895342225869606,1.259832717851233,1.9754237485155695,1.2184299860774557,2.737777324561776,1.2038687636117167
mace,dft/etch/trj_CF3_30eV.extxyz:193,etch,coverage,trj_CF3_30eV_case1,150,0.14356666208984545,0.24410472420874568,0.4853802851175277,1.0179802280389285,1.4909602217830118,0.8559239195594778,1.9856580817080816,1.1910499569707416
mace,dft/etch/trj_CF3_30eV.extxyz:226,etch,coverage,trj_CF3_30eV_case1,150,0.13142786013233193,0.22588735028048698,0.4489681029346951,0.8755012806500694,1.7520691850146504,0.8043854924767173,2.099130097023886,1.0592922165295118
mace,dft/etch/trj_CF3_30eV.extxyz:258,etch,coverage,trj_CF3_30eV_case1,150,0.17239786559689393,0.27345584109621657,0.5471989790736701,1.0366115213515117,2.0133653960538074,1.0325581611798902,2.1043411865430715,1.2060265337047962
mace,dft/etch/trj_CF3_30eV.extxyz:290,etch,coverage,trj_CF3_30eV_case1,150,0.17135651717388226,0.2623763682946668,0.508496210605731,1.0249283124425779,1.7543311403675625,0.801410713399857,2.1330830985488354,1.313811249761548
mace,dft/etch/trj_CF3_30eV.extxyz:322,etch,coverage,trj_CF3_30eV_case1,150,0.19564611849726754,0.2860927108666592,0.6410672456931248,0.9817439439054535,1.2951185161018925,1.0368986673415004,1.5242987076301395,1.3100381673829193
mace,dft/etch/trj_CF3_30eV.extxyz:354,etch,coverage,trj_CF3_30eV_case1,150,0.18225020786829652,0.29922902513228017,0.6016091399885383,1.318325273501135,1.9905451925139666,0.9015281521917311,2.1855272646572135,1.215606844337429
mace,dft/etch/trj_CF3_30eV.extxyz:387,etch,coverage,trj_CF3_30eV_case1,150,0.15991032767503782,0.23212002953830774,0.47936258426410083,0.7930962050223898,1.2358266300626655,0.7359093974296801,1.5996812039899169,1.1555950847939753
mace,dft/etch/trj_CF3_30eV.extxyz:419,etch,coverage,trj_CF3_30eV_case1,150,0.213277900971876,0.33698152593401054,0.7165787609122366,1.2898396183068497,1.972711459987808,1.1877520770322498,2.585325369416332,1.5253851972534673
mace,dft/etch/trj_CF3_30eV.extxyz:451,etch,coverage,trj_CF3_30eV_case1,150,0.18798110058294487,0.2912548524740159,0.5565943808124039,1.1064706303603438,1.5507041399283623,1.0779039884549175,1.997926892409401,1.303687079018582
mace,dft/etch/trj_CF3_30eV.extxyz:483,etch,coverage,trj_CF3_30eV_case1,150,0.1726369072726409,0.25593151304829537,0.5537834134548022,0.9149579146973398,1.1500234752028486,0.8554015641937883,1.3528685033395675,1.240806189539687
mace,dft/etch/trj_CF3_30eV.extxyz:516,etch,coverage,trj_CF3_30eV_case1,150,0.1991042775243263,0.2856945431155065,0.5563612297304571,1.0057314874739123,1.525060037903664,0.8503160816237622,1.5948971019770855,1.5355455056754266
mace,dft/etch/trj_CF3_30eV.extxyz:548,etch,coverage,trj_CF3_30eV_case1,150,0.1715507058019031,0.27478012248769423,0.5406412047562467,0.9481261997537742,2.5358675098687264,0.8116686541997572,2.768568110704586,1.513803157613297
mace,dft/etch/trj_CF3_30eV.extxyz:580,etch,coverage,trj_CF3_30eV_case1,150,0.2136366078833744,0.31514016365604086,0.6526134361265264,1.09353009045345,1.7281895783305588,1.0700484504354042,2.1941769892878344,1.4886235252742723
mace,dft/etch/trj_CF3_30eV.extxyz:612,etch,coverage,trj_CF3_30eV_case1,150,0.22735518710398492,0.3416856575184848,0.75326815040033,1.1188558952057281,1.6711226973300395,1.2469712234978814,1.931454410120612,1.4515164484083547
mace,dft/etch/trj_CF3_30eV.extxyz:645,etch,coverage,trj_CF3_30eV_case1,150,0.24598421692607142,0.3544506796838182,0.7256393327826881,1.099960001595831,1.7316723437616675,1.1590287778993862,1.7731194460774375,1.3470708964267615
mace,dft/etch/trj_CF3_30eV.extxyz:677,etch,coverage,trj_CF3_30eV_case1,150,0.20093009155241984,0.3106564364174041,0.593264205116794,1.08712268806409,2.160449443437968,1.0752228366815806,2.1695038067325667,1.2503999360204716
mace,dft/etch/trj_CF3_30eV.extxyz:709,etch,coverage,trj_CF3_30eV_case1,150,0.20920837471155285,0.32148465696758116,0.6754240548348804,1.1690532045247655,2.1814918184230416,1.101377994583835,2.4768831865829797,1.1506954418959003
mace,dft/etch/trj_CF3_30eV.extxyz:741,etch,coverage,trj_CF3_30eV_case1,150,0.19371680028793573,0.3552217472713516,0.6912707067232333,1.4530174159072957,2.810357408101749,1.3216791630408666,3.0028095286199616,1.4182383438618476
mace,dft/etch/trj_CF3_30eV.extxyz:773,etch,coverage,trj_CF3_30eV_case1,150,0.15337432669042622,0.23682712775169681,0.49191070867892694,0.7741472339992367,1.601580427153998,0.7677864753557399,1.6695908808159319,1.2613088440187834
mace,dft/etch/trj_CF3_30eV.extxyz:806,etch,coverage,trj_CF3_30eV_case1,150,0.20247744678855084,0.3145704153398576,0.6121867819312333,1.2052082945547782,2.0294365360268514,0.9879470301519371,2.871566498107347,1.204740635987677
mace,dft/etch/trj_CF3_30eV.extxyz:838,etch,coverage,trj_CF3_30eV_case1,150,0.14759322603962596,0.2225454609496142,0.4647105748920114,0.7077789342746762,1.3097908657364052,0.7873749011418724,1.368919407187888,1.4765838953476356
mace,dft/etch/trj_CF3_30eV.extxyz:870,etch,coverage,trj_CF3_30eV_case1,150,0.18060607374012919,0.27128788396459186,0.5617873869272763,0.9960707169215183,1.4745628240207842,0.9104433459719855,1.787527116567463,1.3563922736435794
mace,dft/etch/trj_CF3_30eV.extxyz:902,etch,coverage,trj_CF3_30eV_case1,150,0.2006525995329571,0.37223651380821887,0.7394511478682313,1.4919744473361123,2.7978696676596506,1.378528633025603,3.727018248773386,1.3346909754696015
mace,dft/etch/trj_CF3_30eV.extxyz:935,etch,coverage,trj_CF3_30eV_case1,150,0.15194321877925707,0.2544228224389629,0.49507596755696487,1.0517687294740485,1.7682445558138133,0.8244938244279076,2.1941439706765276,1.4882540105774957
mace,dft/etch/trj_CF3_30eV.extxyz:967,etch,coverage,trj_CF3_30eV_case1,150,0.12777985285668433,0.21318321259092912,0.417511197043156,0.7775544855715709,1.8647849587791268,0.6593790712946461,1.9909343680357119,1.2922074136917818
mace,dft/etch/trj_CF3_30eV.extxyz:999,etch,coverage,trj_CF3_30eV_case1,150,0.1685034646473708,0.2618893072795931,0.5426893422646947,0.8250341557878789,2.0316547455451692,0.855280330631288,2.661090478685408,1.146516463030514
mace,dft/mqa/mqa_Si.extxyz:0,mqa,coverage,dft/mqa/mqa_Si.extxyz:mqa_Si,64,0.17593936846208422,0.21918226217003473,0.4357813162366447,0.5810647355030301,0.67809701662806,0.6538377257509361,0.6798241432710203,
mace,dft/mqa/mqa_Si.extxyz:88,mqa,coverage,dft/mqa/mqa_Si.extxyz:mqa_Si,64,0.19727716304308487,0.24938722172914327,0.5187340760196557,0.6541674850873426,0.7903455063253941,0.6279977639384523,0.8413054725947569,
mace,dft/mqa/mqa_Si.extxyz:177,mqa,coverage,dft/mqa/mqa_Si.extxyz:mqa_Si,64,0.19087876391873937,0.24376504350957617,0.4983612454191312,0.6470629072320626,0.6695947830201487,0.7177879359215381,0.8312412050959582,
mace,dft/mqa/mqa_Si.extxyz:265,mqa,coverage,dft/mqa/mqa_Si.extxyz:mqa_Si,64,0.1615583371675129,0.2100349695520531,0.43769999607552523,0.5695860516831465,0.6718444836442674,0.6738865789053576,0.7745574620592965,
mace,dft/mqa/mqa_Si.extxyz:354,mqa,coverage,dft/mqa/mqa_Si.extxyz:mqa_Si,64,0.16719653394613113,0.21113169093249404,0.4174733886322888,0.5670443303661972,0.7527831498558997,0.5814629709488163,0.8632410638422615,
mace,dft/mqa/mqa_Si.extxyz:442,mqa,coverage,dft/mqa/mqa_Si.extxyz:mqa_Si,64,0.16777274943912449,0.2129887776910204,0.4021893183413237,0.5996547424809923,0.6493141844652267,0.6575401260222047,0.7536784490432547,
mace,dft/mqa/mqa_Si.extxyz:531,mqa,coverage,dft/mqa/mqa_Si.extxyz:mqa_Si,64,0.18652125775777748,0.2316412688217289,0.45608306867216913,0.5522318624164068,0.6704935541892034,0.5945332617738417,0.8966441410874825,
mace,dft/mqa/mqa_Si.extxyz:619,mqa,coverage,dft/mqa/mqa_Si.extxyz:mqa_Si,64,0.16079431144523812,0.20383514779517917,0.354641980495861,0.5360099619403927,0.9572220991752928,0.5388792680418424,0.9849098764484351,
mace,dft/mqa/mqa_SiC.extxyz:0,mqa,coverage,dft/mqa/mqa_SiC.extxyz:mqa_SiC,64,0.33295993943444735,0.43078691039325806,0.8249186662812672,1.1745924927684266,1.538793003539041,1.3199510471451146,1.7193161381445274,1.7216500923939175
mace,dft/mqa/mqa_SiC.extxyz:88,mqa,coverage,dft/mqa/mqa_SiC.extxyz:mqa_SiC,64,0.3672128497095066,0.46623491130322164,0.9465205610080013,1.1066701450895544,1.2338368120763612,1.473684693516869,1.6334689212752762,1.693863354229024
mace,dft/mqa/mqa_SiC.extxyz:177,mqa,coverage,dft/mqa/mqa_SiC.extxyz:mqa_SiC,64,0.5119599569632888,0.6445133270060039,1.0881996988641942,1.9268058271044184,2.3445407462064445,1.9990167875390137,3.0405966025890616,1.6108935477554065
mace,dft/mqa/mqa_SiC.extxyz:265,mqa,coverage,dft/mqa/mqa_SiC.extxyz:mqa_SiC,64,0.5061610400967439,0.6371867771361504,1.2287036360175845,1.525532887942486,1.761138684879282,1.6933607259740602,2.2035464027562512,1.6392847201604375
mace,dft/mqa/mqa_SiC.extxyz:354,mqa,coverage,dft/mqa/mqa_SiC.extxyz:mqa_SiC,64,0.47538863189831604,0.6007071743444269,1.2261290830916864,1.630344688820624,1.6752106107563502,1.6917246880464138,2.2540769823319087,1.5925064224046326
mace,dft/mqa/mqa_SiC.extxyz:442,mqa,coverage,dft/mqa/mqa_SiC.extxyz:mqa_SiC,64,0.45431709841360407,0.5790166670053857,1.0978525681596591,1.4836756711476013,1.8229335157822812,1.5153438157349957,2.3305281777781373,1.676954091738948
mace,dft/mqa/mqa_SiC.extxyz:531,mqa,coverage,dft/mqa/mqa_SiC.extxyz:mqa_SiC,64,0.42472379354694906,0.5464881173585446,1.1356927062458138,1.3773325971212602,1.4451178397034075,1.4928593341056504,1.831325230105654,1.6381236183817145
mace,dft/mqa/mqa_SiC.extxyz:619,mqa,coverage,dft/mqa/mqa_SiC.extxyz:mqa_SiC,64,0.3695199450900745,0.46973017931404837,0.8460129492875245,1.305538632601829,1.6811329326971138,1.3498380695546288,1.837607461631225,1.7157911518605296
mace,dft/mqa/mqa_SiO2.extxyz:0,mqa,coverage,dft/mqa/mqa_SiO2.extxyz:mqa_SiO2,99,0.03452666832580578,0.04560969328433151,0.09529287300322958,0.14625132503753274,0.16704508962960252,0.1637709782833793,0.18847210300926667,
mace,dft/mqa/mqa_SiO2.extxyz:103,mqa,coverage,dft/mqa/mqa_SiO2.extxyz:mqa_SiO2,99,0.0307728909383616,0.04084182624906858,0.07959598529885623,0.10796419119059432,0.2188899230264736,0.11480192706379602,0.2262886871544381,
mace,dft/mqa/mqa_SiO2.extxyz:205,mqa,coverage,dft/mqa/mqa_SiO2.extxyz:mqa_SiO2,99,0.155901879011667,0.19576265489542663,0.38282779445339477,0.5095013086074113,0.7031883400819638,0.5536314412817698,0.7927906540714591,
mace,dft/mqa/mqa_SiO2.extxyz:308,mqa,coverage,dft/mqa/mqa_SiO2.extxyz:mqa_SiO2,99,0.11779276388350832,0.1623187496852306,0.28807430870562767,0.5478737417436103,0.896687416670779,0.500558507174057,0.9626163356268137,
mace,dft/mqa/mqa_SiO2.extxyz:411,mqa,coverage,dft/mqa/mqa_SiO2.extxyz:mqa_SiO2,99,0.14716913091719785,0.20974864830638815,0.4674505962457472,0.6520267842153799,1.1428736720109,0.6653011778887333,1.1466480759344653,
mace,dft/mqa/mqa_SiO2.extxyz:514,mqa,coverage,dft/mqa/mqa_SiO2.extxyz:mqa_SiO2,99,0.0660569789952669,0.09223331382712364,0.19612453109483477,0.2731083503266771,0.48396900343349847,0.3051190759874222,0.49387202535615193,
mace,dft/mqa/mqa_SiO2.extxyz:616,mqa,coverage,dft/mqa/mqa_SiO2.extxyz:mqa_SiO2,99,0.0577175090203421,0.07771476562561437,0.1713049630782949,0.2173742720174463,0.2759171507599829,0.24076436791290823,0.4092258248285788,
mace,dft/mqa/mqa_SiO2.extxyz:719,mqa,coverage,dft/mqa/mqa_SiO2.extxyz:mqa_SiO2,99,0.02837042604632907,0.03855873715865758,0.07624729048338008,0.11978280111561447,0.1636915929450734,0.11854547583296342,0.21748579586196248,
mace,dft/qsd/qsd_data.extxyz:13,qsd,coverage,CF3_10eV_19_10_O_F,101,0.15939261806538194,0.5178152051867256,0.535801701824042,2.329365843993702,5.400778231013023,1.0350055334667287,6.281363126128178,1.5801362450750878
mace,dft/qsd/qsd_data.extxyz:14,qsd,coverage,CF3_10eV_19_10_O_F,101,0.8150734542898856,4.282831235772845,1.1080922630952286,25.73327570183868,48.325965580098384,1.8187691880961865,55.81320480103479,0.8609931820868285
mace,dft/qsd/qsd_data.extxyz:15,qsd,coverage,CF3_10eV_19_10_O_F,101,3.877747033038107,29.541706859666032,2.2776674019992433,180.62695499154918,322.2382406098635,3.4748809880719014,371.0552002320491,0.6149951300620208
mace,dft/qsd/qsd_data.extxyz:16,qsd,coverage,CF3_10eV_19_10_O_F,101,28.29741533637044,239.0327270151402,11.115557732898674,1416.9988582285,2571.5384045863652,17.360290707508977,2953.9292673601535,0.3689970780372108
mace,dft/qsd/qsd_data.extxyz:229,qsd,coverage,CF3_10eV_19_59_C_C,107,0.3125575166064571,0.8647920703208247,0.8153974969508105,3.5615762930759995,8.07577154914365,1.6407097897530531,9.96342571554328,1.351081189344298
mace,dft/qsd/qsd_data.extxyz:230,qsd,coverage,CF3_10eV_19_59_C_C,107,0.4986229088225677,1.7127887907804389,1.3504748838966047,8.902809644137756,18.48258960672414,1.6677414319765727,18.98272188460353,1.351081189344298
mace,dft/qsd/qsd_data.extxyz:231,qsd,coverage,CF3_10eV_19_59_C_C,107,0.630988351392724,2.5157012260563776,1.6002881395672268,13.594877072457527,27.306697392672135,3.5448181032195265,35.9780207313052,1.351081189344298
mace,dft/qsd/qsd_data.extxyz:232,qsd,coverage,CF3_10eV_19_59_C_C,107,1.0115652909882682,4.580766450789409,3.5617133651135653,28.375671500878994,38.718886794801534,13.124711935022816,52.593031498726134,1.351081189344298
mace,dft/qsd/qsd_data.extxyz:233,qsd,coverage,CF3_10eV_19_59_C_C,107,6.749009631172664,51.24585111990104,8.592334400195327,267.1658596949398,563.5171368064159,26.126402655433257,649.0713592002875,1.351081189344298
mace,dft/qsd/qsd_data.extxyz:234,qsd,coverage,CF3_10eV_19_59_C_C,107,12.6986098621148,106.08753408335056,9.392395578386951,527.2335062819833,1172.4110744078253,28.091048213255352,1352.280051183336,1.351081189344298
mace,dft/qsd/qsd_data.extxyz:235,qsd,coverage,CF3_10eV_19_59_C_C,107,15.411981576628481,128.1025783396602,11.774914999612324,633.4776403403598,1424.9364823600135,25.7024262169487,1643.8735026903346,1.351081189344298
mace,dft/qsd/qsd_data.extxyz:236,qsd,coverage,CF3_10eV_19_59_C_F,107,0.6426312777656843,2.9564860503832926,1.0542202131011225,14.217751409059275,30.80237649246451,2.320610198369602,36.78201326187095,1.351081189344298
mace,dft/qsd/qsd_data.extxyz:237,qsd,coverage,CF3_10eV_19_59_C_F,107,0.8846759424610201,5.210372617299627,1.0246983865124861,22.081395489120315,62.892253523213355,2.369475892655203,63.96474893324754,1.351081189344298
mace,dft/qsd/qsd_data.extxyz:238,qsd,coverage,CF3_10eV_19_59_C_F,107,0.9402798474480528,5.231609980538029,1.7787873914964694,14.778405057101114,67.2655504874072,7.351525197363294,70.1733534126798,1.351081189344298
mace,dft/qsd/qsd_data.extxyz:239,qsd,coverage,CF3_10eV_19_59_C_F,107,2.0479230927232623,10.502407487630832,4.725360106204326,59.04997295476622,103.27823521316799,12.684445782340356,137.01614950546798,1.351081189344298
mace,dft/qsd/qsd_data.extxyz:240,qsd,coverage,CF3_10eV_19_59_C_F,107,16.048735988246058,136.09570721156578,11.79603521847741,700.3128537642274,1518.2429629995474,23.50075399804363,1767.0030259496973,1.351081189344298
mace,dft/qsd/qsd_data.extxyz:241,qsd,coverage,CF3_10eV_19_59_C_F,107,30.707835439078902,271.8695886601965,10.16735385420071,1384.8232528306694,3034.900082285109,24.238931417386475,3506.5387373629646,1.351081189344298
mace,dft/qsd/qsd_data.extxyz:242,qsd,coverage,CF3_10eV_19_59_F_C,107,0.1616973476134369,0.5220512040697339,0.441714823210293,2.612565183014523,6.006179524753888,0.8140732540863632,7.000582810451607,1.351081189344298
mace,dft/qsd/qsd_data.extxyz:243,qsd,coverage,CF3_10eV_19_59_F_C,107,0.3314691369513364,0.8939696332678109,0.7530078761248719,5.0521451477718164,8.038496868892187,1.586152729953398,10.494297844839918,1.351081189344298
mace,dft/qsd/qsd_data.extxyz:244,qsd,coverage,CF3_10eV_19_59_F_C,107,0.7341050075000114,3.2708917387854806,1.1310399429686346,17.51642550210798,35.402802197262645,2.148360849515059,44.20366250191885,1.351081189344298
mace,dft/qsd/qsd_data.extxyz:245,qsd,coverage,CF3_10eV_19_59_F_C,107,14.847814185017189,122.90224549573942,4.647856124316088,644.1883576251594,1352.6180037560998,13.775277654573642,1579.3219780420488,1.351081189344298
mace,dft/qsd/qsd_data.extxyz:260,qsd,coverage,CF3_10eV_19_59_Si_C,107,0.24037844471030628,0.6819649108067354,0.5993588199064794,3.643848726917027,6.963069724380225,0.8530628660208671,8.423056257840638,1.351081189344298
mace,dft/qsd/qsd_data.extxyz:261,qsd,coverage,CF3_10eV_19_59_Si_C,107,0.5517901173353928,2.231317556537016,0.919988692605829,15.143636409479738,21.01897617386342,1.1811384142284338,27.174172178442863,1.351081189344298
mace,dft/qsd/qsd_data.extxyz:262,qsd,coverage,CF3_10eV_19_59_Si_C,107,1.0601784225660464,5.727994897062529,1.0044962403681552,29.94145071277142,58.58129532424243,1.5418177726221975,72.01761377136279,1.3090023784928708
mace,dft/qsd/qsd_data.extxyz:263,qsd,coverage,CF3_10eV_19_59_Si_C,107,0.9533930448382476,4.803513836166758,1.4942156420395607,24.227118337162917,47.5921358989429,4.736997592417124,61.410740997426785,0.9349967502082542
mace,dft/qsd/qsd_data.extxyz:264,qsd,coverage,CF3_10eV_19_59_Si_C,107,5.021126457125254,31.72714914994062,5.006969736182524,150.239179811119,353.89377995354755,10.58136475301975,408.8657839002176,0.5609997821746454
mace,dft/qsd/qsd_data.extxyz:281,qsd,coverage,CF3_10eV_19_68_O_C,104,0.896621750223211,4.314369191357553,1.2699682760424476,27.892343724421153,34.22638206670925,1.6986107340750825,46.177022284043844,0.9999017656250059
mace,dft/qsd/qsd_data.extxyz:282,qsd,coverage,CF3_10eV_19_68_O_C,104,1.1285114420160993,5.332115991512234,2.9625530529158657,30.91593500977802,45.553802267576984,4.592491603873347,51.446139176540505,0.8793652029162854
mace,dft/qsd/qsd_data.extxyz:283,qsd,coverage,CF3_10eV_19_68_O_C,104,1.4025151059074774,6.486011347045328,2.6583910478535073,38.81612210847987,48.191988153706546,4.36687553158373,58.29209826111341,0.9537845550227787
mace,dft/qsd/qsd_data.extxyz:284,qsd,coverage,CF3_10eV_19_68_O_C,104,1.45894797888227,6.687700629643045,3.9176300145002214,35.61106258176944,65.22950452477431,9.474362673382217,84.85055574766477,0.7100017002796539
mace,dft/qsd/qsd_data.extxyz:285,qsd,coverage,CF3_10eV_19_68_O_C,104,12.230469531012496,98.16175179526692,8.501943413502335,565.9495290059879,1052.5585369260843,14.744315597252726,1227.3415022081322,0.4260027522211551
mace,dft/qsd/qsd_data.extxyz:286,qsd,coverage,CF3_10eV_19_68_O_C,104,23.5060533800262,202.08373770680575,4.559119620014884,1136.3930648235857,2201.7389748715523,7.881458154223074,2545.6492016587385,0.28399894806143233
mace,dft/qsd/qsd_data.extxyz:287,qsd,coverage,CF3_10eV_19_68_O_C,104,37.834766792144386,333.0255591516211,5.389635627112129,1854.903512641327,3621.1739679979746,7.0846685863907695,4176.768421391017,0.14200380417439368
mace,dft/qsd/qsd_data.extxyz:300,qsd,coverage,CF3_10eV_19_68_Si_F,104,0.16930971210840415,0.34692937456115663,0.5299449633593606,1.4256468578196695,3.0874937163692753,0.9001778789455219,3.4859010343227106,1.5810876823882984
mace,dft/qsd/qsd_data.extxyz:301,qsd,coverage,CF3_10eV_19_68_Si_F,104,0.45930545032113546,2.292438784541619,1.0841861581387673,12.48706950906259,26.13361256400082,1.8495712977297702,26.91311697725357,1.1760035724860711
mace,dft/qsd/qsd_data.extxyz:302,qsd,coverage,CF3_10eV_19_68_Si_F,104,0.910472405690403,5.166368700329951,0.9056741279839378,25.285357637483493,53.16048465135759,1.5232742544177162,70.76825818455995,0.8399988402372951
mace,dft/qsd/qsd_data.extxyz:303,qsd,coverage,CF3_10eV_19_68_Si_F,104,8.527150700793205,72.0495121731053,5.535986842333701,391.0817967494434,779.6312124689241,9.552391923008056,907.5633784685966,0.5040027682463689
mace,dft/qsd/qsd_data.extxyz:304,qsd,coverage,CF3_10eV_19_68_Si_F,104,15.305135005268507,132.54667454666443,7.195387685578069,731.3841237593272,1432.2279629548354,13.228030638954825,1661.240762711971,0.3359960720008509
mace,dft/qsd/qsd_data.extxyz:305,qsd,coverage,CF3_10eV_19_68_Si_F,104,32.208976486087785,283.7126929292278,8.651810307491102,1573.946793999094,3078.8657549196178,13.530615604288595,3546.352970084774,0.16799803600042348
mace,dft/qsd/qsd_data.extxyz:310,qsd,coverage,CF3_10eV_19_84_F_F,103,0.18717040811200517,0.8205584903911464,0.4493789433399265,3.8422388420441616,9.649784221503719,0.819089726374476,11.055591102210904,1.5883613265563985
mace,dft/qsd/qsd_data.extxyz:311,qsd,coverage,CF3_10eV_19_84_F_F,103,0.42311025957562715,2.39099333237409,0.5221761610621936,13.059283853195343,26.245734706898805,0.8277719985780791,29.987970715701426,1.5883613265563985
mace,dft/qsd/qsd_data.extxyz:312,qsd,coverage,CF3_10eV_19_84_F_F,103,1.310783948466175,9.322522301833356,0.8928139252148032,51.834168389324645,102.40034436948442,1.3658942062097408,117.18207520915381,1.5883613265563985
mace,dft/qsd/qsd_data.extxyz:313,qsd,coverage,CF3_10eV_19_84_F_F,103,6.618733904024455,56.93093411637863,1.07056736763916,318.1492004068845,623.8835762542274,1.4705780812168106,717.6830659712296,1.5883613265563985
mace,dft/qsd/qsd_data.extxyz:314,qsd,coverage,CF3_10eV_19_84_F_F,103,36.776738303449136,320.8144986393339,6.827049836569134,1813.6974752620947,3496.4022409068284,13.942725763662104,4034.718661549553,1.5883613265563985
mace,dft/qsd/qsd_data.extxyz:333,qsd,coverage,CF3_20eV_4_36_C_C,109,0.19150091072472733,0.5058049563462789,0.723399050955105,2.203653030090574,5.1339620684558795,1.2394105739827723,6.97127365185307,1.2137258592037987
mace,dft/qsd/qsd_data.extxyz:334,qsd,coverage,CF3_20eV_4_36_C_C,109,0.5015525676479793,1.776251916831715,1.9312088092963382,7.271233609875711,17.825837339489624,3.887743256351832,19.838386130604565,1.2137258592037987
mace,dft/qsd/qsd_data.extxyz:335,qsd,coverage,CF3_20eV_4_36_C_C,109,6.306590661462181,53.25515595244918,1.785339719043796,253.7313398016542,595.9165025521047,7.4368964023509,684.1489272477849,1.177375005934813
mace,dft/qsd/qsd_data.extxyz:336,qsd,coverage,CF3_20eV_4_36_C_C,109,11.671463118910006,103.00543525055113,1.6317611286950957,485.5131186173302,1154.140021302057,11.363233804069644,1327.6139621320822,1.1620822119798588
mace,dft/qsd/qsd_data.extxyz:337,qsd,coverage,CF3_20eV_4_36_C_C,109,14.27489073107634,125.69951028932037,3.5624672350585684,589.0974372667438,1417.512625990862,13.217671247241505,1629.9003744098954,1.1665717316564812
mace,dft/qsd/qsd_data.extxyz:434,qsd,coverage,CF3_20eV_4_50_C_F,110,0.41247843887465546,0.9880187286024662,1.1309369203547195,4.860357031272831,8.433752673905182,4.160066836700757,10.785103487760408,1.1020955498957439
mace,dft/qsd/qsd_data.extxyz:435,qsd,coverage,CF3_20eV_4_50_C_F,110,0.734926016183005,3.222868843233629,1.4906804260248343,18.024322578699838,36.6303504873147,3.2592676703005576,46.94673457701771,0.8515661422344121
mace,dft/qsd/qsd_data.extxyz:436,qsd,coverage,CF3_20eV_4_50_C_F,110,1.0564879676877248,5.7672412753647615,1.4374292001528612,37.85253187096364,53.195649866054225,3.7145016488490707,72.8808427681209,0.7443924818266237
mace,dft/qsd/qsd_data.extxyz:437,qsd,coverage,CF3_20eV_4_50_C_F,110,1.5893461420624087,9.347841576689,1.5568508677652058,53.3594553804049,117.34463619098489,3.479192276767381,130.2178781697999,0.7854789447209897
mace,dft/qsd/qsd_data.extxyz:438,qsd,coverage,CF3_20eV_4_50_C_F,110,16.25723601411681,140.44246499460172,4.6091011125151855,628.6898305507935,1617.3258805483983,9.090441991598354,1848.896744385739,0.9062880214920636
mace,dft/qsd/qsd_data.extxyz:439,qsd,coverage,CF3_20eV_4_78_F_C,95,0.18665944503962606,0.40442418377176875,0.49205774870249686,1.8081241498588612,3.7264855083494464,0.8887773961983819,4.348346408447557,1.5805841200328443
mace,dft/qsd/qsd_data.extxyz:440,qsd,coverage,CF3_20eV_4_78_F_C,95,0.31969196556516977,0.9551322566882557,0.8108543209893145,5.854618620197333,7.115522407250467,1.6638170258067209,8.748675577233048,1.5805841200328443
mace,dft/qsd/qsd_data.extxyz:441,qsd,coverage,CF3_20eV_4_78_F_C,95,1.0160344964045567,6.0831072193702616,1.2380632951321209,26.525688042487495,67.9480164213947,2.4741941177649887,71.94576516045908,1.5805841200328443
mace,dft/qsd/qsd_data.extxyz:442,qsd,coverage,CF3_20eV_4_78_F_C,95,16.066840962137587,136.40495507448514,3.0758406720480207,723.5394299573713,1472.0027363563631,7.449004812444618,1639.4026263500416,1.5805841200328443
mace,dft/qsd/qsd_data.extxyz:443,qsd,coverage,CF3_20eV_4_78_F_C,95,34.012721439991715,293.3563502349293,2.579459273113094,1603.0294352439817,3131.910539916092,6.238554824891348,3517.2186404349845,1.5805841200328443
mace,dft/qsd/qsd_data.extxyz:450,qsd,coverage,CF3_20eV_4_78_O_C,95,0.2125440888912144,0.4751856108390351,0.6305766240607967,1.8082418351363128,5.156897524812457,1.1061202919959754,5.8065877889569855,1.5805841200328443
mace,dft/qsd/qsd_data.extxyz:451,qsd,coverage,CF3_20eV_4_78_O_C,95,0.42687910451327016,1.3847265496829915,1.5253127141736595,6.878434263300984,12.686982147243796,2.9629776526657947,16.53984111316234,0.9940006483398287
mace,dft/qsd/qsd_data.extxyz:452,qsd,coverage,CF3_20eV_4_78_O_C,95,1.2182618610372908,6.677931452543271,2.578141459712178,39.15095004896864,68.45800016350697,4.726935016498789,79.70869400231766,0.7100017002796539
mace,dft/qsd/qsd_data.extxyz:453,qsd,coverage,CF3_20eV_4_78_O_C,95,12.927377268984058,107.11138489059128,3.4607683724694813,634.6236310629557,1107.566087356345,5.259506703094228,1281.1716222756522,0.42600275222115597
mace,dft/qsd/qsd_data.extxyz:454,qsd,coverage,CF3_20eV_4_78_O_C,95,24.725670819288332,210.39131889237436,3.5900721001837295,1251.9149567130733,2173.354579962229,7.990996333042262,2518.677001486311,0.28399894806143317
mace,dft/qsd/qsd_data.extxyz:455,qsd,coverage,CF3_20eV_4_78_O_C,95,40.6013991959884,348.8143302335031,3.485076214163506,2079.741877759068,3611.5502640660216,6.267694117242284,4166.4219487417,0.14200380417439765
mace,dft/qsd/qsd_data.extxyz:480,qsd,coverage,CF3_20eV_4_98_F_F,82,0.30240327549918633,0.922825379537481,0.720349734990763,4.811959801235015,9.267399993132047,1.4689426039938376,10.843160292900498,1.5846581323742983
mace,dft/qsd/qsd_data.extxyz:481,qsd,coverage,CF3_20eV_4_98_F_F,82,0.5469466470076145,2.5999011283115823,0.9720651301378957,15.795396574684487,24.78528416994478,1.6451030930434902,28.720945782865698,1.5846581323742983
mace,dft/qsd/qsd_data.extxyz:482,qsd,coverage,CF3_20eV_4_98_F_F,82,1.6161293055213501,10.959400119875434,1.1427846018772154,61.10851401714397,108.19666904859602,2.627626837197575,122.7709406346063,1.5846581323742983
mace,dft/qsd/qsd_data.extxyz:483,qsd,coverage,CF3_20eV_4_98_F_F,82,8.165693089150015,63.56435305583804,1.3089728332641215,354.66461488928917,619.3748534668384,2.3011431745506505,714.1750601644682,1.5846581323742983
mace,dft/qsd/qsd_data.extxyz:484,qsd,coverage,CF3_20eV_4_98_F_F,82,46.66825320968609,370.6039181775096,5.240787735175192,2020.6988187952957,3617.478362485605,14.587944362167388,4156.235944910038,1.5846581323742983
mace,dft/qsd/qsd_data.extxyz:485,qsd,coverage,CF3_20eV_4_98_F_F,82,95.88871163752326,770.7401203661204,6.896678822266011,4221.34666966972,7469.883527089529,18.059174224938978,8589.639868938144,1.5846581323742983
mace,dft/qsd/qsd_data.extxyz:492,qsd,coverage,CF3_20eV_4_98_O_F,82,10.25180248306713,63.11661141478143,5.1526409656524015,408.17548093890144,505.90745035894656,11.240591940996131,709.1187614157237,0.5493169745238172
mace,dft/qsd/qsd_data.extxyz:493,qsd,coverage,CF3_20eV_4_98_O_F,82,9.130705026167709,45.529085250052,13.572246784860013,222.58988398790518,370.96187992939673,19.84555298809331,421.6322133963703,0.6150037903135221
mace,dft/qsd/qsd_data.extxyz:494,qsd,coverage,CF3_20eV_4_98_O_F,82,40.69596247240766,273.6544765600518,20.423033744070498,1486.844784406267,2607.7499043728017,55.85352315484276,3014.087601199147,0.3689970780372108
mace,dft/qsd/qsd_data.extxyz:495,qsd,coverage,CF3_20eV_4_98_O_F,82,77.33490149926267,570.7476712520545,21.523732747517922,3144.761570035315,5480.967969876352,41.85009058889492,6321.9508905276225,0.24599805202480998
mace,dft/qsd/qsd_data.extxyz:496,qsd,coverage,CF3_20eV_4_98_Si_C,82,0.2159098222111338,0.3687217667990037,0.7293363016848565,1.597225636814201,2.0802698398234742,1.3961239375538856,2.3965835002368885,1.5846581323742983
mace,dft/qsd/qsd_data.extxyz:497,qsd,coverage,CF3_20eV_4_98_Si_C,82,0.4924794285207112,1.9619457849042818,0.9682275384679427,11.64187148466114,17.460327916378866,4.185705787394158,21.263503192659122,1.309002378492874
mace,dft/qsd/qsd_data.extxyz:498,qsd,coverage,CF3_20eV_4_98_Si_C,82,0.9755448414557053,5.847248016750846,1.309716585417842,36.35186614632152,54.152873230309325,3.744121133093422,65.11785177412291,0.9349967502082542
mace,dft/qsd/qsd_data.extxyz:499,qsd,coverage,CF3_20eV_4_98_Si_C,82,5.5982551535953595,40.30769186553406,4.931937904783133,233.49839447297657,387.20337329339077,11.180995537472485,455.34170819514145,0.5609997821746454
mace,dft/qsd/qsd_data.extxyz:500,qsd,coverage,CF3_20eV_4_98_Si_C,82,9.152464176161264,68.44663459577754,6.116243851595419,391.23412716263374,660.6141318201228,13.691545440978782,772.224382220988,0.37399696803583704
mace,dft/qsd/qsd_data.extxyz:501,qsd,coverage,CF3_20eV_4_98_Si_C,82,27.482229465113516,216.518069990791,9.489848595286341,1190.11093465349,2099.44658617033,13.425521203166236,2419.3276167111685,0.18700281414994824
mace,dft/qsd/qsd_data.extxyz:502,qsd,coverage,CF3_20eV_4_98_Si_F,82,0.22014419437203697,0.41025722924688734,0.7262165982733005,1.6970651324115544,2.9501328457280698,1.389222334264237,3.4279882757541014,1.5846581323742983
mace,dft/qsd/qsd_data.extxyz:503,qsd,coverage,CF3_20eV_4_98_Si_F,82,0.5796781159805551,2.2093348715111376,1.2141473447714395,13.620770254924269,17.506242936580684,2.253405239080057,20.27576242123913,1.1760035724860711
mace,dft/qsd/qsd_data.extxyz:504,qsd,coverage,CF3_20eV_4_98_Si_F,82,0.7211404678612761,3.0188713202292576,1.976934487825872,16.472481054729634,25.450767472223447,3.067866734322794,38.312654188688526,0.8399988402372951
mace,dft/qsd/qsd_data.extxyz:505,qsd,coverage,CF3_20eV_4_98_Si_F,82,10.515331513745481,81.01232791591084,2.8520339575205376,455.8980579124559,775.6528006324395,11.428949761420915,903.0727831800181,0.5040027682463689
mace,dft/qsd/qsd_data.extxyz:506,qsd,coverage,CF3_20eV_4_98_Si_F,82,18.981389608422493,147.88428262034765,7.918256017405407,832.7240826345613,1414.3041016479588,14.423090132984887,1646.3919932755798,0.3359960720008509
mace,dft/qsd/qsd_data.extxyz:507,qsd,coverage,CF3_20eV_4_98_Si_F,82,40.36431601748351,319.93911035281934,8.627765779044001,1752.048990408131,3088.996724376657,14.367494040002706,3549.7879235779587,0.16799803600042348
mace,dft/qsd/qsd_data.extxyz:508,qsd,coverage,CF3_30eV_9_36_C_C,88,0.4238794280945531,1.2406279361813362,1.5446460848513643,7.1179756771835345,10.896826422850046,2.576709342923063,13.702491244203303,1.2595609813740645
mace,dft/qsd/qsd_data.extxyz:509,qsd,coverage,CF3_30eV_9_36_C_C,88,0.5395638962556871,1.91257933050784,1.9098456147155503,11.234325209693198,14.974415337928775,3.0571726686755567,19.36317203324011,1.2595609813740645
mace,dft/qsd/qsd_data.extxyz:510,qsd,coverage,CF3_30eV_9_36_C_C,88,1.0051451288744795,4.650878471258064,2.825836390189231,20.423193170351922,48.790830267051575,3.9382187663454764,62.59194909804883,1.2595609813740645
mace,dft/qsd/qsd_data.extxyz:511,qsd,coverage,CF3_30eV_9_36_C_C,88,1.1496313932800741,4.3115523684046515,5.018673022698039,24.770830411513543,33.690746735555265,15.972804220567461,42.00851340153178,1.2595609813740645
mace,dft/qsd/qsd_data.extxyz:512,qsd,coverage,CF3_30eV_9_36_C_C,88,8.65216998904759,56.17095032389873,17.720733418769676,285.2749864431305,576.2588216865636,56.91406743878147,648.7244833742277,1.2595609813740645
mace,dft/qsd/qsd_data.extxyz:513,qsd,coverage,CF3_30eV_9_36_C_C,88,16.661875594426295,119.94737440815173,27.641880123756795,665.3639096734764,1227.5432482234164,69.75910334446048,1402.138821099295,1.2595609813740645
mace,dft/qsd/qsd_data.extxyz:514,qsd,coverage,CF3_30eV_9_36_C_C,88,19.23417732028993,141.84511488962715,27.935789487460877,801.6697192530316,1467.879146332274,50.63301950302645,1683.5519556060162,1.2530260676059377
mace,dft/qsd/qsd_data.extxyz:515,qsd,coverage,CF3_30eV_9_36_C_F,88,0.8637736395835807,4.226246155209378,1.8561188704939164,25.30821157994946,40.444097416010464,4.02941823339885,47.52109372177357,1.2595609813740645
mace,dft/qsd/qsd_data.extxyz:516,qsd,coverage,CF3_30eV_9_36_C_F,88,1.64686738077834,9.559715800305248,2.15037018424929,65.05469897313796,91.32963267677579,3.44475809290194,114.81437515572772,1.2595609813740645
mace,dft/qsd/qsd_data.extxyz:517,qsd,coverage,CF3_30eV_9_36_C_F,88,1.8862458086484974,9.87874963792256,2.4653954278899453,67.21885467977275,76.64838554300918,4.910772934513312,115.525474140839,1.2595609813740645
mace,dft/qsd/qsd_data.extxyz:518,qsd,coverage,CF3_30eV_9_36_C_F,88,1.5868603901542342,7.001130084189275,4.314614776249309,25.96348730864746,68.06273562623159,18.28606526990584,73.61760170270486,1.2595609813740645
mace,dft/qsd/qsd_data.extxyz:519,qsd,coverage,CF3_30eV_9_36_C_F,88,19.437669729380254,146.08687021180197,20.67158790373986,812.4662403647205,1485.3059322221425,49.61617684649754,1710.4798547634264,1.2595609813740645
mace,dft/qsd/qsd_data.extxyz:520,qsd,coverage,CF3_30eV_9_36_C_F,88,38.076391867018415,303.056281425903,16.834886152639594,1712.3758029336818,3040.61381110223,43.42320734737161,3511.42265362262,1.2583719668285684
mace,dft/qsd/qsd_data.extxyz:521,qsd,coverage,CF3_30eV_9_36_F_C,88,0.16757779545035698,0.4225562619094273,0.447420610539687,2.0827502436303345,3.842757997159793,0.9549768027766866,4.464933560162013,1.2595609813740645
mace,dft/qsd/qsd_data.extxyz:522,qsd,coverage,CF3_30eV_9_36_F_C,88,0.28668751857452685,0.910781016448702,0.640058961294699,4.838288650799076,8.811090144395777,1.161758550729532,10.973854847623214,1.2595609813740645
mace,dft/qsd/qsd_data.extxyz:523,qsd,coverage,CF3_30eV_9_36_F_C,88,1.0034128861792395,5.715879270267567,1.4569932889101926,31.703253794418014,57.39472561144589,3.0105962303309317,65.11361801909803,1.2595609813740645
mace,dft/qsd/qsd_data.extxyz:524,qsd,coverage,CF3_30eV_9_36_F_C,88,16.781093996346964,134.06230487191883,3.2476619725041243,729.8090522257464,1374.4619759084812,6.328511830865503,1562.2969565216956,1.2595609813740645
mace,dft/qsd/qsd_data.extxyz:525,qsd,coverage,CF3_30eV_9_36_F_C,88,37.26975687192784,304.2581467804049,3.1168576653224083,1681.8978919247895,3087.3624087086177,4.91143401320481,3523.531103756393,1.2595609813740645
mace,dft/qsd/qsd_data.extxyz:526,qsd,coverage,CF3_30eV_9_36_F_F,88,0.23140730870329537,0.9222814872177952,0.45044292107088263,4.89333522536436,10.028287650668888,0.9680882615503447,11.534086430241826,1.2595609813740645
mace,dft/qsd/qsd_data.extxyz:527,qsd,coverage,CF3_30eV_9_36_F_F,88,0.533905037281221,3.2022205849634746,0.6189272389283842,18.208208900223045,33.26089585992641,1.0959360702421554,38.30559431950523,1.2595609813740645
mace,dft/qsd/qsd_data.extxyz:528,qsd,coverage,CF3_30eV_9_36_F_F,88,1.447388539837865,10.555489678619619,0.6955764152840137,61.16976751465772,106.3475882014543,1.3725560670915473,122.66013512845417,1.2595609813740645
mace,dft/qsd/qsd_data.extxyz:529,qsd,coverage,CF3_30eV_9_36_F_F,88,7.611984500637057,60.723663574315964,1.435690073323762,346.02120967610597,614.0753867940637,2.2885471253236416,707.0688940694567,1.2595609813740645
mace,dft/qsd/qsd_data.extxyz:530,qsd,coverage,CF3_30eV_9_36_F_F,88,42.34173290917398,341.71774988339956,7.401720672249588,1928.0698937292143,3459.0831000420812,17.750759944101414,3978.236213839763,1.2595609813740645
mace,dft/qsd/qsd_data.extxyz:531,qsd,coverage,CF3_30eV_9_36_F_F,88,90.17881449368976,739.0682282264432,13.411778053512538,4160.450288958926,7447.420204677865,28.83687091557077,8552.988310372402,1.2595609813740645
mace,dft/qsd/qsd_data.extxyz:532,qsd,coverage,CF3_30eV_9_36_O_C,88,0.1854665894282098,0.467247277557649,0.5389736119725216,2.1239951893404414,4.542793810852868,1.0247050894274974,5.376622111915668,1.2595609813740645
mace,dft/qsd/qsd_data.extxyz:533,qsd,coverage,CF3_30eV_9_36_O_C,88,0.43477551650788426,1.5249042301971945,1.363413172367288,7.988837576535854,13.55093565153389,2.232859594492978,19.785416341958744,0.9940006483398287
mace,dft/qsd/qsd_data.extxyz:534,qsd,coverage,CF3_30eV_9_36_O_C,88,1.3656365692777486,8.129264363705243,1.4678196119693483,44.97078019088557,81.25131931180545,3.009771074228877,94.54437221578583,0.7100017002796539
mace,dft/qsd/qsd_data.extxyz:535,qsd,coverage,CF3_30eV_9_36_O_C,88,13.40088035677316,106.51214597772106,6.170952493581511,590.2247665124667,1093.035307695001,11.961687158108504,1240.3862590150954,0.4260027522211551
mace,dft/qsd/qsd_data.extxyz:536,qsd,coverage,CF3_30eV_9_36_O_C,88,26.456571494080407,216.51886856448044,4.984626234811588,1218.4498846752713,2188.8023491097474,15.632223729093742,2500.096080807426,0.28399894806143233
mace,dft/qsd/qsd_data.extxyz:537,qsd,coverage,CF3_30eV_9_36_O_C,88,43.73383696132958,362.3088759931852,5.223468237384433,2043.7759276581842,3633.773742125599,11.4522243478875,4163.797767964275,0.14200380417439676
mace,dft/qsd/qsd_data.extxyz:551,qsd,coverage,CF3_30eV_9_36_Si_F,88,1.0678889397350027,5.784138420855188,0.8564688610075686,40.12152941417498,47.94086785500255,1.39344550283348,68.03819790783393,1.2595609813740645
mace,dft/qsd/qsd_data.extxyz:552,qsd,coverage,CF3_30eV_9_36_Si_F,88,5.548912300178117,42.39246528885657,1.5249904040881825,301.15245308689356,383.1692474954481,2.510228914153941,489.3023671616154,1.2595609813740645
mace,dft/qsd/qsd_data.extxyz:553,qsd,coverage,CF3_30eV_9_36_Si_F,88,3.811208922156178,25.410075374277692,2.6259108212538425,196.42237490375751,210.05286614713833,5.296797310178029,293.74723045551355,1.1760035724860711
mace,dft/qsd/qsd_data.extxyz:554,qsd,coverage,CF3_30eV_9_36_Si_F,88,2.2761769856020524,12.56695554962094,5.792983405708828,56.53376885450324,145.5915285673283,11.464531764380137,161.77746736763513,0.8399988402372951
mace,dft/qsd/qsd_data.extxyz:555,qsd,coverage,CF3_30eV_9_36_Si_F,88,12.433126206351766,81.0708520299151,16.42292674199445,473.3661355840975,793.6130849068302,20.02596299482704,943.5440062512473,0.5040027682463689
mace,dft/qsd/qsd_data.extxyz:556,qsd,coverage,CF3_30eV_9_36_Si_F,88,23.344218231618672,151.89732438630278,14.082310763838379,884.2194447528879,1466.3346803620977,19.84348637244461,1714.1075634984797,0.33599607200085
mace,dft/qsd/qsd_data.extxyz:557,qsd,coverage,CF3_30eV_9_36_Si_F,88,44.18170895231647,308.8877005256136,14.22282027778188,1660.9096225591645,3107.116464996394,20.141771697279374,3536.4781927787944,0.16799803600042348
mace,dft/qsd/qsd_data.extxyz:575,qsd,coverage,CF3_30eV_9_9_O_F,105,0.16639723284351987,0.49628049876440966,0.5909260886677531,1.6000318212031692,5.945372627302461,1.2454008746397998,6.708076984749332,1.5826712245757153
mace,dft/qsd/qsd_data.extxyz:576,qsd,coverage,CF3_30eV_9_9_O_F,105,0.4512761611563575,2.286776112073673,0.7093207372837005,13.359991150372734,24.413027507606373,1.4449910394400793,28.67664607255457,1.2299989203653803
mace,dft/qsd/qsd_data.extxyz:577,qsd,coverage,CF3_30eV_9_9_O_F,105,0.7408118581229807,3.42888843758907,1.24492361240448,17.493978082258913,36.033485206768276,2.712320097731942,41.774071583424956,0.8610018423325219
mace,dft/qsd/qsd_data.extxyz:578,qsd,coverage,CF3_30eV_9_9_O_F,105,3.4699644791653874,27.049667510221965,2.8911461092180923,140.8131492292606,309.86042565553527,6.348196315764551,355.12244368028024,0.6150037903135221
mace,dft/qsd/qsd_data.extxyz:579,qsd,coverage,CF3_30eV_9_9_O_F,105,27.867632280463074,239.60347835433916,12.04403607363838,1265.9627480382328,2658.374107403257,19.285776417455338,3065.3517746978055,0.3689970780372108
mace,dft/qsd/qsd_data.extxyz:580,qsd,coverage,CF3_30eV_9_9_O_F,105,57.1929845326231,508.0348721049703,13.691155244234034,2719.583587596479,5572.022821360793,18.984278707930436,6427.856606013377,0.2459980520248069
mace,dft/qsd/qsd_data.extxyz:581,qsd,coverage,CF3_30eV_9_9_Si_C,105,0.3359727352677576,0.866519604975073,0.8059586230110205,4.85103462277969,8.583203089198255,1.0106717615476621,10.288244111262339,1.5826712245757153
mace,dft/qsd/qsd_data.extxyz:582,qsd,coverage,CF3_30eV_9_9_Si_C,105,7.351767245116352,60.67081274875314,1.5274627627630508,239.18260509019916,705.6258968427135,3.2698534804404633,763.7938723346402,1.5826712245757153
mace,dft/qsd/qsd_data.extxyz:583,qsd,coverage,CF3_30eV_9_9_Si_C,105,13.583291077940473,110.42029075633296,3.765407306868429,528.3777050811166,1248.949700886707,6.124367898857224,1391.6896000571332,1.309002378492874
mace,dft/qsd/qsd_data.extxyz:584,qsd,coverage,CF3_30eV_9_9_Si_C,105,1.8844298950082656,11.665586047357326,1.980148902208831,42.08543986866982,157.6525899457369,4.030195011117303,164.31282914498783,0.9349967502082542
mace,dft/qsd/qsd_data.extxyz:585,qsd,coverage,CF3_30eV_9_9_Si_C,105,18.649475583299335,124.35289843664606,8.15379305931752,553.6299420811582,1341.7923985842751,11.903936385569958,1507.9418959386558,0.5609997821746454
mace,dft/qsd/qsd_data.extxyz:586,qsd,coverage,CF3_30eV_9_9_Si_C,105,39.720074761110084,247.46817904021032,8.429951621081058,1584.196965306848,2103.518948302871,14.353026622093633,3023.796153447659,0.37399696803583704
mace,dft/qsd/qsd_data.extxyz:587,qsd,coverage,CF3_30eV_9_9_Si_C,105,55.52149600580964,328.12708493428596,7.080848761771758,1989.8849277943093,2736.154938390104,13.264141031941874,3359.275584828207,0.18700281414994824
mace,dft/qsd/qsd_data.extxyz:632,qsd,coverage,CF_10eV_4_37_C_F,108,0.6001890237177891,2.49912181129253,1.057764954767747,14.270384103799502,25.471797584657725,1.973824336021536,31.311674410294053,1.371796809662423
mace,dft/qsd/qsd_data.extxyz:633,qsd,coverage,CF_10eV_4_37_C_F,108,1.0464427829873089,5.167453412141346,1.3283893410604377,32.40481866229582,50.2550602597835,2.530535640612785,62.547704547152485,1.371796809662423
mace,dft/qsd/qsd_data.extxyz:634,qsd,coverage,CF_10eV_4_37_C_F,108,1.1996093703517292,5.550956214993763,2.1393751943426036,36.03092430164028,50.50197921683808,6.730382945290453,79.5378934392669,1.371796809662423
mace,dft/qsd/qsd_data.extxyz:635,qsd,coverage,CF_10eV_4_37_C_F,108,1.5050976947631654,7.966906492913541,3.0385005161888397,34.73381519509445,93.27190893580331,9.736546903017787,106.24402377392639,1.371796809662423
mace,dft/qsd/qsd_data.extxyz:636,qsd,coverage,CF_10eV_4_37_C_F,108,15.7587680580257,134.83601207858484,5.521405740954851,664.3892630408498,1539.7492378132051,24.180174371304506,1755.2328835789774,1.371796809662423
mace,dft/qsd/qsd_data.extxyz:637,qsd,coverage,CF_10eV_4_37_C_F,108,31.2393576404436,277.08403436266957,5.829164113065726,1323.5740363442721,3111.2531985534333,26.20028676511899,3558.478974287948,1.371796809662423
mace,dft/qsd/qsd_data.extxyz:660,qsd,coverage,CF_10eV_4_37_Si_F,108,0.24796062162889732,0.37546068739882416,0.7623926508151639,1.1023533563794992,2.071147925335569,1.1224786458547444,2.2333413830470294,1.371796809662423
mace,dft/qsd/qsd_data.extxyz:661,qsd,coverage,CF_10eV_4_37_Si_F,108,0.3514204782875124,1.0917767753077017,0.9383275551394908,2.8434776410009297,11.812391915292956,1.7239588018456617,13.863279387208573,1.1760035724860711
mace,dft/qsd/qsd_data.extxyz:662,qsd,coverage,CF_10eV_4_37_Si_F,108,0.38783548014821545,1.328632518277514,1.2478962658474995,4.932486703096869,15.153336918118441,2.1964674434462537,16.618435795879922,0.8399988402372921
mace,dft/qsd/qsd_data.extxyz:663,qsd,coverage,CF_10eV_4_37_Si_F,108,8.248885564991319,71.95984320297278,2.771789575705826,329.98114944416074,804.5332706185413,7.288557984151278,921.9347333422437,0.5040027682463658
mace,dft/qsd/qsd_data.extxyz:674,qsd,coverage,CF_10eV_4_39_F_C,109,0.18077108644590567,0.41972588938209776,0.5700603213242225,1.622339504160113,4.176218705243465,0.987085746663873,4.786631894071779,1.3097513380409276
mace,dft/qsd/qsd_data.extxyz:675,qsd,coverage,CF_10eV_4_39_F_C,109,0.3069467666028374,0.8440708897261674,0.8070725444438364,4.6642628498446745,7.140262144144044,1.4128954062496297,8.082396813472595,1.3097513380409276
mace,dft/qsd/qsd_data.extxyz:676,qsd,coverage,CF_10eV_4_39_F_C,109,0.924111789786719,5.689355148788618,1.4239524240468489,24.23943130045715,64.50283789524707,1.786587676837393,72.59659102060652,1.3097513380409276
mace,dft/qsd/qsd_data.extxyz:677,qsd,coverage,CF_10eV_4_39_F_C,109,14.671120408498197,129.86165497885736,3.400527441077006,607.6940181769191,1478.5744028341364,6.667877423351971,1681.688686247642,1.3097513380409276
mace,dft/qsd/qsd_data.extxyz:731,qsd,coverage,CF_10eV_4_54_C_C,105,0.1874945301159817,0.3803632030898017,0.5947418921909758,1.611790318993235,3.3314019508161024,1.0567391110205961,3.86874922720225,1.5765943405644969
mace,dft/qsd/qsd_data.extxyz:732,qsd,coverage,CF_10eV_4_54_C_C,105,0.6300399882604233,2.9597140105212816,0.999806755491678,15.781708962644542,33.718164425150945,2.0379120811029883,38.84929285573082,1.5765943405644969
mace,dft/qsd/qsd_data.extxyz:733,qsd,coverage,CF_10eV_4_54_C_C,105,6.348485589320998,53.449109635063486,2.092973719859269,285.712639293874,581.2668476019705,3.472606015907433,674.8927983047549,1.5765943405644969
mace,dft/qsd/qsd_data.extxyz:757,qsd,coverage,CF_10eV_4_54_Si_C,105,0.23508940944960047,0.572873113440638,0.6973780177517028,2.9731571179143734,5.302280103998385,1.1382897254671196,6.753726566987954,1.5765943405644969
mace,dft/qsd/qsd_data.extxyz:758,qsd,coverage,CF_10eV_4_54_Si_C,105,0.4042533811616634,1.4223988408390384,1.0028274985470707,8.737517829850503,13.480746277077479,1.8799641580682305,14.736282075235753,1.3090023784928768
mace,dft/qsd/qsd_data.extxyz:759,qsd,coverage,CF_10eV_4_54_Si_C,105,0.8954726519989222,4.285870767571906,1.9633416731358704,24.935646170117714,41.53416766129291,4.108530080064798,49.22788723746502,0.9349967502082552
mace,dft/qsd/qsd_data.extxyz:760,qsd,coverage,CF_10eV_4_54_Si_C,105,4.386109898576915,32.78574505745258,5.148174580236547,170.75604532678292,368.54266697970775,9.596451066024468,428.62799642089345,0.5609997821746454
mace,dft/qsd/qsd_data.extxyz:790,qsd,coverage,CF_10eV_4_5_O_F,104,0.24828364719330856,0.6322917746058208,0.7245024317615256,3.3505703883282747,6.010214882748607,1.16660545540985,6.984076474913729,1.1995447063782159
mace,dft/qsd/qsd_data.extxyz:791,qsd,coverage,CF_10eV_4_5_O_F,104,0.6468982079389184,2.858185933700347,1.1882338657711526,14.682569597646703,31.306111278523943,1.7399770182538141,35.682941578471194,0.8609931820868285
mace,dft/qsd/qsd_data.extxyz:792,qsd,coverage,CF_10eV_4_5_O_F,104,2.8688944002748955,21.984923939553855,1.4515232015402189,111.39185064700537,245.81511542547037,2.338100002507895,283.5049334086057,0.6149951300620208
mace,dft/qsd/qsd_data.extxyz:793,qsd,coverage,CF_10eV_4_5_O_F,104,27.932219512475676,243.00482139347508,7.305261027216828,1366.6545613141332,2620.9343642904387,15.19036286440799,3048.7465639879993,0.3689970780372108
mace,dft/qsd/qsd_data.extxyz:889,qsd,coverage,CF_10eV_4_93_O_C,103,8.8254179132382,62.10851784097747,3.4941102749345587,421.3078604030322,572.694143481884,13.510033442502614,781.7369014268461,0.35439412777302026
mace,dft/qsd/qsd_data.extxyz:890,qsd,coverage,CF_10eV_4_93_O_C,103,8.42999195841144,58.786317949631844,7.867241399313153,341.7240052668687,592.2524133414095,21.609233997903754,748.9946541998487,0.31560720048820157
mace,dft/qsd/qsd_data.extxyz:891,qsd,coverage,CF_10eV_4_93_O_C,103,27.74480364429423,168.3881573852375,22.328481646511104,1008.4891689459535,1598.3225548803907,38.56885073449777,1727.9647704281676,0.28426472345333376
mace,dft/qsd/qsd_data.extxyz:892,qsd,coverage,CF_10eV_4_93_O_C,103,35.682183854120474,241.76286906499337,21.136477980221436,1541.8078845045836,2238.162460569598,42.462041012227026,2565.7353626344016,0.2583964142553063
mace,dft/qsd/qsd_data.extxyz:963,qsd,coverage,CF_10eV_4_98_F_F,100,0.2614903964805793,0.8941383874765542,0.642226497045015,4.121014347924603,9.596375160480488,1.3514126775585535,11.068890323660828,1.2757015281404969
mace,dft/qsd/qsd_data.extxyz:964,qsd,coverage,CF_10eV_4_98_F_F,100,0.43187078812423313,2.4763756490381934,0.5526207392084388,14.535415801023811,26.510040022855755,1.0921438559200938,30.228018944676478,1.2757015281404969
mace,dft/qsd/qsd_data.extxyz:965,qsd,coverage,CF_10eV_4_98_F_F,100,1.314952402245555,9.550832332029598,0.9732331960551152,56.53554227500926,103.8230398846053,1.4210733111314657,118.22154556211726,1.2757015281404969
mace,dft/qsd/qsd_data.extxyz:966,qsd,coverage,CF_10eV_4_98_F_F,100,6.650855133151629,56.133138883094404,1.219839642124837,339.5006909040489,605.5554855199797,1.941502223520708,696.4109475565581,1.2757015281404969
mace,dft/qsd/qsd_data.extxyz:967,qsd,coverage,CF_10eV_4_98_F_F,100,38.106641613533135,329.83866998081703,7.626425353081644,1928.131055769153,3569.3962091878475,16.130590278011805,4084.5500350230577,1.2757015281404969
mace,dft/qsd/qsd_data.extxyz:1006,qsd,coverage,CF_20eV_2_32_O_F,103,0.2679550418504427,0.4898433894957858,0.8033520987942322,1.9589190391917861,3.707149356823529,1.7033287895512483,4.209691147890148,1.1673245965882841
mace,dft/qsd/qsd_data.extxyz:1007,qsd,coverage,CF_20eV_2_32_O_F,103,0.442670185917691,2.0085188904822684,0.824900690275658,11.647866728645512,21.830810064616752,1.5407096854341,25.179276157769944,1.1673245965882841
mace,dft/qsd/qsd_data.extxyz:1008,qsd,coverage,CF_20eV_2_32_O_F,103,0.738589159779786,3.782344438616357,1.5862512017396855,15.620084414388497,41.90868088482769,2.2410518436389606,48.305216603003124,0.861001842332521
mace,dft/qsd/qsd_data.extxyz:1009,qsd,coverage,CF_20eV_2_32_O_F,103,3.556830442821566,27.749156970975623,2.471553945099966,140.52532243627812,311.66069840705023,4.122957814700103,356.85210726348373,0.6150037903135221
mace,dft/qsd/qsd_data.extxyz:1010,qsd,coverage,CF_20eV_2_32_O_F,103,28.015355342819962,238.85393979520754,12.03293898865928,1337.3218259381345,2621.7548430471134,19.616540847123613,3004.3838135073024,0.3690057383022674
mace,dft/qsd/qsd_data.extxyz:1032,qsd,coverage,CF_20eV_2_52_F_F,93,0.3034428846547653,1.064317648154337,0.7207208483733702,5.449403896234476,12.009000275586404,1.2454223747822812,13.572156329671524,1.240891345968694
mace,dft/qsd/qsd_data.extxyz:1033,qsd,coverage,CF_20eV_2_52_F_F,93,0.5453393965470668,2.6229311888443716,0.7641559826942946,15.478737846885128,27.04136370677081,1.4382019281384186,30.951085806349397,1.240891345968694
mace,dft/qsd/qsd_data.extxyz:1034,qsd,coverage,CF_20eV_2_52_F_F,93,1.5548241951330641,10.376695838875959,1.193323008125947,64.67341992521699,103.12046356764516,1.4292629225569065,123.33732146644793,1.240891345968694
mace,dft/qsd/qsd_data.extxyz:1035,qsd,coverage,CF_20eV_2_52_F_F,93,6.791010486224501,54.51686787065696,1.5646011481994495,330.00352562994027,556.6520329686098,3.1700311052861214,647.0482426847766,1.240891345968694
mace,dft/qsd/qsd_data.extxyz:1036,qsd,coverage,CF_20eV_2_52_F_F,93,39.33578476036362,324.74045196024264,5.819904827219785,1878.9470190707843,3365.3885579787734,15.745277981542326,3873.9602342680005,1.240891345968694
mace,dft/qsd/qsd_data.extxyz:1052,qsd,coverage,CF_20eV_2_52_Si_F,93,0.9481072773126438,5.031901902770777,1.4885611606246125,37.962103280955716,45.42215565196212,2.304515010874821,60.31098046987404,1.240891345968694
mace,dft/qsd/qsd_data.extxyz:1053,qsd,coverage,CF_20eV_2_52_Si_F,93,4.85552407387641,35.008009938985715,1.225363642197764,198.71106673559734,354.3004787634978,2.3545449194928505,416.3962108422909,1.240891345968694
mace,dft/qsd/qsd_data.extxyz:1054,qsd,coverage,CF_20eV_2_52_Si_F,93,3.5071160891008395,23.770592270607164,1.3939408666204267,155.93552200439552,223.3832529887763,2.7930743732116676,284.968310348146,1.1759949122338913
mace,dft/qsd/qsd_data.extxyz:1055,qsd,coverage,CF_20eV_2_52_Si_F,93,1.8913979996109336,9.065611066679438,5.375568221684075,55.0872528185903,89.2910353928847,8.572221395017591,111.32130501057394,0.8399988402372951
mace,dft/qsd/qsd_data.extxyz:1056,qsd,coverage,CF_20eV_2_52_Si_F,93,11.018169824871675,79.64095977519358,3.7999110584817792,471.2819778462828,820.9489727965081,5.949652590153199,953.688765047381,0.5040027682463658
mace,dft/qsd/qsd_data.extxyz:1069,qsd,coverage,CF_20eV_2_54_F_C,94,0.25860373634475986,0.5733361515750899,0.6753894544854336,2.86201897859738,5.5877120811707375,1.3174894850683334,6.274701461449259,1.228183400718312
mace,dft/qsd/qsd_data.extxyz:1070,qsd,coverage,CF_20eV_2_54_F_C,94,0.37119439797031895,0.9826392897563129,1.1483824701669694,4.207126527639961,10.726667976250665,1.970422972356637,11.014258215536465,1.228183400718312
mace,dft/qsd/qsd_data.extxyz:1071,qsd,coverage,CF_20eV_2_54_F_C,94,0.7587693019724797,2.8692953467155573,2.2744847114694338,18.087081195132228,24.12163688182943,7.704375731114426,33.90494064595536,1.228183400718312
mace,dft/qsd/qsd_data.extxyz:1072,qsd,coverage,CF_20eV_2_54_F_C,94,16.168547519361617,134.06539066298092,6.098590329410397,710.4530026830291,1456.6716234148296,14.351682595712944,1620.5222793181247,1.228183400718312
mace,dft/qsd/qsd_data.extxyz:1078,qsd,coverage,CF_20eV_2_54_O_C,94,2.2564788647094205,12.40812255262438,4.442899906455877,80.8555249909176,111.38803790421645,8.280610727892435,150.1512909329445,0.7219346193388984
mace,dft/qsd/qsd_data.extxyz:1079,qsd,coverage,CF_20eV_2_54_O_C,94,4.874885712322515,28.152803503422117,9.533651423086848,148.00272461998415,270.6187023947256,14.391281491454658,328.9412194968053,0.6129488966463679
mace,dft/qsd/qsd_data.extxyz:1080,qsd,coverage,CF_20eV_2_54_O_C,94,2.7357600684913788,12.655894643288901,7.520817197190204,73.2587305629579,99.39319812910777,19.25520004633617,136.65536115045165,0.7701740485760341
mace,dft/qsd/qsd_data.extxyz:1081,qsd,coverage,CF_20eV_2_54_O_C,94,2.19868385953097,8.29794547557601,5.648490823529867,53.37167189669241,66.58419823294807,26.35155164131666,73.20179948815858,0.7100017002796531
mace,dft/qsd/qsd_data.extxyz:1082,qsd,coverage,CF_20eV_2_54_O_C,94,14.613000301134944,101.92249414207033,8.954437741344119,549.3031450270088,1063.7654290140003,22.883181947349087,1196.4512468937723,0.4259940919778134
mace,dft/qsd/qsd_data.extxyz:1147,qsd,coverage,CF_20eV_2_76_C_F,96,0.2943899939993474,0.8671511381217578,0.7636900931417472,3.524662194645398,11.100228049236202,1.3131500713284536,11.700258720596485,1.2835795392962583
mace,dft/qsd/qsd_data.extxyz:1148,qsd,coverage,CF_20eV_2_76_C_F,96,0.396422406237166,1.2542232358746153,0.915382323676307,5.50071051020612,12.400463742037324,1.8830459654776333,13.63482117469786,1.2835795392962583
mace,dft/qsd/qsd_data.extxyz:1149,qsd,coverage,CF_20eV_2_76_C_F,96,1.2095095243390703,6.581786838096193,3.0151257113457466,19.79763836828047,71.49434599264242,5.813726707768922,79.67865465265852,1.2835795392962583
mace,dft/qsd/qsd_data.extxyz:1150,qsd,coverage,CF_20eV_2_76_C_F,96,18.996304621387623,158.45802166129707,3.0732520495157285,947.4647266594918,1642.5193257342557,11.833650508633479,1938.3046134824508,1.2835795392962583
mace,dft/qsd/qsd_data.extxyz:1151,qsd,coverage,CF_20eV_2_76_C_F,96,34.57924755507062,295.1190753107032,2.6365572721773245,1770.258375188255,3060.2621000652825,8.813532297327507,3576.139627530693,1.2835795392962583
mace,dft/qsd/qsd_data.extxyz:1187,qsd,coverage,CF_20eV_2_79_C_C,94,0.22892347360593315,0.4775333298737777,0.7320646482648642,1.2499781328193713,5.18268314506327,1.135012332330234,5.244257953909576,1.306619940839722
mace,dft/qsd/qsd_data.extxyz:1188,qsd,coverage,CF_20eV_2_79_C_C,94,0.510296281091541,1.9022178969161567,1.2743766103608059,8.590329277457695,21.445496102307544,3.4691600285819923,22.909612338849715,1.306619940839722
mace,dft/qsd/qsd_data.extxyz:1189,qsd,coverage,CF_20eV_2_79_C_C,94,7.381626282277624,58.582400165002554,2.2579094256078296,353.376596379718,617.7390396280799,10.005273000577432,711.6504037077851,1.306619940839722
mace,dft/qsd/qsd_data.extxyz:1190,qsd,coverage,CF_20eV_2_79_C_C,94,13.898572878900522,114.73955585973282,2.705411668676491,689.6469837744207,1181.526137958274,8.143913304924787,1366.7455454013693,1.306619940839722
mace,dft/qsd/qsd_data.extxyz:1191,qsd,coverage,CF_20eV_2_79_C_C,94,16.642520532992055,137.55385580806586,2.2705177800091394,815.4042314164546,1413.6287294033182,16.884671007158044,1643.0359984491001,1.306619940839722
mace,dft/qsd/qsd_data.extxyz:1213,qsd,coverage,CF_20eV_2_79_Si_C,94,0.20453597980791952,0.3237398784707389,0.7425937175420632,1.1750393851821852,1.7596104895917115,1.0560833011386,2.1479862142366426,1.306619940839722
mace,dft/qsd/qsd_data.extxyz:1214,qsd,coverage,CF_20eV_2_79_Si_C,94,0.49788743986610867,1.6710780303406603,1.1851377698105094,9.355891562636202,15.707903355588027,2.825977574374491,18.107182606475632,1.306619940839722
mace,dft/qsd/qsd_data.extxyz:1215,qsd,coverage,CF_20eV_2_79_Si_C,94,0.9128368570529404,5.034104140429218,1.2121444187646493,30.34038012197372,49.73511721784507,4.217149421336847,60.05019350715554,0.9350054104656311
mace,dft/qsd/qsd_data.extxyz:1216,qsd,coverage,CF_20eV_2_79_Si_C,94,4.934220906113717,36.4993259715154,7.4298709846272075,205.17889139348384,384.87404399449593,10.783779276777596,443.0922411932084,0.5609997821746454
mace,dft/qsd/qsd_data.extxyz:1237,qsd,coverage,CF_30eV_18_12_F_F,89,0.260367469077301,0.4916015622611844,0.8140790814733314,2.2355692535876908,3.4082299011774833,1.6183811203180987,3.67607510616814,1.1728677049437417
mace,dft/qsd/qsd_data.extxyz:1238,qsd,coverage,CF_30eV_18_12_F_F,89,0.6919905655263918,3.4789292188940526,1.3142040581215586,17.604113809079415,37.62402790169659,2.494025892521648,42.67848118184272,1.1728677049437417
mace,dft/qsd/qsd_data.extxyz:1239,qsd,coverage,CF_30eV_18_12_F_F,89,1.6281892455604332,10.840760109183927,1.5069935434975057,60.53263311299612,112.19636978910367,2.6394152399095603,128.82016249533908,1.1728677049437417
mace,dft/qsd/qsd_data.extxyz:1240,qsd,coverage,CF_30eV_18_12_F_F,89,7.424882205086298,59.08412831689838,1.51583417768491,344.8408004911289,598.533276019609,2.531037911735475,693.5577757130529,1.1728677049437417
mace,dft/qsd/qsd_data.extxyz:1241,qsd,coverage,CF_30eV_18_12_F_F,89,42.634131165346076,350.9794499640414,3.2618399856473648,2022.2784277837557,3555.382383924407,4.245301271842909,4098.733841275212,1.1728677049437417
mace,dft/qsd/qsd_data.extxyz:1242,qsd,coverage,CF_30eV_18_12_F_F,89,88.56876807761394,736.6921127187684,5.014568477231278,4242.919786936052,7419.51950492702,9.588772483280959,8558.710548214005,1.1728677049437417
mace,dft/qsd/qsd_data.extxyz:1292,qsd,coverage,CF_30eV_18_13_Si_C,89,0.21639487936518023,0.3236584405529485,0.6869253324383161,1.206967912617388,1.320270776348458,1.172513128587045,1.9747711407014363,1.1698880128456748
mace,dft/qsd/qsd_data.extxyz:1293,qsd,coverage,CF_30eV_18_13_Si_C,89,0.7547908364367407,4.278396456033751,1.1165276041923502,24.464483107636827,44.238173472363826,1.8878557813634367,51.973527028299735,0.9350054104656303
mace,dft/qsd/qsd_data.extxyz:1294,qsd,coverage,CF_30eV_18_13_Si_C,89,4.520662931688065,32.65921162812499,2.888667927604045,184.7314092946933,338.9449172317964,3.9063210624573284,391.42630443942727,0.5609997821746454
mace,dft/qsd/qsd_data.extxyz:1295,qsd,coverage,CF_30eV_18_13_Si_F,89,0.20049436519086913,0.2847257331549823,0.6012528022382525,0.9240413786663759,1.2323475145355705,0.8310759547701293,1.7080324922543373,1.1698880128456748
mace,dft/qsd/qsd_data.extxyz:1296,qsd,coverage,CF_30eV_18_13_Si_F,89,0.2958442213596772,0.7234487280030306,0.6935665756548133,4.177983126550064,7.038705599897854,1.4375877677340616,8.205297568143394,1.1698880128456748
mace,dft/qsd/qsd_data.extxyz:1297,qsd,coverage,CF_30eV_18_13_Si_F,89,0.5744527254447253,2.0701699453452544,1.272402781178716,9.798354843587074,22.08738766364945,3.060046093266225,27.08870383974234,0.8399988402372951
mace,dft/qsd/qsd_data.extxyz:1298,qsd,coverage,CF_30eV_18_13_Si_F,89,9.891234720880776,76.89612752497929,3.6304880121162157,424.7136932237559,782.4756024929496,8.055770568141966,895.6513207400627,0.5040027682463658
mace,dft/qsd/qsd_data.extxyz:1299,qsd,coverage,CF_30eV_18_3_C_C,102,0.21288142244355357,0.3821245223339529,0.6298789154983304,1.7215560703856454,3.130516604961147,1.1161330073769304,3.426586939943298,1.1431451005449835
mace,dft/qsd/qsd_data.extxyz:1300,qsd,coverage,CF_30eV_18_3_C_C,102,0.3762127664826437,1.1381352760697814,1.2441748325104058,6.923767076722793,11.255039299429285,2.246543481711789,13.777559399694367,1.1431451005449835
mace,dft/qsd/qsd_data.extxyz:1301,qsd,coverage,CF_30eV_18_3_C_C,102,6.519307331993097,50.88474035538113,2.805454740942549,301.73289577879063,547.4697198550798,4.505306579363278,646.4198559223324,1.1431451005449835
mace,dft/qsd/qsd_data.extxyz:1302,qsd,coverage,CF_30eV_18_3_C_C,102,13.162669782146303,109.77101276799795,2.163279843596682,637.7594870770015,1178.8914711983762,2.958003916938421,1372.1574252826488,1.1431451005449835
mace,dft/qsd/qsd_data.extxyz:1303,qsd,coverage,CF_30eV_18_3_C_C,102,15.544618819143993,131.59485656124136,1.5144229780094949,744.2633045336776,1420.3422771053647,1.9971081603129213,1632.1914065676367,1.1431451005449835
mace,dft/qsd/qsd_data.extxyz:1304,qsd,coverage,CF_30eV_18_3_C_F,102,0.21280036472760377,0.4137317272117519,0.5895114031794517,1.2684242256117335,3.90023561500141,1.1001335777685701,4.211305116362142,1.1431451005449835
mace,dft/qsd/qsd_data.extxyz:1305,qsd,coverage,CF_30eV_18_3_C_F,102,0.2683850928590638,0.5329593790560212,0.9327127532602036,2.3669846829726304,4.155596369601218,1.3505278219731724,5.069241844529863,1.1431451005449835
mace,dft/qsd/qsd_data.extxyz:1306,qsd,coverage,CF_30eV_18_3_C_F,102,1.6003729597340515,10.704152521678887,2.2904756628391523,53.89419713473921,117.71945457576982,3.7216647971213095,133.5052790429873,1.1431451005449835
mace,dft/qsd/qsd_data.extxyz:1307,qsd,coverage,CF_30eV_18_3_C_F,102,16.033655131622446,136.57724519529438,2.738835512763467,800.9876583797969,1462.1579016735423,4.619115140101452,1693.9221655845154,1.1431451005449835
mace,dft/qsd/qsd_data.extxyz:1308,qsd,coverage,CF_30eV_18_3_C_F,102,33.11353097569999,286.54758316859306,2.3329326325010973,1697.8424634210119,3061.954828637696,3.7620805633820003,3543.8401192399547,1.1431451005449835
mace,dft/qsd/qsd_data.extxyz:1309,qsd,coverage,CF_30eV_18_3_F_C,102,0.20782642817211847,0.4132571420254562,0.551374118864867,1.9001981288495784,3.761499506637678,0.8466028658780962,4.366941374802985,1.1431451005449835
mace,dft/qsd/qsd_data.extxyz:1310,qsd,coverage,CF_30eV_18_3_F_C,102,0.3035823217503706,0.7868996497787842,0.7394104654632414,3.7987312997603393,8.136633980778768,1.3451118783338698,9.458692952450534,1.1431451005449835
mace,dft/qsd/qsd_data.extxyz:1311,qsd,coverage,CF_30eV_18_3_F_C,102,0.8616148676863472,4.81153568276718,1.0740007390469457,27.730291772330638,51.657000986184926,1.5567630982214697,59.48084169733931,1.1431451005449835
mace,dft/qsd/qsd_data.extxyz:1312,qsd,coverage,CF_30eV_18_3_F_C,102,14.306056119766334,121.00091007073603,2.5438725844600354,711.1988029275752,1306.5737436915601,3.861027574086706,1515.6974377968147,1.1431451005449835
mace,dft/qsd/qsd_data.extxyz:1313,qsd,coverage,CF_30eV_18_3_F_C,102,32.45732468603878,282.0505802845686,2.781797670900951,1661.539503054054,3032.7430607118927,4.616774467526899,3513.2044637398094,1.1431451005449835
mace,dft/qsd/qsd_data.extxyz:1320,qsd,coverage,CF_30eV_18_3_O_C,102,0.1964424419621998,0.4021982764726982,0.5667981392247436,1.2653020897861889,4.197661457473462,1.0144314984042628,4.761664653731856,1.1431451005449835
mace,dft/qsd/qsd_data.extxyz:1321,qsd,coverage,CF_30eV_18_3_O_C,102,0.34129302233902,0.8094083501445551,1.0171648222591987,3.796284204609315,7.351352271961375,2.394221130785366,8.667710416391323,0.9940006483398287
mace,dft/qsd/qsd_data.extxyz:1322,qsd,coverage,CF_30eV_18_3_O_C,102,1.1176976816597972,6.574553319390293,1.7605516653871214,39.25354767798816,70.28160270485421,2.8579572634821013,82.10078668779512,0.7100017002796539
mace,dft/qsd/qsd_data.extxyz:1323,qsd,coverage,CF_30eV_18_3_O_C,102,11.997991886429263,102.54430045354334,2.753963586823567,594.7942854064019,1106.3814853999825,3.837983406767842,1274.8898621045971,0.4260027522211551
mace,dft/qsd/qsd_data.extxyz:1324,qsd,coverage,CF_30eV_18_3_O_C,102,23.045610853421394,202.16169251589267,4.880709340307091,1176.7948724491941,2180.8399682955096,5.838831226262972,2512.6295720808125,0.28399894806143233
mace,dft/qsd/qsd_data.extxyz:1325,qsd,coverage,CF_30eV_18_3_O_C,102,37.84094468910058,336.5387055915573,3.0687469256389357,1955.7875491624584,3617.3218149764252,6.948468583442531,4163.815114417281,0.14200380417439765
mace,dft/qsd/qsd_data.extxyz:1326,qsd,coverage,CF_30eV_18_3_O_F,102,0.22444756727852697,0.47010224007537643,0.577758296581804,1.7099558793750165,5.161060028346116,1.0898345889970726,6.021722172936205,1.1431451005449835
mace,dft/qsd/qsd_data.extxyz:1327,qsd,coverage,CF_30eV_18_3_O_F,102,0.41679533072128794,1.483544939064644,1.0023291271999142,8.137588217099882,15.188641916326052,2.119015145319036,17.502771685650412,1.1431451005449835
mace,dft/qsd/qsd_data.extxyz:1328,qsd,coverage,CF_30eV_18_3_O_F,102,0.6812689512706228,3.07077481958605,1.1523615391837676,15.991643847869216,33.94329319450536,1.6678575452662554,41.30556630388588,0.8610018423325219
mace,dft/qsd/qsd_data.extxyz:1329,qsd,coverage,CF_30eV_18_3_O_F,102,3.3389209491491316,24.63122759301524,2.636001096763246,141.30219859688313,279.43451345240294,4.778755178126329,322.70628474443197,0.6150037903135221
mace,dft/qsd/qsd_data.extxyz:1330,qsd,coverage,CF_30eV_18_3_O_F,102,28.735833019209796,242.21199960249098,8.659812596705175,1415.883843160631,2643.6296447740224,21.232925330111197,3051.7741246056935,0.3689970780372108
mace,dft/qsd/qsd_data.extxyz:1331,qsd,coverage,CF_30eV_18_3_O_F,102,58.86387924206935,516.0418296572359,9.511868301558618,3041.1673947775344,5562.054301296881,23.271338975340424,6428.748077730479,0.2459980520248069
nequip,dft/FC/CF0.2_d2.3.extxyz:0,FC,coverage,dft/FC/CF0.2_d2.3.extxyz:melt,144,0.969866894259563,1.2315164323265972,2.425047498412309,3.148973194353772,4.657386294942989,3.6234724496668766,4.7494851972201575,
nequip,dft/FC/CF0.2_d2.3.extxyz:7,FC,coverage,dft/FC/CF0.2_d2.3.extxyz:melt,144,0.9892083743311976,1.2618220038415946,2.4928767796957283,3.22650752588653,4.314664540757276,3.7741081838025354,5.491163344127947,
nequip,dft/FC/CF0.2_d2.3.extxyz:14,FC,coverage,dft/FC/CF0.2_d2.3.extxyz:melt,144,0.9130909331958934,1.1742775744239058,2.3446939464598375,3.334579325213247,5.396621554151106,3.5061040918501867,5.56684167471878,
nequip,dft/FC/CF0.2_d2.3.extxyz:21,FC,coverage,dft/FC/CF0.2_d2.3.extxyz:melt,144,1.007173295694683,1.2861836467190164,2.5451748891339903,3.3496343536712443,4.986873710946409,3.9271739855329173,5.336980580977621,
nequip,dft/FC/CF0.2_d2.3.extxyz:28,FC,coverage,dft/FC/CF0.2_d2.3.extxyz:melt,144,0.8745326992265374,1.1372969270202398,2.308699017773163,3.0375659032997735,3.763144796017656,3.4681495183323716,4.382045065580565,
nequip,dft/FC/CF0.2_d2.3.extxyz:35,FC,coverage,dft/FC/CF0.2_d2.3.extxyz:melt,144,0.9077519433542315,1.1822156842326834,2.42799013595528,3.3579217573334725,4.240037497222689,3.6249650417981183,5.187490342734813,
nequip,dft/FC/CF0.2_d2.3.extxyz:42,FC,coverage,dft/FC/CF0.2_d2.3.extxyz:melt,144,0.9806617095590283,1.2916710761511057,2.7594625550197693,3.6773081719687988,4.259174676287815,3.8038719043666305,5.241005070653999,
nequip,dft/FC/CF0.2_d2.3.extxyz:49,FC,coverage,dft/FC/CF0.2_d2.3.extxyz:melt,144,0.9352870706601228,1.208167711337409,2.467673801339685,3.4367292660993307,4.390432469407435,3.5512727989307074,4.847170988949006,
nequip,dft/FC/CF0.2_d2.3.extxyz:50,FC,coverage,dft/FC/CF0.2_d2.3.extxyz:quench,144,0.7918159516594235,1.0366965185937476,1.991289741837794,3.096647442420558,3.495156529871143,3.247483058105333,4.672861530027355,
nequip,dft/FC/CF0.2_d2.3.extxyz:63,FC,coverage,dft/FC/CF0.2_d2.3.extxyz:quench,144,0.8964218827643071,1.1705260223578557,2.3121553060400717,3.3359378056210414,3.960804428031583,3.5042739933731535,4.777701028123878,
nequip,dft/FC/CF0.2_d2.3.extxyz:75,FC,coverage,dft/FC/CF0.2_d2.3.extxyz:quench,144,0.9027203823978204,1.165278095076163,2.3258853057790785,3.108015880599102,4.402434716751417,3.3149793833165955,4.517630519950185,
nequip,dft/FC/CF0.2_d2.3.extxyz:88,FC,coverage,dft/FC/CF0.2_d2.3.extxyz:quench,144,0.8118842403662012,1.0742560367781748,2.1678933853693256,3.0877550995985756,3.9054275236549545,3.2428336546348593,4.380523128161864,
nequip,dft/FC/CF0.2_d2.3.extxyz:101,FC,coverage,dft/FC/CF0.2_d2.3.extxyz:quench,144,0.9970923822286414,1.291525286429363,2.6221315883709564,3.509379266257274,4.710912595173172,3.728903363345619,5.0256985900948985,
nequip,dft/FC/CF0.2_d2.3.extxyz:114,FC,coverage,dft/FC/CF0.2_d2.3.extxyz:quench,144,0.6803281778236026,0.8852524000122783,1.9008964203920087,2.4273989696026064,2.7534438991976287,2.7120241671180745,3.070505429679176,
nequip,dft/FC/CF0.2_d2.3.extxyz:126,FC,coverage,dft/FC/CF0.2_d2.3.extxyz:quench,144,0.6266355585650604,0.8252893403236442,1.6830455507501039,2.472174658383082,3.137492772940244,2.604841525535462,3.496265686228908,
nequip,dft/FC/CF0.2_d2.3.extxyz:139,FC,coverage,dft/FC/CF0.2_d2.3.extxyz:quench,144,0.9087820602120433,1.2071155007566978,2.5371314268319702,3.377359464688311,4.983897284341976,3.629771383240241,5.119591908989856,
nequip,dft/FC/CF0.2_d2.3.extxyz:140,FC,coverage,dft/FC/CF0.2_d2.3.extxyz:anneal,144,0.5187445056816454,0.6572691198270866,1.2881238625048541,1.6782062547114807,2.231466403378983,1.801137582137378,2.657037183928816,
nequip,dft/FC/CF0.2_d2.3.extxyz:151,FC,coverage,dft/FC/CF0.2_d2.3.extxyz:anneal,144,0.5479180448014246,0.7051239900389545,1.377266001468161,1.9250938058518008,3.0232032247353,1.9781747512959893,3.1383108720582147,
nequip,dft/FC/CF0.2_d2.3.extxyz:161,FC,coverage,dft/FC/CF0.2_d2.3.extxyz:anneal,144,0.5687807775758285,0.7331815903114235,1.5098931179257609,1.9737259398439633,2.433924404451586,2.2675116381700606,3.0328874046208223,
nequip,dft/FC/CF0.2_d2.3.extxyz:172,FC,coverage,dft/FC/CF0.2_d2.3.extxyz:anneal,144,0.5654104523373814,0.7215628763284592,1.4220840177200267,1.995572572701566,2.331654391706988,2.065293899844999,2.783774237977967,
nequip,dft/FC/CF0.2_d2.3.extxyz:182,FC,coverage,dft/FC/CF0.2_d2.3.extxyz:anneal,144,0.5326388910868649,0.6847559513147533,1.358498200311326,2.0403475212020767,2.7497147486520377,2.0763091723498657,2.878268292185306,
nequip,dft/FC/CF0.2_d2.3.extxyz:193,FC,coverage,dft/FC/CF0.2_d2.3.extxyz:anneal,144,0.5611263110923574,0.719427416308341,1.3536039888806404,1.8949879975804544,2.862541549783276,2.0890397070488573,2.8982043617689586,
nequip,dft/FC/CF0.2_d2.3.extxyz:203,FC,coverage,dft/FC/CF0.2_d2.3.extxyz:anneal,144,0.5391969141737606,0.6846124615604336,1.4064579471790009,1.8592386893979471,2.195900710009946,1.8816478269783108,3.0164777789672867,
nequip,dft/FC/CF0.2_d2.3.extxyz:214,FC,coverage,dft/FC/CF0.2_d2.3.extxyz:anneal,144,0.4748606142118334,0.6144356500555312,1.25956092220285,1.6663126643318475,2.081266160257053,1.8266085475240046,2.431976910661345,
nequip,dft/FC/CF0.2_d3.2.extxyz:0,FC,coverage,dft/FC/CF0.2_d3.2.extxyz:melt,144,1.1520238886975154,1.429410136264028,2.774734618800847,3.607476843274553,4.780722463508243,3.8536455317015528,4.931942964142158,
nequip,dft/FC/CF0.2_d3.2.extxyz:7,FC,coverage,dft/FC/CF0.2_d3.2.extxyz:melt,144,1.1600648511479812,1.4838038931379793,3.1028402873568672,3.8905162975747554,5.197367573758827,4.236001004446621,5.399525862889194,
nequip,dft/FC/CF0.2_d3.2.extxyz:14,FC,coverage,dft/FC/CF0.2_d3.2.extxyz:melt,144,1.0913934598771133,1.3931624373147404,2.7418846412536,3.550868119007321,4.657692302787118,4.234224010779985,5.386492956163936,
nequip,dft/FC/CF0.2_d3.2.extxyz:21,FC,coverage,dft/FC/CF0.2_d3.2.extxyz:melt,144,1.1621533719103552,1.441760886270288,2.7891484715381996,3.2938758910525756,4.406987527447715,4.045060870723939,4.738687368583427,
nequip,dft/FC/CF0.2_d3.2.extxyz:28,FC,coverage,dft/FC/CF0.2_d3.2.extxyz:melt,144,1.1073497423305776,1.4476403807707883,2.80083034442813,3.7229185809063803,5.1510348634344645,4.308332462760221,5.54814981851496,
nequip,dft/FC/CF0.2_d3.2.extxyz:35,FC,coverage,dft/FC/CF0.2_d3.2.extxyz:melt,144,1.1546286157723762,1.473486494778927,2.905401329864575,3.7431286420972816,4.838963446650765,4.27753464806399,5.68290987981273,
nequip,dft/FC/CF0.2_d3.2.extxyz:42,FC,coverage,dft/FC/CF0.2_d3.2.extxyz:melt,144,1.049257587104566,1.3409354253471992,2.5965309073346368,3.7784455977344518,4.353394235150743,3.687287804934817,5.614260814333374,
nequip,dft/FC/CF0.2_d3.2.extxyz:49,FC,coverage,dft/FC/CF0.2_d3.2.extxyz:melt,144,1.1957237540293686,1.504051636595839,2.947236640087176,3.842110326026359,5.1861019972907165,4.43415234063267,5.861979031841354,
nequip,dft/FC/CF0.2_d3.2.extxyz:50,FC,coverage,dft/FC/CF0.2_d3.2.extxyz:quench,144,1.061711222112363,1.3807417540301457,2.8406335017881448,3.884476448663663,4.830740396013744,4.081045073081496,5.774118708187852,
nequip,dft/FC/CF0.2_d3.2.extxyz:63,FC,coverage,dft/FC/CF0.2_d3.2.extxyz:quench,144,1.0253117435475034,1.3313253523793385,2.6487766655582456,3.443814971534698,4.912210625119219,3.9291622832010233,5.6361559884543,
nequip,dft/FC/CF0.2_d3.2.extxyz:75,FC,coverage,dft/FC/CF0.2_d3.2.extxyz:quench,144,0.6210207652666315,0.804713589091017,1.6605652569340201,2.4457642501779717,2.5946558881613333,2.5174969969231262,3.0236782525168664,
nequip,dft/FC/CF0.2_d3.2.extxyz:88,FC,coverage,dft/FC/CF0.2_d3.2.extxyz:quench,144,0.8457426574119374,1.082902457654207,2.1048514134227343,2.973230792815304,3.999326386471581,3.214090677743534,4.410111198558988,
nequip,dft/FC/CF0.2_d3.2.extxyz:101,FC,coverage,dft/FC/CF0.2_d3.2.extxyz:quench,144,0.9894576115115313,1.2800934279708402,2.5651304703902342,3.6031436867631994,4.144776211322663,3.7886455907062624,5.159226670814608,
nequip,dft/FC/CF0.2_d3.2.extxyz:114,FC,coverage,dft/FC/CF0.2_d3.2.extxyz:quench,144,0.7893367687613191,1.0164480649631837,2.026767218307602,3.008637652566551,3.809331140939686,2.998945987434931,3.8952478378060604,
nequip,dft/FC/CF0.2_d3.2.extxyz:126,FC,coverage,dft/FC/CF0.2_d3.2.extxyz:quench,144,1.0918040692714388,1.3802326019385651,2.6628802243884393,3.6863352101065643,5.068017680796135,3.8411005807252385,5.963520474728861,
nequip,dft/FC/CF0.2_d3.2.extxyz:139,FC,coverage,dft/FC/CF0.2_d3.2.extxyz:quench,144,0.7414203350757554,0.9406209459897118,1.8871809946036942,2.6263585813874246,2.95874957366006,2.78829416551684,3.5555936919456372,
nequip,dft/FC/CF0.2_d3.2.extxyz:140,FC,coverage,dft/FC/CF0.2_d3.2.extxyz:anneal,144,0.674766932484196,0.8787874332330545,1.8028540169997134,2.3249829315154016,3.0302565022747823,2.6030172507808995,3.917651136962215,
nequip,dft/FC/CF0.2_d3.2.extxyz:151,FC,coverage,dft/FC/CF0.2_d3.2.extxyz:anneal,144,0.593298108465123,0.7611338161417434,1.488684747410046,2.096517200741417,2.571772246210448,2.294595830925255,2.9066881263197137,
nequip,dft/FC/CF0.2_d3.2.extxyz:161,FC,coverage,dft/FC/CF0.2_d3.2.extxyz:anneal,144,0.7139168101186338,0.9050570888073892,1.7265801908368366,2.4157640462141226,3.0871831918981663,2.6429630538130042,3.449260751396036,
nequip,dft/FC/CF0.2_d3.2.extxyz:172,FC,coverage,dft/FC/CF0.2_d3.2.extxyz:anneal,144,0.6726992306054902,0.8509611145830598,1.6891883114308837,2.1667921893711957,2.8458370532409987,2.312200959959684,3.301937982633752,
nequip,dft/FC/CF0.2_d3.2.extxyz:182,FC,coverage,dft/FC/CF0.2_d3.2.extxyz:anneal,144,0.705493002674563,0.899635799341205,1.827280927025761,2.4971053819155205,3.079793930634222,2.7560938590297965,3.4059563163886555,
nequip,dft/FC/CF0.2_d3.2.extxyz:193,FC,coverage,dft/FC/CF0.2_d3.2.extxyz:anneal,144,0.6761324934175826,0.8769662365866342,1.797177137527655,2.3927741150416693,2.775454204708029,2.5960922239607127,3.2651901660065863,
nequip,dft/FC/CF0.2_d3.2.extxyz:203,FC,coverage,dft/FC/CF0.2_d3.2.extxyz:anneal,144,0.732292271618451,0.9542622847273204,2.011376521847114,2.779150156782785,3.5777647627192986,3.0031335494932905,4.677756121613037,
nequip,dft/FC/CF0.2_d3.2.extxyz:214,FC,coverage,dft/FC/CF0.2_d3.2.extxyz:anneal,144,0.7270103348127219,0.9363202857872998,1.925314041038578,2.408476903741615,3.318157109759377,2.7300237194496995,3.4848155946091715,
nequip,dft/FC/CF0.4_d2.3.extxyz:0,FC,coverage,dft/FC/CF0.4_d2.3.extxyz:melt,144,0.9853142936260336,1.3258280446227169,2.877629002304654,3.7058248684002417,5.180803101890392,3.85265294529654,6.290049567633686,
nequip,dft/FC/CF0.4_d2.3.extxyz:7,FC,coverage,dft/FC/CF0.4_d2.3.extxyz:melt,144,0.9003293184914154,1.1946626063090207,2.535968641519374,3.8256476659567045,4.48164822262185,4.003067634348059,4.542056793692807,
nequip,dft/FC/CF0.4_d2.3.extxyz:14,FC,coverage,dft/FC/CF0.4_d2.3.extxyz:melt,144,0.8774271767678045,1.1581082829875822,2.346312382283522,3.2111207464233193,4.1841278468874235,3.4145713660040546,4.565979081812442,
nequip,dft/FC/CF0.4_d2.3.extxyz:21,FC,coverage,dft/FC/CF0.4_d2.3.extxyz:melt,144,0.9484358501206849,1.255977752363366,2.522468289257184,3.6318954379710817,5.315164688216678,4.04055118994781,5.781671690891914,
nequip,dft/FC/CF0.4_d2.3.extxyz:28,FC,coverage,dft/FC/CF0.4_d2.3.extxyz:melt,144,1.005718899324766,1.3041663330949893,2.664889217690921,3.463811119792348,4.25463741524946,3.7938548079500642,4.737587118698705,
nequip,dft/FC/CF0.4_d2.3.extxyz:35,FC,coverage,dft/FC/CF0.4_d2.3.extxyz:melt,144,0.9497675658922039,1.242688237696274,2.5921127273700515,3.2520563256809467,3.8500854558414943,3.659497390042407,4.756815263244433,
nequip,dft/FC/CF0.4_d2.3.extxyz:42,FC,coverage,dft/FC/CF0.4_d2.3.extxyz:melt,144,0.8993442260597146,1.1566524589437812,2.2664265371490218,3.3225879387797477,4.263621612308922,3.6247183309196056,4.4682640096522706,
nequip,dft/FC/CF0.4_d2.3.extxyz:49,FC,coverage,dft/FC/CF0.4_d2.3.extxyz:melt,144,0.9288003582118022,1.2077672365060281,2.315957283265674,3.4306014134395753,5.840703226407755,3.8569273207497097,7.060715285666517,
nequip,dft/FC/CF0.4_d2.3.extxyz:50,FC,coverage,dft/FC/CF0.4_d2.3.extxyz:quench,144,0.8419265527941648,1.124452341272333,2.3554617926051096,3.2399318344126935,4.412100012881641,3.39635532755335,5.562263838712072,
nequip,dft/FC/CF0.4_d2.3.extxyz:63,FC,coverage,dft/FC/CF0.4_d2.3.extxyz:quench,144,0.9683350832188651,1.2529079919024666,2.6335529521550054,3.7637017959238657,4.497690404708606,3.4637312198051786,5.351692074445409,
nequip,dft/FC/CF0.4_d2.3.extxyz:75,FC,coverage,dft/FC/CF0.4_d2.3.extxyz:quench,144,0.9549214056258216,1.2337846098421772,2.4893071349981213,3.1994487828916807,4.111874927266716,3.485912024852407,5.05869803831138,
nequip,dft/FC/CF0.4_d2.3.extxyz:88,FC,coverage,dft/FC/CF0.4_d2.3.extxyz:quench,144,0.9490070087950494,1.2090794598171608,2.4227287742364445,3.023796084221692,4.192485520639694,3.302874248375397,4.356492019296361,
nequip,dft/FC/CF0.4_d2.3.extxyz:101,FC,coverage,dft/FC/CF0.4_d2.3.extxyz:quench,144,0.9798694594426836,1.2876170319349438,2.67475283446423,3.610829592737838,4.09777377519915,3.987350558606825,4.94249393344985,
nequip,dft/FC/CF0.4_d2.3.extxyz:114,FC,coverage,dft/FC/CF0.4_d2.3.extxyz:quench,144,0.4366026801903378,0.5872964985310232,1.2281053277150182,1.7136921113000922,2.320300229742307,1.917614588041019,2.445877856211944,
nequip,dft/FC/CF0.4_d2.3.extxyz:126,FC,coverage,dft/FC/CF0.4_d2.3.extxyz:quench,144,0.9846433409644747,1.2898769832637473,2.648958497496703,3.4892216940695393,5.346535534191197,3.895529746206297,5.580391494525291,
nequip,dft/FC/CF0.4_d2.3.extxyz:139,FC,coverage,dft/FC/CF0.4_d2.3.extxyz:quench,144,0.6779287500130047,0.9100299873814061,1.8173527886808047,2.6981438547098113,4.523284197886894,2.7176262234077337,5.23982619327008,
nequip,dft/FC/CF0.4_d2.3.extxyz:140,FC,coverage,dft/FC/CF0.4_d2.3.extxyz:anneal,144,0.5150145312161731,0.6772230775426665,1.4611518816372187,1.8210147273106854,2.2413380225841033,2.0116158774639645,2.7944820311540943,
nequip,dft/FC/CF0.4_d2.3.extxyz:151,FC,coverage,dft/FC/CF0.4_d2.3.extxyz:anneal,144,0.5638481632826798,0.7407605328728115,1.427847782733922,2.1207755297102904,2.5253910123125607,2.2809370312583077,3.0456525784452446,
nequip,dft/FC/CF0.4_d2.3.extxyz:161,FC,coverage,dft/FC/CF0.4_d2.3.extxyz:anneal,144,0.5599977067672405,0.7725594147799215,1.6675778256724445,2.0560189933781685,2.942656357606409,2.4650565905530937,3.478303171911374,
nequip,dft/FC/CF0.4_d2.3.extxyz:172,FC,coverage,dft/FC/CF0.4_d2.3.extxyz:anneal,144,0.5287379379147579,0.6908251030007896,1.3871454534987653,1.87332282244162,2.719799616919575,2.0770277626960434,3.164033155440101,
nequip,dft/FC/CF0.4_d2.3.extxyz:182,FC,coverage,dft/FC/CF0.4_d2.3.extxyz:anneal,144,0.53515819429974,0.7042669301798825,1.4424190529214518,1.848199471974759,2.7972592521161026,2.1620267453698174,2.914019614594271,
nequip,dft/FC/CF0.4_d2.3.extxyz:193,FC,coverage,dft/FC/CF0.4_d2.3.extxyz:anneal,144,0.5026576419421143,0.6602451595103501,1.2976796913129713,1.9247208693887514,3.0274763975017573,1.991044057790608,3.073894901933908,
nequip,dft/FC/CF0.4_d2.3.extxyz:203,FC,coverage,dft/FC/CF0.4_d2.3.extxyz:anneal,144,0.5553823100763331,0.7381649409656645,1.5186060548383968,2.2328848830318595,2.5334597829039853,2.4081376655725895,2.780440197920888,
nequip,dft/FC/CF0.4_d2.3.extxyz:214,FC,coverage,dft/FC/CF0.4_d2.3.extxyz:anneal,144,0.5286494036833654,0.7303242053481461,1.5912973266404231,2.2328415083241535,2.83085312675,2.343881465387199,3.324535708573146,
nequip,dft/FC/CF0.4_d3.2.extxyz:0,FC,coverage,dft/FC/CF0.4_d3.2.extxyz:melt,144,1.019984448449532,1.3086210747813833,2.6026512763767964,3.680429628033524,5.47992275645626,4.048467216686772,5.930764258281516,
nequip,dft/FC/CF0.4_d3.2.extxyz:7,FC,coverage,dft/FC/CF0.4_d3.2.extxyz:melt,144,1.1026626723461066,1.405868072747786,2.6093257788183077,3.955751933519154,6.725583539979013,3.998424590830786,7.03875265454914,
nequip,dft/FC/CF0.4_d3.2.extxyz:14,FC,coverage,dft/FC/CF0.4_d3.2.extxyz:melt,144,1.10408356271567,1.43127354924441,2.936317557061737,3.6473567701137415,4.941871470381132,4.194310005002856,5.309534215053067,
nequip,dft/FC/CF0.4_d3.2.extxyz:21,FC,coverage,dft/FC/CF0.4_d3.2.extxyz:melt,144,1.1330578559607059,1.4545703435497919,2.893088635770972,4.305097612957322,5.085278640534292,4.18708329665781,6.649497537487018,
nequip,dft/FC/CF0.4_d3.2.extxyz:28,FC,coverage,dft/FC/CF0.4_d3.2.extxyz:melt,144,1.1836306118337456,1.4950980674419327,2.988367332821568,3.727171821946543,4.5886352536921855,4.320759158641161,5.723493008880116,
nequip,dft/FC/CF0.4_d3.2.extxyz:35,FC,coverage,dft/FC/CF0.4_d3.2.extxyz:melt,144,1.0922731566210335,1.4116305646488232,2.825519572834249,3.597445325632986,5.020755752852171,4.12436945297799,5.870106070713201,
nequip,dft/FC/CF0.4_d3.2.extxyz:42,FC,coverage,dft/FC/CF0.4_d3.2.extxyz:melt,144,1.0185717584245757,1.2973303767846647,2.583601409097665,3.663953637158296,3.8474226046065407,3.9182423347549076,4.870539421293025,
nequip,dft/FC/CF0.4_d3.2.extxyz:49,FC,coverage,dft/FC/CF0.4_d3.2.extxyz:melt,144,1.0646179112726253,1.4049186753337424,2.9615339747859752,3.8638394443391744,5.9286499013197265,4.553338482494621,6.611621530249246,
nequip,dft/FC/CF0.4_d3.2.extxyz:50,FC,coverage,dft/FC/CF0.4_d3.2.extxyz:quench,144,0.8637797298258205,1.1506582585652587,2.190831396831228,3.5582544482763296,4.796341915422149,3.6014235942606945,5.3143961228632115,
nequip,dft/FC/CF0.4_d3.2.extxyz:63,FC,coverage,dft/FC/CF0.4_d3.2.extxyz:quench,144,1.067412717049471,1.4073761005491265,2.894663459833015,4.020956148446839,5.006673405536646,4.482269629119465,5.6614886956316095,
nequip,dft/FC/CF0.4_d3.2.extxyz:75,FC,coverage,dft/FC/CF0.4_d3.2.extxyz:quench,144,1.0696721374698652,1.4217049034912894,2.952575663477903,3.98545477769015,5.159568541324614,4.134383816203887,5.597582135296219,
nequip,dft/FC/CF0.4_d3.2.extxyz:88,FC,coverage,dft/FC/CF0.4_d3.2.extxyz:quench,144,0.6182506575612677,0.7970648329919362,1.628898144330297,2.033060224808532,2.8859079103934295,2.2790766386671746,3.1592818602998363,
nequip,dft/FC/CF0.4_d3.2.extxyz:101,FC,coverage,dft/FC/CF0.4_d3.2.extxyz:quench,144,0.9770219232934019,1.2824070062279194,2.684135367911162,3.402698196609048,4.813692517098714,3.6925307342083227,5.6036867760396145,
nequip,dft/FC/CF0.4_d3.2.extxyz:114,FC,coverage,dft/FC/CF0.4_d3.2.extxyz:quench,144,1.048624867592137,1.3471366252272563,2.6223399536171828,3.355671724488167,5.70384353916774,3.8202807083613415,5.895153108279162,
nequip,dft/FC/CF0.4_d3.2.extxyz:126,FC,coverage,dft/FC/CF0.4_d3.2.extxyz:quench,144,0.8084589192252492,1.0525638716351313,2.1296519960994806,2.9018260284175774,3.8804733108152027,3.177578744046075,4.143046933145689,
nequip,dft/FC/CF0.4_d3.2.extxyz:139,FC,coverage,dft/FC/CF0.4_d3.2.extxyz:quench,144,1.0051287692218582,1.2731575162721298,2.5940203235749175,3.404162470854937,4.197893745739568,3.60056724827188,5.1304556430167185,
nequip,dft/FC/CF0.4_d3.2.extxyz:140,FC,coverage,dft/FC/CF0.4_d3.2.extxyz:anneal,144,0.6857289175523086,0.8663441105427072,1.6647392417647155,2.273733358973035,2.7801643271288325,2.4340731110596514,3.5414811371365054,
nequip,dft/FC/CF0.4_d3.2.extxyz:151,FC,coverage,dft/FC/CF0.4_d3.2.extxyz:anneal,144,0.7074066047548205,0.8858324481023734,1.795705300906789,2.307945606872055,2.4851980097734385,2.629980536904082,3.3434201162062287,
nequip,dft/FC/CF0.4_d3.2.extxyz:161,FC,coverage,dft/FC/CF0.4_d3.2.extxyz:anneal,144,0.6446117673393849,0.8272562349868702,1.6937371569600166,2.2262849335722428,2.837206830039916,2.415396335892601,3.1220612761777757,
nequip,dft/FC/CF0.4_d3.2.extxyz:172,FC,coverage,dft/FC/CF0.4_d3.2.extxyz:anneal,144,0.6188063635122495,0.7925938732585048,1.6877631975034524,2.1241204890637566,2.511185737351749,2.396613136893471,3.1274386613821474,
nequip,dft/FC/CF0.4_d3.2.extxyz:182,FC,coverage,dft/FC/CF0.4_d3.2.extxyz:anneal,144,0.6473906857405962,0.8265502124134074,1.6854563001441096,2.125244681852352,2.398166086661968,2.431318497646091,3.1270270247901077,
nequip,dft/FC/CF0.4_d3.2.extxyz:193,FC,coverage,dft/FC/CF0.4_d3.2.extxyz:anneal,144,0.6964240706228705,0.8807648743048666,1.8026742018026987,2.1747657492263457,2.932856044572458,2.5271743157703463,3.804705025648328,
nequip,dft/FC/CF0.4_d3.2.extxyz:203,FC,coverage,dft/FC/CF0.4_d3.2.extxyz:anneal,144,0.6948684496955854,0.9001108584348905,1.7328877650524037,2.6480308524275213,3.6448387331852743,2.7033462179391177,3.8772854254366353,
nequip,dft/FC/CF0.4_d3.2.extxyz:214,FC,coverage,dft/FC/CF0.4_d3.2.extxyz:anneal,144,0.6507608271325894,0.8271887683083613,1.6047376074693103,1.9415605274174044,3.591066813960512,2.3135652544780534,3.606578186537165,
nequip,dft/etch/trj_CF2_30eV.extxyz:0,etch,coverage,trj_CF2_30eV_case1,150,0.23308119460858684,0.3473790358227995,0.7371631546795167,1.1737637440330477,2.165057877928608,1.222839260761745,2.502344671117233,
nequip,dft/etch/trj_CF2_30eV.extxyz:32,etch,coverage,trj_CF2_30eV_case1,150,0.22004199304639502,0.3292972010465958,0.6940521258531664,1.119297534352935,2.0505723690719493,1.0449395170238758,2.811156868563697,1.1801694793545539
nequip,dft/etch/trj_CF2_30eV.extxyz:64,etch,coverage,trj_CF2_30eV_case1,150,0.3233324783847466,0.4376861642395164,0.8598335799477493,1.230552995988627,2.246475593624712,1.3032871152071974,2.4810067713300397,1.1752021102772092
nequip,dft/etch/trj_CF2_30eV.extxyz:95,etch,prior_outlier,trj_CF2_30eV_case1,150,0.4842215726410222,0.7424641370141626,1.5057173339570702,2.3784945049603112,5.187426136402607,2.409619610397207,6.010066595394537,1.120981712607302
nequip,dft/etch/trj_CF2_30eV.extxyz:97,etch,coverage,trj_CF2_30eV_case1,150,0.2866343862474603,0.4044734580059604,0.8616748566289674,1.214402919511915,2.109172567440985,1.2743503504203475,2.2141572634400704,1.1132385189167686
nequip,dft/etch/trj_CF2_30eV.extxyz:105,etch,prior_outlier,trj_CF2_30eV_case1,150,0.2880228297634062,0.4116298332643598,0.8578574473962186,1.3404771434583433,2.0181016536757266,1.3727564779378882,2.5891381388388885,1.1836807001890333
nequip,dft/etch/trj_CF2_30eV.extxyz:129,etch,coverage,trj_CF2_30eV_case1,150,0.18178341164666806,0.26398738012458506,0.6012694677993431,0.870356829976774,1.0984861076362107,0.9026339165541255,1.3440161202599543,1.2054044964243331
nequip,dft/etch/trj_CF2_30eV.extxyz:146,etch,prior_outlier,trj_CF2_30eV_case1,150,0.42160046895377007,0.6706845908182552,1.34424531986261,2.082332541309293,5.014109604029768,2.1593073161309273,5.371135569572574,1.2147839314050886
nequip,dft/etch/trj_CF2_30eV.extxyz:161,etch,coverage,trj_CF2_30eV_case1,150,0.2254254017582836,0.34792274491370107,0.6646111451459316,1.2576370419341114,2.350146856734596,1.3345444773669335,2.38583459339918,1.1903780911962376
nequip,dft/etch/trj_CF2_30eV.extxyz:163,etch,prior_outlier,trj_CF2_30eV_case1,150,0.3899953247820151,0.6222064657502653,1.1237495871353105,1.952807351245236,6.008174193701849,1.8571963258341089,6.0114545776457255,1.1751170154499515
nequip,dft/etch/trj_CF2_30eV.extxyz:193,etch,coverage,trj_CF2_30eV_case1,150,0.25196780255798146,0.3632850342468024,0.7978906980001399,1.158572383272316,1.9585085918240297,1.1786443629621748,2.25043929035335,1.2303657992645913
nequip,dft/etch/trj_CF2_30eV.extxyz:226,etch,coverage,trj_CF2_30eV_case1,150,0.2437497998040015,0.36487472866155163,0.7694165614286677,1.3179296906737707,2.5003874305452096,1.2354180937643453,2.771752750190022,1.1734564329364785
nequip,dft/etch/trj_CF2_30eV.extxyz:232,etch,prior_outlier,trj_CF2_30eV_case1,150,0.5958462429463076,0.993715404144589,1.8899278286663703,3.7011164069543625,8.047315960452236,3.487301122928315,8.322453909693639,1.1676472069936201
nequip,dft/etch/trj_CF2_30eV.extxyz:258,etch,coverage,trj_CF2_30eV_case1,150,0.21919348409574152,0.33128912568751084,0.7327674305344306,1.0989798994938105,2.151106945152044,1.1425231224892678,2.2228251338395837,1.5185519418182574
nequip,dft/etch/trj_CF2_30eV.extxyz:282,etch,prior_outlier,trj_CF2_30eV_case1,150,0.4846648357033406,0.7822694025002213,1.6503863195396364,2.92679932950575,4.485095506523449,2.5871984638385808,6.127991670349124,1.536847422485394
nequip,dft/etch/trj_CF2_30eV.extxyz:290,etch,coverage,trj_CF2_30eV_case1,150,0.2125932032121406,0.30631793657455114,0.6521468095726621,1.060869934285761,1.606874538090734,0.991968764087694,1.902796377456173,1.1039021695784448
nequip,dft/etch/trj_CF2_30eV.extxyz:292,etch,prior_outlier,trj_CF2_30eV_case1,150,0.6137481123046779,1.0365197419600491,2.16787836045059,4.080760213521549,6.613748152380795,3.634778744787469,7.7361776359277865,1.0402403568406686
nequip,dft/etch/trj_CF2_30eV.extxyz:322,etch,coverage,trj_CF2_30eV_case1,150,0.2666952935186485,0.4090712268353812,0.6885450021373729,1.1842984060305732,3.7591573416400546,1.2405960328899661,3.816181513141447,1.288293444833124
nequip,dft/etch/trj_CF2_30eV.extxyz:339,etch,prior_outlier,trj_CF2_30eV_case1,150,0.3492152263742904,0.661804401095887,1.20050412470044,2.0115790784512892,6.525714097546551,1.7383435022123024,6.6781040474927655,1.363121417922852
nequip,dft/etch/trj_CF2_30eV.extxyz:344,etch,prior_outlier,trj_CF2_30eV_case1,150,0.48149513785921183,0.757232912766734,1.6631021145119789,2.7882717160693486,4.457410331344274,2.5674811639546418,5.968081470404315,1.2782018619920732
nequip,dft/etch/trj_CF2_30eV.extxyz:354,etch,coverage,trj_CF2_30eV_case1,150,0.3211570676768369,0.47121178699104055,1.0895446500921993,1.5416625384232492,2.477218418646208,1.6711607865109095,2.530298842332664,1.3054884143492023
nequip,dft/etch/trj_CF2_30eV.extxyz:387,etch,coverage,trj_CF2_30eV_case1,150,0.24675766530881788,0.3474278140593137,0.7271265765269731,1.062732536555265,1.947825940647264,1.1450012839092727,2.1204718411598735,1.4711560080426516
nequip,dft/etch/trj_CF2_30eV.extxyz:419,etch,coverage,trj_CF2_30eV_case1,150,0.18570883060354876,0.27454746636098226,0.6127936466228705,0.9968034524355062,1.1641346017349905,1.0064834594619112,1.636554299373704,1.3802898246382913
nequip,dft/etch/trj_CF2_30eV.extxyz:425,etch,prior_outlier,trj_CF2_30eV_case1,150,0.6096023933996428,0.9043497550213221,1.867095788349915,2.9927509784971584,4.980428246318158,2.8002617546575204,6.079964152052303,1.2781627439414756
nequip,dft/etch/trj_CF2_30eV.extxyz:451,etch,coverage,trj_CF2_30eV_case1,150,0.2200906235622608,0.33896379570546054,0.7407136521043622,1.2698741151027824,2.0705216776362265,1.1961138114278658,2.5715497274738364,1.2043670536842155
nequip,dft/etch/trj_CF2_30eV.extxyz:483,etch,coverage,trj_CF2_30eV_case1,150,0.22548245744479106,0.3264006861177194,0.6761189637119654,0.9847935432474451,2.0941529782213495,1.073151038309015,2.902236910021168,1.4659809002848585
nequip,dft/etch/trj_CF2_30eV.extxyz:516,etch,coverage,trj_CF2_30eV_case1,150,0.2196388198963918,0.31019247788171456,0.6489512414409658,0.9794649719288228,1.6273775986947223,1.0993128271975474,1.824335547204548,1.2709838708654015
nequip,dft/etch/trj_CF2_30eV.extxyz:548,etch,coverage,trj_CF2_30eV_case1,150,0.18943306627401138,0.2609650119994129,0.49358176411491245,0.9942987938544403,1.3923321997779439,0.8066478877836876,1.4922343304929722,1.198916177220076
nequip,dft/etch/trj_CF2_30eV.extxyz:580,etch,coverage,trj_CF2_30eV_case1,150,0.20733814799746167,0.2853551750363344,0.5926521466402925,0.8858662818715984,1.1871302141219517,0.9339755021760522,1.363342034530734,1.165160933090357
nequip,dft/etch/trj_CF2_30eV.extxyz:612,etch,coverage,trj_CF2_30eV_case1,150,0.25692022553740496,0.3553444424345822,0.7440293724433843,1.2199044792281193,1.420840233722469,1.2112436108371407,1.889807969783676,1.2195900950729293
nequip,dft/etch/trj_CF2_30eV.extxyz:644,etch,prior_outlier,trj_CF2_30eV_case1,150,0.5215164476065571,0.7974396766851023,1.6314263620328116,2.569824946997834,5.240564645869936,2.591904313169475,5.273512863434456,1.1374532957444887
nequip,dft/etch/trj_CF2_30eV.extxyz:645,etch,coverage,trj_CF2_30eV_case1,150,0.22712069231570525,0.32119513991697357,0.6791671594612186,1.0896219019352902,1.5364931945540703,1.0891488302668786,1.8454105574360582,1.142716062720741
nequip,dft/etch/trj_CF2_30eV.extxyz:650,etch,prior_outlier,trj_CF2_30eV_case1,150,0.4102452674144931,0.6606400351244032,1.4327836779375742,2.399190732806743,4.765990300311614,2.1508742091191846,6.656492120726698,1.4723111084278335
nequip,dft/etch/trj_CF2_30eV.extxyz:677,etch,coverage,trj_CF2_30eV_case1,150,0.20989185600893892,0.3198992621384923,0.7112159372582892,0.965152392560651,1.9724325642971339,1.1315478077885825,2.239192806161952,1.1622392180614114
nequip,dft/etch/trj_CF2_30eV.extxyz:709,etch,coverage,trj_CF2_30eV_case1,150,0.25293576978016147,0.4126724537021361,0.764091532098151,1.6115614238574227,2.4536566380597797,1.4560823351975989,3.409322394699709,1.1512601791080939
nequip,dft/etch/trj_CF2_30eV.extxyz:741,etch,coverage,trj_CF2_30eV_case1,151,0.23729994744486457,0.35191387207653946,0.7074608063923334,1.169737085234292,2.2299446207138853,1.0687972214128991,2.62003535972184,1.165289663560095
nequip,dft/etch/trj_CF2_30eV.extxyz:773,etch,coverage,trj_CF2_30eV_case1,150,0.1930784670398503,0.27467633720153156,0.6260376737537318,0.9096184513415092,1.1606693797359942,0.9760270328745868,1.2473465048534567,1.3949551964131324
nequip,dft/etch/trj_CF2_30eV.extxyz:806,etch,coverage,trj_CF2_30eV_case1,150,0.22082119673567704,0.3200754739247875,0.6591649369172788,1.0876647734504352,1.6249664602713256,1.110158054715073,2.1430486122262007,1.1416654501210053
nequip,dft/etch/trj_CF2_30eV.extxyz:838,etch,coverage,trj_CF2_30eV_case1,150,0.20222304133570973,0.3241390706160423,0.6493137501084019,1.5087387081108148,2.100836107453485,1.0711268636162545,2.126553794630509,1.1536897329871678
nequip,dft/etch/trj_CF2_30eV.extxyz:870,etch,coverage,trj_CF2_30eV_case1,150,0.2345308727145397,0.3327671919018064,0.6847337964454241,1.277719643153034,1.4052055016262623,1.121015652290275,1.856317575994874,1.3112970677920375
nequip,dft/etch/trj_CF2_30eV.extxyz:874,etch,prior_outlier,trj_CF2_30eV_case1,150,0.620741493312611,1.00251235999959,2.208809326084151,3.4469454478283468,7.964789383538472,3.3853790730817472,8.08418533308895,1.220040982918196
nequip,dft/etch/trj_CF2_30eV.extxyz:902,etch,coverage,trj_CF2_30eV_case1,150,0.24974775029096832,0.36240023852496983,0.6965737988287158,1.3624134752099424,1.7597768315756213,1.1666161932761556,2.108943008377313,1.386686698573258
nequip,dft/etch/trj_CF2_30eV.extxyz:935,etch,coverage,trj_CF2_30eV_case1,150,0.21891966205991145,0.308347538853936,0.6437545511768156,0.9391590918598226,1.7411947894994504,0.9821544162934093,1.850687937881064,1.3411562175973366
nequip,dft/etch/trj_CF2_30eV.extxyz:958,etch,prior_outlier,trj_CF2_30eV_case1,150,0.24253558219280932,0.3475886420173793,0.5965061566648017,1.1946899799579405,2.2973508599488213,0.98196063015023,2.983130196565647,0.9210320298447815
nequip,dft/etch/trj_CF2_30eV.extxyz:959,etch,prior_outlier,trj_CF2_30eV_case1,150,0.2710401733493375,0.38996470415711,0.8435664376504843,1.2923049752983873,1.9635677409272398,1.3740824417609965,2.1362815306559106,0.9356815697661205
nequip,dft/etch/trj_CF2_30eV.extxyz:967,etch,coverage,trj_CF2_30eV_case1,150,0.229314084427596,0.3279750626657433,0.6773958150187842,1.0087735149537742,2.353878934101957,1.0590315659815508,2.4233156583040207,1.168332144554793
nequip,dft/etch/trj_CF2_30eV.extxyz:999,etch,coverage,trj_CF2_30eV_case1,150,0.26055881417207466,0.37381174846478493,0.8354201901710262,1.2277397099202154,1.5118270343794293,1.2110958547780624,1.5972937181828706,1.1717508267545613
nequip,dft/etch/trj_CF3_30eV.extxyz:0,etch,coverage,trj_CF3_30eV_case1,150,0.23305990489078562,0.3471512497271369,0.7357136107738033,1.1711513599707473,2.158938263678971,1.2216086829335846,2.494983090255313,
nequip,dft/etch/trj_CF3_30eV.extxyz:32,etch,coverage,trj_CF3_30eV_case1,150,0.21168503883258621,0.3012208714426663,0.6214385176312166,1.0020512655916125,1.4466488526154309,1.0518162127798034,1.464199613043377,1.2120231020900523
nequip,dft/etch/trj_CF3_30eV.extxyz:64,etch,coverage,trj_CF3_30eV_case1,150,0.2159688349557922,0.30733770214177375,0.6462660283934518,1.004593385145178,1.6798837277086769,1.0022297864319818,1.690008116589081,1.3714955340794934
nequip,dft/etch/trj_CF3_30eV.extxyz:97,etch,coverage,trj_CF3_30eV_case1,150,0.2345356210829055,0.32889407913520674,0.6742145612376634,1.1011826215003142,1.533537710181873,0.9902983562622969,2.17835390733678,1.1713667231059617
nequip,dft/etch/trj_CF3_30eV.extxyz:129,etch,coverage,trj_CF3_30eV_case1,150,0.2404826452582689,0.3409007556958253,0.651846423643073,1.2108022643750642,2.001112790846903,1.1126965113813523,2.2646686511373497,1.192476414861108
nequip,dft/etch/trj_CF3_30eV.extxyz:161,etch,coverage,trj_CF3_30eV_case1,150,0.23266773280343267,0.34430218629262316,0.6545412190195351,1.226845274322912,2.123430094742766,1.1183257781788905,3.4176652443323237,1.2038687636117167
nequip,dft/etch/trj_CF3_30eV.extxyz:193,etch,coverage,trj_CF3_30eV_case1,150,0.18177824451848454,0.26489694665401353,0.5179089994304802,0.9550360269796074,1.5513783945808157,0.8443257902182568,1.6424293773890588,1.1910499569707416
nequip,dft/etch/trj_CF3_30eV.extxyz:226,etch,coverage,trj_CF3_30eV_case1,150,0.21643445715603857,0.3036480405020014,0.658851356411657,0.8616959235745261,1.4638044963968793,1.01684952942282,1.6152185793042306,1.0592922165295118
nequip,dft/etch/trj_CF3_30eV.extxyz:258,etch,coverage,trj_CF3_30eV_case1,150,0.2541596641206055,0.3573065040424884,0.7158224504364625,1.03517116991222,2.378752552346807,1.1948615372617066,2.3963701827383836,1.2060265337047962
nequip,dft/etch/trj_CF3_30eV.extxyz:290,etch,coverage,trj_CF3_30eV_case1,150,0.224680703006481,0.3232185913513772,0.6549419375809616,1.07268061019112,1.6908869892120837,1.1142816581327277,1.7202950153845182,1.313811249761548
nequip,dft/etch/trj_CF3_30eV.extxyz:322,etch,coverage,trj_CF3_30eV_case1,150,0.2137022499063859,0.3128860296479269,0.7062562240695602,1.168693577490323,1.4505410298851484,1.1853323657558779,1.608659974268776,1.3100381673829193
nequip,dft/etch/trj_CF3_30eV.extxyz:354,etch,coverage,trj_CF3_30eV_case1,150,0.23406701752098397,0.3443768273857764,0.7874116352097038,1.1316768468561569,1.9397801977446245,1.1532659520236515,2.266568032679003,1.215606844337429
nequip,dft/etch/trj_CF3_30eV.extxyz:387,etch,coverage,trj_CF3_30eV_case1,150,0.2526353449282496,0.3545614082955473,0.688152037919675,1.2004046491822098,1.9287047284594547,1.1172340442343343,1.9957625876608873,1.1555950847939753
nequip,dft/etch/trj_CF3_30eV.extxyz:419,etch,coverage,trj_CF3_30eV_case1,150,0.24670905212304292,0.3582956821580866,0.7592650094705584,1.264509181323069,1.7228003761667279,1.1861180759913903,2.1781812457607326,1.5253851972534673
nequip,dft/etch/trj_CF3_30eV.extxyz:451,etch,coverage,trj_CF3_30eV_case1,150,0.22193772225483138,0.3323249141047566,0.6458911838985325,1.0511597573409,2.3691841767443913,1.072485247342843,2.4678998234187786,1.303687079018582
nequip,dft/etch/trj_CF3_30eV.extxyz:483,etch,coverage,trj_CF3_30eV_case1,150,0.2522964496858235,0.3515738040020409,0.7205173353909663,1.1864278819952583,1.406343319476934,1.1213237694716809,1.5660564775486492,1.240806189539687
nequip,dft/etch/trj_CF3_30eV.extxyz:516,etch,coverage,trj_CF3_30eV_case1,150,0.24882865178019906,0.3347488930080308,0.6238833478906874,1.0488301694428115,1.5601473200841087,1.0286367565656978,1.5819608311968703,1.5355455056754266
nequip,dft/etch/trj_CF3_30eV.extxyz:548,etch,coverage,trj_CF3_30eV_case1,150,0.2266781053804705,0.3356675451174387,0.6923252713502566,1.10737138931226,2.207224506975758,1.0603094957232442,2.445186392112392,1.513803157613297
nequip,dft/etch/trj_CF3_30eV.extxyz:580,etch,coverage,trj_CF3_30eV_case1,150,0.24260068005845317,0.38081278978267624,0.7305567158497278,1.7181145762636159,2.203365182545353,1.1621250152687852,2.971427503282766,1.4886235252742723
nequip,dft/etch/trj_CF3_30eV.extxyz:612,etch,coverage,trj_CF3_30eV_case1,150,0.28421982347626407,0.4127313521980987,0.9073531618904136,1.426617353792108,1.7036056306010248,1.4815303729411586,2.023525714316727,1.4515164484083547
nequip,dft/etch/trj_CF3_30eV.extxyz:645,etch,coverage,trj_CF3_30eV_case1,150,0.2839206068051752,0.40130314777182946,0.8128082728672497,1.3882722070058093,2.0960505382848176,1.206042850993119,2.5648673848485037,1.3470708964267615
nequip,dft/etch/trj_CF3_30eV.extxyz:677,etch,coverage,trj_CF3_30eV_case1,150,0.280682363304937,0.4098572186150606,0.8992899320133059,1.4508695053444363,2.194742148216969,1.3732507378156793,2.3552175800064408,1.2503999360204716
nequip,dft/etch/trj_CF3_30eV.extxyz:709,etch,coverage,trj_CF3_30eV_case1,150,0.23627938806930038,0.38134572423297736,0.7301888723904966,1.5007471411045674,2.5698963223977067,1.3271379729264348,3.119025838953607,1.1506954418959003
nequip,dft/etch/trj_CF3_30eV.extxyz:741,etch,coverage,trj_CF3_30eV_case1,150,0.22587309674424122,0.38747125329436943,0.7797984972607871,1.5733623560704653,2.940426539192497,1.4025391720346643,3.3520831626686234,1.4182383438618476
nequip,dft/etch/trj_CF3_30eV.extxyz:773,etch,coverage,trj_CF3_30eV_case1,150,0.2174587471965314,0.3081784480649212,0.6531779362419767,0.9040515740719632,1.9463051281737678,0.9556828774521884,2.0355234107710256,1.2613088440187834
nequip,dft/etch/trj_CF3_30eV.extxyz:806,etch,coverage,trj_CF3_30eV_case1,150,0.23762039445976338,0.33191635763141303,0.6769158490314495,1.087021596388413,1.5955529437572105,1.083438371658427,2.2721011100134536,1.204740635987677
nequip,dft/etch/trj_CF3_30eV.extxyz:838,etch,coverage,trj_CF3_30eV_case1,150,0.19882403031253526,0.2816951984028687,0.568769671960705,1.093023462390401,1.53662549785428,0.876496621901955,1.9190761214771215,1.4765838953476356
nequip,dft/etch/trj_CF3_30eV.extxyz:870,etch,coverage,trj_CF3_30eV_case1,150,0.19957832289216865,0.28283359310975015,0.5938188146277102,0.9426051016017823,1.7983974071745352,0.8989585060256651,1.8057515784208846,1.3563922736435794
nequip,dft/etch/trj_CF3_30eV.extxyz:902,etch,coverage,trj_CF3_30eV_case1,150,0.21822584419421495,0.32983898392279204,0.7222411521482045,1.1726905977024087,1.7344171955795415,1.170550287207044,2.4713212690426305,1.3346909754696015
nequip,dft/etch/trj_CF3_30eV.extxyz:935,etch,coverage,trj_CF3_30eV_case1,150,0.1944579771361279,0.27579770033326567,0.5653960837002203,0.8718756123122196,1.3938155813932844,0.9567656734600293,1.521167725050269,1.4882540105774957
nequip,dft/etch/trj_CF3_30eV.extxyz:967,etch,coverage,trj_CF3_30eV_case1,150,0.2079841726734587,0.29345218710408255,0.6146829091079042,0.9295607518346591,1.418682271027877,0.9896067451837891,2.109549521110428,1.2922074136917818
nequip,dft/etch/trj_CF3_30eV.extxyz:999,etch,coverage,trj_CF3_30eV_case1,150,0.23865911467941353,0.34702353681516257,0.6605387473049947,1.0842627763720292,2.178373089016638,1.071496288133763,3.079470495803257,1.146516463030514
nequip,dft/mqa/mqa_Si.extxyz:0,mqa,coverage,dft/mqa/mqa_Si.extxyz:mqa_Si,64,0.2206155630769677,0.27109548766384384,0.5051267597332489,0.657188669845693,0.828073372652365,0.6998507218080721,0.8997234071620535,
nequip,dft/mqa/mqa_Si.extxyz:88,mqa,coverage,dft/mqa/mqa_Si.extxyz:mqa_Si,64,0.2392920573535662,0.29983701528104745,0.5849113521527585,0.6852031303608141,1.0901402587022508,0.7169693304508733,1.2398297283009094,
nequip,dft/mqa/mqa_Si.extxyz:177,mqa,coverage,dft/mqa/mqa_Si.extxyz:mqa_Si,64,0.2986490648584141,0.3700997900419645,0.6788271674454278,0.9010518066656887,1.01109718363266,0.9465461931622835,1.2033975720985568,
nequip,dft/mqa/mqa_Si.extxyz:265,mqa,coverage,dft/mqa/mqa_Si.extxyz:mqa_Si,64,0.2872011469967314,0.3513536353655126,0.6790550399018289,0.8522546838865417,0.9131025116731193,0.9624587457701225,1.1148915134427,
nequip,dft/mqa/mqa_Si.extxyz:354,mqa,coverage,dft/mqa/mqa_Si.extxyz:mqa_Si,64,0.30992674251831526,0.3756402904165977,0.7046665658351362,0.8575033137519676,0.923688277896114,1.0115198207931602,1.127797077459853,
nequip,dft/mqa/mqa_Si.extxyz:442,mqa,coverage,dft/mqa/mqa_Si.extxyz:mqa_Si,64,0.2895887598855275,0.36809242103209733,0.710651432862099,1.0703593881636848,1.1478915359175466,1.0994676915162584,1.1543330012186437,
nequip,dft/mqa/mqa_Si.extxyz:531,mqa,coverage,dft/mqa/mqa_Si.extxyz:mqa_Si,64,0.2674190176855115,0.3352341279453427,0.6089324414139033,0.9176351050873865,1.209863206846681,0.9831331576995053,1.2241066747602096,
nequip,dft/mqa/mqa_Si.extxyz:619,mqa,coverage,dft/mqa/mqa_Si.extxyz:mqa_Si,64,0.19944843207816457,0.2450755547019678,0.4834549124164519,0.5916030933032513,0.6036181325751766,0.6587774297095973,0.752595084287701,
nequip,dft/mqa/mqa_SiC.extxyz:0,mqa,coverage,dft/mqa/mqa_SiC.extxyz:mqa_SiC,64,0.40078175163376334,0.48822644695703576,0.8536442625951441,1.234748692272436,1.4859967785143318,1.3332208276299995,1.663278495752936,1.7216500923939175
nequip,dft/mqa/mqa_SiC.extxyz:88,mqa,coverage,dft/mqa/mqa_SiC.extxyz:mqa_SiC,64,0.37439665129192706,0.4736573002846752,0.9407242984634967,1.3100490014691661,1.515902784315355,1.3105982545289256,1.6667795719015415,1.693863354229024
nequip,dft/mqa/mqa_SiC.extxyz:177,mqa,coverage,dft/mqa/mqa_SiC.extxyz:mqa_SiC,64,0.6304776751939932,0.8120388005771891,1.5221314710404052,2.220454057561987,3.000059132319553,2.714192571387094,3.4330115525120486,1.6108935477554065
nequip,dft/mqa/mqa_SiC.extxyz:265,mqa,coverage,dft/mqa/mqa_SiC.extxyz:mqa_SiC,64,0.5501234122855864,0.7078080824081726,1.4001320495918979,1.7789094746955023,2.070579735441171,1.9175518727257657,2.6441697266248854,1.6392847201604375
nequip,dft/mqa/mqa_SiC.extxyz:354,mqa,coverage,dft/mqa/mqa_SiC.extxyz:mqa_SiC,64,0.548620933965395,0.7065953784504776,1.356736407618159,1.7705820377202777,3.1402711024929943,1.9343811323811144,3.4960105644497657,1.5925064224046326
nequip,dft/mqa/mqa_SiC.extxyz:442,mqa,coverage,dft/mqa/mqa_SiC.extxyz:mqa_SiC,64,0.565106700045884,0.724159037948237,1.4957358073246476,1.9504900739060895,2.152388054484267,2.0694164041473817,2.2834283625327294,1.676954091738948
nequip,dft/mqa/mqa_SiC.extxyz:531,mqa,coverage,dft/mqa/mqa_SiC.extxyz:mqa_SiC,64,0.4825654325371776,0.6169496250636471,1.2212629150659096,1.6254835583756448,1.7795277915105812,1.7139884682174715,1.7849929693917113,1.6381236183817145
nequip,dft/mqa/mqa_SiC.extxyz:619,mqa,coverage,dft/mqa/mqa_SiC.extxyz:mqa_SiC,64,0.39501666302288313,0.5027365224653022,1.0447303450548013,1.14273196528642,1.5744441727166958,1.417840034250548,1.6755141488187872,1.7157911518605296
nequip,dft/mqa/mqa_SiO2.extxyz:0,mqa,coverage,dft/mqa/mqa_SiO2.extxyz:mqa_SiO2,99,0.09147438151936227,0.12154149220574095,0.24636451533403972,0.36553705603355324,0.4772365834484529,0.36390641450638783,0.5281849540781305,
nequip,dft/mqa/mqa_SiO2.extxyz:103,mqa,coverage,dft/mqa/mqa_SiO2.extxyz:mqa_SiO2,99,0.10829817459083163,0.14435245657157983,0.29263324284754605,0.4640678330620883,0.5532004820795815,0.47499969377668166,0.6178695169790948,
nequip,dft/mqa/mqa_SiO2.extxyz:205,mqa,coverage,dft/mqa/mqa_SiO2.extxyz:mqa_SiO2,99,0.30347233126686224,0.4097974087345877,0.8771646903902977,1.2127222265335895,1.4253396462648098,1.2919056569901952,1.8591674749848934,
nequip,dft/mqa/mqa_SiO2.extxyz:308,mqa,coverage,dft/mqa/mqa_SiO2.extxyz:mqa_SiO2,99,0.35555902797561806,0.49484513998374047,1.0608161473650697,1.4392537284445732,2.3441817849329505,1.5465654617327067,2.450964845458329,
nequip,dft/mqa/mqa_SiO2.extxyz:411,mqa,coverage,dft/mqa/mqa_SiO2.extxyz:mqa_SiO2,99,0.34726655916590793,0.4829257258848938,1.0249555699560877,1.5571448230799203,1.949286261504092,1.6766368911262335,2.7666039836704353,
nequip,dft/mqa/mqa_SiO2.extxyz:514,mqa,coverage,dft/mqa/mqa_SiO2.extxyz:mqa_SiO2,99,0.21447196990521727,0.2940533221390379,0.6120354201797429,0.9632013234378578,1.322962702891176,0.8914260334738279,1.3511092586264977,
nequip,dft/mqa/mqa_SiO2.extxyz:616,mqa,coverage,dft/mqa/mqa_SiO2.extxyz:mqa_SiO2,99,0.20202465923259455,0.2763146886451627,0.5549986584967084,1.0310017481069846,1.1456030613278854,0.8925956389211611,1.5072838212331099,
nequip,dft/mqa/mqa_SiO2.extxyz:719,mqa,coverage,dft/mqa/mqa_SiO2.extxyz:mqa_SiO2,99,0.09897184543745653,0.12829254942656415,0.2532276774702884,0.3836045865017573,0.4903041449191088,0.36342557794792785,0.6763767304139926,
nequip,dft/qsd/qsd_data.extxyz:13,qsd,coverage,CF3_10eV_19_10_O_F,101,0.1613272669643138,0.3488344719985316,0.5217695823295111,1.5799238596357892,3.284774582203009,0.8439177920831722,3.693876039543863,1.5801362450750878
nequip,dft/qsd/qsd_data.extxyz:14,qsd,coverage,CF3_10eV_19_10_O_F,101,0.3418261943502093,0.957929067746664,0.881992263521751,3.94415066100801,10.052986969129563,1.2604219413839546,11.720156394652289,0.8609931820868285
nequip,dft/qsd/qsd_data.extxyz:15,qsd,coverage,CF3_10eV_19_10_O_F,101,0.7849243643983594,4.227515742801161,1.3427632099182532,24.163693841178024,48.56432477684359,2.312399555946755,54.50127939861469,0.6149951300620208
nequip,dft/qsd/qsd_data.extxyz:16,qsd,coverage,CF3_10eV_19_10_O_F,101,5.868078443935237,49.696889011284014,1.3659729253435084,297.1564754891195,535.8784596775413,2.386269618749925,615.6879922634688,0.3689970780372108
nequip,dft/qsd/qsd_data.extxyz:229,qsd,coverage,CF3_10eV_19_59_C_C,107,0.29784551220307653,0.71417829429197,0.8142666311436523,3.675330539001415,6.851993214415843,1.1512774823562373,9.2135540661993,1.351081189344298
nequip,dft/qsd/qsd_data.extxyz:230,qsd,coverage,CF3_10eV_19_59_C_C,107,0.3744854380653422,0.9587069322828594,0.9791664455052801,5.566279333600546,8.843701299553658,1.4240218108377425,10.430416668043753,1.351081189344298
nequip,dft/qsd/qsd_data.extxyz:231,qsd,coverage,CF3_10eV_19_59_C_C,107,0.49706984006395544,1.6079775613944953,0.9443845444928438,7.7963124794082574,14.072485070219393,1.7086086446484552,16.413395863167306,1.351081189344298
nequip,dft/qsd/qsd_data.extxyz:232,qsd,coverage,CF3_10eV_19_59_C_C,107,0.5541526413369355,2.338443459799582,1.3047674102775462,9.745245033975166,28.253411421797644,4.554573330899752,33.013922042461886,1.351081189344298
nequip,dft/qsd/qsd_data.extxyz:233,qsd,coverage,CF3_10eV_19_59_C_C,107,1.976263096383173,12.862192947284408,3.5157103750556455,67.77558992479379,146.04902546801372,10.085885874053398,169.4034131393298,1.351081189344298
nequip,dft/qsd/qsd_data.extxyz:234,qsd,coverage,CF3_10eV_19_59_C_C,107,6.801192157161804,57.703136496468765,2.2748715393857655,290.79320280106856,642.7981107708003,12.62910960130467,741.1711730980376,1.351081189344298
nequip,dft/qsd/qsd_data.extxyz:235,qsd,coverage,CF3_10eV_19_59_C_C,107,55.20091265657229,502.45339459402516,9.079044144042962,2547.5057858535924,5529.674027110956,27.94499166971102,6384.842832347309,1.351081189344298
nequip,dft/qsd/qsd_data.extxyz:236,qsd,coverage,CF3_10eV_19_59_C_F,107,0.36540470563231875,1.2592701014458856,0.8208914735646967,6.436374598219434,14.455795244594466,1.1276267993772138,16.3574941551495,1.351081189344298
nequip,dft/qsd/qsd_data.extxyz:237,qsd,coverage,CF3_10eV_19_59_C_F,107,0.3888448311161595,1.273698001624866,0.8027046188406403,7.315037569874005,11.704401826511628,1.4904148532619867,14.069977667259426,1.351081189344298
nequip,dft/qsd/qsd_data.extxyz:238,qsd,coverage,CF3_10eV_19_59_C_F,107,0.3495262376301764,1.0996837701236255,0.7886472244959555,4.899948093813285,14.350886287188914,2.264980873004898,15.240409245665441,1.351081189344298
nequip,dft/qsd/qsd_data.extxyz:239,qsd,coverage,CF3_10eV_19_59_C_F,107,0.7762858518255249,3.73728316029821,1.2125212933885108,23.885008795391645,32.79949174479776,2.6746865085464124,47.07073063454854,1.351081189344298
nequip,dft/qsd/qsd_data.extxyz:240,qsd,coverage,CF3_10eV_19_59_C_F,107,2.2442147901731313,14.576356683719169,2.3774920544067304,68.16593754769315,165.14362658009668,9.003137586964627,193.93025650766674,1.351081189344298
nequip,dft/qsd/qsd_data.extxyz:241,qsd,coverage,CF3_10eV_19_59_C_F,107,4.795626563060164,36.82060316381511,3.5825229303127815,187.11648728142367,413.56694753966894,21.396988785456358,478.12656544182875,1.351081189344298
nequip,dft/qsd/qsd_data.extxyz:242,qsd,coverage,CF3_10eV_19_59_F_C,107,0.18331849144030335,0.3648420452552822,0.55365601153693,1.8204234059951032,3.103029190087799,0.8741774986619246,3.8528772848644564,1.351081189344298
nequip,dft/qsd/qsd_data.extxyz:243,qsd,coverage,CF3_10eV_19_59_F_C,107,0.2887942857793521,0.6293617409718117,0.7848718810380002,3.0189217027208146,5.759964992968807,1.1466570660103852,6.8757847193497765,1.351081189344298
nequip,dft/qsd/qsd_data.extxyz:244,qsd,coverage,CF3_10eV_19_59_F_C,107,0.4568362452673837,1.47175743845705,0.9161527118365076,9.621538135719222,10.435002928265533,1.2506595499603976,14.8238250646406,1.351081189344298
nequip,dft/qsd/qsd_data.extxyz:245,qsd,coverage,CF3_10eV_19_59_F_C,107,2.1468354313208753,15.857290676060769,0.9591902497936572,77.98420474054487,181.80057664735432,1.1602674945731222,211.84761565808532,1.351081189344298
nequip,dft/qsd/qsd_data.extxyz:260,qsd,coverage,CF3_10eV_19_59_Si_C,107,0.25462971234517934,0.5646899368566426,0.7685039351821015,2.9890343093521117,5.089420013551971,1.2015400187230543,6.35083299628988,1.351081189344298
nequip,dft/qsd/qsd_data.extxyz:261,qsd,coverage,CF3_10eV_19_59_Si_C,107,0.38175303396528587,1.0920363452130988,1.013802450076874,6.633085531102073,10.494070813881663,1.2167070288720894,13.060280420272017,1.351081189344298
nequip,dft/qsd/qsd_data.extxyz:262,qsd,coverage,CF3_10eV_19_59_Si_C,107,0.33924128763423467,0.8275953506941872,0.9210001973564576,4.521575122247691,7.82152208835123,1.2836402805826292,9.915789648720692,1.3090023784928708
nequip,dft/qsd/qsd_data.extxyz:263,qsd,coverage,CF3_10eV_19_59_Si_C,107,0.4809549433131742,1.8358104371907291,1.6418522554978239,10.779232177164666,16.73937330839017,3.897942684278135,22.706542212406227,0.9349967502082542
nequip,dft/qsd/qsd_data.extxyz:264,qsd,coverage,CF3_10eV_19_59_Si_C,107,1.407667390104021,7.956184203901575,1.4239665761713471,50.463198479273714,75.37460296818693,3.7073979145742806,106.54144310823371,0.5609997821746454
nequip,dft/qsd/qsd_data.extxyz:281,qsd,coverage,CF3_10eV_19_68_O_C,104,0.5135920792470282,1.9452504301222895,1.1511696521708636,12.175367901692168,17.12544384025061,3.8916988073378165,21.580835714262566,0.9999017656250059
nequip,dft/qsd/qsd_data.extxyz:282,qsd,coverage,CF3_10eV_19_68_O_C,104,0.4965702737260683,1.8012906787763994,1.1926726637685632,9.445923893493681,16.57455525388643,1.650854581306943,20.99532050432692,0.8793652029162854
nequip,dft/qsd/qsd_data.extxyz:283,qsd,coverage,CF3_10eV_19_68_O_C,104,0.49589821117649435,1.6351335334372092,2.165814052945571,7.156944681213452,19.084303049346868,4.195546532232986,19.558063033377145,0.9537845550227787
nequip,dft/qsd/qsd_data.extxyz:284,qsd,coverage,CF3_10eV_19_68_O_C,104,0.6650860236826958,2.3315149971271145,2.3680341187304492,12.29442221424135,21.040918022018758,3.2248605803880697,26.200257640075908,0.7100017002796539
nequip,dft/qsd/qsd_data.extxyz:285,qsd,coverage,CF3_10eV_19_68_O_C,104,1.2417402792059467,6.007966087135723,2.5740833786228223,44.21590817030604,50.98260825400109,9.253675450089917,74.86895988323931,0.4260027522211551
nequip,dft/qsd/qsd_data.extxyz:286,qsd,coverage,CF3_10eV_19_68_O_C,104,6.148929895666019,51.12261198383111,2.385272527720418,281.7044772082927,564.2510093426326,7.181714334099345,648.3938654073039,0.28399894806143233
nequip,dft/qsd/qsd_data.extxyz:287,qsd,coverage,CF3_10eV_19_68_O_C,104,72.58120408639829,657.0928901666279,3.00564772953945,3654.8677332769985,7125.588740883655,5.503501093312492,8235.271407859422,0.14200380417439368
nequip,dft/qsd/qsd_data.extxyz:300,qsd,coverage,CF3_10eV_19_68_Si_F,104,0.166877007446927,0.26627111324140545,0.5839869112207912,0.9917422947257258,1.417748976788507,0.9294044113428537,1.6161646498918179,1.5810876823882984
nequip,dft/qsd/qsd_data.extxyz:301,qsd,coverage,CF3_10eV_19_68_Si_F,104,0.29172856719362,0.9642899709063998,0.7162032233295902,3.87718448328452,8.842645534564404,1.2460758206446172,12.473668915441273,1.1760035724860711
nequip,dft/qsd/qsd_data.extxyz:302,qsd,coverage,CF3_10eV_19_68_Si_F,104,0.38635214135204615,1.5452610200833394,0.8760219484754428,6.083706336470607,17.653079797197634,1.2473281959133644,19.382003917403512,0.8399988402372951
nequip,dft/qsd/qsd_data.extxyz:303,qsd,coverage,CF3_10eV_19_68_Si_F,104,2.474655362406812,19.417435753358582,1.099236354557587,109.55209533225707,211.5968468011116,1.6804795318047587,245.8300248276841,0.5040027682463689
nequip,dft/qsd/qsd_data.extxyz:304,qsd,coverage,CF3_10eV_19_68_Si_F,104,22.22869904205236,199.27872786185497,3.283795546712367,1107.192303422125,2156.2737861738137,5.552827720835113,2490.3839687897926,0.3359960720008509
nequip,dft/qsd/qsd_data.extxyz:305,qsd,coverage,CF3_10eV_19_68_Si_F,104,229.56034338463687,2089.12978630977,5.335634280952639,11593.960319170259,22618.83607018311,8.939644069939012,26107.162774669756,0.16799803600042348
nequip,dft/qsd/qsd_data.extxyz:310,qsd,coverage,CF3_10eV_19_84_F_F,103,0.1706980653053405,0.2976486141537855,0.5193299044706997,1.108034351170056,2.3164061469324118,0.8808697624850915,2.6253997305416346,1.5883613265563985
nequip,dft/qsd/qsd_data.extxyz:311,qsd,coverage,CF3_10eV_19_84_F_F,103,0.28191912332305136,0.8197365844974421,0.6374014973014369,4.628053800073598,9.4933140582865,0.9484448467944385,10.954006093107033,1.5883613265563985
nequip,dft/qsd/qsd_data.extxyz:312,qsd,coverage,CF3_10eV_19_84_F_F,103,0.29239184504135085,0.5695245740888687,0.8771490782186476,2.6088407982834125,5.01865443853589,1.2027729671404457,5.899245497453321,1.5883613265563985
nequip,dft/qsd/qsd_data.extxyz:313,qsd,coverage,CF3_10eV_19_84_F_F,103,1.3148062405245713,9.826724561502123,0.8112672161755922,55.7615144495488,107.12515816272423,1.1644957068351411,123.4776280700514,1.5883613265563985
nequip,dft/qsd/qsd_data.extxyz:314,qsd,coverage,CF3_10eV_19_84_F_F,103,8.899258105273383,78.02526906455412,1.4689374358331286,445.8582133110733,844.1134979433855,2.762832948044171,973.6843503797732,1.5883613265563985
nequip,dft/qsd/qsd_data.extxyz:333,qsd,coverage,CF3_20eV_4_36_C_C,109,0.2624052024483867,0.6862120158292395,0.6982394752029075,3.182838401754661,7.239225378015796,1.0971135550418414,8.3310482503167,1.2137258592037987
nequip,dft/qsd/qsd_data.extxyz:334,qsd,coverage,CF3_20eV_4_36_C_C,109,0.38763910944575003,1.184622787659461,0.8618833660849305,7.479332676759538,10.426072391113763,2.0454905414175535,14.90480215059886,1.2137258592037987
nequip,dft/qsd/qsd_data.extxyz:335,qsd,coverage,CF3_20eV_4_36_C_C,109,0.8261028420953974,4.052850376796443,1.7370146342709054,19.820923683125436,48.86028162052605,4.3860887680540355,57.85190196666993,1.177375005934813
nequip,dft/qsd/qsd_data.extxyz:336,qsd,coverage,CF3_20eV_4_36_C_C,109,6.391492930522319,55.264038685813915,2.2664540729936578,262.3631909478599,620.2563086900361,7.331475939248238,718.0657303194115,1.1620822119798588
nequip,dft/qsd/qsd_data.extxyz:337,qsd,coverage,CF3_20eV_4_36_C_C,109,53.6281870020803,497.39320628985405,1.5808269215990034,2352.752744905845,5520.042861218351,4.213306876229345,6373.952277686725,1.1665717316564812
nequip,dft/qsd/qsd_data.extxyz:434,qsd,coverage,CF3_20eV_4_50_C_F,110,0.38378237011043076,0.757706376800445,1.4764603626621764,3.734053066238243,5.868763904978651,3.1366149050739756,6.464452759483605,1.1020955498957439
nequip,dft/qsd/qsd_data.extxyz:435,qsd,coverage,CF3_20eV_4_50_C_F,110,0.4082939212161094,1.0823220391860424,1.0044775621606106,5.084073527698916,10.588814627056934,2.031052708547902,11.635426415277406,0.8515661422344121
nequip,dft/qsd/qsd_data.extxyz:436,qsd,coverage,CF3_20eV_4_50_C_F,110,0.493799568935204,1.8746384292430598,0.9929604715108078,9.5023177149876,17.06091067391185,1.8293097335849062,25.10335781981459,0.7443924818266237
nequip,dft/qsd/qsd_data.extxyz:437,qsd,coverage,CF3_20eV_4_50_C_F,110,0.6589689648339572,3.3782934277414687,1.1199248519161493,13.220601747009894,40.89073913233818,2.2286928180497014,44.37698689948238,0.7854789447209897
nequip,dft/qsd/qsd_data.extxyz:438,qsd,coverage,CF3_20eV_4_50_C_F,110,2.5847214592239447,19.523022598792988,1.1456217636604145,71.15935528505443,235.17869668814205,1.6570982981769486,253.04128682672658,0.9062880214920636
nequip,dft/qsd/qsd_data.extxyz:439,qsd,coverage,CF3_20eV_4_78_F_C,95,0.21477337857625192,0.36247590007806196,0.6800453816473871,1.3198630109133633,2.5205248979096995,1.1885797080121674,2.6478065287295074,1.5805841200328443
nequip,dft/qsd/qsd_data.extxyz:440,qsd,coverage,CF3_20eV_4_78_F_C,95,0.2819656576790678,0.690217386482092,0.8295574298686686,3.202010670717069,6.908943450722774,1.1782807523836731,7.406826235894924,1.5805841200328443
nequip,dft/qsd/qsd_data.extxyz:441,qsd,coverage,CF3_20eV_4_78_F_C,95,0.4703524065296028,1.522671348648348,1.1686421181364002,7.520297532224469,14.605033686380835,1.7859305066079798,18.435375264060898,1.5805841200328443
nequip,dft/qsd/qsd_data.extxyz:442,qsd,coverage,CF3_20eV_4_78_F_C,95,2.497297944459188,18.58884704138677,1.2138026135959201,111.2705667662929,198.4490336842839,2.232212510272742,226.69739201318757,1.5805841200328443
nequip,dft/qsd/qsd_data.extxyz:443,qsd,coverage,CF3_20eV_4_78_F_C,95,5.672709936687221,46.09418783403832,1.8965057022341105,267.714171684803,492.8063947948167,3.9148413836315377,559.7580320546024,1.5805841200328443
nequip,dft/qsd/qsd_data.extxyz:450,qsd,coverage,CF3_20eV_4_78_O_C,95,0.2541260901545135,0.5254692520995056,0.7216966165142635,2.158805830745347,5.478054504122735,1.2811478046023286,6.397388422236204,1.5805841200328443
nequip,dft/qsd/qsd_data.extxyz:451,qsd,coverage,CF3_20eV_4_78_O_C,95,0.3534799325207573,0.8449439996803546,1.0257684850498343,4.021590106048904,7.5800882770846565,1.7464464327639786,10.302263762189927,0.9940006483398287
nequip,dft/qsd/qsd_data.extxyz:452,qsd,coverage,CF3_20eV_4_78_O_C,95,0.5722687582487282,1.820631185299853,1.617167552140544,7.439819944864256,20.43812557380661,2.6219862749408045,21.56509847433537,0.7100017002796539
nequip,dft/qsd/qsd_data.extxyz:453,qsd,coverage,CF3_20eV_4_78_O_C,95,1.0214284861322427,4.838640111279729,1.7672219920394259,25.39143080499119,48.340605794829116,2.9265213414039337,60.657459267142826,0.42600275222115597
nequip,dft/qsd/qsd_data.extxyz:454,qsd,coverage,CF3_20eV_4_78_O_C,95,6.599565077849245,53.544747377454705,2.192070619579496,312.15431607884017,561.3444307674763,4.470068661805728,649.923482397296,0.28399894806143317
nequip,dft/qsd/qsd_data.extxyz:455,qsd,coverage,CF3_20eV_4_78_O_C,95,79.37435858319826,688.5544868301703,2.532463422221513,4088.2171280053126,7143.043467583999,3.890534151508211,8240.445157296217,0.14200380417439765
nequip,dft/qsd/qsd_data.extxyz:480,qsd,coverage,CF3_20eV_4_98_F_F,82,0.25995906288424603,0.5540996894581317,0.8442748861065653,2.056162935261133,4.907928991634034,1.3217920856997256,5.488192334119858,1.5846581323742983
nequip,dft/qsd/qsd_data.extxyz:481,qsd,coverage,CF3_20eV_4_98_F_F,82,0.3433675644634279,0.9186048382675802,0.9485259489933746,4.667189347349937,9.687478322794313,1.4041463969621637,10.818121760649248,1.5846581323742983
nequip,dft/qsd/qsd_data.extxyz:482,qsd,coverage,CF3_20eV_4_98_F_F,82,0.2843027881805014,0.5754657198064463,0.8650559570202818,3.0177728046582484,4.018941338921791,1.7121743157471834,4.522280534123601,1.5846581323742983
nequip,dft/qsd/qsd_data.extxyz:483,qsd,coverage,CF3_20eV_4_98_F_F,82,1.6394391149659442,11.392540046962205,0.8898054031502667,56.68128696297932,116.4625152918968,2.029797217992313,129.50886077321707,1.5846581323742983
nequip,dft/qsd/qsd_data.extxyz:484,qsd,coverage,CF3_20eV_4_98_F_F,82,11.225084919368266,88.78420568380656,0.8701485243396108,477.8487320281137,869.4485832360424,1.3431378502642533,988.1681804148648,1.5846581323742983
nequip,dft/qsd/qsd_data.extxyz:485,qsd,coverage,CF3_20eV_4_98_F_F,82,4.868451819832723,36.46857542135588,1.1517574706591607,184.58333092443374,364.0960448718888,1.9891441123166895,405.12631006843003,1.5846581323742983
nequip,dft/qsd/qsd_data.extxyz:492,qsd,coverage,CF3_20eV_4_98_O_F,82,1.7276147843406993,8.480394697239484,2.823216374087084,53.571729941587726,72.72114730509145,4.8719529674247175,98.15423711521088,0.5493169745238172
nequip,dft/qsd/qsd_data.extxyz:493,qsd,coverage,CF3_20eV_4_98_O_F,82,3.1268000804692924,14.932564034339157,4.9108507816671985,95.78949543416505,114.66091251489382,7.9463574147632405,154.99083386382713,0.6150037903135221
nequip,dft/qsd/qsd_data.extxyz:494,qsd,coverage,CF3_20eV_4_98_O_F,82,8.760574730545647,58.155083950188974,7.866474808689677,324.24651350614977,566.6434468813791,11.126376096166556,658.8173151361245,0.3689970780372108
nequip,dft/qsd/qsd_data.extxyz:495,qsd,coverage,CF3_20eV_4_98_O_F,82,4.930529092944646,25.6617511574124,6.754785576093104,145.76025620859616,230.13177742067637,14.410400737925166,276.15505456134395,0.24599805202480998
nequip,dft/qsd/qsd_data.extxyz:496,qsd,coverage,CF3_20eV_4_98_Si_C,82,0.23814510527279964,0.37413943223302837,0.857254500176158,1.2023105734437511,2.1207693743765215,1.2729469947376022,2.474056605864164,1.5846581323742983
nequip,dft/qsd/qsd_data.extxyz:497,qsd,coverage,CF3_20eV_4_98_Si_C,82,0.3307909774638424,0.6598278238712062,1.190929286419145,3.312086381413321,3.5426795583445547,3.111978905262676,5.154957933745613,1.309002378492874
nequip,dft/qsd/qsd_data.extxyz:498,qsd,coverage,CF3_20eV_4_98_Si_C,82,0.36928448102536116,0.9319778713132918,1.187449162673167,4.602001487485049,8.062411889281393,2.1286773230462823,9.129736688516653,0.9349967502082542
nequip,dft/qsd/qsd_data.extxyz:499,qsd,coverage,CF3_20eV_4_98_Si_C,82,1.1979693269449765,6.713590401721494,1.7236244743062776,32.96685512959873,67.96910034356574,5.405101917116877,73.67316584517931,0.5609997821746454
nequip,dft/qsd/qsd_data.extxyz:500,qsd,coverage,CF3_20eV_4_98_Si_C,82,12.043098968437356,94.477956008585,2.554841908388882,517.3500367154465,916.7575113772216,4.203447741714795,1051.619690328025,0.37399696803583704
nequip,dft/qsd/qsd_data.extxyz:501,qsd,coverage,CF3_20eV_4_98_Si_C,82,154.07441186572456,1242.6178487510601,4.833193424255594,6863.380657299414,11976.052515252377,6.461743534704576,13808.701848562321,0.18700281414994824
nequip,dft/qsd/qsd_data.extxyz:502,qsd,coverage,CF3_20eV_4_98_Si_F,82,0.2430666923438022,0.3984769546450538,0.8209326658549156,1.319273524197078,2.5632159762192526,1.198197061313666,2.7942570807232774,1.5846581323742983
nequip,dft/qsd/qsd_data.extxyz:503,qsd,coverage,CF3_20eV_4_98_Si_F,82,0.3631983083012396,0.869703816197255,1.3248865417779827,4.26294203640396,7.6774865698628005,2.7053214660588805,9.157630469127076,1.1760035724860711
nequip,dft/qsd/qsd_data.extxyz:504,qsd,coverage,CF3_20eV_4_98_Si_F,82,0.45393091980773115,1.2952569046372067,1.4104321384944034,7.128036468245156,11.0557557240586,2.284388083224946,14.351656462424861,0.8399988402372951
nequip,dft/qsd/qsd_data.extxyz:505,qsd,coverage,CF3_20eV_4_98_Si_F,82,3.161350233706976,22.031401176875534,1.9941343663786244,123.0112274985736,214.45896274695758,2.7860464203920827,249.1675932048314,0.5040027682463689
nequip,dft/qsd/qsd_data.extxyz:506,qsd,coverage,CF3_20eV_4_98_Si_F,82,28.196750197626717,224.3910963916201,3.810719352726859,1242.8207426298627,2156.4881610869706,8.560257732248195,2488.784839853199,0.3359960720008509
nequip,dft/qsd/qsd_data.extxyz:507,qsd,coverage,CF3_20eV_4_98_Si_F,82,290.9628607981911,2353.228289119888,4.339951879690253,13024.238660154551,22628.738630560274,7.201475040670111,26113.1540098329,0.16799803600042348
nequip,dft/qsd/qsd_data.extxyz:508,qsd,coverage,CF3_30eV_9_36_C_C,88,0.4563237151935427,1.060658712656925,1.5029748599720176,5.148279931445457,7.489895597791602,3.0726518235908196,10.31382736216733,1.2595609813740645
nequip,dft/qsd/qsd_data.extxyz:509,qsd,coverage,CF3_30eV_9_36_C_C,88,0.3800733843734808,0.8609842776663433,1.3760693126466397,4.194709734327482,6.866303771640673,2.7272687231946326,8.638159736198695,1.2595609813740645
nequip,dft/qsd/qsd_data.extxyz:510,qsd,coverage,CF3_30eV_9_36_C_C,88,0.5774270874186445,2.1652918744554186,1.310699291634379,10.847913690600723,21.323582853273592,1.7368432149503468,27.219496321471677,1.2595609813740645
nequip,dft/qsd/qsd_data.extxyz:511,qsd,coverage,CF3_30eV_9_36_C_C,88,0.6812347812213063,2.4183606925866723,3.1674100299421166,10.990417722313108,22.200379637059882,8.8032577343889,27.183977809030132,1.2595609813740645
nequip,dft/qsd/qsd_data.extxyz:512,qsd,coverage,CF3_30eV_9_36_C_C,88,1.9407926150813322,9.8500494545056,6.651652333209123,66.94235734407346,84.74341603021645,13.275650487344832,120.77553731124472,1.2595609813740645
nequip,dft/qsd/qsd_data.extxyz:513,qsd,coverage,CF3_30eV_9_36_C_C,88,8.147506972410586,61.8076377165592,5.29644625584207,356.77638302400385,622.321904417699,16.606234302888552,720.9983612097675,1.2595609813740645
nequip,dft/qsd/qsd_data.extxyz:514,qsd,coverage,CF3_30eV_9_36_C_C,88,67.04646179087769,553.3179517147755,8.662876704347966,3175.7265352088007,5527.5182958159785,30.73026008230624,6376.36595769925,1.2530260676059377
nequip,dft/qsd/qsd_data.extxyz:515,qsd,coverage,CF3_30eV_9_36_C_F,88,0.47204286140352636,1.1241911300623193,1.8255494862070658,5.17020757938481,9.805250534116183,3.120290331166682,11.995433424774724,1.2595609813740645
nequip,dft/qsd/qsd_data.extxyz:516,qsd,coverage,CF3_30eV_9_36_C_F,88,0.4314148916505731,1.0731200314592075,1.5087459398865837,4.6043647951712074,9.153556789661366,2.7494376780049756,10.717899053211664,1.2595609813740645
nequip,dft/qsd/qsd_data.extxyz:517,qsd,coverage,CF3_30eV_9_36_C_F,88,0.5738544605754252,1.6757433664391932,2.3906020709222826,9.402659284877842,13.220190146671797,4.328563616175826,15.54346093219247,1.2595609813740645
nequip,dft/qsd/qsd_data.extxyz:518,qsd,coverage,CF3_30eV_9_36_C_F,88,1.1228264806149524,6.037258702602244,2.8095006627519243,20.3834676474615,71.67656225327357,6.9669829477156116,77.33769615775022,1.2595609813740645
nequip,dft/qsd/qsd_data.extxyz:519,qsd,coverage,CF3_30eV_9_36_C_F,88,2.6250996042590664,15.347140613382956,4.17552426094301,84.56783433286604,157.61104132103446,9.096174709155148,183.42611602104947,1.2595609813740645
nequip,dft/qsd/qsd_data.extxyz:520,qsd,coverage,CF3_30eV_9_36_C_F,88,5.991681872905704,42.30887664946007,6.829135080714611,239.22209990222748,427.30082523841793,17.488781171952162,495.91577196749836,1.2583719668285684
nequip,dft/qsd/qsd_data.extxyz:521,qsd,coverage,CF3_30eV_9_36_F_C,88,0.20271938402398473,0.3403172527430963,0.6651172150786967,1.507133037949864,2.148180062379194,1.1940946805440467,2.437260372661204,1.2595609813740645
nequip,dft/qsd/qsd_data.extxyz:522,qsd,coverage,CF3_30eV_9_36_F_C,88,0.34370312481776605,0.917123771840245,1.0009664598116845,5.04091058638487,9.289911929474776,1.6662569804169491,10.544872079930625,1.2595609813740645
nequip,dft/qsd/qsd_data.extxyz:523,qsd,coverage,CF3_30eV_9_36_F_C,88,0.5109940198010489,2.0202347082653214,1.0228145524106986,9.717934105479126,20.97225928924803,1.630373021277167,24.295065299298997,1.2595609813740645
nequip,dft/qsd/qsd_data.extxyz:524,qsd,coverage,CF3_30eV_9_36_F_C,88,2.4780076697677704,18.09574282285281,1.4353158420848589,102.05818885738893,188.87202532983133,2.380446790194187,216.4582168306708,1.2595609813740645
nequip,dft/qsd/qsd_data.extxyz:525,qsd,coverage,CF3_30eV_9_36_F_C,88,6.22043891386268,48.84357003123733,2.146013373897614,279.9021369792595,499.5496776697928,4.812896227990353,575.6312929108918,1.2595609813740645
nequip,dft/qsd/qsd_data.extxyz:526,qsd,coverage,CF3_30eV_9_36_F_F,88,0.17559178728852778,0.279448715404517,0.5358233302702529,1.2586061632017806,1.6563355644985123,0.9027259014616928,1.8674283205561764,1.2595609813740645
nequip,dft/qsd/qsd_data.extxyz:527,qsd,coverage,CF3_30eV_9_36_F_F,88,0.3580852500970736,1.2833113933683455,0.6873920062449931,6.72825973609328,13.284908047180608,1.2793159593702872,15.34988407027579,1.2595609813740645
nequip,dft/qsd/qsd_data.extxyz:528,qsd,coverage,CF3_30eV_9_36_F_F,88,0.27126491465477887,0.5319957867497563,0.7478062375188648,2.203338798428248,4.36646584960684,1.255115817207287,5.047599776434773,1.2595609813740645
nequip,dft/qsd/qsd_data.extxyz:529,qsd,coverage,CF3_30eV_9_36_F_F,88,1.492005669614492,10.635726806744426,0.7433116906953562,60.782851131528474,106.34122879905658,1.7708308945872036,122.35361459809783,1.2595609813740645
nequip,dft/qsd/qsd_data.extxyz:530,qsd,coverage,CF3_30eV_9_36_F_F,88,10.203233193458082,83.59128681890786,1.3395960364698347,478.21752587405626,835.9730713972967,2.0905845921938706,963.3995349491754,1.2595609813740645
nequip,dft/qsd/qsd_data.extxyz:531,qsd,coverage,CF3_30eV_9_36_F_F,88,4.344633220922744,33.41579431137563,2.7217195182402407,186.8525105588871,336.293706362796,4.12318885025093,384.4646949216828,1.2595609813740645
nequip,dft/qsd/qsd_data.extxyz:532,qsd,coverage,CF3_30eV_9_36_O_C,88,0.24190922719601934,0.56923375247356,0.7404765232893442,1.8826573016367267,5.890439576156959,1.5308292644910337,6.544554057170096,1.2595609813740645
nequip,dft/qsd/qsd_data.extxyz:533,qsd,coverage,CF3_30eV_9_36_O_C,88,0.40004605160860746,1.0527733786544125,1.251594188384242,6.43213262441519,7.684200661157789,2.6401655611492387,10.89675716358272,0.9940006483398287
nequip,dft/qsd/qsd_data.extxyz:534,qsd,coverage,CF3_30eV_9_36_O_C,88,0.4792322624439652,1.4668452211778595,1.195957997144476,8.319009913059691,13.434166802866116,1.7690261312035234,17.547479338604916,0.7100017002796539
nequip,dft/qsd/qsd_data.extxyz:535,qsd,coverage,CF3_30eV_9_36_O_C,88,0.9242099062842581,4.219726520944602,2.0176542073814385,25.190722159440202,43.429909259767555,4.153680742744425,48.93342107586306,0.4260027522211551
nequip,dft/qsd/qsd_data.extxyz:536,qsd,coverage,CF3_30eV_9_36_O_C,88,7.162123988499367,56.072883708689986,3.335625461192593,322.3126483581392,566.210743414023,7.405501537563288,649.8229588850113,0.28399894806143233
nequip,dft/qsd/qsd_data.extxyz:537,qsd,coverage,CF3_30eV_9_36_O_C,88,85.96254374896463,715.818817686542,2.8167906256389066,4167.113532317542,7105.01680852231,5.8264290571266875,8240.667935598873,0.14200380417439676
nequip,dft/qsd/qsd_data.extxyz:551,qsd,coverage,CF3_30eV_9_36_Si_F,88,0.29468591085728557,0.6650832597513833,0.7411256927050455,3.5961262065636097,5.723252085711593,1.3508308179021966,7.100181886573464,1.2595609813740645
nequip,dft/qsd/qsd_data.extxyz:552,qsd,coverage,CF3_30eV_9_36_Si_F,88,1.23474678735813,7.385086702851903,0.9188375101746421,55.822762448036144,64.26057145020854,1.3249612084184872,85.85827316740927,1.2595609813740645
nequip,dft/qsd/qsd_data.extxyz:553,qsd,coverage,CF3_30eV_9_36_Si_F,88,1.0542648458039088,6.062722809092687,1.3109704665115411,42.016775153101854,56.85048803506447,1.8003909142990624,69.72737230754908,1.1760035724860711
nequip,dft/qsd/qsd_data.extxyz:554,qsd,coverage,CF3_30eV_9_36_Si_F,88,0.7202459620188321,3.039048572327957,1.4930307299776826,18.64296990616381,26.472863679966572,1.793682727757842,32.357522484711424,0.8399988402372951
nequip,dft/qsd/qsd_data.extxyz:555,qsd,coverage,CF3_30eV_9_36_Si_F,88,3.2490291540233684,22.687053255482045,1.4307429074793094,128.53652106998774,245.1871280951616,2.181913432739278,282.0556318899532,0.5040027682463689
nequip,dft/qsd/qsd_data.extxyz:556,qsd,coverage,CF3_30eV_9_36_Si_F,88,26.343927369650338,214.42453426228167,2.763350823656246,1232.620927669457,2133.9084148219486,3.710592757175674,2465.647086996157,0.33599607200085
nequip,dft/qsd/qsd_data.extxyz:557,qsd,coverage,CF3_30eV_9_36_Si_F,88,269.85537441542294,2256.3753268936107,7.084228106139391,12951.147005631847,22472.96713089641,13.25143114982718,25948.781368586675,0.16799803600042348
nequip,dft/qsd/qsd_data.extxyz:575,qsd,coverage,CF3_30eV_9_9_O_F,105,0.19362926420426627,0.3269448785691914,0.6477372792862512,1.4817965639085895,1.976480347949451,1.0027840867443916,2.629052017022497,1.5826712245757153
nequip,dft/qsd/qsd_data.extxyz:576,qsd,coverage,CF3_30eV_9_9_O_F,105,0.43713799585927143,1.6097401031864824,0.8849038241914743,9.293893771890646,18.361498085478907,1.5531716672912432,20.901967416092763,1.2299989203653803
nequip,dft/qsd/qsd_data.extxyz:577,qsd,coverage,CF3_30eV_9_9_O_F,105,0.3617272214149448,0.989269259896815,0.9363420601862836,3.223204422076956,11.592920750678005,1.191635594485065,13.10005349932144,0.8610018423325219
nequip,dft/qsd/qsd_data.extxyz:578,qsd,coverage,CF3_30eV_9_9_O_F,105,0.7697916523208197,4.53550786764992,0.9185035824369902,23.36893935609045,51.89604461090744,1.4505060645699928,58.380519827683415,0.6150037903135221
nequip,dft/qsd/qsd_data.extxyz:579,qsd,coverage,CF3_30eV_9_9_O_F,105,5.6967909357267725,48.96967160286677,2.1790947936008522,253.37686183585504,539.5066855868686,3.540473201020714,614.9555051389792,0.3689970780372108
nequip,dft/qsd/qsd_data.extxyz:580,qsd,coverage,CF3_30eV_9_9_O_F,105,2.6497207309545825,20.032866384684993,3.1711489120026517,97.4432923864259,224.09640072387992,6.309992333811228,251.31074563318123,0.2459980520248069
nequip,dft/qsd/qsd_data.extxyz:581,qsd,coverage,CF3_30eV_9_9_Si_C,105,0.364398900131692,0.8861017727423618,0.9161217242394313,4.398330251207067,8.746038405129969,1.1157620463579516,10.242236254872083,1.5826712245757153
nequip,dft/qsd/qsd_data.extxyz:582,qsd,coverage,CF3_30eV_9_9_Si_C,105,1.798315888606759,11.500611887416094,1.0851219810964463,59.45682139265163,127.35474120820209,1.5054964393317423,148.11560404642458,1.5826712245757153
nequip,dft/qsd/qsd_data.extxyz:583,qsd,coverage,CF3_30eV_9_9_Si_C,105,2.650818188147998,18.422871998798165,1.1356472743308765,84.98558519184056,209.41122450273042,1.7841798835888747,235.34834157008495,1.309002378492874
nequip,dft/qsd/qsd_data.extxyz:584,qsd,coverage,CF3_30eV_9_9_Si_C,105,0.7532127311417881,3.1884974730440363,1.6572391432428415,19.194222091659753,30.21686154265602,2.9193871558645403,40.96535847343394,0.9349967502082542
nequip,dft/qsd/qsd_data.extxyz:585,qsd,coverage,CF3_30eV_9_9_Si_C,105,5.030905288771705,33.2886066144683,1.1595314904912286,140.78667223707137,379.14957223804754,1.480026912016762,413.1468867754195,0.5609997821746454
nequip,dft/qsd/qsd_data.extxyz:586,qsd,coverage,CF3_30eV_9_9_Si_C,105,17.656363442344716,102.98244251466075,2.052582247997025,521.2925072827486,922.2659095361832,3.3204185976439815,1057.4938234012882,0.37399696803583704
nequip,dft/qsd/qsd_data.extxyz:587,qsd,coverage,CF3_30eV_9_9_Si_C,105,128.75603022517987,1094.8664358581227,4.13902608406925,5970.829660954094,11907.712238528797,8.599188903810056,13729.612494572399,0.18700281414994824
nequip,dft/qsd/qsd_data.extxyz:632,qsd,coverage,CF_10eV_4_37_C_F,108,0.3724386307444893,0.7932313711491817,1.0208580670458984,4.641206539171158,6.7303980317706475,1.8513124873070086,8.377404393308462,1.371796809662423
nequip,dft/qsd/qsd_data.extxyz:633,qsd,coverage,CF_10eV_4_37_C_F,108,0.44812096701624143,1.185649598735021,1.229617791441694,5.105332456695651,12.980963290963427,2.0081559870972816,14.08548449221827,1.371796809662423
nequip,dft/qsd/qsd_data.extxyz:634,qsd,coverage,CF_10eV_4_37_C_F,108,0.49068710424318535,1.3310675024928778,1.2051059314800794,4.7478210499346245,12.947721199194248,2.4473452571073113,17.91051490680922,1.371796809662423
nequip,dft/qsd/qsd_data.extxyz:635,qsd,coverage,CF_10eV_4_37_C_F,108,0.8520433726105655,4.093777378301069,1.262025002596253,20.162610403068452,46.66829434149466,3.3174817803449863,55.144059522079026,1.371796809662423
nequip,dft/qsd/qsd_data.extxyz:636,qsd,coverage,CF_10eV_4_37_C_F,108,2.3604488612243655,15.79329776593892,2.763323446341849,84.80344341861478,178.3921308740928,6.065501662806809,205.20602493446873,1.371796809662423
nequip,dft/qsd/qsd_data.extxyz:637,qsd,coverage,CF_10eV_4_37_C_F,108,4.650975221946777,37.86586928185787,2.799933920589327,188.7793987109962,424.3942935350915,9.931524292530884,489.2464315901034,1.371796809662423
nequip,dft/qsd/qsd_data.extxyz:660,qsd,coverage,CF_10eV_4_37_Si_F,108,0.28809899960930274,0.41935182064042514,0.8977655196911308,1.347844460832698,1.7545398211749184,1.2000325023371132,2.1189578585336424,1.371796809662423
nequip,dft/qsd/qsd_data.extxyz:661,qsd,coverage,CF_10eV_4_37_Si_F,108,0.3068983550603488,0.5933105499662621,0.866287812221108,1.618571947715481,6.156837161564816,1.6201019354995074,6.268070655260635,1.1760035724860711
nequip,dft/qsd/qsd_data.extxyz:662,qsd,coverage,CF_10eV_4_37_Si_F,108,0.3744342748386376,1.1661919471225433,1.0570317016352992,5.764425084442581,11.945081592227751,1.6433409825052254,16.319149078515586,0.8399988402372921
nequip,dft/qsd/qsd_data.extxyz:663,qsd,coverage,CF_10eV_4_37_Si_F,108,2.2456160794480917,18.121873428665026,1.148608942396067,91.26144725482789,198.12946320179276,2.6461790567922985,231.61386771737182,0.5040027682463658
nequip,dft/qsd/qsd_data.extxyz:674,qsd,coverage,CF_10eV_4_39_F_C,109,0.20755115641170427,0.394310687811679,0.6284849501152315,1.672300126010189,3.0552471287572254,1.2882578106498463,3.319918915903614,1.3097513380409276
nequip,dft/qsd/qsd_data.extxyz:675,qsd,coverage,CF_10eV_4_39_F_C,109,0.3036131599405835,0.7449607627216064,0.7456724782797207,3.421570956585799,8.093980959922554,1.4794714881109015,8.556897348266139,1.3097513380409276
nequip,dft/qsd/qsd_data.extxyz:676,qsd,coverage,CF_10eV_4_39_F_C,109,0.4699930327311463,1.6327672511556441,0.9201713546265832,7.854327046323345,15.056553193997615,1.6626396914226085,22.32711741619619,1.3097513380409276
nequip,dft/qsd/qsd_data.extxyz:677,qsd,coverage,CF_10eV_4_39_F_C,109,2.2927857502609768,17.953383068477862,1.1580003169358417,88.54295074556333,202.98752388358798,1.9546509807557522,233.39581160911564,1.3097513380409276
nequip,dft/qsd/qsd_data.extxyz:731,qsd,coverage,CF_10eV_4_54_C_C,105,0.23065186310532365,0.38166113307857674,0.7254380820569883,1.2732949810324374,2.5874502999267417,1.4964987021257306,3.0355014333399413,1.5765943405644969
nequip,dft/qsd/qsd_data.extxyz:732,qsd,coverage,CF_10eV_4_54_C_C,105,0.4546115677882779,1.450174599144575,0.9686826004275778,8.612259977140468,14.382288952184894,1.9040076175778753,18.033797382736022,1.5765943405644969
nequip,dft/qsd/qsd_data.extxyz:733,qsd,coverage,CF_10eV_4_54_C_C,105,0.5260962775917946,2.0691033969139268,0.9343051767639929,9.995799583985988,23.71989431340978,1.6872135387210196,28.0468990822842,1.5765943405644969
nequip,dft/qsd/qsd_data.extxyz:757,qsd,coverage,CF_10eV_4_54_Si_C,105,0.24862175842542739,0.4390835479398834,0.7272002518453698,1.6830898580834672,3.27304758388034,1.3502365103373801,4.141635382092604,1.5765943405644969
nequip,dft/qsd/qsd_data.extxyz:758,qsd,coverage,CF_10eV_4_54_Si_C,105,0.34812851094201547,0.7842067656321584,1.1784598322439688,2.682579895724661,8.717228113461786,2.5065018134233226,9.131953021934818,1.3090023784928768
nequip,dft/qsd/qsd_data.extxyz:759,qsd,coverage,CF_10eV_4_54_Si_C,105,0.4360069729983611,1.2529567949719485,1.7442896800372356,6.39305599344218,12.014430540204074,3.714169564767459,13.12866452420818,0.9349967502082552
nequip,dft/qsd/qsd_data.extxyz:760,qsd,coverage,CF_10eV_4_54_Si_C,105,1.0940793006412926,6.103434838730907,1.6377367304089296,23.137808299714003,72.58140978596975,3.791283344261239,80.06741676555347,0.5609997821746454
nequip,dft/qsd/qsd_data.extxyz:790,qsd,coverage,CF_10eV_4_5_O_F,104,0.24398357595887574,0.45868179662125147,0.708579280621538,2.198304143765286,3.189375775896468,1.0848789147323044,4.755304313882714,1.1995447063782159
nequip,dft/qsd/qsd_data.extxyz:791,qsd,coverage,CF_10eV_4_5_O_F,104,0.3340352997993304,0.7761206167235186,1.01414887814846,3.7962898467513386,6.764627720926974,1.5138589990610123,7.886857572482842,0.8609931820868285
nequip,dft/qsd/qsd_data.extxyz:792,qsd,coverage,CF_10eV_4_5_O_F,104,0.9443823880557007,5.056837831501891,1.0137176900501808,27.305489439217045,56.01527078106585,2.1971937859878383,71.45543595605442,0.6149951300620208
nequip,dft/qsd/qsd_data.extxyz:793,qsd,coverage,CF_10eV_4_5_O_F,104,6.095083916140473,49.8166063164492,0.9472582062124222,280.1464865690187,533.7511539545735,1.2635557801812867,630.619351046685,0.3689970780372108
nequip,dft/qsd/qsd_data.extxyz:889,qsd,coverage,CF_10eV_4_93_O_C,103,14.5201910328008,106.90712937730423,1.2293665503338718,778.5327782433616,959.8969308469375,3.1105012082579124,1332.1400782683102,0.35439412777302026
nequip,dft/qsd/qsd_data.extxyz:890,qsd,coverage,CF_10eV_4_93_O_C,103,23.560248456562725,177.78758737098843,2.1125101652342724,1024.5464500440544,1807.095925945483,6.284478366225421,2215.569412005994,0.31560720048820157
nequip,dft/qsd/qsd_data.extxyz:891,qsd,coverage,CF_10eV_4_93_O_C,103,47.53292485427326,386.2587747186906,4.728014929738446,1779.6177394370106,4345.181659771504,15.410791672822404,4818.809759597145,0.28426472345333376
nequip,dft/qsd/qsd_data.extxyz:892,qsd,coverage,CF_10eV_4_93_O_C,103,54.417456363692516,542.7014759936934,7.738876709122618,509.928261498694,6702.128838852475,15.552949119257388,6728.144359569415,0.2583964142553063
nequip,dft/qsd/qsd_data.extxyz:963,qsd,coverage,CF_10eV_4_98_F_F,100,0.21292977808798622,0.3817739359768015,0.6774212459023604,1.2087713007010588,3.483301122871554,1.0823649058325664,3.6533614191011723,1.2757015281404969
nequip,dft/qsd/qsd_data.extxyz:964,qsd,coverage,CF_10eV_4_98_F_F,100,0.29069073710544946,0.897708488338151,0.6797802477160751,4.738737436184355,11.08514460472933,1.088643323322543,12.061421474752681,1.2757015281404969
nequip,dft/qsd/qsd_data.extxyz:965,qsd,coverage,CF_10eV_4_98_F_F,100,0.2622135147686956,0.525148605084711,0.7449431369317087,2.7010669128581757,4.139592759258004,1.2971385950691785,4.941709510800618,1.2757015281404969
nequip,dft/qsd/qsd_data.extxyz:966,qsd,coverage,CF_10eV_4_98_F_F,100,1.3985506351615244,10.517729839752315,0.7719011960985148,58.4169740240357,118.32300545633734,1.6537724786312262,131.96206572852424,1.2757015281404969
nequip,dft/qsd/qsd_data.extxyz:967,qsd,coverage,CF_10eV_4_98_F_F,100,9.1733575950652,79.4525151051177,0.8993112838254891,468.2661274175683,858.0417079693161,1.3304531462360134,977.4653378763059,1.2757015281404969
nequip,dft/qsd/qsd_data.extxyz:1006,qsd,coverage,CF_20eV_2_32_O_F,103,0.2764968308802529,0.4484334066441981,0.8025352645327907,1.9144178950975592,2.8877456121024707,1.645827497485107,3.6832223264012574,1.1673245965882841
nequip,dft/qsd/qsd_data.extxyz:1007,qsd,coverage,CF_20eV_2_32_O_F,103,0.4072121695602035,1.292273459036487,1.0281508714489251,6.677358701953413,13.429132937651083,1.986172059318955,16.73063780769332,1.1673245965882841
nequip,dft/qsd/qsd_data.extxyz:1008,qsd,coverage,CF_20eV_2_32_O_F,103,0.36935507301632825,0.7632583717622599,1.185068705374384,3.3081683831863375,6.317998538806918,1.7771480688825134,7.962920598319121,0.861001842332521
nequip,dft/qsd/qsd_data.extxyz:1009,qsd,coverage,CF_20eV_2_32_O_F,103,0.8760953092963676,4.907979298932266,1.2824806398821655,25.63948808944378,54.897250798124674,2.2796269270121883,66.36281080436177,0.6150037903135221
nequip,dft/qsd/qsd_data.extxyz:1010,qsd,coverage,CF_20eV_2_32_O_F,103,5.901322702946863,49.7459967599581,1.522239214046926,283.9907746995541,533.9130790806648,3.3472096140108,622.7005926353686,0.3690057383022674
nequip,dft/qsd/qsd_data.extxyz:1032,qsd,coverage,CF_20eV_2_52_F_F,93,0.2487697693934014,0.37159176610018463,0.7942305170965942,1.2669804765521555,1.5749818922017884,1.2860290498557292,1.7381276194799382,1.240891345968694
nequip,dft/qsd/qsd_data.extxyz:1033,qsd,coverage,CF_20eV_2_52_F_F,93,0.3472607590848323,0.836521655657723,1.0480153084059332,4.1601272683235795,7.648600351888717,1.509202141628005,9.209218961792796,1.240891345968694
nequip,dft/qsd/qsd_data.extxyz:1034,qsd,coverage,CF_20eV_2_52_F_F,93,0.3490397328694507,0.7070361907554428,1.2478536527951183,3.249789005653938,5.422546535304741,1.5692922841391053,6.322276260452532,1.240891345968694
nequip,dft/qsd/qsd_data.extxyz:1035,qsd,coverage,CF_20eV_2_52_F_F,93,1.6057715011735239,11.316072106612587,1.0372783818627236,68.24175104073393,116.54300549209916,1.5349371643283165,134.96902086331662,1.240891345968694
nequip,dft/qsd/qsd_data.extxyz:1036,qsd,coverage,CF_20eV_2_52_F_F,93,9.750813665942605,80.45141587270899,1.5989176264825058,474.35788624455,826.9516138630806,4.416132999881897,952.6927102111223,1.240891345968694
nequip,dft/qsd/qsd_data.extxyz:1052,qsd,coverage,CF_20eV_2_52_Si_F,93,0.36096499803113835,0.6609971246812126,1.1839340136313228,3.184161078882145,4.487135799942331,1.458114746988473,6.804897750611991,1.240891345968694
nequip,dft/qsd/qsd_data.extxyz:1053,qsd,coverage,CF_20eV_2_52_Si_F,93,1.0827872359787236,6.216367703364789,1.1557390247021426,41.31384482586304,60.211878654175166,1.5087780501431902,73.4430410106077,1.240891345968694
nequip,dft/qsd/qsd_data.extxyz:1054,qsd,coverage,CF_20eV_2_52_Si_F,93,1.0897358205001855,5.444136956168637,1.2233157525665688,36.73974763726933,50.03431365313378,1.4872381483274935,64.309090261195,1.1759949122338913
nequip,dft/qsd/qsd_data.extxyz:1055,qsd,coverage,CF_20eV_2_52_Si_F,93,0.7508895009570369,2.692754474425853,1.2631354758538205,13.880323080797204,25.762155847407797,1.7219155514118851,30.194466830085826,0.8399988402372951
nequip,dft/qsd/qsd_data.extxyz:1056,qsd,coverage,CF_20eV_2_52_Si_F,93,3.1661912401841676,21.802250560344127,1.812803806244594,117.81270409439249,239.81159817999537,3.7701836103634205,278.74938606287515,0.5040027682463658
nequip,dft/qsd/qsd_data.extxyz:1069,qsd,coverage,CF_20eV_2_54_F_C,94,0.2582139169581278,0.41335895382367127,0.8213294488244565,1.5106665543317612,2.4006417973136687,1.4754348643849804,2.8906704230383067,1.228183400718312
nequip,dft/qsd/qsd_data.extxyz:1070,qsd,coverage,CF_20eV_2_54_F_C,94,0.3300039317332536,0.5968003843006723,1.0505114582770725,2.5186100197068892,4.634203835383381,1.693870209788225,5.31858929732701,1.228183400718312
nequip,dft/qsd/qsd_data.extxyz:1071,qsd,coverage,CF_20eV_2_54_F_C,94,0.47636751751994616,1.4756992211856887,1.0610386142234123,8.098853682783762,11.950065380720986,1.7379475870039736,14.123518276379691,1.228183400718312
nequip,dft/qsd/qsd_data.extxyz:1072,qsd,coverage,CF_20eV_2_54_F_C,94,2.3660192936956914,17.383806188696045,1.2981379842070264,96.39807058802897,194.77114376062286,2.5075984691172506,217.11930162317321,1.228183400718312
nequip,dft/qsd/qsd_data.extxyz:1078,qsd,coverage,CF_20eV_2_54_O_C,94,1.8117331659146954,9.829493556075287,2.669964342844476,65.82282022738121,90.93604319060645,4.506951491435135,119.6532857630816,0.7219346193388984
nequip,dft/qsd/qsd_data.extxyz:1079,qsd,coverage,CF_20eV_2_54_O_C,94,2.62607190533647,16.191723696423175,1.5636755478466273,93.08025183426109,160.00954654241684,3.904826646577325,191.92987208063104,0.6129488966463679
nequip,dft/qsd/qsd_data.extxyz:1080,qsd,coverage,CF_20eV_2_54_O_C,94,1.165050527328957,5.912271591082759,1.829924380002403,38.45123750211287,56.92612297581394,3.40883745115878,77.7531726561528,0.7701740485760341
nequip,dft/qsd/qsd_data.extxyz:1081,qsd,coverage,CF_20eV_2_54_O_C,94,1.0364088920569117,2.6009090740121485,2.8303626859084283,14.190043686983781,23.38240787133327,4.146293210630658,25.806105596524947,0.7100017002796531
nequip,dft/qsd/qsd_data.extxyz:1082,qsd,coverage,CF_20eV_2_54_O_C,94,1.800825824917493,9.464667251326174,1.950008389281896,37.45481335737005,101.16469493294244,12.092529135494914,110.08164567157758,0.4259940919778134
nequip,dft/qsd/qsd_data.extxyz:1147,qsd,coverage,CF_20eV_2_76_C_F,96,0.30173257135098985,0.48476262638614104,0.8728310073614965,1.4781164655369428,4.151690676216831,1.3888692710419743,4.9117784359964185,1.2835795392962583
nequip,dft/qsd/qsd_data.extxyz:1148,qsd,coverage,CF_20eV_2_76_C_F,96,0.35113962248259967,0.6281696286363988,1.0070425568231247,2.8021679587044166,4.408122702782153,2.0370603236811986,4.958734372383801,1.2835795392962583
nequip,dft/qsd/qsd_data.extxyz:1149,qsd,coverage,CF_20eV_2_76_C_F,96,0.9675537399845516,5.489335961248573,1.2333950688670028,25.171181212507108,62.63569493938246,2.80997176274346,70.12739865985922,1.2835795392962583
nequip,dft/qsd/qsd_data.extxyz:1150,qsd,coverage,CF_20eV_2_76_C_F,96,2.62390019739083,19.20501843240363,1.8259381245043407,90.48460909863645,209.82972359754854,3.212769034487227,232.2852601249671,1.2835795392962583
nequip,dft/qsd/qsd_data.extxyz:1151,qsd,coverage,CF_20eV_2_76_C_F,96,4.783230407793611,37.01558514532321,1.550599655625486,223.6931495831691,378.7059923562447,4.161602058763466,449.4915436172857,1.2835795392962583
nequip,dft/qsd/qsd_data.extxyz:1187,qsd,coverage,CF_20eV_2_79_C_C,94,0.30969345486798056,0.5496465538380958,1.0636235904231168,1.9816556938397591,4.139429552488807,1.6247224979093233,4.524054347635744,1.306619940839722
nequip,dft/qsd/qsd_data.extxyz:1188,qsd,coverage,CF_20eV_2_79_C_C,94,0.4802086562041495,1.6063993112482753,1.372690442412364,6.089021345353395,19.083912261680354,1.8571318297851205,19.970023418887248,1.306619940839722
nequip,dft/qsd/qsd_data.extxyz:1189,qsd,coverage,CF_20eV_2_79_C_C,94,0.8716642373594802,4.661831726249158,1.4167675466240768,21.487188147977353,56.42695388479967,2.887507885180014,60.31391995701752,1.306619940839722
nequip,dft/qsd/qsd_data.extxyz:1190,qsd,coverage,CF_20eV_2_79_C_C,94,7.177015416002502,58.61368292014003,1.4495053914854295,339.2674497518557,618.344745966162,4.448206565006861,705.9683394450922,1.306619940839722
nequip,dft/qsd/qsd_data.extxyz:1191,qsd,coverage,CF_20eV_2_79_C_C,94,61.91730309531046,534.7103106454585,2.0154302178900676,3166.1876476342286,5507.700942236304,3.605475920502,6352.697208755152,1.306619940839722
nequip,dft/qsd/qsd_data.extxyz:1213,qsd,coverage,CF_20eV_2_79_Si_C,94,0.2808366454611905,0.418104174658308,0.9034833740319845,1.4947764844024474,1.9601433595233484,1.3941966660032532,2.060731084730228,1.306619940839722
nequip,dft/qsd/qsd_data.extxyz:1214,qsd,coverage,CF_20eV_2_79_Si_C,94,0.3954606455723893,0.7202141798414045,1.3773521429937603,3.158803230332225,5.104737997698093,2.3509804878909324,5.7605395602087155,1.306619940839722
nequip,dft/qsd/qsd_data.extxyz:1215,qsd,coverage,CF_20eV_2_79_Si_C,94,0.4310229466074997,1.0300658839593946,1.3882760098819067,4.837159994294344,9.594313941140186,2.411344534422461,10.44161513004877,0.9350054104656311
nequip,dft/qsd/qsd_data.extxyz:1216,qsd,coverage,CF_20eV_2_79_Si_C,94,1.120556380334007,5.9084304664783325,1.9364683091630899,30.178741622090214,61.5035681187681,5.516843784870289,69.81091205847503,0.5609997821746454
nequip,dft/qsd/qsd_data.extxyz:1237,qsd,coverage,CF_30eV_18_12_F_F,89,0.3027503343193433,0.4574696438166913,0.9183019547346392,1.6387987893988312,1.8713585064453877,1.7181183580761645,2.932044149495601,1.1728677049437417
nequip,dft/qsd/qsd_data.extxyz:1238,qsd,coverage,CF_30eV_18_12_F_F,89,0.472534904378158,1.477257041163662,1.2124705743171023,6.917847858497241,15.572602345342837,1.8064197691898565,17.739471459769014,1.1728677049437417
nequip,dft/qsd/qsd_data.extxyz:1239,qsd,coverage,CF_30eV_18_12_F_F,89,0.402436720667534,0.7935015877810063,1.3022364212547712,3.780502127182751,6.5951630149031075,2.045031913027871,7.0844606182665,1.1728677049437417
nequip,dft/qsd/qsd_data.extxyz:1240,qsd,coverage,CF_30eV_18_12_F_F,89,1.8127736014098927,11.95264932991641,1.366667422398568,65.59916529716311,122.45325256275942,2.3211944931057777,139.79807721280687,1.1728677049437417
nequip,dft/qsd/qsd_data.extxyz:1241,qsd,coverage,CF_30eV_18_12_F_F,89,10.693367871432612,85.78920873368395,1.6512761298991874,490.05750774859524,872.8779101961,2.2470445798525756,1002.9426828554678,1.1728677049437417
nequip,dft/qsd/qsd_data.extxyz:1242,qsd,coverage,CF_30eV_18_12_F_F,89,4.477506031088159,32.9867372848105,2.8596217296325745,188.3275356845028,344.279081051649,4.788216848336728,394.5294226907922,1.1728677049437417
nequip,dft/qsd/qsd_data.extxyz:1292,qsd,coverage,CF_30eV_18_13_Si_C,89,0.30476789637955104,0.4454662442166605,0.9419909823345441,1.3927347230572364,1.7465842604647994,1.5781958806996879,2.0809145595542846,1.1698880128456748
nequip,dft/qsd/qsd_data.extxyz:1293,qsd,coverage,CF_30eV_18_13_Si_C,89,0.41108979267219115,1.036957815716305,1.0427673833233282,5.20070047235976,10.49260189320546,1.7234262217422314,12.294665144443805,0.9350054104656303
nequip,dft/qsd/qsd_data.extxyz:1294,qsd,coverage,CF_30eV_18_13_Si_C,89,0.4796002772143517,1.3003296579481594,1.1762557006407715,7.439768713290416,13.15784905882117,1.9333912175149057,15.293022742222286,0.5609997821746454
nequip,dft/qsd/qsd_data.extxyz:1295,qsd,coverage,CF_30eV_18_13_Si_F,89,0.2791277699212178,0.401550035603328,0.8546524131214087,1.2718305356269364,1.7747744500497342,1.4198201873753389,2.03080572392164,1.1698880128456748
nequip,dft/qsd/qsd_data.extxyz:1296,qsd,coverage,CF_30eV_18_13_Si_F,89,0.3352926203065829,0.5862256836981442,0.9090779180196834,2.0157537008397464,4.856930590764314,1.6844442917482327,5.271530138267,1.1698880128456748
nequip,dft/qsd/qsd_data.extxyz:1297,qsd,coverage,CF_30eV_18_13_Si_F,89,0.3153118393804802,0.4893556186762678,0.8984729025748489,1.7021813192024668,2.9114837016242348,1.5998421709270367,3.067432115426246,0.8399988402372951
nequip,dft/qsd/qsd_data.extxyz:1298,qsd,coverage,CF_30eV_18_13_Si_F,89,3.0758945476918647,22.563259178331112,1.7057688751502647,131.93817604075946,225.8878874394352,3.1972440902098818,262.18292377179534,0.5040027682463658
nequip,dft/qsd/qsd_data.extxyz:1299,qsd,coverage,CF_30eV_18_3_C_C,102,0.24635702154476788,0.460865449093496,0.7674649728788792,1.463012138099964,5.038053983118374,1.2249337439988242,5.371838455377437,1.1431451005449835
nequip,dft/qsd/qsd_data.extxyz:1300,qsd,coverage,CF_30eV_18_3_C_C,102,0.3375170357129091,1.2506018775864707,0.6826588549519101,5.048443668870684,14.510509593921142,1.2072923684170367,15.566077806407185,1.1431451005449835
nequip,dft/qsd/qsd_data.extxyz:1301,qsd,coverage,CF_30eV_18_3_C_C,102,1.1022879424485885,7.808960669347227,0.7725237104314288,40.963197135526976,87.73737469211096,1.2150542105276434,98.18220528629307,1.1431451005449835
nequip,dft/qsd/qsd_data.extxyz:1302,qsd,coverage,CF_30eV_18_3_C_C,102,6.368806093420095,55.34740179533413,0.8429772837816147,319.29613099599237,596.8923463529002,1.2123147439751787,686.4339385065124,1.1431451005449835
nequip,dft/qsd/qsd_data.extxyz:1303,qsd,coverage,CF_30eV_18_3_C_C,102,56.79132227524698,511.8249922478868,0.9529624881474392,3002.881886738056,5487.726001382509,1.2489303790233486,6334.322174753081,1.1431451005449835
nequip,dft/qsd/qsd_data.extxyz:1304,qsd,coverage,CF_30eV_18_3_C_F,102,0.22792231691106465,0.3527135892137819,0.7113213354079534,1.1630554951622025,2.283722012328619,1.1484621648892335,2.5035119148968223,1.1431451005449835
nequip,dft/qsd/qsd_data.extxyz:1305,qsd,coverage,CF_30eV_18_3_C_F,102,0.30728433131371846,0.651609303119753,0.8334409765859644,3.1058305483196906,5.3909886922365935,1.4698462517350306,6.533984948122346,1.1431451005449835
nequip,dft/qsd/qsd_data.extxyz:1306,qsd,coverage,CF_30eV_18_3_C_F,102,0.5181279676057583,2.448838801191478,0.8556841976842324,13.12032207100609,25.733157071156143,1.3578262613726177,30.729982273372407,1.1431451005449835
nequip,dft/qsd/qsd_data.extxyz:1307,qsd,coverage,CF_30eV_18_3_C_F,102,2.2888731504951925,17.124328611842465,0.9486208452367676,101.84700265816936,185.00331870580294,1.385103290819266,220.82677863175607,1.1431451005449835
nequip,dft/qsd/qsd_data.extxyz:1308,qsd,coverage,CF_30eV_18_3_C_F,102,4.311158752346767,35.876291321995595,0.82421843464011,194.7908468530606,397.785078426763,1.2303864867786176,453.1664346072896,1.1431451005449835
nequip,dft/qsd/qsd_data.extxyz:1309,qsd,coverage,CF_30eV_18_3_F_C,102,0.23624614069229377,0.3714432997605266,0.6939783784874803,1.247203563364926,2.6168331029882768,1.2301465863679706,3.036340388021211,1.1431451005449835
nequip,dft/qsd/qsd_data.extxyz:1310,qsd,coverage,CF_30eV_18_3_F_C,102,0.34973330453921775,0.9133355349461806,0.9112920040008832,4.507575263014013,10.051648047011852,1.3262066963267005,11.774382921301854,1.1431451005449835
nequip,dft/qsd/qsd_data.extxyz:1311,qsd,coverage,CF_30eV_18_3_F_C,102,0.525377350369498,2.0744288382976697,0.93713352775416,10.594627461433793,23.51821292610373,1.5872529383043856,27.13948414955634,1.1431451005449835
nequip,dft/qsd/qsd_data.extxyz:1312,qsd,coverage,CF_30eV_18_3_F_C,102,2.2190273795139275,16.970160630479263,0.9691718112002955,95.70778366010384,189.0258913487453,1.6433921076784577,218.56367326647705,1.1431451005449835
nequip,dft/qsd/qsd_data.extxyz:1313,qsd,coverage,CF_30eV_18_3_F_C,102,5.267744991474856,43.9964519797587,1.71570723873231,250.27148521701739,485.9628374888871,3.6957580840339728,561.1836375767965,1.1431451005449835
nequip,dft/qsd/qsd_data.extxyz:1320,qsd,coverage,CF_30eV_18_3_O_C,102,0.25297733036905234,0.49684154500018235,0.7658797361121165,1.9272637147759228,4.873095776210991,1.2189589285067681,5.812507956903879,1.1431451005449835
nequip,dft/qsd/qsd_data.extxyz:1321,qsd,coverage,CF_30eV_18_3_O_C,102,0.2887528352588904,0.5164555000875553,0.8322043529576016,2.0911558756322997,4.4098868919922865,1.626718051046637,4.9002800008409375,0.9940006483398287
nequip,dft/qsd/qsd_data.extxyz:1322,qsd,coverage,CF_30eV_18_3_O_C,102,0.37743944996249634,1.0189431329703167,0.939203613874363,4.4994425893377805,12.196279139628729,1.8726656510539677,13.837745929855014,0.7100017002796539
nequip,dft/qsd/qsd_data.extxyz:1323,qsd,coverage,CF_30eV_18_3_O_C,102,0.9260296808349423,5.1969501584039905,1.2858424674760944,29.02919308589021,57.76381236824636,1.8675594261359603,65.699178579115,0.4260027522211551
nequip,dft/qsd/qsd_data.extxyz:1324,qsd,coverage,CF_30eV_18_3_O_C,102,6.047979028250668,50.74310958231681,1.819881148087533,293.61053639541325,550.0752636499324,2.1759911510586827,634.0804428805704,0.28399894806143233
nequip,dft/qsd/qsd_data.extxyz:1325,qsd,coverage,CF_30eV_18_3_O_C,102,73.7360303243523,662.8295773553792,1.7695850442109808,3881.355716358252,7122.734103573459,3.0773259963149893,8218.381703208219,0.14200380417439765
nequip,dft/qsd/qsd_data.extxyz:1326,qsd,coverage,CF_30eV_18_3_O_F,102,0.23161159587414343,0.3721768361533627,0.6889697925573139,1.5097219252759047,2.5524971713668165,1.2862987866144664,3.1334563999364984,1.1431451005449835
nequip,dft/qsd/qsd_data.extxyz:1327,qsd,coverage,CF_30eV_18_3_O_F,102,0.3415287741384414,0.9504323673281625,0.790876153408518,4.85841947513874,11.104921459600227,1.3092317056615874,12.750849545784646,1.1431451005449835
nequip,dft/qsd/qsd_data.extxyz:1328,qsd,coverage,CF_30eV_18_3_O_F,102,0.2775755000917124,0.43149821620341705,0.7948231386194842,1.7206006841120656,2.6996569434788142,1.4700943035517586,3.239438338049581,0.8610018423325219
nequip,dft/qsd/qsd_data.extxyz:1329,qsd,coverage,CF_30eV_18_3_O_F,102,0.9124706402159108,5.558394018955676,0.9954810344583412,31.725727897414036,62.581879986595254,1.3204816503194394,73.8357550924377,0.6150037903135221
nequip,dft/qsd/qsd_data.extxyz:1330,qsd,coverage,CF_30eV_18_3_O_F,102,5.941725337186894,49.69709507753246,1.8483380391330484,295.33936711356813,530.9509182841266,3.80370150230815,615.3671317426787,0.3689970780372108
nequip,dft/qsd/qsd_data.extxyz:1331,qsd,coverage,CF_30eV_18_3_O_F,102,2.839476699862983,20.391702599758577,2.8413409886509857,120.55729847742465,217.56859377455112,5.974227640332237,254.12561152218422,0.2459980520248069
deepmd,dft/FC/CF0.2_d2.3.extxyz:0,FC,coverage,dft/FC/CF0.2_d2.3.extxyz:melt,144,0.29559639299164686,0.3761034117631272,0.7465654938190838,1.0220895890551223,1.3985230369842938,1.1356944379623508,1.7323926595147705,
deepmd,dft/FC/CF0.2_d2.3.extxyz:7,FC,coverage,dft/FC/CF0.2_d2.3.extxyz:melt,144,0.3049230988111533,0.3979998545002408,0.7897867047623113,1.1832922658701912,1.2611118282183855,1.2512432004347527,1.6853452943088876,
deepmd,dft/FC/CF0.2_d2.3.extxyz:14,FC,coverage,dft/FC/CF0.2_d2.3.extxyz:melt,144,0.3016385846378171,0.4013855852786126,0.8665180625195946,1.1010011926684775,1.3594296697559405,1.3193876866008711,1.5707404539809355,
deepmd,dft/FC/CF0.2_d2.3.extxyz:21,FC,coverage,dft/FC/CF0.2_d2.3.extxyz:melt,144,0.29353525261402963,0.3718388487459182,0.6958542859024026,1.0187318395584568,1.3134299474338293,1.0582102238942215,1.5098782124137198,
deepmd,dft/FC/CF0.2_d2.3.extxyz:28,FC,coverage,dft/FC/CF0.2_d2.3.extxyz:melt,144,0.2914251386586293,0.38449340164420176,0.8113561083687381,1.1130962785253795,1.4679066806917707,1.1801404955672996,1.7095440369540393,
deepmd,dft/FC/CF0.2_d2.3.extxyz:35,FC,coverage,dft/FC/CF0.2_d2.3.extxyz:melt,144,0.292070096311618,0.38593939124008925,0.7792174929837725,1.1632090550559753,1.4628748710190869,1.2020252614441824,1.5294807853843202,
deepmd,dft/FC/CF0.2_d2.3.extxyz:42,FC,coverage,dft/FC/CF0.2_d2.3.extxyz:melt,144,0.28444684381624125,0.36642326222048155,0.7232135736246956,1.0931544266223436,1.3153343667602277,1.178783700968902,1.5789294808182617,
deepmd,dft/FC/CF0.2_d2.3.extxyz:49,FC,coverage,dft/FC/CF0.2_d2.3.extxyz:melt,144,0.2878236753871371,0.37558143585302856,0.796858955145383,1.0340276173912157,1.2404184592931085,1.1568365895303498,1.4721635295269118,
deepmd,dft/FC/CF0.2_d2.3.extxyz:50,FC,coverage,dft/FC/CF0.2_d2.3.extxyz:quench,144,0.194200909940772,0.2662582555730984,0.5764424330658727,0.860585621089711,1.0561488244471136,0.7942219099563256,1.4099921608483603,
deepmd,dft/FC/CF0.2_d2.3.extxyz:63,FC,coverage,dft/FC/CF0.2_d2.3.extxyz:quench,144,0.31051754054257885,0.39512753476275553,0.7861293752110999,1.0124451884760464,1.4410787508136695,1.1861225254037184,1.7883386948390574,
deepmd,dft/FC/CF0.2_d2.3.extxyz:75,FC,coverage,dft/FC/CF0.2_d2.3.extxyz:quench,144,0.2342821425836451,0.313183469948268,0.6583496248930274,0.924296582278854,1.3641306410961151,1.0124119498763122,1.5641074663124825,
deepmd,dft/FC/CF0.2_d2.3.extxyz:88,FC,coverage,dft/FC/CF0.2_d2.3.extxyz:quench,144,0.20481811556968033,0.2747013528874337,0.5440695789580945,0.7918207289203361,1.193548610456355,0.7924859049921208,1.2503570276312732,
deepmd,dft/FC/CF0.2_d2.3.extxyz:101,FC,coverage,dft/FC/CF0.2_d2.3.extxyz:quench,144,0.2571155970787541,0.3371792147151605,0.6954287166554992,0.9515481742928886,1.1641949089098067,0.9580431429238552,1.4806523630302197,
deepmd,dft/FC/CF0.2_d2.3.extxyz:114,FC,coverage,dft/FC/CF0.2_d2.3.extxyz:quench,144,0.19661774125875914,0.251454489366451,0.5087464915206682,0.6154123371573325,0.9585949427672622,0.7123616348009885,0.9650257192378856,
deepmd,dft/FC/CF0.2_d2.3.extxyz:126,FC,coverage,dft/FC/CF0.2_d2.3.extxyz:quench,144,0.19853428732983686,0.25842571305278467,0.5419419236609189,0.6864642831719645,1.021453399530434,0.794890223100815,1.0399901175805162,
deepmd,dft/FC/CF0.2_d2.3.extxyz:139,FC,coverage,dft/FC/CF0.2_d2.3.extxyz:quench,144,0.20884908491187756,0.27722301809993566,0.5471464526717312,0.7457387895266501,1.3482752225165369,0.7958191926086458,1.4889570133654166,
deepmd,dft/FC/CF0.2_d2.3.extxyz:140,FC,coverage,dft/FC/CF0.2_d2.3.extxyz:anneal,144,0.184296467077507,0.2437382208414554,0.5101221648621537,0.6661618996458595,0.8841647298364529,0.7653674700928497,0.8944096982825586,
deepmd,dft/FC/CF0.2_d2.3.extxyz:151,FC,coverage,dft/FC/CF0.2_d2.3.extxyz:anneal,144,0.18116315217347143,0.2391055281591359,0.5060866810091327,0.7174273991513026,0.9526035309346115,0.8087117514067556,0.9896607975230747,
deepmd,dft/FC/CF0.2_d2.3.extxyz:161,FC,coverage,dft/FC/CF0.2_d2.3.extxyz:anneal,144,0.2003429839752221,0.26820910035287904,0.546028474023642,0.7471628414593399,1.03403354845139,0.7787771994278365,1.139617255720815,
deepmd,dft/FC/CF0.2_d2.3.extxyz:172,FC,coverage,dft/FC/CF0.2_d2.3.extxyz:anneal,144,0.17972471283592048,0.23906256452883778,0.4867052289581903,0.6694087399745391,0.805448045774495,0.7069794198122747,0.8775209680474958,
deepmd,dft/FC/CF0.2_d2.3.extxyz:182,FC,coverage,dft/FC/CF0.2_d2.3.extxyz:anneal,144,0.18717096007228787,0.24964602956551482,0.5074009038032905,0.7684879505606348,1.002681731967243,0.8137367083410686,1.0277098549658623,
deepmd,dft/FC/CF0.2_d2.3.extxyz:193,FC,coverage,dft/FC/CF0.2_d2.3.extxyz:anneal,144,0.1802758057158545,0.2415207621645511,0.5026507163819443,0.734016252345135,0.9553084330655034,0.7447502405861489,0.9948759989085484,
deepmd,dft/FC/CF0.2_d2.3.extxyz:203,FC,coverage,dft/FC/CF0.2_d2.3.extxyz:anneal,144,0.17912255657647233,0.23795396939890295,0.4787117298673867,0.7199323136401613,0.9226717249814325,0.766621628221446,0.9332939121545271,
deepmd,dft/FC/CF0.2_d2.3.extxyz:214,FC,coverage,dft/FC/CF0.2_d2.3.extxyz:anneal,144,0.1820347031727305,0.23834578149739596,0.4756036041234892,0.6574600720557414,0.9571762382045421,0.68811591771494,0.9609630029211326,
deepmd,dft/FC/CF0.2_d3.2.extxyz:0,FC,coverage,dft/FC/CF0.2_d3.2.extxyz:melt,144,0.32460048452949813,0.42361557935345173,0.8748003715723492,1.1890787323831304,1.6578889355990647,1.3480723508385655,1.7458676359288483,
deepmd,dft/FC/CF0.2_d3.2.extxyz:7,FC,coverage,dft/FC/CF0.2_d3.2.extxyz:melt,144,0.2942479760604317,0.39826130142835364,0.7648487307680656,1.0790640348540583,2.3124520721503075,1.1336153988997368,2.358681443646514,
deepmd,dft/FC/CF0.2_d3.2.extxyz:14,FC,coverage,dft/FC/CF0.2_d3.2.extxyz:melt,144,0.32074794235285964,0.42442360781243965,0.8654834098315766,1.067381589362017,1.9282192544382148,1.260283291243858,2.180858286720046,
deepmd,dft/FC/CF0.2_d3.2.extxyz:21,FC,coverage,dft/FC/CF0.2_d3.2.extxyz:melt,144,0.3121956414024196,0.4056676871447835,0.8149027439466446,1.1790733141175593,1.4077546735572941,1.2505473937264187,1.572271106948679,
deepmd,dft/FC/CF0.2_d3.2.extxyz:28,FC,coverage,dft/FC/CF0.2_d3.2.extxyz:melt,144,0.30550884570214737,0.3942948916586714,0.7980317312036029,1.0257265194669036,1.6578167536599298,1.1008535393256016,1.7561060479940303,
deepmd,dft/FC/CF0.2_d3.2.extxyz:35,FC,coverage,dft/FC/CF0.2_d3.2.extxyz:melt,144,0.3214473187892829,0.4056523211858503,0.8033768356063042,1.0861131450958832,1.2460001161495278,1.2225823289644242,1.5262868813419623,
deepmd,dft/FC/CF0.2_d3.2.extxyz:42,FC,coverage,dft/FC/CF0.2_d3.2.extxyz:melt,144,0.30425955397959503,0.3970450242766143,0.8453362882409496,1.0646236858876614,1.381448815852374,1.1446691303905148,1.4368972484586917,
deepmd,dft/FC/CF0.2_d3.2.extxyz:49,FC,coverage,dft/FC/CF0.2_d3.2.extxyz:melt,144,0.3590437930354258,0.45956429901297585,0.9324810275948955,1.220289860707246,1.5748065266349283,1.3726023817449784,1.7933494606386526,
deepmd,dft/FC/CF0.2_d3.2.extxyz:50,FC,coverage,dft/FC/CF0.2_d3.2.extxyz:quench,144,0.26854921608221566,0.35258295025961245,0.7050634961729797,0.9992304613958484,1.4472158328292581,1.0264254928676346,1.7419929391424314,
deepmd,dft/FC/CF0.2_d3.2.extxyz:63,FC,coverage,dft/FC/CF0.2_d3.2.extxyz:quench,144,0.23491775089682598,0.31029864514167993,0.6095285587476158,0.9699336707594747,1.2761891293635328,0.9452214219721787,1.6405945444849106,
deepmd,dft/FC/CF0.2_d3.2.extxyz:75,FC,coverage,dft/FC/CF0.2_d3.2.extxyz:quench,144,0.17317956297922218,0.23011232055429715,0.4468129308752916,0.691534443793758,0.9962479309535064,0.6957116288945613,1.0998438674194884,
deepmd,dft/FC/CF0.2_d3.2.extxyz:88,FC,coverage,dft/FC/CF0.2_d3.2.extxyz:quench,144,0.2027157934008421,0.266052824098875,0.5527249887262191,0.8097048784804988,1.074913876891138,0.7627299459034237,1.1880977959181782,
deepmd,dft/FC/CF0.2_d3.2.extxyz:101,FC,coverage,dft/FC/CF0.2_d3.2.extxyz:quench,144,0.23172516696350504,0.3040228993881996,0.6301068017420501,0.8663309980100261,1.0167942435382034,0.8780556791069254,1.497358512780923,
deepmd,dft/FC/CF0.2_d3.2.extxyz:114,FC,coverage,dft/FC/CF0.2_d3.2.extxyz:quench,144,0.19219712570345598,0.2565386425451088,0.5066414813198871,0.7502141385402921,1.1222422575909938,0.781165728473323,1.4148627983100386,
deepmd,dft/FC/CF0.2_d3.2.extxyz:126,FC,coverage,dft/FC/CF0.2_d3.2.extxyz:quench,144,0.2420178534467454,0.32093476567491186,0.6728398048381184,0.9699275158581843,1.1949216596102992,1.044229572531609,1.658436811045106,
deepmd,dft/FC/CF0.2_d3.2.extxyz:139,FC,coverage,dft/FC/CF0.2_d3.2.extxyz:quench,144,0.18324598879916784,0.24263588820829127,0.492749557201531,0.7285409040736774,1.0276868703475148,0.7989082479196676,1.1214114179621106,
deepmd,dft/FC/CF0.2_d3.2.extxyz:140,FC,coverage,dft/FC/CF0.2_d3.2.extxyz:anneal,144,0.17589318320479352,0.2345411053695607,0.4559543266807985,0.7129165564139814,1.0062121929552705,0.7179009615677716,1.0675364549661577,
deepmd,dft/FC/CF0.2_d3.2.extxyz:151,FC,coverage,dft/FC/CF0.2_d3.2.extxyz:anneal,144,0.1698621154357396,0.22476696859042633,0.4612534450348048,0.6360444657552833,0.8744085627907943,0.6826901807455532,1.0975409631401463,
deepmd,dft/FC/CF0.2_d3.2.extxyz:161,FC,coverage,dft/FC/CF0.2_d3.2.extxyz:anneal,144,0.17755864514148792,0.23029576407393454,0.4574455762685902,0.6630912177273214,0.8022454003223386,0.6527317093438563,1.1907358673251118,
deepmd,dft/FC/CF0.2_d3.2.extxyz:172,FC,coverage,dft/FC/CF0.2_d3.2.extxyz:anneal,144,0.18462607345752818,0.23732566298774102,0.43948126349127964,0.658499042828806,0.9124320185632706,0.6931123331685691,1.0323208155160712,
deepmd,dft/FC/CF0.2_d3.2.extxyz:182,FC,coverage,dft/FC/CF0.2_d3.2.extxyz:anneal,144,0.1796898221600745,0.23573192031996795,0.48227952330536294,0.615485903083966,0.8609973821742982,0.7071387286857542,1.0718647483128199,
deepmd,dft/FC/CF0.2_d3.2.extxyz:193,FC,coverage,dft/FC/CF0.2_d3.2.extxyz:anneal,144,0.17930304767931216,0.23525295189161102,0.46830548018866547,0.6980868380018791,0.8453319922004976,0.7438350522009641,1.0001366411351154,
deepmd,dft/FC/CF0.2_d3.2.extxyz:203,FC,coverage,dft/FC/CF0.2_d3.2.extxyz:anneal,144,0.18091534289297742,0.2381431817586089,0.49261995729205527,0.7046469119326365,0.973226566846717,0.7368424550722125,1.0722070707128737,
deepmd,dft/FC/CF0.2_d3.2.extxyz:214,FC,coverage,dft/FC/CF0.2_d3.2.extxyz:anneal,144,0.16892277780884138,0.2281954308365378,0.44539957387799306,0.670309796855084,1.1818908303449527,0.6896755242856613,1.2141429573640978,
deepmd,dft/FC/CF0.4_d2.3.extxyz:0,FC,coverage,dft/FC/CF0.4_d2.3.extxyz:melt,144,0.3195335876988541,0.4256197599376986,0.8625396382823413,1.2565815366836464,1.8202906672293842,1.3952907273874244,1.8625587870229967,
deepmd,dft/FC/CF0.4_d2.3.extxyz:7,FC,coverage,dft/FC/CF0.4_d2.3.extxyz:melt,144,0.31921572159856076,0.42463459998410835,0.926541751131041,1.108943650211871,1.488515268926775,1.3616477264048197,1.7185130245086375,
deepmd,dft/FC/CF0.4_d2.3.extxyz:14,FC,coverage,dft/FC/CF0.4_d2.3.extxyz:melt,144,0.27575293138791773,0.356045037251236,0.7183738529579986,0.9894662810714018,1.1178705486538392,1.098404328768434,1.3728479308431323,
deepmd,dft/FC/CF0.4_d2.3.extxyz:21,FC,coverage,dft/FC/CF0.4_d2.3.extxyz:melt,144,0.2650603876549348,0.3563522505280917,0.758630321954244,1.0026029011132522,1.3692861843934834,1.1413704719288345,1.7626743890608814,
deepmd,dft/FC/CF0.4_d2.3.extxyz:28,FC,coverage,dft/FC/CF0.4_d2.3.extxyz:melt,144,0.32227311967933325,0.4381968616246035,0.932113452944118,1.3188545420247102,1.5534603684046269,1.4585265300988217,1.9272712378439725,
deepmd,dft/FC/CF0.4_d2.3.extxyz:35,FC,coverage,dft/FC/CF0.4_d2.3.extxyz:melt,144,0.2588630896299494,0.35899366950329936,0.7842543197364301,1.0675278818924308,1.4807225779469229,1.1065089446210392,1.583071642171329,
deepmd,dft/FC/CF0.4_d2.3.extxyz:42,FC,coverage,dft/FC/CF0.4_d2.3.extxyz:melt,144,0.2997374598273192,0.3902257928293393,0.826862595808784,1.0504480752721117,1.461414439829503,1.2122313388766082,1.5087936856827064,
deepmd,dft/FC/CF0.4_d2.3.extxyz:49,FC,coverage,dft/FC/CF0.4_d2.3.extxyz:melt,144,0.2650574809658676,0.3469517380495069,0.7308676048256882,1.0459788748858367,1.2539689943590728,1.0794518859663038,1.43838638877899,
deepmd,dft/FC/CF0.4_d2.3.extxyz:50,FC,coverage,dft/FC/CF0.4_d2.3.extxyz:quench,144,0.2176764698087592,0.306497126036659,0.6898321086922026,0.9716317753395153,1.2810533081644389,1.0645729710978444,1.4919993328583059,
deepmd,dft/FC/CF0.4_d2.3.extxyz:63,FC,coverage,dft/FC/CF0.4_d2.3.extxyz:quench,144,0.2745495668856221,0.3578605674549652,0.7122805959559451,1.0266886073933694,1.3293750002493034,1.1125529857655865,1.5633115690566681,
deepmd,dft/FC/CF0.4_d2.3.extxyz:75,FC,coverage,dft/FC/CF0.4_d2.3.extxyz:quench,144,0.2674948263768019,0.34788759877253644,0.7417453879827076,0.9900024388179058,1.2944065182602236,1.0512938543071226,1.5178700238299758,
deepmd,dft/FC/CF0.4_d2.3.extxyz:88,FC,coverage,dft/FC/CF0.4_d2.3.extxyz:quench,144,0.2842686754419303,0.37363475267063273,0.7126701403869516,1.1456481160774723,1.59071097488887,1.1237792974353555,1.8517964006363226,
deepmd,dft/FC/CF0.4_d2.3.extxyz:101,FC,coverage,dft/FC/CF0.4_d2.3.extxyz:quench,144,0.25376872914558396,0.33873387760545753,0.6904648360933915,0.9360787771636485,1.541667848329892,1.1295570487259778,1.6121711218921237,
deepmd,dft/FC/CF0.4_d2.3.extxyz:114,FC,coverage,dft/FC/CF0.4_d2.3.extxyz:quench,144,0.16242083554041176,0.2278323541979494,0.4837896783332545,0.7115929529229208,0.9273571858162302,0.7363052072448042,1.0133048893452161,
deepmd,dft/FC/CF0.4_d2.3.extxyz:126,FC,coverage,dft/FC/CF0.4_d2.3.extxyz:quench,144,0.2852778055725564,0.3784224467176113,0.7997257949220695,1.1873983473434997,1.359471792266488,1.1328995281256635,1.7550664504127789,
deepmd,dft/FC/CF0.4_d2.3.extxyz:139,FC,coverage,dft/FC/CF0.4_d2.3.extxyz:quench,144,0.19549911726787067,0.26816840788259094,0.5478214047191888,0.8679640893990175,1.2090074416678784,0.8875261411963713,1.372481526695449,
deepmd,dft/FC/CF0.4_d2.3.extxyz:140,FC,coverage,dft/FC/CF0.4_d2.3.extxyz:anneal,144,0.1685894275417257,0.23422912305109836,0.493457574934654,0.7433031060051335,0.8628856010917254,0.7887448483836903,1.001603786256517,
deepmd,dft/FC/CF0.4_d2.3.extxyz:151,FC,coverage,dft/FC/CF0.4_d2.3.extxyz:anneal,144,0.16636074170198298,0.2278353475492112,0.48382530842960253,0.6654302878766587,0.8977084698937514,0.6855136331784069,1.1003039841926598,
deepmd,dft/FC/CF0.4_d2.3.extxyz:161,FC,coverage,dft/FC/CF0.4_d2.3.extxyz:anneal,144,0.1862457070150846,0.2585332331169847,0.5655289853556027,0.7562576608117016,0.981902553386941,0.8497871403061942,1.071375216709313,
deepmd,dft/FC/CF0.4_d2.3.extxyz:172,FC,coverage,dft/FC/CF0.4_d2.3.extxyz:anneal,144,0.1670568048301678,0.22859377532940484,0.5199471321566972,0.7255813624642746,0.9523764155264032,0.7772075598493986,1.0403767227648852,
deepmd,dft/FC/CF0.4_d2.3.extxyz:182,FC,coverage,dft/FC/CF0.4_d2.3.extxyz:anneal,144,0.16113229375515084,0.2293111748487386,0.4819219043665374,0.7656031435314563,1.057814310796903,0.7608402618938354,1.0951430073919506,
deepmd,dft/FC/CF0.4_d2.3.extxyz:193,FC,coverage,dft/FC/CF0.4_d2.3.extxyz:anneal,144,0.1743079926098231,0.24088728511833693,0.4925551334425343,0.8101470899813973,0.9564794297797785,0.781609771497571,1.1316821536258312,
deepmd,dft/FC/CF0.4_d2.3.extxyz:203,FC,coverage,dft/FC/CF0.4_d2.3.extxyz:anneal,144,0.1827970434805905,0.2524091744533423,0.5245960873476128,0.7881537056307231,0.9847146686272175,0.8737463332006477,1.0280167491975742,
deepmd,dft/FC/CF0.4_d2.3.extxyz:214,FC,coverage,dft/FC/CF0.4_d2.3.extxyz:anneal,144,0.1698325032255299,0.2379328173659551,0.5395452851702358,0.7156023744177321,0.8248686719476488,0.7952182798802311,1.0123149116361205,
deepmd,dft/FC/CF0.4_d3.2.extxyz:0,FC,coverage,dft/FC/CF0.4_d3.2.extxyz:melt,144,0.29167185283318886,0.3884096122882685,0.7497553907266676,1.2732599499273283,1.4316706564394388,1.32368048562784,1.7475224348179874,
deepmd,dft/FC/CF0.4_d3.2.extxyz:7,FC,coverage,dft/FC/CF0.4_d3.2.extxyz:melt,144,0.29769540374435316,0.3924784999365083,0.8388411852595773,1.0571022915450272,1.5889402494342975,1.2001079269640305,1.9329450229587717,
deepmd,dft/FC/CF0.4_d3.2.extxyz:14,FC,coverage,dft/FC/CF0.4_d3.2.extxyz:melt,144,0.29757340715533875,0.39210413966223506,0.8078458138611296,1.0519345019460453,1.4449056206955335,1.1309624091465387,1.5432172508744564,
deepmd,dft/FC/CF0.4_d3.2.extxyz:21,FC,coverage,dft/FC/CF0.4_d3.2.extxyz:melt,144,0.3739353196023662,0.4959994842563782,1.0257659161751684,1.5538355062943268,2.07175838950259,1.5196609045868812,2.7749945366742015,
deepmd,dft/FC/CF0.4_d3.2.extxyz:28,FC,coverage,dft/FC/CF0.4_d3.2.extxyz:melt,144,0.3206055987980417,0.41915809424935035,0.8575026218074387,1.117798385711473,1.6719686420427895,1.2102413807178138,1.7979777331091364,
deepmd,dft/FC/CF0.4_d3.2.extxyz:35,FC,coverage,dft/FC/CF0.4_d3.2.extxyz:melt,144,0.27847181870248516,0.36674363890058037,0.7274271215617734,1.1278236802748092,1.4159111528145067,1.1894208285276107,1.555949442067152,
deepmd,dft/FC/CF0.4_d3.2.extxyz:42,FC,coverage,dft/FC/CF0.4_d3.2.extxyz:melt,144,0.306114189192218,0.39635944755704955,0.8370871891054092,1.1025047639692074,1.4212477288360967,1.1717911544674529,1.6902594059213125,
deepmd,dft/FC/CF0.4_d3.2.extxyz:49,FC,coverage,dft/FC/CF0.4_d3.2.extxyz:melt,144,0.28613522673195463,0.3792391614101897,0.7864375531777283,1.0414164842589053,1.4117087336085934,1.1814041549852439,1.720206768063032,
deepmd,dft/FC/CF0.4_d3.2.extxyz:50,FC,coverage,dft/FC/CF0.4_d3.2.extxyz:quench,144,0.24915366553780482,0.3381656822687081,0.711262590082635,1.0155099597443973,1.2878887754204644,1.1260405474178676,1.4881646890111047,
deepmd,dft/FC/CF0.4_d3.2.extxyz:63,FC,coverage,dft/FC/CF0.4_d3.2.extxyz:quench,144,0.3223820905578454,0.4318988873341592,0.9579128017732826,1.3079569822946178,1.6512451048461436,1.3502363809744764,1.768483255806699,
deepmd,dft/FC/CF0.4_d3.2.extxyz:75,FC,coverage,dft/FC/CF0.4_d3.2.extxyz:quench,144,0.2758296522094558,0.37302772384709515,0.8052229934252845,1.1022772427107255,1.3435179812198506,1.2238946724359636,1.7618845163544936,
deepmd,dft/FC/CF0.4_d3.2.extxyz:88,FC,coverage,dft/FC/CF0.4_d3.2.extxyz:quench,144,0.20511334211364662,0.28455799590953246,0.5452465180921303,0.9735675674065347,1.2249410257683397,0.9812641934624091,1.36564269670427,
deepmd,dft/FC/CF0.4_d3.2.extxyz:101,FC,coverage,dft/FC/CF0.4_d3.2.extxyz:quench,144,0.27118879471413904,0.3565845413854712,0.6684160641418896,1.0877269782976737,1.46016847696781,1.1581940777595912,1.5832588656575135,
deepmd,dft/FC/CF0.4_d3.2.extxyz:114,FC,coverage,dft/FC/CF0.4_d3.2.extxyz:quench,144,0.2443581018087533,0.33191005421679737,0.6663338269348775,1.0295550625133836,1.7169960145994452,1.09322442049343,1.815209236930327,
deepmd,dft/FC/CF0.4_d3.2.extxyz:126,FC,coverage,dft/FC/CF0.4_d3.2.extxyz:quench,144,0.22081067947501348,0.2908571153202996,0.5891859469406642,0.8083906282007641,1.0671482781443595,0.8572742101214693,1.3531231851106293,
deepmd,dft/FC/CF0.4_d3.2.extxyz:139,FC,coverage,dft/FC/CF0.4_d3.2.extxyz:quench,144,0.3249365312932142,0.4340815384020859,0.9189123946819567,1.2784224674637652,1.797361385704643,1.3346183538814922,1.8803826762432032,
deepmd,dft/FC/CF0.4_d3.2.extxyz:140,FC,coverage,dft/FC/CF0.4_d3.2.extxyz:anneal,144,0.18583285004428782,0.25295753624225736,0.5301485125279312,0.7603689946037858,0.9688868890661597,0.8122063931031722,1.142133504653931,
deepmd,dft/FC/CF0.4_d3.2.extxyz:151,FC,coverage,dft/FC/CF0.4_d3.2.extxyz:anneal,144,0.19839063510527463,0.27771881594213194,0.5439045614879061,0.9452910556427461,1.396520668233752,0.9307163860746325,1.3967670183143437,
deepmd,dft/FC/CF0.4_d3.2.extxyz:161,FC,coverage,dft/FC/CF0.4_d3.2.extxyz:anneal,144,0.19336996828484546,0.27340413053241414,0.5745145030860962,0.8399397567893737,1.2952708468629122,0.956084326865181,1.3018125177253563,
deepmd,dft/FC/CF0.4_d3.2.extxyz:172,FC,coverage,dft/FC/CF0.4_d3.2.extxyz:anneal,144,0.20067947118837473,0.2807562680590292,0.6327925192881217,0.9430855282849139,1.1582004789089837,1.0136186625966912,1.3576612020943435,
deepmd,dft/FC/CF0.4_d3.2.extxyz:182,FC,coverage,dft/FC/CF0.4_d3.2.extxyz:anneal,144,0.1901637054569201,0.25773012437917264,0.5246213142714622,0.8093920054676808,0.8898843576688766,0.8521208655416117,1.0867277071110601,
deepmd,dft/FC/CF0.4_d3.2.extxyz:193,FC,coverage,dft/FC/CF0.4_d3.2.extxyz:anneal,144,0.19469088448500463,0.2693369293045929,0.5722602924851005,0.8443388758578577,1.1456163220911622,0.8588770968488939,1.2894348975333374,
deepmd,dft/FC/CF0.4_d3.2.extxyz:203,FC,coverage,dft/FC/CF0.4_d3.2.extxyz:anneal,144,0.18859371585137735,0.2532721070234176,0.5176372731172452,0.7675196630199391,0.949676574563374,0.7991938200282882,1.0266847616757657,
deepmd,dft/FC/CF0.4_d3.2.extxyz:214,FC,coverage,dft/FC/CF0.4_d3.2.extxyz:anneal,144,0.1899198891976493,0.26150994568523916,0.553758055102051,0.8858620194760967,1.1666891060858369,0.8822705806925382,1.1668133684710877,
deepmd,dft/etch/trj_CF2_30eV.extxyz:0,etch,coverage,trj_CF2_30eV_case1,150,0.11875612286708995,0.17318861985587733,0.3773899159428798,0.5450892881759596,0.9646827846489474,0.5741207668941581,1.0974053396727383,
deepmd,dft/etch/trj_CF2_30eV.extxyz:32,etch,coverage,trj_CF2_30eV_case1,150,0.12845289945680646,0.19784580539464797,0.40567728285983623,0.7373971170973066,1.244120311067837,0.6148929951212083,1.6608712810929096,1.1801694793545539
deepmd,dft/etch/trj_CF2_30eV.extxyz:64,etch,coverage,trj_CF2_30eV_case1,150,0.2057478952023506,0.3083848472360094,0.6708414184428371,1.0748818023205287,1.485130255109726,0.9728656286045465,1.958582705260047,1.1752021102772092
deepmd,dft/etch/trj_CF2_30eV.extxyz:95,etch,prior_outlier,trj_CF2_30eV_case1,150,0.40819174630361105,0.6589587398617194,1.4357835203944367,1.946201178956398,4.440392397118151,1.8516921665077009,4.950073371375229,1.120981712607302
deepmd,dft/etch/trj_CF2_30eV.extxyz:97,etch,coverage,trj_CF2_30eV_case1,150,0.12125205864201152,0.1956831749187627,0.3612789268385766,0.8512856111402697,1.22590075762392,0.5029624451938655,1.855932831742987,1.1132385189167686
deepmd,dft/etch/trj_CF2_30eV.extxyz:105,etch,prior_outlier,trj_CF2_30eV_case1,150,0.11852791135045683,0.1712203781340282,0.372889030706921,0.5412097780340467,0.8511844542770386,0.5675625072737869,1.0307186015743859,1.1836807001890333
deepmd,dft/etch/trj_CF2_30eV.extxyz:129,etch,coverage,trj_CF2_30eV_case1,150,0.107055684154278,0.14670008005111054,0.33395952966028397,0.3928726037809405,0.5703558034226969,0.4185312538577999,0.6118550739700883,1.2054044964243331
deepmd,dft/etch/trj_CF2_30eV.extxyz:146,etch,prior_outlier,trj_CF2_30eV_case1,150,0.3525062460572778,0.6363420522635223,1.2940635700462524,2.039973242095298,5.260394088248171,1.9855675702123852,5.512804957881871,1.2147839314050886
deepmd,dft/etch/trj_CF2_30eV.extxyz:161,etch,coverage,trj_CF2_30eV_case1,150,0.11676420191448095,0.20019301742856913,0.34394262718794305,0.7427197701262778,1.800536078742981,0.7062284745453045,2.14012588944481,1.1903780911962376
deepmd,dft/etch/trj_CF2_30eV.extxyz:163,etch,prior_outlier,trj_CF2_30eV_case1,150,0.28991895092493825,0.5376703695543967,0.9095505691593754,1.8217133614538075,5.891468600362778,1.5759102416605317,5.900132182850039,1.1751170154499515
deepmd,dft/etch/trj_CF2_30eV.extxyz:193,etch,coverage,trj_CF2_30eV_case1,150,0.12608449402700403,0.17473568876304107,0.38618317001537644,0.49255461646141574,0.7456841997016668,0.4980065642949114,0.8376604383482295,1.2303657992645913
deepmd,dft/etch/trj_CF2_30eV.extxyz:226,etch,coverage,trj_CF2_30eV_case1,150,0.11939157447881303,0.1976532650625262,0.39604946553646597,0.7841922542585128,1.3888637567861677,0.6887399913664908,1.6172050710938068,1.1734564329364785
deepmd,dft/etch/trj_CF2_30eV.extxyz:232,etch,prior_outlier,trj_CF2_30eV_case1,150,0.5249863670609849,0.9557037540451635,1.8647117394511032,3.207532017145179,8.739208642914958,2.977324411426594,9.00296866390244,1.1676472069936201
deepmd,dft/etch/trj_CF2_30eV.extxyz:258,etch,coverage,trj_CF2_30eV_case1,150,0.13274840218207332,0.21020947591783182,0.4777377267052368,0.6907622182570743,1.5679409930677415,0.5917589907664754,1.6345823618653241,1.5185519418182574
deepmd,dft/etch/trj_CF2_30eV.extxyz:282,etch,prior_outlier,trj_CF2_30eV_case1,150,0.44094839749285486,0.7500847809918018,1.746597775420092,2.891002468081887,3.973894653222824,2.6325483339562767,5.445671761504869,1.536847422485394
deepmd,dft/etch/trj_CF2_30eV.extxyz:290,etch,coverage,trj_CF2_30eV_case1,150,0.1379026230368079,0.23344554583852953,0.48148393318942423,0.8468131461265722,1.8640606571394502,0.7900826046099018,2.0970567165208855,1.1039021695784448
deepmd,dft/etch/trj_CF2_30eV.extxyz:292,etch,prior_outlier,trj_CF2_30eV_case1,150,0.57697383179869,1.0165357554343581,2.010256951694998,4.347363805562872,6.344443576879382,3.6667187161687975,7.361139165653927,1.0402403568406686
deepmd,dft/etch/trj_CF2_30eV.extxyz:322,etch,coverage,trj_CF2_30eV_case1,150,0.13096160933109918,0.22143983075517323,0.40605402316833555,0.7639995819811284,2.4867160989445596,0.5572695694991793,2.503122923174455,1.288293444833124
deepmd,dft/etch/trj_CF2_30eV.extxyz:339,etch,prior_outlier,trj_CF2_30eV_case1,150,0.17251489502102318,0.27904751681310747,0.6255850623701652,1.0007502360021765,1.6502323756347153,0.8849130803619452,2.26432454547773,1.363121417922852
deepmd,dft/etch/trj_CF2_30eV.extxyz:344,etch,prior_outlier,trj_CF2_30eV_case1,150,0.40806984530714935,0.6862002605887929,1.5632877369691234,2.654775086360216,3.3883536884491443,2.3462359791473166,4.7086277739652695,1.2782018619920732
deepmd,dft/etch/trj_CF2_30eV.extxyz:354,etch,coverage,trj_CF2_30eV_case1,150,0.12460415446669526,0.18655722119257445,0.3954249674199291,0.5863979656807541,1.087355352309063,0.6151408670794466,1.1576383883552634,1.3054884143492023
deepmd,dft/etch/trj_CF2_30eV.extxyz:387,etch,coverage,trj_CF2_30eV_case1,150,0.11682535810425672,0.18591715563799072,0.4286951381682405,0.6585908224421483,1.1000459191879313,0.6121640170229006,1.1630482187996543,1.4711560080426516
deepmd,dft/etch/trj_CF2_30eV.extxyz:419,etch,coverage,trj_CF2_30eV_case1,150,0.07687579386849344,0.11743701961765951,0.2662298653602574,0.39549325218296405,0.5216170464274883,0.38314433012376936,0.7493054549773092,1.3802898246382913
deepmd,dft/etch/trj_CF2_30eV.extxyz:425,etch,prior_outlier,trj_CF2_30eV_case1,150,0.5537523598450498,0.854878771112751,1.7319868867730381,2.768883342063757,4.357312107814419,2.619336644433682,5.478613113858322,1.2781627439414756
deepmd,dft/etch/trj_CF2_30eV.extxyz:451,etch,coverage,trj_CF2_30eV_case1,150,0.09226115784800205,0.15138102384927585,0.2914834716266077,0.6444779201076929,0.9975082664568451,0.4768488529412136,1.3307516314355705,1.2043670536842155
deepmd,dft/etch/trj_CF2_30eV.extxyz:483,etch,coverage,trj_CF2_30eV_case1,150,0.08582509194555302,0.1268226204442585,0.2572780332112846,0.4207037482821496,0.7634072479196827,0.43886772946781843,0.8415546555232831,1.4659809002848585
deepmd,dft/etch/trj_CF2_30eV.extxyz:516,etch,coverage,trj_CF2_30eV_case1,150,0.11175661194527761,0.168586312766181,0.3596433617700793,0.525894778765382,1.2003440851384775,0.5103049100826225,1.3393426346488764,1.2709838708654015
deepmd,dft/etch/trj_CF2_30eV.extxyz:548,etch,coverage,trj_CF2_30eV_case1,150,0.09694446386820617,0.15132447698440898,0.3134261266296611,0.6676774732185835,0.7569270172327758,0.6151825271787994,0.9935658105176711,1.198916177220076
deepmd,dft/etch/trj_CF2_30eV.extxyz:580,etch,coverage,trj_CF2_30eV_case1,150,0.1263715603166808,0.19594785767317557,0.44243051495642677,0.7456508797619623,0.9804881503921599,0.73607734497811,1.1617190427581,1.165160933090357
deepmd,dft/etch/trj_CF2_30eV.extxyz:612,etch,coverage,trj_CF2_30eV_case1,150,0.12476855277558248,0.201399954025967,0.41589212099464606,0.7610750744041765,1.3078719237386203,0.6337369109276436,1.5654342247149504,1.2195900950729293
deepmd,dft/etch/trj_CF2_30eV.extxyz:644,etch,prior_outlier,trj_CF2_30eV_case1,150,0.48441805835684115,0.7714594124306967,1.6372933538143188,2.4129382845264105,5.677537117398262,2.425617380352355,5.903415294476669,1.1374532957444887
deepmd,dft/etch/trj_CF2_30eV.extxyz:645,etch,coverage,trj_CF2_30eV_case1,150,0.1419596450402672,0.21078513764051962,0.4178962973154287,0.6930592487346917,1.2601785038583335,0.6207071587408571,1.6485990416282668,1.142716062720741
deepmd,dft/etch/trj_CF2_30eV.extxyz:650,etch,prior_outlier,trj_CF2_30eV_case1,150,0.334681669159507,0.5654363307006368,1.2112510472960134,2.092460536265248,3.962013269541651,1.7207109674493541,5.495865175307711,1.4723111084278335
deepmd,dft/etch/trj_CF2_30eV.extxyz:677,etch,coverage,trj_CF2_30eV_case1,150,0.12251660391006443,0.19516434238779884,0.40973093474509437,0.7050236227079378,1.641654835640788,0.6638630060941477,1.799810133177957,1.1622392180614114
deepmd,dft/etch/trj_CF2_30eV.extxyz:709,etch,coverage,trj_CF2_30eV_case1,150,0.11512661082950412,0.18199487276913717,0.3528132563033793,0.7617405331684851,1.0977203220391276,0.6256294177765697,1.537951625685674,1.1512601791080939
deepmd,dft/etch/trj_CF2_30eV.extxyz:741,etch,coverage,trj_CF2_30eV_case1,151,0.08662988318347242,0.12964784478634064,0.2610015425019383,0.45664433364239776,0.8161524696390927,0.44847918218267435,0.8475405688595904,1.165289663560095
deepmd,dft/etch/trj_CF2_30eV.extxyz:773,etch,coverage,trj_CF2_30eV_case1,150,0.14369172135348346,0.2182454319859493,0.4947482448084265,0.7205321277051737,1.348286173537165,0.6758327746555235,1.7116394163294868,1.3949551964131324
deepmd,dft/etch/trj_CF2_30eV.extxyz:806,etch,coverage,trj_CF2_30eV_case1,150,0.14105867215985102,0.23650780801568905,0.47830574717096525,0.921767974180474,1.6142337693990396,0.7583484909705547,2.4156901662235497,1.1416654501210053
deepmd,dft/etch/trj_CF2_30eV.extxyz:838,etch,coverage,trj_CF2_30eV_case1,150,0.12583802867309243,0.20264388090934687,0.38713055172407984,0.808986057863972,1.474741352465093,0.783907451587427,1.7130853434757196,1.1536897329871678
deepmd,dft/etch/trj_CF2_30eV.extxyz:870,etch,coverage,trj_CF2_30eV_case1,150,0.1036410382553668,0.14808761084620062,0.3397371366626162,0.4376354978203667,0.5993774115002157,0.5031695204200051,0.7019663382006412,1.3112970677920375
deepmd,dft/etch/trj_CF2_30eV.extxyz:874,etch,prior_outlier,trj_CF2_30eV_case1,150,0.5637047594624981,0.9809418625552896,2.1686887139803,3.435007657885044,8.070061010348379,3.0094128181094546,8.1977368647184,1.220040982918196
deepmd,dft/etch/trj_CF2_30eV.extxyz:902,etch,coverage,trj_CF2_30eV_case1,150,0.22019678469478457,0.3418792857299641,0.7373872145066036,1.1972188389256906,2.504879531464474,1.1107599517103135,2.916583111327804,1.386686698573258
deepmd,dft/etch/trj_CF2_30eV.extxyz:935,etch,coverage,trj_CF2_30eV_case1,150,0.07218339547274613,0.10834322003041831,0.22156003893373727,0.4322530148892975,0.6620338556636498,0.33175828654869977,0.7796738026200718,1.3411562175973366
deepmd,dft/etch/trj_CF2_30eV.extxyz:958,etch,prior_outlier,trj_CF2_30eV_case1,150,0.08276349397894923,0.12928528331218878,0.23879778347297806,0.4839871090913707,0.903185288872717,0.40342590392783007,1.0469934685953142,0.9210320298447815
deepmd,dft/etch/trj_CF2_30eV.extxyz:959,etch,prior_outlier,trj_CF2_30eV_case1,150,0.1439270742726823,0.242002395222167,0.4924603401665404,0.8039763632872473,1.9767635725607446,0.824586230910917,2.107466362445002,0.9356815697661205
deepmd,dft/etch/trj_CF2_30eV.extxyz:967,etch,coverage,trj_CF2_30eV_case1,150,0.06755616249176115,0.1082081231034973,0.21405454014877276,0.42798245180572886,0.6895942656538248,0.39644115079700076,0.8727649912561568,1.168332144554793
deepmd,dft/etch/trj_CF2_30eV.extxyz:999,etch,coverage,trj_CF2_30eV_case1,150,0.12534619808592196,0.19790172083066288,0.44311517124547983,0.7287891956109169,0.9410213055130616,0.720695517540977,0.9985580123576837,1.1717508267545613
deepmd,dft/etch/trj_CF3_30eV.extxyz:0,etch,coverage,trj_CF3_30eV_case1,150,0.1185969534834389,0.17289165535281686,0.37637741010102815,0.5444911116329294,0.9633380066605807,0.5709495256957252,1.0963362546262871,
deepmd,dft/etch/trj_CF3_30eV.extxyz:32,etch,coverage,trj_CF3_30eV_case1,150,0.07727709019509262,0.10758333860428944,0.24376847380928257,0.34217170369221567,0.4747841288100937,0.380637283237314,0.5410378045770531,1.2120231020900523
deepmd,dft/etch/trj_CF3_30eV.extxyz:64,etch,coverage,trj_CF3_30eV_case1,150,0.12606185341770612,0.20986860788347955,0.4367330612249642,0.8307465752772987,1.4591528982100783,0.6871213785962356,1.492918480015733,1.3714955340794934
deepmd,dft/etch/trj_CF3_30eV.extxyz:97,etch,coverage,trj_CF3_30eV_case1,150,0.15190469882768595,0.23027392520134288,0.5017984611399382,0.7912923374482426,1.3820902742068768,0.7385819396411532,1.7230233964215071,1.1713667231059617
deepmd,dft/etch/trj_CF3_30eV.extxyz:129,etch,coverage,trj_CF3_30eV_case1,150,0.1696313143672262,0.28314500921165614,0.5254573135140919,1.1572625238686935,2.5199246412401424,0.8325169658936733,2.8021445295556027,1.192476414861108
deepmd,dft/etch/trj_CF3_30eV.extxyz:161,etch,coverage,trj_CF3_30eV_case1,150,0.15909064203371062,0.2312086066353156,0.4734661165113916,0.7975382109106457,1.238150138842821,0.7580674931615333,1.3366050408124504,1.2038687636117167
deepmd,dft/etch/trj_CF3_30eV.extxyz:193,etch,coverage,trj_CF3_30eV_case1,150,0.0716998120392168,0.09748540270167629,0.1999567229293862,0.2996207504120397,0.44139734794082863,0.31982389922739407,0.503210236755908,1.1910499569707416
deepmd,dft/etch/trj_CF3_30eV.extxyz:226,etch,coverage,trj_CF3_30eV_case1,150,0.08622859380135096,0.12808016930213165,0.2892162902189778,0.4555840300352546,0.6348498550357817,0.40269636290652716,0.8901830864031882,1.0592922165295118
deepmd,dft/etch/trj_CF3_30eV.extxyz:258,etch,coverage,trj_CF3_30eV_case1,150,0.13013553621959661,0.18545745786468212,0.37410287156978606,0.5659711957648511,1.043056429157518,0.6027766540550542,1.1108769169708732,1.2060265337047962
deepmd,dft/etch/trj_CF3_30eV.extxyz:290,etch,coverage,trj_CF3_30eV_case1,150,0.0822187888246627,0.11095434761175464,0.22962775907092595,0.36331174445231723,0.4047235954132078,0.3801963184031697,0.46916624125102946,1.313811249761548
deepmd,dft/etch/trj_CF3_30eV.extxyz:322,etch,coverage,trj_CF3_30eV_case1,150,0.15781739222324384,0.2451241909767318,0.470599036132803,1.0214087676566939,1.229157705354631,0.9792401445839333,1.6186044826653574,1.3100381673829193
deepmd,dft/etch/trj_CF3_30eV.extxyz:354,etch,coverage,trj_CF3_30eV_case1,150,0.13748726999462535,0.22782197697922826,0.3944930360215191,0.9563429716141768,1.93189676554507,0.6356559996616499,2.0590613251575998,1.215606844337429
deepmd,dft/etch/trj_CF3_30eV.extxyz:387,etch,coverage,trj_CF3_30eV_case1,150,0.11581658845905883,0.1674572133763079,0.3838974805097375,0.6209919797483301,0.6810735000902415,0.5723589557258887,0.943931786556161,1.1555950847939753
deepmd,dft/etch/trj_CF3_30eV.extxyz:419,etch,coverage,trj_CF3_30eV_case1,150,0.1510895589745581,0.21987040965421525,0.4378894184837045,0.6597276738995584,1.4966187230066657,0.675894384778099,1.9373093698934172,1.5253851972534673
deepmd,dft/etch/trj_CF3_30eV.extxyz:451,etch,coverage,trj_CF3_30eV_case1,150,0.17278625474875733,0.24732021285995748,0.4997123878035087,0.7853940172619148,1.2563436007890105,0.793581378132279,1.3832599247013286,1.303687079018582
deepmd,dft/etch/trj_CF3_30eV.extxyz:483,etch,coverage,trj_CF3_30eV_case1,150,0.0980961485046912,0.14123243484505144,0.2943952610336859,0.48921083349560984,0.6623937320381468,0.5123913798846785,0.7332292678334711,1.240806189539687
deepmd,dft/etch/trj_CF3_30eV.extxyz:516,etch,coverage,trj_CF3_30eV_case1,150,0.1947401151436255,0.2773957848406261,0.5331481643315527,0.9536511043441588,1.3131025098229647,0.8895834710021224,1.339024923457336,1.5355455056754266
deepmd,dft/etch/trj_CF3_30eV.extxyz:548,etch,coverage,trj_CF3_30eV_case1,150,0.1504963130939628,0.22939998717637672,0.4678687763761818,0.8201812132696249,1.5706233791780473,0.6609390318891177,1.660921386962323,1.513803157613297
deepmd,dft/etch/trj_CF3_30eV.extxyz:580,etch,coverage,trj_CF3_30eV_case1,150,0.16519104732402803,0.24684925804555927,0.5314102592336796,0.7595193160246374,1.6671705239714756,0.7993468647535843,2.047054451193968,1.4886235252742723
deepmd,dft/etch/trj_CF3_30eV.extxyz:612,etch,coverage,trj_CF3_30eV_case1,150,0.13325670171557508,0.1992420225494027,0.3960280888000745,0.6889249676502256,1.346658387666002,0.7176675436695806,1.4047717673396167,1.4515164484083547
deepmd,dft/etch/trj_CF3_30eV.extxyz:645,etch,coverage,trj_CF3_30eV_case1,150,0.1841917843455996,0.29739651489260677,0.5587589159448145,0.8311781515143799,2.158223364705503,0.7919020528484753,2.695053405389791,1.3470708964267615
deepmd,dft/etch/trj_CF3_30eV.extxyz:677,etch,coverage,trj_CF3_30eV_case1,150,0.08940467523492676,0.1450954400202123,0.28557698857316743,0.6122331548202374,0.8297907699763476,0.5231782116233205,1.0614595344431854,1.2503999360204716
deepmd,dft/etch/trj_CF3_30eV.extxyz:709,etch,coverage,trj_CF3_30eV_case1,150,0.17968658560410347,0.2854032603666632,0.5631474858615418,1.1084184366890864,1.9137086235632002,0.9553895534606632,2.2091412668405708,1.1506954418959003
deepmd,dft/etch/trj_CF3_30eV.extxyz:741,etch,coverage,trj_CF3_30eV_case1,150,0.1369868821228441,0.2746022924612275,0.4227466088429937,0.9308023824659027,2.994958797870636,0.7045268995406059,3.0139854493002574,1.4182383438618476
deepmd,dft/etch/trj_CF3_30eV.extxyz:773,etch,coverage,trj_CF3_30eV_case1,150,0.11937915270187938,0.18424215953755932,0.39089996923633363,0.7063863916327666,1.1835325438435076,0.7044144617814317,1.2219367622017234,1.2613088440187834
deepmd,dft/etch/trj_CF3_30eV.extxyz:806,etch,coverage,trj_CF3_30eV_case1,150,0.16218607876464414,0.22468595229767824,0.48440966563568055,0.7188272783760167,0.808111510641575,0.7498171851846588,1.1326682674755135,1.204740635987677
deepmd,dft/etch/trj_CF3_30eV.extxyz:838,etch,coverage,trj_CF3_30eV_case1,150,0.1090265438958352,0.16161844042444262,0.36524101324956654,0.502886434570866,1.0401994286639198,0.49207158611406665,1.085884803322753,1.4765838953476356
deepmd,dft/etch/trj_CF3_30eV.extxyz:870,etch,coverage,trj_CF3_30eV_case1,150,0.1553220750443687,0.2595200738633955,0.5226584132635822,1.0179561891149826,1.6733797746186907,0.9423542420992981,2.0005964334753994,1.3563922736435794
deepmd,dft/etch/trj_CF3_30eV.extxyz:902,etch,coverage,trj_CF3_30eV_case1,150,0.1371626548399999,0.21908612350530926,0.4761153897792798,0.7902032357230423,1.3972392216635345,0.8675351652410649,1.508429940548302,1.3346909754696015
deepmd,dft/etch/trj_CF3_30eV.extxyz:935,etch,coverage,trj_CF3_30eV_case1,150,0.10708653350853593,0.17189902575123758,0.3340262603729981,0.7465123703814548,1.0589852939633206,0.535675008978046,1.532660454198906,1.4882540105774957
deepmd,dft/etch/trj_CF3_30eV.extxyz:967,etch,coverage,trj_CF3_30eV_case1,150,0.09862942755061872,0.15379531536283034,0.3125055308732748,0.44042439864026606,1.2072759776689708,0.4533682254529374,1.4136979641504384,1.2922074136917818
deepmd,dft/etch/trj_CF3_30eV.extxyz:999,etch,coverage,trj_CF3_30eV_case1,150,0.12091406920287975,0.20702086055450408,0.3964330089948396,0.7188746833816763,1.678623880132109,0.6726574098242583,2.3310133303805367,1.146516463030514
deepmd,dft/mqa/mqa_Si.extxyz:0,mqa,coverage,dft/mqa/mqa_Si.extxyz:mqa_Si,64,0.12513528833417942,0.15658214862373776,0.28532513839988577,0.38309598466691164,0.5351752573054991,0.38249134515352523,0.730845169924793,
deepmd,dft/mqa/mqa_Si.extxyz:88,mqa,coverage,dft/mqa/mqa_Si.extxyz:mqa_Si,64,0.11869649594596259,0.1492860277544114,0.29345208319136507,0.3733246019922389,0.44375996097831755,0.3881955617568158,0.6448092611837187,
deepmd,dft/mqa/mqa_Si.extxyz:177,mqa,coverage,dft/mqa/mqa_Si.extxyz:mqa_Si,64,0.09635088026512313,0.11773150472407155,0.22429186946604043,0.280535810837715,0.3174850880092792,0.31086004282034824,0.3652069065029791,
deepmd,dft/mqa/mqa_Si.extxyz:265,mqa,coverage,dft/mqa/mqa_Si.extxyz:mqa_Si,64,0.09227104669376962,0.117132305434118,0.22376045199746375,0.30828284346360485,0.34136465742034466,0.33026402463329757,0.4046580250389435,
deepmd,dft/mqa/mqa_Si.extxyz:354,mqa,coverage,dft/mqa/mqa_Si.extxyz:mqa_Si,64,0.09073587529486797,0.11589819303530807,0.2257560923076191,0.3193872028698656,0.43089315886087715,0.348427119713563,0.4479798749290473,
deepmd,dft/mqa/mqa_Si.extxyz:442,mqa,coverage,dft/mqa/mqa_Si.extxyz:mqa_Si,64,0.08641850836724903,0.10733407375229088,0.19911190270646387,0.2928646848648363,0.33017692807622256,0.3016075430881059,0.424265783366029,
deepmd,dft/mqa/mqa_Si.extxyz:531,mqa,coverage,dft/mqa/mqa_Si.extxyz:mqa_Si,64,0.10272805674330286,0.13284193291850255,0.2814237614680786,0.32671070750438413,0.337774627639687,0.35512324213256474,0.36524492135897985,
deepmd,dft/mqa/mqa_Si.extxyz:619,mqa,coverage,dft/mqa/mqa_Si.extxyz:mqa_Si,64,0.11805214505193577,0.1485285824585569,0.277244682583556,0.41827166953222733,0.4577924235165993,0.4175087512218434,0.6328004793063026,
deepmd,dft/mqa/mqa_SiC.extxyz:0,mqa,coverage,dft/mqa/mqa_SiC.extxyz:mqa_SiC,64,0.15308442293349778,0.20009648392438018,0.378984636728946,0.5594783428478598,0.7462887640080311,0.5701052477816793,0.7610770149541473,1.7216500923939175
deepmd,dft/mqa/mqa_SiC.extxyz:88,mqa,coverage,dft/mqa/mqa_SiC.extxyz:mqa_SiC,64,0.1743822820093742,0.21802960274050767,0.4231628905624349,0.5129517803594819,0.7932214086228675,0.5806624645115568,0.8875295231568566,1.693863354229024
deepmd,dft/mqa/mqa_SiC.extxyz:177,mqa,coverage,dft/mqa/mqa_SiC.extxyz:mqa_SiC,64,0.18583598046851302,0.23722655081340324,0.4793028482335099,0.582482754125136,0.8121624070335687,0.6993621741293969,0.9364204791620777,1.6108935477554065
deepmd,dft/mqa/mqa_SiC.extxyz:265,mqa,coverage,dft/mqa/mqa_SiC.extxyz:mqa_SiC,64,0.1919655537444999,0.24227692695175648,0.4362875351516013,0.6384356909919098,0.9003544347445769,0.7227738872061806,0.9693756296817919,1.6392847201604375
deepmd,dft/mqa/mqa_SiC.extxyz:354,mqa,coverage,dft/mqa/mqa_SiC.extxyz:mqa_SiC,64,0.17670876684379855,0.23310287497914634,0.4819000467183789,0.6749161562641885,1.005225562221825,0.6626741603776054,1.040107117988051,1.5925064224046326
deepmd,dft/mqa/mqa_SiC.extxyz:442,mqa,coverage,dft/mqa/mqa_SiC.extxyz:mqa_SiC,64,0.18949277181060156,0.2407469492004921,0.4924763384765348,0.6428081931123112,0.8106862063053468,0.6781803831251825,0.8703005474953213,1.676954091738948
deepmd,dft/mqa/mqa_SiC.extxyz:531,mqa,coverage,dft/mqa/mqa_SiC.extxyz:mqa_SiC,64,0.17586177379889759,0.22673006590397388,0.47656884159409973,0.5838056764971529,0.7951530421340527,0.5896942893062875,0.8418117083940636,1.6381236183817145
deepmd,dft/mqa/mqa_SiC.extxyz:619,mqa,coverage,dft/mqa/mqa_SiC.extxyz:mqa_SiC,64,0.18085467687500698,0.2239416849208108,0.43027850349812735,0.5731432635163749,0.6940883368758397,0.6645960797696211,0.8407538545862286,1.7157911518605296
deepmd,dft/mqa/mqa_SiO2.extxyz:0,mqa,coverage,dft/mqa/mqa_SiO2.extxyz:mqa_SiO2,99,0.03173343306741076,0.04026031477977135,0.081637209988578,0.09428506046589179,0.133389149865767,0.1186410546146192,0.13741305817737376,
deepmd,dft/mqa/mqa_SiO2.extxyz:103,mqa,coverage,dft/mqa/mqa_SiO2.extxyz:mqa_SiO2,99,0.035081925177116204,0.045880413110043795,0.09474964709425733,0.13801973990501648,0.15174803341790555,0.14290506394208036,0.18278341794457267,
deepmd,dft/mqa/mqa_SiO2.extxyz:205,mqa,coverage,dft/mqa/mqa_SiO2.extxyz:mqa_SiO2,99,0.12444385258263543,0.17975742387577043,0.3746043797828721,0.6145746868363143,0.7562837235494779,0.6604550078701328,0.9100495616098608,
deepmd,dft/mqa/mqa_SiO2.extxyz:308,mqa,coverage,dft/mqa/mqa_SiO2.extxyz:mqa_SiO2,99,0.07948801121768576,0.1093023526451288,0.22953599875842245,0.31524649236142527,0.6284830384583697,0.3423647099698884,0.6410112983018169,
deepmd,dft/mqa/mqa_SiO2.extxyz:411,mqa,coverage,dft/mqa/mqa_SiO2.extxyz:mqa_SiO2,99,0.07802636042967405,0.10505320608115148,0.21422299926150715,0.2832138181678311,0.5946600928309858,0.34347366115869543,0.6075046248087086,
deepmd,dft/mqa/mqa_SiO2.extxyz:514,mqa,coverage,dft/mqa/mqa_SiO2.extxyz:mqa_SiO2,99,0.049185899906126984,0.06210659627772823,0.1270217113449697,0.14830085627748307,0.1670979965988073,0.17000085932868456,0.20445919273426424,
deepmd,dft/mqa/mqa_SiO2.extxyz:616,mqa,coverage,dft/mqa/mqa_SiO2.extxyz:mqa_SiO2,99,0.04105332745241355,0.05404709687477962,0.1169756446073846,0.1592143635009164,0.19466201195719846,0.16637884866663397,0.21799582388291397,
deepmd,dft/mqa/mqa_SiO2.extxyz:719,mqa,coverage,dft/mqa/mqa_SiO2.extxyz:mqa_SiO2,99,0.029551095929567693,0.03856313658066373,0.07411198794515092,0.10497472700006145,0.15524422710320795,0.1052468427980441,0.1620988877387098,
deepmd,dft/qsd/qsd_data.extxyz:13,qsd,coverage,CF3_10eV_19_10_O_F,101,0.08374396846703838,0.12651787181754526,0.2384458792497556,0.4068497595411434,0.9395392733682097,0.4142590657872887,1.0740594298435922,1.5801362450750878
deepmd,dft/qsd/qsd_data.extxyz:14,qsd,coverage,CF3_10eV_19_10_O_F,101,0.26733722678157373,1.2702519267863785,0.45849309459680676,6.728411671397766,14.91188154655731,0.8390254443735619,17.530549308547027,0.8609931820868285
deepmd,dft/qsd/qsd_data.extxyz:15,qsd,coverage,CF3_10eV_19_10_O_F,101,6.193748481226156,51.75081644980798,1.365404187072643,317.3617700055228,555.7743764425445,2.1149002772919423,643.127574728223,0.6149951300620208
deepmd,dft/qsd/qsd_data.extxyz:16,qsd,coverage,CF3_10eV_19_10_O_F,101,35.73969066598868,315.11099959219933,1.201209873169359,1908.1646837481533,3356.1835451209886,1.3464190617087093,3879.8255088225055,0.3689970780372108
deepmd,dft/qsd/qsd_data.extxyz:229,qsd,coverage,CF3_10eV_19_59_C_C,107,0.10949230978756501,0.24668741227972346,0.32318471818757055,1.1412946228382863,2.56449190195762,0.43095668942844195,2.9091267034862747,1.351081189344298
deepmd,dft/qsd/qsd_data.extxyz:230,qsd,coverage,CF3_10eV_19_59_C_C,107,0.1540635875842888,0.41743718641590516,0.5000272798564807,1.8374403136853803,5.12969237442896,0.7141908459431179,5.637809137347225,1.351081189344298
deepmd,dft/qsd/qsd_data.extxyz:231,qsd,coverage,CF3_10eV_19_59_C_C,107,0.30341990287898635,1.7334400004024777,0.456436012180198,4.519966500493964,21.766913714135853,0.8514258413077354,22.366108033065643,1.351081189344298
deepmd,dft/qsd/qsd_data.extxyz:232,qsd,coverage,CF3_10eV_19_59_C_C,107,1.3163307816061727,9.191080136243377,0.8028119047538512,47.55851319255495,106.0217286572178,2.187316080189575,123.19252436570589,1.351081189344298
deepmd,dft/qsd/qsd_data.extxyz:233,qsd,coverage,CF3_10eV_19_59_C_C,107,14.366341486411452,122.65279009136214,7.759089006038391,634.3207075285196,1355.6618871802787,12.61336889164919,1575.3609929003715,1.351081189344298
deepmd,dft/qsd/qsd_data.extxyz:234,qsd,coverage,CF3_10eV_19_59_C_C,107,16.48533328782328,132.91575361923293,17.691978815623997,468.92088191320204,1627.8811798559627,29.729016092796524,1725.141508546884,1.351081189344298
deepmd,dft/qsd/qsd_data.extxyz:235,qsd,coverage,CF3_10eV_19_59_C_C,107,247.4176454110805,2149.6723814195866,138.32763659539796,8906.67440451973,24895.503349355422,380.8648883958206,27368.376261629288,1.351081189344298
deepmd,dft/qsd/qsd_data.extxyz:236,qsd,coverage,CF3_10eV_19_59_C_F,107,0.1623340945866917,0.5014336581891078,0.3924268809730336,2.5726661737232406,4.2449443709865236,0.5531375283993769,6.231889885677379,1.351081189344298
deepmd,dft/qsd/qsd_data.extxyz:237,qsd,coverage,CF3_10eV_19_59_C_F,107,0.44834850749458033,3.2978634338998307,0.4482875280577056,8.783684038811298,42.070263586783426,0.630695626541967,43.33702499702847,1.351081189344298
deepmd,dft/qsd/qsd_data.extxyz:238,qsd,coverage,CF3_10eV_19_59_C_F,107,1.0009024182983657,8.06403093776578,0.49359821638364343,17.243145195642683,103.3207845540897,0.5660313602117971,105.01004334902775,1.351081189344298
deepmd,dft/qsd/qsd_data.extxyz:239,qsd,coverage,CF3_10eV_19_59_C_F,107,4.059750280081752,31.159924424091635,1.0053706934382696,158.6756368075457,351.0889330544678,2.3439524413763952,409.14432300111775,1.351081189344298
deepmd,dft/qsd/qsd_data.extxyz:240,qsd,coverage,CF3_10eV_19_59_C_F,107,20.94555828005965,185.45815893000506,2.0586568006499877,950.7465312717095,2045.7905342940503,6.738973838428788,2378.7898212936516,1.351081189344298
deepmd,dft/qsd/qsd_data.extxyz:241,qsd,coverage,CF3_10eV_19_59_C_F,107,65.45851629616018,573.6144938025678,30.03845367392558,2837.623131053544,6400.941744467836,49.43104900599048,7350.823625531041,1.351081189344298
deepmd,dft/qsd/qsd_data.extxyz:242,qsd,coverage,CF3_10eV_19_59_F_C,107,0.06360655821419652,0.09083790285551036,0.18879994609411993,0.3038628095429957,0.3332639350247977,0.333732885833719,0.3889536648003582,1.351081189344298
deepmd,dft/qsd/qsd_data.extxyz:243,qsd,coverage,CF3_10eV_19_59_F_C,107,0.13461984810955988,0.38782276219504785,0.3645203368181512,2.2521896033213142,4.092383411012051,0.48172826640411687,5.249625830592232,1.351081189344298
deepmd,dft/qsd/qsd_data.extxyz:244,qsd,coverage,CF3_10eV_19_59_F_C,107,2.333260073443761,17.573127438419405,0.9170727412878164,91.64478064777573,193.62479369579074,1.5510022519257414,223.7896656758538,1.351081189344298
deepmd,dft/qsd/qsd_data.extxyz:245,qsd,coverage,CF3_10eV_19_59_F_C,107,20.60510314616121,188.54643228003806,0.7195481497132508,947.695896310189,2080.5704781665686,2.101555218353936,2399.228124024735,1.351081189344298
deepmd,dft/qsd/qsd_data.extxyz:260,qsd,coverage,CF3_10eV_19_59_Si_C,107,0.11228461280270972,0.2575669449497041,0.332073550728932,1.2629569877558724,2.289696909781993,0.5023509697561556,3.002019235402161,1.351081189344298
deepmd,dft/qsd/qsd_data.extxyz:261,qsd,coverage,CF3_10eV_19_59_Si_C,107,0.3539435815209215,1.6972039717329117,0.48213251485744935,11.711951758510711,15.643385931211682,0.6793458339763516,21.668352765442112,1.351081189344298
deepmd,dft/qsd/qsd_data.extxyz:262,qsd,coverage,CF3_10eV_19_59_Si_C,107,2.691302563785433,18.66451239509573,0.6662960496392918,99.58640506686048,192.4085373099046,1.268122930930568,241.18198950210007,1.3090023784928708
deepmd,dft/qsd/qsd_data.extxyz:263,qsd,coverage,CF3_10eV_19_59_Si_C,107,1.2948075105603996,7.518123603791554,0.527919188403531,41.332502745739426,77.00560694579968,0.7761498767404638,87.79944959847944,0.9349967502082542
deepmd,dft/qsd/qsd_data.extxyz:264,qsd,coverage,CF3_10eV_19_59_Si_C,107,6.615155272152882,44.66007043547481,2.725868629066534,223.4521220623597,497.72778306000765,4.431208028503981,569.5244818595875,0.5609997821746454
deepmd,dft/qsd/qsd_data.extxyz:281,qsd,coverage,CF3_10eV_19_68_O_C,104,0.6557643310161414,4.145281232465489,0.5324540669084524,28.39984619796428,39.34909798447838,1.9912120214579538,51.57935867431776,0.9999017656250059
deepmd,dft/qsd/qsd_data.extxyz:282,qsd,coverage,CF3_10eV_19_68_O_C,104,1.9468270191971238,12.91226436162203,1.3113498952104472,86.44814692163798,116.33897330153036,3.189737182519973,160.86183082051988,0.8793652029162854
deepmd,dft/qsd/qsd_data.extxyz:283,qsd,coverage,CF3_10eV_19_68_O_C,104,1.0756193653360515,6.627841525719489,1.45092471634812,45.21616264082138,61.337799725951484,2.157556015179383,82.75168938072822,0.9537845550227787
deepmd,dft/qsd/qsd_data.extxyz:284,qsd,coverage,CF3_10eV_19_68_O_C,104,2.161875133267085,15.397340936740358,2.2750947608966734,82.16084115831354,173.76279245802164,5.746230846789849,211.28813683203168,0.7100017002796539
deepmd,dft/qsd/qsd_data.extxyz:285,qsd,coverage,CF3_10eV_19_68_O_C,104,16.719359239995818,142.63333234205857,8.186760053899889,812.7089843076378,1539.2204374744274,15.550071360020516,1791.3063117970382,0.4260027522211551
deepmd,dft/qsd/qsd_data.extxyz:286,qsd,coverage,CF3_10eV_19_68_O_C,104,19.28999573898954,134.5731166310533,9.244484279900782,858.8503107063183,1402.183821318351,10.765990234857147,1696.517805520608,0.28399894806143233
deepmd,dft/qsd/qsd_data.extxyz:287,qsd,coverage,CF3_10eV_19_68_O_C,104,61.24258617390957,391.58473514563923,56.8796202150352,1849.6276783746666,4503.243108303346,90.73948720031579,5080.496511440976,0.14200380417439368
deepmd,dft/qsd/qsd_data.extxyz:300,qsd,coverage,CF3_10eV_19_68_Si_F,104,0.08615857187339153,0.14107227591122812,0.2878868859170734,0.5993281572096075,0.7605046913484335,0.5840187596386235,0.8852515802220794,1.5810876823882984
deepmd,dft/qsd/qsd_data.extxyz:301,qsd,coverage,CF3_10eV_19_68_Si_F,104,0.18650806804210504,0.6692157488455922,0.4943968947227917,4.062329823460389,5.819201876484392,0.8811572152115853,7.877983565845974,1.1760035724860711
deepmd,dft/qsd/qsd_data.extxyz:302,qsd,coverage,CF3_10eV_19_68_Si_F,104,1.9171558184328945,15.178934624676483,0.9117717365615845,83.465352414899,167.10666266211823,1.4796764781929732,192.5615900828748,0.8399988402372951
deepmd,dft/qsd/qsd_data.extxyz:303,qsd,coverage,CF3_10eV_19_68_Si_F,104,14.183729652295868,125.8527749177598,1.0488619017493948,704.6338605982752,1366.182013619418,2.1962232617568196,1578.6253416141135,0.5040027682463689
deepmd,dft/qsd/qsd_data.extxyz:304,qsd,coverage,CF3_10eV_19_68_Si_F,104,14.82719655307818,118.60644742760917,17.123979534577735,472.0743783692283,1418.52155819588,31.68611361493306,1543.7345049098053,0.3359960720008509
deepmd,dft/qsd/qsd_data.extxyz:305,qsd,coverage,CF3_10eV_19_68_Si_F,104,528.6419127102654,4284.65801803272,970.3812366981446,8787.45793992542,51970.178142146324,2093.7328553258194,53664.3673991638,0.16799803600042348
deepmd,dft/qsd/qsd_data.extxyz:310,qsd,coverage,CF3_10eV_19_84_F_F,103,0.06589948438510011,0.10544133406672838,0.1809748430167143,0.36007101751334425,0.9156010030717852,0.28186059630983695,1.031206817997108,1.5883613265563985
deepmd,dft/qsd/qsd_data.extxyz:311,qsd,coverage,CF3_10eV_19_84_F_F,103,0.10195670651266708,0.31538676592599785,0.22765943467696728,1.6832936063350923,3.3056874013655175,0.36073645430786905,3.8103066027857877,1.5883613265563985
deepmd,dft/qsd/qsd_data.extxyz:312,qsd,coverage,CF3_10eV_19_84_F_F,103,1.4023783236065437,10.915148415820058,0.5198878604848887,61.19053130654924,120.47130661950231,0.7046112660101826,139.81608733353596,1.5883613265563985
deepmd,dft/qsd/qsd_data.extxyz:313,qsd,coverage,CF3_10eV_19_84_F_F,103,8.45797802991506,74.59137340628945,0.671144665970882,427.2982845827176,804.2506212273469,0.9629902218121204,930.2630341125646,1.5883613265563985
deepmd,dft/qsd/qsd_data.extxyz:314,qsd,coverage,CF3_10eV_19_84_F_F,103,48.25706625812474,433.13250734748016,2.0473379056294463,2458.8039785589763,4685.7207350419985,3.609702576081156,5394.273595928967,1.5883613265563985
deepmd,dft/qsd/qsd_data.extxyz:333,qsd,coverage,CF3_20eV_4_36_C_C,109,0.11722336314064631,0.21546491747116947,0.3355744073176323,1.123468070047139,1.6085487213046576,0.7275924669790305,1.9572396755002754,1.2137258592037987
deepmd,dft/qsd/qsd_data.extxyz:334,qsd,coverage,CF3_20eV_4_36_C_C,109,0.7581878220738254,5.801348341404984,0.44878545590861507,28.378070438200034,66.33377132454123,0.8316023983261908,75.801884672803,1.2137258592037987
deepmd,dft/qsd/qsd_data.extxyz:335,qsd,coverage,CF3_20eV_4_36_C_C,109,10.762077400846605,94.58110703863655,2.2253211643134914,450.79185645212624,1058.2643778440374,4.958085785930271,1220.7330736957726,1.177375005934813
deepmd,dft/qsd/qsd_data.extxyz:336,qsd,coverage,CF3_20eV_4_36_C_C,109,10.335889591527254,60.79832160428911,25.68208830172567,260.18294861243146,780.8831760669709,40.10890472464767,851.8415590985215,1.1620822119798588
deepmd,dft/qsd/qsd_data.extxyz:337,qsd,coverage,CF3_20eV_4_36_C_C,109,79.40483732515972,638.6370123625584,44.319447905838146,2369.505593571903,7570.449516452465,110.35581423276474,8163.762540301649,1.1665717316564812
deepmd,dft/qsd/qsd_data.extxyz:434,qsd,coverage,CF3_20eV_4_50_C_F,110,0.1644198472842183,0.3253799374002275,0.5291179563454906,1.4831402891890415,2.8406142876676395,1.0425649141310211,3.1988897967262995,1.1020955498957439
deepmd,dft/qsd/qsd_data.extxyz:435,qsd,coverage,CF3_20eV_4_50_C_F,110,0.44189968663880375,2.657945920356952,0.5231753700666042,16.202547550105585,27.38170526130105,0.833307426866879,34.709931234963285,0.8515661422344121
deepmd,dft/qsd/qsd_data.extxyz:436,qsd,coverage,CF3_20eV_4_50_C_F,110,3.0617088938346932,20.854796691265875,0.671736011944804,148.40586743673143,186.6641346775191,1.4866528463079898,270.2029615127044,0.7443924818266237
deepmd,dft/qsd/qsd_data.extxyz:437,qsd,coverage,CF3_20eV_4_50_C_F,110,4.785353106351924,32.131930737678125,0.7466649120988091,174.02040584624027,368.3292852684877,0.9854984654027464,414.1591508339461,0.7854789447209897
deepmd,dft/qsd/qsd_data.extxyz:438,qsd,coverage,CF3_20eV_4_50_C_F,110,23.664238808039514,212.16224657195596,1.6950575391013294,984.9532137505312,2436.6544451724876,4.322179632830117,2784.3264384623362,0.9062880214920636
deepmd,dft/qsd/qsd_data.extxyz:439,qsd,coverage,CF3_20eV_4_78_F_C,95,0.11952530929350513,0.19904598677016427,0.4371497980905653,0.8022922255555742,1.046315322284609,0.8522196655545416,1.1394696517770153,1.5805841200328443
deepmd,dft/qsd/qsd_data.extxyz:440,qsd,coverage,CF3_20eV_4_78_F_C,95,0.11143747801275697,0.2649663518984952,0.3349944049597503,1.1411951707310062,2.7520403616533287,0.5161776006088564,3.1780356060928407,1.5805841200328443
deepmd,dft/qsd/qsd_data.extxyz:441,qsd,coverage,CF3_20eV_4_78_F_C,95,2.7397930956740915,21.679222403234593,0.4737726508540991,125.75279728316417,223.5336008390281,0.8777770945538831,261.1817297232878,1.5805841200328443
deepmd,dft/qsd/qsd_data.extxyz:442,qsd,coverage,CF3_20eV_4_78_F_C,95,20.832783166419834,178.63484232117332,1.0619843756078668,1041.7857306272278,1860.0022287997774,1.839697390616054,2134.7152821838235,1.5805841200328443
deepmd,dft/qsd/qsd_data.extxyz:443,qsd,coverage,CF3_20eV_4_78_F_C,95,52.159136676676745,444.68183472224797,7.421304354314223,2609.0361905614886,4650.615884377793,13.844641552050955,5332.831709698187,1.5805841200328443
deepmd,dft/qsd/qsd_data.extxyz:450,qsd,coverage,CF3_20eV_4_78_O_C,95,0.1433864249706747,0.23889932218564422,0.5584345031635695,0.9325969940768531,1.3168471242356299,0.9278651405759615,1.7898035942747592,1.5805841200328443
deepmd,dft/qsd/qsd_data.extxyz:451,qsd,coverage,CF3_20eV_4_78_O_C,95,0.1334169739947597,0.35063987996448076,0.37279469123427866,1.8005311002014548,2.9521604704225055,0.5493021685660114,3.696551352026095,0.9940006483398287
deepmd,dft/qsd/qsd_data.extxyz:452,qsd,coverage,CF3_20eV_4_78_O_C,95,2.00453438945679,14.961582273914047,1.6450868260793245,87.62067876592582,158.45544560776878,3.3101552547831385,182.11478563492452,0.7100017002796539
deepmd,dft/qsd/qsd_data.extxyz:453,qsd,coverage,CF3_20eV_4_78_O_C,95,19.228690812226986,162.12718059460158,1.5411028606480426,973.4345615834018,1674.4996798602888,5.909515462353401,1937.1017529971327,0.42600275222115597
deepmd,dft/qsd/qsd_data.extxyz:454,qsd,coverage,CF3_20eV_4_78_O_C,95,28.392727173269638,232.49538336558584,6.423296116227618,1299.9252046741126,2450.618547900199,23.25218699266,2774.4078271723984,0.28399894806143317
deepmd,dft/qsd/qsd_data.extxyz:455,qsd,coverage,CF3_20eV_4_78_O_C,95,178.24849697449613,1444.7221177231231,22.402455262039556,8121.826486508601,15213.283416366501,57.11928510538935,17334.528122723168,0.14200380417439765
deepmd,dft/qsd/qsd_data.extxyz:480,qsd,coverage,CF3_20eV_4_98_F_F,82,0.10466676407648604,0.1858396050510096,0.279163409347322,0.6430353309308893,1.6491074315314087,0.465818618345026,1.7263134189061775,1.5846581323742983
deepmd,dft/qsd/qsd_data.extxyz:481,qsd,coverage,CF3_20eV_4_98_F_F,82,0.12528054984843823,0.30550414949114146,0.33157533337819667,1.684515264992995,2.4242668559465708,0.5423575266431718,2.7054114490906502,1.5846581323742983
deepmd,dft/qsd/qsd_data.extxyz:482,qsd,coverage,CF3_20eV_4_98_F_F,82,1.587615921040838,11.546579103800173,0.40365195378861385,63.97321646411244,114.33208454141129,0.7779769770043059,132.55677180928473,1.5846581323742983
deepmd,dft/qsd/qsd_data.extxyz:483,qsd,coverage,CF3_20eV_4_98_F_F,82,11.122999469373019,87.29606290306354,1.4412849614820369,490.32351827687154,844.9838959355127,2.7402918834881693,975.1291724781161,1.5846581323742983
deepmd,dft/qsd/qsd_data.extxyz:484,qsd,coverage,CF3_20eV_4_98_F_F,82,59.2550901695519,479.7022437318687,1.3065377807893361,2633.611586219632,4625.786850962316,2.1840173513933085,5323.17367904056,1.5846581323742983
deepmd,dft/qsd/qsd_data.extxyz:485,qsd,coverage,CF3_20eV_4_98_F_F,82,157.36016185757464,1262.4999033006168,6.104329311948642,7040.702967302139,12110.604287142523,13.321373253999672,14021.066191404529,1.5846581323742983
deepmd,dft/qsd/qsd_data.extxyz:492,qsd,coverage,CF3_20eV_4_98_O_F,82,16.6298186793187,104.40945468644063,5.377235250712222,740.6417213615932,753.5431499532313,12.957080397381558,1164.082319632593,0.5493169745238172
deepmd,dft/qsd/qsd_data.extxyz:493,qsd,coverage,CF3_20eV_4_98_O_F,82,12.052926347664833,63.63114365209933,7.107542803644063,314.8241054820466,542.0815903048356,11.329150571569338,630.0229451294978,0.6150037903135221
deepmd,dft/qsd/qsd_data.extxyz:494,qsd,coverage,CF3_20eV_4_98_O_F,82,49.269416997031044,330.03400886077657,29.944158918398234,1822.1336790820358,3134.8541540548217,62.94386803398597,3635.396652298317,0.3689970780372108
deepmd,dft/qsd/qsd_data.extxyz:495,qsd,coverage,CF3_20eV_4_98_O_F,82,107.34495018001257,817.3183743981773,48.39520749433764,4450.631297686828,7920.425834704965,63.18153466753311,9098.837343742376,0.24599805202480998
deepmd,dft/qsd/qsd_data.extxyz:496,qsd,coverage,CF3_20eV_4_98_Si_C,82,0.09625381960522593,0.14036570263330506,0.2720171584780561,0.4198097516751887,0.8078928756141663,0.42186098010155326,0.9709604495699081,1.5846581323742983
deepmd,dft/qsd/qsd_data.extxyz:497,qsd,coverage,CF3_20eV_4_98_Si_C,82,0.12404249790996724,0.31571758069651323,0.46113241659463994,1.5959388780112893,2.8258544707262203,0.8293755909690977,3.2291060280539026,1.309002378492874
deepmd,dft/qsd/qsd_data.extxyz:498,qsd,coverage,CF3_20eV_4_98_Si_C,82,0.9255554030372213,6.420957988859309,0.5983475790618458,37.60454735994219,62.87001433122322,2.115177229349921,74.55931660882771,0.9349967502082542
deepmd,dft/qsd/qsd_data.extxyz:499,qsd,coverage,CF3_20eV_4_98_Si_C,82,5.032629184017821,35.9324064686369,4.1535207778950465,206.5318108991361,348.77436628705635,16.091369003858244,404.20138724472974,0.5609997821746454
deepmd,dft/qsd/qsd_data.extxyz:500,qsd,coverage,CF3_20eV_4_98_Si_C,82,11.248665738983338,80.60781923558483,10.566241634406722,454.19643876268543,788.0440990831958,18.25392614208228,924.243460481646,0.37399696803583704
deepmd,dft/qsd/qsd_data.extxyz:501,qsd,coverage,CF3_20eV_4_98_Si_C,82,136.37394903648243,983.6062046898766,92.8497371022768,5335.362375732306,9801.430570858764,206.84379508885112,11298.842331494494,0.18700281414994824
deepmd,dft/qsd/qsd_data.extxyz:502,qsd,coverage,CF3_20eV_4_98_Si_F,82,0.09371100217107527,0.1330679889557881,0.2665978981481196,0.4465124373043883,0.6027742232678048,0.41447272439055227,0.8264835798035443,1.5846581323742983
deepmd,dft/qsd/qsd_data.extxyz:503,qsd,coverage,CF3_20eV_4_98_Si_F,82,0.267381674879346,1.0714452684047444,0.5498116567936762,6.744943117473683,9.916742282679941,1.0107439916320013,12.626480889270637,1.1760035724860711
deepmd,dft/qsd/qsd_data.extxyz:504,qsd,coverage,CF3_20eV_4_98_Si_F,82,2.3793796396592017,17.012630204647266,1.228627326179503,95.33485550361009,163.88768549858455,3.7310223835851795,189.8346228894741,0.8399988402372951
deepmd,dft/qsd/qsd_data.extxyz:505,qsd,coverage,CF3_20eV_4_98_Si_F,82,16.69171358499664,131.48912372224007,4.274985470654749,724.9343629633189,1272.2656419980983,10.608262789994445,1466.1372846961756,0.5040027682463689
deepmd,dft/qsd/qsd_data.extxyz:506,qsd,coverage,CF3_20eV_4_98_Si_F,82,12.486746159677484,74.16640957229069,38.93999700816386,264.9894188955996,803.8972501188737,65.68821865879109,857.5996064041071,0.3359960720008509
deepmd,dft/qsd/qsd_data.extxyz:507,qsd,coverage,CF3_20eV_4_98_Si_F,82,222.6335666260432,1594.8415941611702,201.54036777900933,11763.213877435044,13193.19880846161,296.65440111480143,17701.685189391847,0.16799803600042348
deepmd,dft/qsd/qsd_data.extxyz:508,qsd,coverage,CF3_30eV_9_36_C_C,88,0.17318417787769516,0.40878816569579524,0.6082063576626254,2.099023763133017,2.886913631981283,1.0682060141606253,3.9970568605144967,1.2595609813740645
deepmd,dft/qsd/qsd_data.extxyz:509,qsd,coverage,CF3_30eV_9_36_C_C,88,0.22528942836139587,0.8728409053356943,0.6102736247343604,4.448898557485522,9.326972954179581,0.9905637050832732,10.526181160803858,1.2595609813740645
deepmd,dft/qsd/qsd_data.extxyz:510,qsd,coverage,CF3_30eV_9_36_C_C,88,2.235187781452853,13.509816114563542,1.4806285949096807,95.01802229177184,103.68198757458006,3.922695505059471,162.91926422314808,1.2595609813740645
deepmd,dft/qsd/qsd_data.extxyz:511,qsd,coverage,CF3_30eV_9_36_C_C,88,2.0355599559253013,11.287555795717928,2.8183802085245344,66.36149425868938,105.09768573168915,5.473111966524523,115.26567474288996,1.2595609813740645
deepmd,dft/qsd/qsd_data.extxyz:512,qsd,coverage,CF3_30eV_9_36_C_C,88,11.479815716048195,89.25783464383798,4.919630241377264,506.878704923107,916.8734117330756,7.332486741671134,1053.3662625558331,1.2595609813740645
deepmd,dft/qsd/qsd_data.extxyz:513,qsd,coverage,CF3_30eV_9_36_C_C,88,23.310922833341756,160.568285182888,22.200227249916992,863.3038078022482,1707.0294126932297,79.77286320773314,1913.2632903591225,1.2595609813740645
deepmd,dft/qsd/qsd_data.extxyz:514,qsd,coverage,CF3_30eV_9_36_C_C,88,39.798514582596134,180.0346010361782,194.47558350067942,938.1827804960433,1705.0232451152642,342.12567306503104,1943.231070097342,1.2530260676059377
deepmd,dft/qsd/qsd_data.extxyz:515,qsd,coverage,CF3_30eV_9_36_C_F,88,0.15923353334427862,0.33908223049373704,0.6286622099833308,1.8851833358536372,2.3513325157949048,1.294416159949506,2.793355826094807,1.2595609813740645
deepmd,dft/qsd/qsd_data.extxyz:516,qsd,coverage,CF3_30eV_9_36_C_F,88,2.517392436810916,17.734867192034137,1.0315615861048812,122.87417004457843,161.48241254605787,2.6692305048423908,205.7171530078447,1.2595609813740645
deepmd,dft/qsd/qsd_data.extxyz:517,qsd,coverage,CF3_30eV_9_36_C_F,88,3.9562814291069257,23.653703485331654,1.4657079208900359,153.85796340400694,175.11266947201133,2.1397327412442637,277.92596912003785,1.2595609813740645
deepmd,dft/qsd/qsd_data.extxyz:518,qsd,coverage,CF3_30eV_9_36_C_F,88,5.156246777916977,32.19745961289291,4.646212910659744,192.86965012065187,341.6380406683813,6.644832884757357,387.05405577879156,1.2595609813740645
deepmd,dft/qsd/qsd_data.extxyz:519,qsd,coverage,CF3_30eV_9_36_C_F,88,28.104022396834242,224.99259725872676,5.883006292564063,1292.3362351612295,2269.1643458418434,16.572666486051016,2614.726739147577,1.2595609813740645
deepmd,dft/qsd/qsd_data.extxyz:520,qsd,coverage,CF3_30eV_9_36_C_F,88,62.80612220707405,421.9438076506252,106.33968851232709,2388.5869974769917,4265.642248385994,183.22194495365736,5013.892141415895,1.2583719668285684
deepmd,dft/qsd/qsd_data.extxyz:521,qsd,coverage,CF3_30eV_9_36_F_C,88,0.059031121166958064,0.08525943840545949,0.16173849743447644,0.26104947818335467,0.4519424767795952,0.2530079892920855,0.48203452943793174,1.2595609813740645
deepmd,dft/qsd/qsd_data.extxyz:522,qsd,coverage,CF3_30eV_9_36_F_C,88,0.1386632416114949,0.4394700364213442,0.4054090283685744,2.274271665335986,4.719646093346924,0.645878749802797,5.60855377999323,1.2595609813740645
deepmd,dft/qsd/qsd_data.extxyz:523,qsd,coverage,CF3_30eV_9_36_F_C,88,2.261551267717019,16.48668382228453,1.5276391425754474,93.65035609566414,166.67921869389733,3.647584618218374,192.80477178829014,1.2595609813740645
deepmd,dft/qsd/qsd_data.extxyz:524,qsd,coverage,CF3_30eV_9_36_F_C,88,20.955993292709465,172.25588690992814,1.5240528975102412,998.0133654297194,1715.647217985734,2.531615057430937,1984.829245042481,1.2595609813740645
deepmd,dft/qsd/qsd_data.extxyz:525,qsd,coverage,CF3_30eV_9_36_F_C,88,45.80524186547416,377.58355187934507,4.7001031664071125,2173.8164115809777,3781.9738197514307,6.8822719443896005,4367.921825611606,1.2595609813740645
deepmd,dft/qsd/qsd_data.extxyz:526,qsd,coverage,CF3_30eV_9_36_F_F,88,0.06421745832877579,0.09989628021019255,0.1738544876656317,0.38126693228405495,0.5902115098505298,0.3366191151859969,0.6752177572069358,1.2595609813740645
deepmd,dft/qsd/qsd_data.extxyz:527,qsd,coverage,CF3_30eV_9_36_F_F,88,0.11687820372824025,0.3480857371289599,0.30126917381666857,1.9773834502460552,3.1498136644594723,0.46123751624604337,4.008749514361666,1.2595609813740645
deepmd,dft/qsd/qsd_data.extxyz:528,qsd,coverage,CF3_30eV_9_36_F_F,88,1.5615827128438278,11.741983324449444,0.4725712450161519,67.85396341595849,118.77054628592586,0.7131239792860375,138.01673450523302,1.2595609813740645
deepmd,dft/qsd/qsd_data.extxyz:529,qsd,coverage,CF3_30eV_9_36_F_F,88,9.99460124422328,81.99604720855493,0.8639276242130242,472.16663970963174,816.989877023738,1.8408518023492795,945.2308904498996,1.2595609813740645
deepmd,dft/qsd/qsd_data.extxyz:530,qsd,coverage,CF3_30eV_9_36_F_F,88,56.99392484843842,476.7770223182451,1.146211791955412,2732.8586106786674,4756.036088850298,2.0686572701926007,5489.77371052158,1.2595609813740645
deepmd,dft/qsd/qsd_data.extxyz:531,qsd,coverage,CF3_30eV_9_36_F_F,88,137.7370124865693,1150.6446949630024,2.549892779896703,6590.049134692739,11492.587209553254,5.3611321163019845,13260.164152398624,1.2595609813740645
deepmd,dft/qsd/qsd_data.extxyz:532,qsd,coverage,CF3_30eV_9_36_O_C,88,0.08895408178209982,0.1665230068365981,0.28707747673503237,0.7661075818569254,1.2301475694491417,0.5234953407888507,1.3504045063998467,1.2595609813740645
deepmd,dft/qsd/qsd_data.extxyz:533,qsd,coverage,CF3_30eV_9_36_O_C,88,0.17063543197866263,0.475898175003423,0.5671603863452142,2.5890231475540753,4.044925587871134,1.6479868363520012,5.038887848042353,0.9940006483398287
deepmd,dft/qsd/qsd_data.extxyz:534,qsd,coverage,CF3_30eV_9_36_O_C,88,2.05091344972958,15.127768779343112,1.4450332342512169,85.75048803337704,150.04070345422267,4.660047279663785,176.67070810399835,0.7100017002796539
deepmd,dft/qsd/qsd_data.extxyz:535,qsd,coverage,CF3_30eV_9_36_O_C,88,19.830755263948657,162.29518570141812,2.2723130760624777,928.3276760121895,1623.6677059816436,4.5046917478466915,1875.100668380994,0.4260027522211551
deepmd,dft/qsd/qsd_data.extxyz:536,qsd,coverage,CF3_30eV_9_36_O_C,88,36.65320806002721,297.0333829314062,7.0598087185483545,1795.0239053106623,2907.5132149634424,17.88454336462029,3419.874448600059,0.28399894806143233
deepmd,dft/qsd/qsd_data.extxyz:537,qsd,coverage,CF3_30eV_9_36_O_C,88,52.19509082954839,352.6680356058373,70.53944617843584,2648.578852696283,3118.920945091064,147.60459273466213,4288.685824553498,0.14200380417439676
deepmd,dft/qsd/qsd_data.extxyz:551,qsd,coverage,CF3_30eV_9_36_Si_F,88,0.26228269271438653,1.1598418190523605,0.45669823036530793,7.672135916979323,9.401118511616858,0.7096584766544174,13.332548127417322,1.2595609813740645
deepmd,dft/qsd/qsd_data.extxyz:552,qsd,coverage,CF3_30eV_9_36_Si_F,88,8.098989445787781,62.578449676007196,1.2705667008177477,455.44736091606626,559.0042102561383,2.0358685828383387,721.0079744054276,1.2595609813740645
deepmd,dft/qsd/qsd_data.extxyz:553,qsd,coverage,CF3_30eV_9_36_Si_F,88,7.67219820989988,51.6805486505101,0.5711048600977535,379.4447196437093,436.91171161368305,0.7416615635760064,602.2520451199806,1.1760035724860711
deepmd,dft/qsd/qsd_data.extxyz:554,qsd,coverage,CF3_30eV_9_36_Si_F,88,3.0201266137361658,16.843298229976813,1.4069375201350225,96.36381866324169,168.03412995643902,2.0601379397056614,191.56259133217537,0.8399988402372951
deepmd,dft/qsd/qsd_data.extxyz:555,qsd,coverage,CF3_30eV_9_36_Si_F,88,19.496316961207707,127.5023619739557,2.924242405514117,710.7688108715737,1264.7868360436648,4.0587061009396095,1462.216306957435,0.5040027682463689
deepmd,dft/qsd/qsd_data.extxyz:556,qsd,coverage,CF3_30eV_9_36_Si_F,88,39.91536390042136,281.4927160291559,11.996536671690366,1593.4172569337684,2802.8332876583604,21.387990211853758,3236.079450639774,0.33599607200085
deepmd,dft/qsd/qsd_data.extxyz:557,qsd,coverage,CF3_30eV_9_36_Si_F,88,513.5395283980357,3490.129094821921,412.244608499159,17184.800895706874,34856.202418165165,852.357694532319,40091.244904766194,0.16799803600042348
deepmd,dft/qsd/qsd_data.extxyz:575,qsd,coverage,CF3_30eV_9_9_O_F,105,0.07759147260611039,0.11632568626678597,0.22911913880847196,0.374463327187978,0.7350808426815272,0.34175961487963064,0.9330368167578034,1.5826712245757153
deepmd,dft/qsd/qsd_data.extxyz:576,qsd,coverage,CF3_30eV_9_9_O_F,105,0.11914556805660349,0.31468035531569155,0.3943265208584014,1.096671811024834,3.3409806729529237,0.6713973170408929,3.591519929059766,1.2299989203653803
deepmd,dft/qsd/qsd_data.extxyz:577,qsd,coverage,CF3_30eV_9_9_O_F,105,0.35960721407858465,2.141215327694063,0.4746658110979888,9.74887911519546,25.231065002140085,0.6726164765688258,29.346421496501883,0.8610018423325219
deepmd,dft/qsd/qsd_data.extxyz:578,qsd,coverage,CF3_30eV_9_9_O_F,105,5.7321057634028065,50.34184961413862,0.9473310656009452,270.81468538390465,550.2615807218588,1.6660311273196275,633.2441741932803,0.6150037903135221
deepmd,dft/qsd/qsd_data.extxyz:579,qsd,coverage,CF3_30eV_9_9_O_F,105,33.78079670548392,303.9095919061689,2.0406547840606444,1639.543943493233,3306.1847341444313,3.169258747702013,3830.3975509216566,0.3689970780372108
deepmd,dft/qsd/qsd_data.extxyz:580,qsd,coverage,CF3_30eV_9_9_O_F,105,123.29795939124527,1078.3701988539565,22.653392832410987,5897.689239917132,11694.241501916857,34.85333290438849,13534.986569922732,0.2459980520248069
deepmd,dft/qsd/qsd_data.extxyz:581,qsd,coverage,CF3_30eV_9_9_Si_C,105,0.13084919116258223,0.31499147008471096,0.40746372032790923,1.5459206363414069,2.693082617788672,0.6001633815779795,3.7478127798287737,1.5826712245757153
deepmd,dft/qsd/qsd_data.extxyz:582,qsd,coverage,CF3_30eV_9_9_Si_C,105,14.337629309421803,116.36936356418984,0.9936761980678709,521.911733906243,1313.9456567577586,2.04352455356198,1462.1931363324607,1.5826712245757153
deepmd,dft/qsd/qsd_data.extxyz:583,qsd,coverage,CF3_30eV_9_9_Si_C,105,15.745325166382074,134.83390386061228,1.022085338928603,651.9986419917655,1518.2522941805548,1.6928583066939789,1692.9745516989926,1.309002378492874
deepmd,dft/qsd/qsd_data.extxyz:584,qsd,coverage,CF3_30eV_9_9_Si_C,105,3.5582727581530746,21.894358822807522,0.5585062800671708,106.19632252230825,209.82233324786256,0.8580433302362824,225.10249239530046,0.9349967502082542
deepmd,dft/qsd/qsd_data.extxyz:585,qsd,coverage,CF3_30eV_9_9_Si_C,105,22.169666050065867,153.31530770169564,1.7932417881533784,706.7481416420572,1696.0610040985823,2.8761610854606303,1901.7595043183435,0.5609997821746454
deepmd,dft/qsd/qsd_data.extxyz:586,qsd,coverage,CF3_30eV_9_9_Si_C,105,40.91288892586234,271.01877205200816,15.991121885408754,1738.2622115125098,2411.861839729599,21.677924601219747,3395.826620843789,0.37399696803583704
deepmd,dft/qsd/qsd_data.extxyz:587,qsd,coverage,CF3_30eV_9_9_Si_C,105,116.54703954835831,627.3114413330604,174.07460256975557,3008.5522452989185,6601.497268999192,369.79747313036717,7222.190191325316,0.18700281414994824
deepmd,dft/qsd/qsd_data.extxyz:632,qsd,coverage,CF_10eV_4_37_C_F,108,0.209690984480876,0.43374397589996444,0.7762760593543959,2.0640560222756577,3.35614830468203,1.160190331045894,4.3746045369358395,1.371796809662423
deepmd,dft/qsd/qsd_data.extxyz:633,qsd,coverage,CF_10eV_4_37_C_F,108,0.4260669626339766,2.0202148790287286,0.9130836316121701,13.140838561306929,18.777943877424136,1.3851017326320383,26.049697589977157,1.371796809662423
deepmd,dft/qsd/qsd_data.extxyz:634,qsd,coverage,CF_10eV_4_37_C_F,108,1.3224435125989018,7.498224533449284,0.946503467327059,53.21019869051452,67.57893182433682,1.731597360560311,98.24637371817136,1.371796809662423
deepmd,dft/qsd/qsd_data.extxyz:635,qsd,coverage,CF_10eV_4_37_C_F,108,3.8486448820242534,28.909358748285133,1.1357664430381023,152.68586149667763,336.55258120221407,2.2478695909845237,383.46822528991555,1.371796809662423
deepmd,dft/qsd/qsd_data.extxyz:636,qsd,coverage,CF_10eV_4_37_C_F,108,22.658351844275188,201.12399287232188,3.695975121632568,991.7262787088191,2250.680185227488,8.325811282711175,2582.787730713285,1.371796809662423
deepmd,dft/qsd/qsd_data.extxyz:637,qsd,coverage,CF_10eV_4_37_C_F,108,49.97693740764276,412.61495964288184,23.249729720360126,2212.0142706224733,4473.459150057389,50.56521540633008,5264.82626260278,1.371796809662423
deepmd,dft/qsd/qsd_data.extxyz:660,qsd,coverage,CF_10eV_4_37_Si_F,108,0.1612262256238954,0.25111889538433585,0.5818906148660722,0.8589150128891674,1.285921417105008,0.8310288521107875,1.3522599882199469,1.371796809662423
deepmd,dft/qsd/qsd_data.extxyz:661,qsd,coverage,CF_10eV_4_37_Si_F,108,0.1490444398343835,0.22332727997897145,0.49981416185485206,0.7728910471611564,1.0331261380298926,0.7286708542555101,1.3344904501393449,1.1760035724860711
deepmd,dft/qsd/qsd_data.extxyz:662,qsd,coverage,CF_10eV_4_37_Si_F,108,1.5472031163424769,12.339491588385467,0.8680496532753507,60.92056332187966,135.46002093015562,1.484748329210367,158.75440910484278,0.8399988402372921
deepmd,dft/qsd/qsd_data.extxyz:663,qsd,coverage,CF_10eV_4_37_Si_F,108,13.2788350985886,119.53407465987642,1.4694562914475362,589.4447093519377,1321.2436414723834,6.546968099804458,1524.9329351408528,0.5040027682463658
deepmd,dft/qsd/qsd_data.extxyz:674,qsd,coverage,CF_10eV_4_39_F_C,109,0.09672167076846933,0.1415112391915136,0.29814073098238175,0.492914150757702,0.6285189876239605,0.4905975649685223,0.7119474053713509,1.3097513380409276
deepmd,dft/qsd/qsd_data.extxyz:675,qsd,coverage,CF_10eV_4_39_F_C,109,0.16153960618111476,0.3913904693245822,0.43465814397067926,2.0938473994385145,2.9328568481503297,0.6886918911987004,4.341553006523508,1.3097513380409276
deepmd,dft/qsd/qsd_data.extxyz:676,qsd,coverage,CF_10eV_4_39_F_C,109,2.610599375831124,21.455888283609763,0.5982199227896098,101.28104302481347,238.33803332168407,0.9158728257739474,278.15412114545217,1.3097513380409276
deepmd,dft/qsd/qsd_data.extxyz:677,qsd,coverage,CF_10eV_4_39_F_C,109,18.15085052553376,165.5738336993211,0.9160007721371661,782.3522008032721,1834.4863318641621,1.3520047671348019,2120.3729079696627,1.3097513380409276
deepmd,dft/qsd/qsd_data.extxyz:731,qsd,coverage,CF_10eV_4_54_C_C,105,0.12411261340360448,0.19340211380317407,0.44240458282141254,0.6688034240625442,0.9671629307282082,0.6121105467532372,1.0085555932672614,1.5765943405644969
deepmd,dft/qsd/qsd_data.extxyz:732,qsd,coverage,CF_10eV_4_54_C_C,105,0.5945558513105795,3.84388528699487,0.8022187792441805,18.862970572418106,44.571367507567885,1.424350738357102,50.6090360614951,1.5765943405644969
deepmd,dft/qsd/qsd_data.extxyz:733,qsd,coverage,CF_10eV_4_54_C_C,105,9.12476804712246,81.27980063440096,0.9703103918268937,445.5470162665638,882.9111140149532,1.6862275835066727,1023.1135887047961,1.5765943405644969
deepmd,dft/qsd/qsd_data.extxyz:757,qsd,coverage,CF_10eV_4_54_Si_C,105,0.14092687568720894,0.22493466090623163,0.4608356514756326,0.9562117077557943,1.0219768007953092,0.8798631565403877,1.3910787022457811,1.5765943405644969
deepmd,dft/qsd/qsd_data.extxyz:758,qsd,coverage,CF_10eV_4_54_Si_C,105,0.1570731799810109,0.2746755189443971,0.5286925945182035,1.0434145568509632,2.498121074045301,0.8261465038469576,2.5846958785576697,1.3090023784928768
deepmd,dft/qsd/qsd_data.extxyz:759,qsd,coverage,CF_10eV_4_54_Si_C,105,0.8210062107626457,5.553553536654398,0.7159955245888372,26.017478428770772,61.80133617609488,1.3258187342943102,69.45466829171795,0.9349967502082552
deepmd,dft/qsd/qsd_data.extxyz:760,qsd,coverage,CF_10eV_4_54_Si_C,105,5.3714934235672045,44.44694998315487,1.8495344460629406,225.98218242535134,496.45744390775883,4.454572213656222,573.9849142733905,0.5609997821746454
deepmd,dft/qsd/qsd_data.extxyz:790,qsd,coverage,CF_10eV_4_5_O_F,104,0.11930091558198154,0.18726551167635772,0.3687650800813957,0.7705233286756235,1.1284734790570283,0.5891159781767416,1.4045205247287127,1.1995447063782159
deepmd,dft/qsd/qsd_data.extxyz:791,qsd,coverage,CF_10eV_4_5_O_F,104,0.40347826187569735,1.8390712963029205,0.857012892934572,10.597727288733747,20.180124710150537,1.378244454496104,23.306737253377,0.8609931820868285
deepmd,dft/qsd/qsd_data.extxyz:792,qsd,coverage,CF_10eV_4_5_O_F,104,5.646650165353985,48.434937945299545,0.6326241631437617,267.3188644613507,524.2031092372521,1.082519481866032,610.5311466384134,0.6149951300620208
deepmd,dft/qsd/qsd_data.extxyz:793,qsd,coverage,CF_10eV_4_5_O_F,104,34.34781152591322,303.79269949605646,2.1695008654283137,1722.6860230600478,3274.298244807576,3.5451175310664693,3801.339435633884,0.3689970780372108
deepmd,dft/qsd/qsd_data.extxyz:889,qsd,coverage,CF_10eV_4_93_O_C,103,19.04627796753836,134.8011086597013,6.787982861378021,971.0655296779132,1185.73227697091,13.742211877118995,1699.4284605925336,0.35439412777302026
deepmd,dft/qsd/qsd_data.extxyz:890,qsd,coverage,CF_10eV_4_93_O_C,103,25.429515256873778,177.1572422183601,18.307857478468947,928.5001419077428,1896.5532773954783,39.60827279069098,2224.295208210856,0.31560720048820157
deepmd,dft/qsd/qsd_data.extxyz:891,qsd,coverage,CF_10eV_4_93_O_C,103,130.89244430391986,927.6870001170555,54.53670292213826,4229.307281740491,10244.270640325256,93.1013664759935,11381.469326616874,0.28426472345333376
deepmd,dft/qsd/qsd_data.extxyz:892,qsd,coverage,CF_10eV_4_93_O_C,103,108.51999783191852,709.5216773727528,63.362071997078594,4169.453685627692,7162.405996736141,70.79624276631586,7279.021855564839,0.2583964142553063
deepmd,dft/qsd/qsd_data.extxyz:963,qsd,coverage,CF_10eV_4_98_F_F,100,0.11191591877302284,0.17858506842462266,0.409464635114746,0.667626609688837,0.8920462969036103,0.6205309760945958,1.1103501406930947,1.2757015281404969
deepmd,dft/qsd/qsd_data.extxyz:964,qsd,coverage,CF_10eV_4_98_F_F,100,0.1265213069101624,0.2643523189390284,0.4016048217869262,1.0820071528246438,2.481752650604248,0.676114026116786,2.8383859283233894,1.2757015281404969
deepmd,dft/qsd/qsd_data.extxyz:965,qsd,coverage,CF_10eV_4_98_F_F,100,1.3826158831003523,10.645057691819293,0.5931285493082358,62.70213960621705,115.54469322795808,0.9615987481057441,134.91918553607542,1.2757015281404969
deepmd,dft/qsd/qsd_data.extxyz:966,qsd,coverage,CF_10eV_4_98_F_F,100,8.82909342106449,76.40951169214945,0.8205184063628114,464.50853119032877,811.1648902472723,1.2689409728533378,936.6778234058442,1.2757015281404969
deepmd,dft/qsd/qsd_data.extxyz:967,qsd,coverage,CF_10eV_4_98_F_F,100,49.78568931926652,444.5506457174701,0.9262646473781785,2703.969806783435,4726.0679789886135,2.7372808736994116,5448.390137298388,1.2757015281404969
deepmd,dft/qsd/qsd_data.extxyz:1006,qsd,coverage,CF_20eV_2_32_O_F,103,0.1465018487861033,0.22267116098465806,0.5321959742346758,0.7278130813685851,0.9849791771701947,0.7505767396310113,1.3978209730076978,1.1673245965882841
deepmd,dft/qsd/qsd_data.extxyz:1007,qsd,coverage,CF_20eV_2_32_O_F,103,0.16001949915601982,0.31202263572101807,0.5261365094157944,1.6003970214342886,2.2169489447967194,1.3956678042060353,2.9007005379366806,1.1673245965882841
deepmd,dft/qsd/qsd_data.extxyz:1008,qsd,coverage,CF_20eV_2_32_O_F,103,0.3617042484531159,1.7296429813512697,0.6793630941235904,8.481614455868076,19.972647747094655,1.3026911387477416,23.186635419405977,0.861001842332521
deepmd,dft/qsd/qsd_data.extxyz:1009,qsd,coverage,CF_20eV_2_32_O_F,103,5.776672588915914,49.33958494027331,1.0609131313626556,275.2461784969749,533.5378860529125,1.905168691104952,618.9333076148107,0.6150037903135221
deepmd,dft/qsd/qsd_data.extxyz:1010,qsd,coverage,CF_20eV_2_32_O_F,103,34.3655139911053,308.5005232169377,1.3240569229920958,1771.8315559231032,3320.0379164439696,1.8574747434357706,3837.3194053947987,0.3690057383022674
deepmd,dft/qsd/qsd_data.extxyz:1032,qsd,coverage,CF_20eV_2_52_F_F,93,0.11831749066186889,0.194784428202773,0.44623420114931767,0.7742603873393303,0.9919915844589602,0.758656388914692,1.00656656596246,1.240891345968694
deepmd,dft/qsd/qsd_data.extxyz:1033,qsd,coverage,CF_20eV_2_52_F_F,93,0.16392092666711447,0.3672650615444564,0.6040929907242579,1.526543033406751,2.9834011827344824,1.1436317969565406,3.3265276767023946,1.240891345968694
deepmd,dft/qsd/qsd_data.extxyz:1034,qsd,coverage,CF_20eV_2_52_F_F,93,1.532541921474269,11.51941431708156,0.7007649511373825,68.69234551298725,119.95326788037488,0.865284266972242,140.41677260663212,1.240891345968694
deepmd,dft/qsd/qsd_data.extxyz:1035,qsd,coverage,CF_20eV_2_52_F_F,93,9.645129447703901,80.70173521155347,1.04544922180373,482.49822191207346,823.4732576674114,1.745509268435469,953.9887303904139,1.240891345968694
deepmd,dft/qsd/qsd_data.extxyz:1036,qsd,coverage,CF_20eV_2_52_F_F,93,52.07167310450318,448.1945032074918,0.8918305807733135,2646.009097831967,4585.322572469788,1.6453251557520345,5293.7709030879305,1.240891345968694
deepmd,dft/qsd/qsd_data.extxyz:1052,qsd,coverage,CF_20eV_2_52_Si_F,93,0.2342706508866664,0.7566347775873027,0.5243872159114625,5.385053591380833,7.04092083685002,0.7463147788696008,9.156194438660682,1.240891345968694
deepmd,dft/qsd/qsd_data.extxyz:1053,qsd,coverage,CF_20eV_2_52_Si_F,93,7.1028080623385765,52.20526715275626,0.8136846604987333,298.8380699364828,526.6247714317186,1.1521694811328946,618.2376454135323,1.240891345968694
deepmd,dft/qsd/qsd_data.extxyz:1054,qsd,coverage,CF_20eV_2_52_Si_F,93,6.080778764060541,42.96899285507914,0.9639217780443602,275.15215661947957,417.68891448885967,1.128496778137809,516.1648414608086,1.1759949122338913
deepmd,dft/qsd/qsd_data.extxyz:1055,qsd,coverage,CF_20eV_2_52_Si_F,93,2.7749839682138955,15.332260837830347,1.0551402769555343,88.12246233949551,154.66567237437152,1.6966911307501475,181.90163063969848,0.8399988402372951
deepmd,dft/qsd/qsd_data.extxyz:1056,qsd,coverage,CF_20eV_2_52_Si_F,93,18.705075208689482,133.21446651038886,2.5891099975475913,763.6574358584779,1361.6708283355665,3.794736638366564,1577.9033418364686,0.5040027682463658
deepmd,dft/qsd/qsd_data.extxyz:1069,qsd,coverage,CF_20eV_2_54_F_C,94,0.1230587763367982,0.1920746249581217,0.39141654217807564,0.7269722097529626,0.9794500557253142,0.7376736452203977,1.033939563406916,1.228183400718312
deepmd,dft/qsd/qsd_data.extxyz:1070,qsd,coverage,CF_20eV_2_54_F_C,94,0.1915018041056648,0.4605199601797399,0.6237631665988094,2.427941170308847,4.202323020330944,1.0410895961888154,5.137958989686399,1.228183400718312
deepmd,dft/qsd/qsd_data.extxyz:1071,qsd,coverage,CF_20eV_2_54_F_C,94,2.837426191861737,21.935476890315933,0.8359077785593727,137.7299184314092,219.21577639602276,1.3030640805885565,262.28666860244505,1.228183400718312
deepmd,dft/qsd/qsd_data.extxyz:1072,qsd,coverage,CF_20eV_2_54_F_C,94,21.73791414533721,186.1488624647499,0.957778037782662,1104.3731558425586,1929.88049284871,1.5883895196619864,2223.1660692133178,1.228183400718312
deepmd,dft/qsd/qsd_data.extxyz:1078,qsd,coverage,CF_20eV_2_54_O_C,94,3.2626006078552425,21.793557580356932,3.8867477198648506,169.3143260733606,194.2802884212072,6.896157077300546,264.21042752459914,0.7219346193388984
deepmd,dft/qsd/qsd_data.extxyz:1079,qsd,coverage,CF_20eV_2_54_O_C,94,6.595888383523779,40.64277556457806,4.901027552039099,222.38280544473935,377.9024156324134,8.850124507415401,482.5199519160958,0.6129488966463679
deepmd,dft/qsd/qsd_data.extxyz:1080,qsd,coverage,CF_20eV_2_54_O_C,94,3.6964689573119585,21.241748878052192,1.587857623399272,152.4791690252259,186.91494062634683,4.9307621708532885,242.04717912654155,0.7701740485760341
deepmd,dft/qsd/qsd_data.extxyz:1081,qsd,coverage,CF_20eV_2_54_O_C,94,5.205878913151782,25.265384604316083,3.1454954154907284,148.08080745147305,193.55293217972877,18.179103614573133,252.9202111641365,0.7100017002796531
deepmd,dft/qsd/qsd_data.extxyz:1082,qsd,coverage,CF_20eV_2_54_O_C,94,24.901738793754152,169.38654590882706,4.364018179314966,942.2075073088386,1713.909081464598,20.258642729126535,1968.6829312909451,0.4259940919778134
deepmd,dft/qsd/qsd_data.extxyz:1147,qsd,coverage,CF_20eV_2_76_C_F,96,0.1283873619067118,0.2045960050991393,0.43542310982396487,0.7588409966996361,1.1640562237520218,0.7312105513766092,1.5926541608547777,1.2835795392962583
deepmd,dft/qsd/qsd_data.extxyz:1148,qsd,coverage,CF_20eV_2_76_C_F,96,0.22511583388610173,0.6509807616093346,0.6677152290553183,4.229777377240438,5.599993203272172,1.6234883712666845,5.769301220675414,1.2835795392962583
deepmd,dft/qsd/qsd_data.extxyz:1149,qsd,coverage,CF_20eV_2_76_C_F,96,3.730033573575786,30.455583787988832,0.8165039540089634,169.42361155810272,322.6435304691623,2.423159896690071,366.89453030111315,1.2835795392962583
deepmd,dft/qsd/qsd_data.extxyz:1150,qsd,coverage,CF_20eV_2_76_C_F,96,24.087396608664804,206.68381196754015,1.8962037686849076,1227.6814952133368,2147.385783114073,3.4296343149279265,2489.361561733099,1.2835795392962583
deepmd,dft/qsd/qsd_data.extxyz:1151,qsd,coverage,CF_20eV_2_76_C_F,96,48.2277411488503,400.93506856367264,8.991306903947947,2805.9925217029613,3907.623169283007,22.069933772004337,4812.636001624175,1.2835795392962583
deepmd,dft/qsd/qsd_data.extxyz:1187,qsd,coverage,CF_20eV_2_79_C_C,94,0.11801044133506695,0.18388553329318913,0.3854500401771693,0.7341937440858458,0.9269007810538411,0.6853499044273429,1.0639809474064923,1.306619940839722
deepmd,dft/qsd/qsd_data.extxyz:1188,qsd,coverage,CF_20eV_2_79_C_C,94,0.5824150268893162,3.630503860141016,0.6632706340099815,18.221961185810905,40.18472482349776,1.2837952812741196,43.8935504025666,1.306619940839722
deepmd,dft/qsd/qsd_data.extxyz:1189,qsd,coverage,CF_20eV_2_79_C_C,94,10.799560375417814,89.18113976919429,2.2503650148135925,554.254145897474,905.6406051559782,7.236792315584337,1060.0319329305978,1.306619940839722
deepmd,dft/qsd/qsd_data.extxyz:1190,qsd,coverage,CF_20eV_2_79_C_C,94,9.139778588445274,46.34102865915327,24.469626487208554,236.38068152012127,456.94159535028075,70.88583785046879,561.7348181136076,1.306619940839722
deepmd,dft/qsd/qsd_data.extxyz:1191,qsd,coverage,CF_20eV_2_79_C_C,94,485.63302371975647,3436.899092821562,340.3492466298552,26560.945545382165,31996.525265236574,1051.3003045624807,41756.600475498424,1.306619940839722
deepmd,dft/qsd/qsd_data.extxyz:1213,qsd,coverage,CF_20eV_2_79_Si_C,94,0.132555545836704,0.19682033938878868,0.38815020869438366,0.6234902947476623,1.3239560350208284,0.672779815554505,1.3436521187346149,1.306619940839722
deepmd,dft/qsd/qsd_data.extxyz:1214,qsd,coverage,CF_20eV_2_79_Si_C,94,0.14909976207714282,0.2520720341582249,0.5283273024923025,0.9523999393381719,1.690860954081117,0.8214333598523114,2.082829080758961,1.306619940839722
deepmd,dft/qsd/qsd_data.extxyz:1215,qsd,coverage,CF_20eV_2_79_Si_C,94,0.9555897085364647,6.423770749283038,1.2146802035229047,38.480948393589365,67.43142780787886,2.182955267376575,78.92879793453623,0.9350054104656311
deepmd,dft/qsd/qsd_data.extxyz:1216,qsd,coverage,CF_20eV_2_79_Si_C,94,5.801074723785519,46.169104829823866,2.4314287070270253,281.73263344778616,470.10451225637104,5.3638789468842365,548.0095232586604,0.5609997821746454
deepmd,dft/qsd/qsd_data.extxyz:1237,qsd,coverage,CF_30eV_18_12_F_F,89,0.12886543521010177,0.19744197588220272,0.4143191172796724,0.7744315602838531,0.9488359454144759,0.6192864866890391,1.3518227067850728,1.1728677049437417
deepmd,dft/qsd/qsd_data.extxyz:1238,qsd,coverage,CF_30eV_18_12_F_F,89,0.26192995687481635,0.8523809994286469,0.5420656620082883,5.200498827063041,6.625640843037125,0.7076420963391434,10.073580598811612,1.1728677049437417
deepmd,dft/qsd/qsd_data.extxyz:1239,qsd,coverage,CF_30eV_18_12_F_F,89,1.977597955061072,13.50784437648023,0.5723715884812108,78.28428249007723,146.1372216851495,0.8316758779867677,167.4939580087086,1.1728677049437417
deepmd,dft/qsd/qsd_data.extxyz:1240,qsd,coverage,CF_30eV_18_12_F_F,89,11.093856042950502,89.59339803590437,1.554520095879866,516.1969900003293,914.0415331140837,1.8180300275242538,1051.9240401689435,1.1728677049437417
deepmd,dft/qsd/qsd_data.extxyz:1241,qsd,coverage,CF_30eV_18_12_F_F,89,53.49109304087644,447.0377488898552,1.066912252412444,2567.399307044203,4502.7674689515,1.6157723440379965,5187.999366596251,1.1728677049437417
deepmd,dft/qsd/qsd_data.extxyz:1242,qsd,coverage,CF_30eV_18_12_F_F,89,132.86564878988543,1105.1639972164635,6.649330245356309,6302.1329007161885,11150.50979029098,10.540519795908851,12819.755960783641,1.1728677049437417
deepmd,dft/qsd/qsd_data.extxyz:1292,qsd,coverage,CF_30eV_18_13_Si_C,89,0.13526400694736843,0.20536178152031534,0.4675192052613165,0.6963365446225369,1.1222069838468804,0.6973157761874753,1.2256965636408297,1.1698880128456748
deepmd,dft/qsd/qsd_data.extxyz:1293,qsd,coverage,CF_30eV_18_13_Si_C,89,0.5771396103786494,3.667546066128344,0.4783765675805351,20.79893672823049,37.83108321949592,0.7566892127225412,43.60247742647117,0.9350054104656303
deepmd,dft/qsd/qsd_data.extxyz:1294,qsd,coverage,CF_30eV_18_13_Si_C,89,6.828465904753143,55.523851639241116,1.1490775006988814,321.73585078495205,557.1201975369302,2.191415020760524,644.3320784749757,0.5609997821746454
deepmd,dft/qsd/qsd_data.extxyz:1295,qsd,coverage,CF_30eV_18_13_Si_F,89,0.125706271932696,0.18630707452542092,0.41767576855913024,0.5781075127572988,0.8630384107423179,0.6204891695037517,1.0190153519027423,1.1698880128456748
deepmd,dft/qsd/qsd_data.extxyz:1296,qsd,coverage,CF_30eV_18_13_Si_F,89,0.16166299151316046,0.2541719583754545,0.5500892190702944,0.944048188782442,1.0906471523360703,0.9534892217196954,1.5674018017909148,1.1698880128456748
deepmd,dft/qsd/qsd_data.extxyz:1297,qsd,coverage,CF_30eV_18_13_Si_F,89,1.872937812828963,14.428537281597727,0.5774121318509936,81.30304730069297,147.1203744625834,1.1088250814390446,168.28875063833084,0.8399988402372951
deepmd,dft/qsd/qsd_data.extxyz:1298,qsd,coverage,CF_30eV_18_13_Si_F,89,14.99886393160555,123.78848921727511,0.8659669172074747,709.8624237892003,1254.667167561916,1.687097878703211,1446.6932242622706,0.5040027682463658
deepmd,dft/qsd/qsd_data.extxyz:1299,qsd,coverage,CF_30eV_18_3_C_C,102,0.09779046153826565,0.15458437123666893,0.2666314584802371,0.5671603216713409,0.990677475893557,0.3952352647259378,1.4354884878620684,1.1431451005449835
deepmd,dft/qsd/qsd_data.extxyz:1300,qsd,coverage,CF_30eV_18_3_C_C,102,0.4541714486836374,3.0825725142511744,0.2849579610405248,16.01056960823658,34.61651668932353,0.413848747492061,39.80711895961173,1.1431451005449835
deepmd,dft/qsd/qsd_data.extxyz:1301,qsd,coverage,CF_30eV_18_3_C_C,102,10.231964514738106,88.53177034577764,1.2917215389191397,521.2793861164525,953.8465346686919,1.8922710405619392,1105.8332303935374,1.1431451005449835
deepmd,dft/qsd/qsd_data.extxyz:1302,qsd,coverage,CF_30eV_18_3_C_C,102,5.996638305051529,27.338276998516427,16.303775429232836,182.76840354210773,278.5928814097547,22.045254146510374,338.49925477057803,1.1431451005449835
deepmd,dft/qsd/qsd_data.extxyz:1303,qsd,coverage,CF_30eV_18_3_C_C,102,80.25877070175808,622.1461641526757,99.23164470433665,1621.8010377582555,7575.607427156219,120.15468765472818,8114.385778161057,1.1431451005449835
deepmd,dft/qsd/qsd_data.extxyz:1304,qsd,coverage,CF_30eV_18_3_C_F,102,0.09774998742530525,0.13888983085766066,0.2789769439090323,0.4881281638920403,0.6365525638963581,0.4549809040944026,0.7957986625695991,1.1431451005449835
deepmd,dft/qsd/qsd_data.extxyz:1305,qsd,coverage,CF_30eV_18_3_C_F,102,0.10690370546902142,0.16914921346428644,0.2888555876102208,0.6884918754567121,1.0189568824197046,0.6181683605043448,1.1558770329577375,1.1431451005449835
deepmd,dft/qsd/qsd_data.extxyz:1306,qsd,coverage,CF_30eV_18_3_C_F,102,2.805807332595447,23.804966432725166,0.6066292378813698,133.9060308244272,257.37817296481717,0.8285124075710056,295.4594173855714,1.1431451005449835
deepmd,dft/qsd/qsd_data.extxyz:1307,qsd,coverage,CF_30eV_18_3_C_F,102,21.59625028497605,192.0450874883988,0.9128239155680165,1115.8871901561838,2073.1678150859625,2.5077285024542078,2393.4602234647537,1.1431451005449835
deepmd,dft/qsd/qsd_data.extxyz:1308,qsd,coverage,CF_30eV_18_3_C_F,102,13.345253014896967,59.12505028306512,29.91302094463319,374.39765950331855,561.3775559887326,44.57212233981621,819.0839175332536,1.1431451005449835
deepmd,dft/qsd/qsd_data.extxyz:1309,qsd,coverage,CF_30eV_18_3_F_C,102,0.08675257367978252,0.11710198172185182,0.23305780395660058,0.3264099591690773,0.5818752973190215,0.37591438968123175,0.6077728788016554,1.1431451005449835
deepmd,dft/qsd/qsd_data.extxyz:1310,qsd,coverage,CF_30eV_18_3_F_C,102,0.169460596394952,0.4700480562012099,0.4287155975726964,2.07945784677052,5.188642431040293,0.5911567825249036,6.149528960020973,1.1431451005449835
deepmd,dft/qsd/qsd_data.extxyz:1311,qsd,coverage,CF_30eV_18_3_F_C,102,2.105384469179377,16.362430680811322,0.8896948255533108,94.97818611655391,178.2502161380262,2.575224063449745,205.7428145269062,1.1431451005449835
deepmd,dft/qsd/qsd_data.extxyz:1312,qsd,coverage,CF_30eV_18_3_F_C,102,19.183492307915753,170.18927317825663,1.5570926112515129,1000.0685689753038,1825.6617476320046,2.957519143101122,2108.430152489947,1.1431451005449835
deepmd,dft/qsd/qsd_data.extxyz:1313,qsd,coverage,CF_30eV_18_3_F_C,102,51.80046967501837,465.62482627136035,1.326155389426083,2737.7135299347465,4993.006720942846,2.1815313353250585,5767.693569684475,1.1431451005449835
deepmd,dft/qsd/qsd_data.extxyz:1320,qsd,coverage,CF_30eV_18_3_O_C,102,0.08714182458533251,0.12771085988168054,0.2534683465331036,0.4468141606839305,0.7432806137299917,0.4088193536887855,0.9042323123557405,1.1431451005449835
deepmd,dft/qsd/qsd_data.extxyz:1321,qsd,coverage,CF_30eV_18_3_O_C,102,0.17692946637432264,0.3807052133595815,0.5120799815968895,1.9491696707833837,2.7621624016053534,0.9147609955900937,4.015561691832503,0.9940006483398287
deepmd,dft/qsd/qsd_data.extxyz:1322,qsd,coverage,CF_30eV_18_3_O_C,102,2.0175743791727956,16.36963012759157,0.6649576511565521,96.13042727334499,177.4186947743462,0.9088587064080087,204.07035060863095,0.7100017002796539
deepmd,dft/qsd/qsd_data.extxyz:1323,qsd,coverage,CF_30eV_18_3_O_C,102,19.235238377455108,169.49633474994573,1.7073227623180376,998.021165014177,1818.2893524802691,2.5991512778755994,2109.262101142207,0.4260027522211551
deepmd,dft/qsd/qsd_data.extxyz:1324,qsd,coverage,CF_30eV_18_3_O_C,102,32.165109744781184,288.07663645761585,1.7462923180411907,1673.2138141925875,3102.503009794797,2.577178314696328,3571.441072181146,0.28399894806143233
deepmd,dft/qsd/qsd_data.extxyz:1325,qsd,coverage,CF_30eV_18_3_O_C,102,120.05121150486801,1026.4665685134698,76.42032567765273,3903.9634249916808,12095.281870090459,142.7107892594993,12919.566079428057,0.14200380417439765
deepmd,dft/qsd/qsd_data.extxyz:1326,qsd,coverage,CF_30eV_18_3_O_F,102,0.10169567713675456,0.1485883828374658,0.2734775680944696,0.5980486751170073,0.7690269602548778,0.4148712961914675,1.0231586109012787,1.1431451005449835
deepmd,dft/qsd/qsd_data.extxyz:1327,qsd,coverage,CF_30eV_18_3_O_F,102,0.1309614186249893,0.27792751105356794,0.3267428970428473,1.1563963837856461,2.5029642166469017,0.5354933145353536,2.9866497963621064,1.1431451005449835
deepmd,dft/qsd/qsd_data.extxyz:1328,qsd,coverage,CF_30eV_18_3_O_F,102,0.41139242540060555,2.472250581435089,0.38994971879461965,13.867663432977876,27.50154906908763,0.5920733129682356,32.17977329861619,0.8610018423325219
deepmd,dft/qsd/qsd_data.extxyz:1329,qsd,coverage,CF_30eV_18_3_O_F,102,6.1308744207823125,52.92215200301162,0.6185317703597661,311.56799265220104,567.4991973226164,1.0271595768690933,655.0779212455712,0.6150037903135221
deepmd,dft/qsd/qsd_data.extxyz:1330,qsd,coverage,CF_30eV_18_3_O_F,102,36.2318629740728,321.8678930928751,2.613927578520694,1895.437988978879,3456.074197521096,3.2025968960033797,3996.022263670436,0.3689970780372108
deepmd,dft/qsd/qsd_data.extxyz:1331,qsd,coverage,CF_30eV_18_3_O_F,102,73.52065914590774,636.2118336235728,12.659615196553748,3604.6169403476915,6963.2804381667265,35.988893513306465,7939.316929422134,0.2459980520248069
