backend,id,track,selection,group,atom_index,element,vector_error_eV_A,component_max_eV_A,nearest_distance_A,cf_sio_contact_A,ref_force_norm_eV_A
mace,dft/qsd/qsd_data.extxyz:485,qsd,coverage,CF3_20eV_4_98_F_F,11,F,8589.639868938144,7469.883527089529,0.22799671598512103,1.5846581323742983,13146.178143974406
mace,dft/qsd/qsd_data.extxyz:1242,qsd,coverage,CF_30eV_18_12_F_F,10,F,8558.710548214005,7419.51950492702,0.22799671598512256,1.1728677049437417,13087.676357886428
mace,dft/qsd/qsd_data.extxyz:531,qsd,coverage,CF3_30eV_9_36_F_F,24,F,8552.988310372402,7447.420204677865,0.22799671598512125,1.2595609813740645,13128.756034906111
mace,dft/qsd/qsd_data.extxyz:485,qsd,coverage,CF3_20eV_4_98_F_F,9,F,8505.498938575292,7397.427248783601,0.22799671598512103,1.5846581323742983,13139.830810893927
mace,dft/qsd/qsd_data.extxyz:1242,qsd,coverage,CF_30eV_18_12_F_F,6,F,8464.46787292116,7330.869625977916,0.22799671598512256,1.1728677049437417,13129.019998209023
mace,dft/qsd/qsd_data.extxyz:531,qsd,coverage,CF3_30eV_9_36_F_F,8,F,8428.051675110564,7342.994291900564,0.22799671598512125,1.2595609813740645,13116.405258759598
mace,dft/qsd/qsd_data.extxyz:1331,qsd,coverage,CF_30eV_18_3_O_F,6,F,6428.748077730479,5562.054301296881,0.2459980520248069,0.2459980520248069,9559.222477880861
mace,dft/qsd/qsd_data.extxyz:580,qsd,coverage,CF3_30eV_9_9_O_F,11,F,6427.856606013377,5572.022821360793,0.2459980520248069,0.2459980520248069,9565.370771530066
mace,dft/qsd/qsd_data.extxyz:1331,qsd,coverage,CF_30eV_18_3_O_F,56,O,6336.311631137653,5469.745034546806,0.2459980520248069,0.2459980520248069,9575.588596455544
mace,dft/qsd/qsd_data.extxyz:580,qsd,coverage,CF3_30eV_9_9_O_F,12,O,6322.431988357054,5480.523918158011,0.2459980520248069,0.2459980520248069,9569.244316391734
mace,dft/qsd/qsd_data.extxyz:495,qsd,coverage,CF3_20eV_4_98_O_F,11,F,6321.9508905276225,5469.644161509545,0.24599805202480998,0.24599805202480998,9541.431188826153
mace,dft/qsd/qsd_data.extxyz:495,qsd,coverage,CF3_20eV_4_98_O_F,55,O,6303.693681291597,5480.967969876352,0.24599805202480998,0.24599805202480998,9572.328487441599
mace,dft/qsd/qsd_data.extxyz:287,qsd,coverage,CF3_10eV_19_68_O_C,0,C,4176.768421391017,3621.1739679979746,0.14200380417439368,0.14200380417439368,16920.99801824394
mace,dft/qsd/qsd_data.extxyz:455,qsd,coverage,CF3_20eV_4_78_O_C,53,O,4166.4219487417,3611.5502640660216,0.14200380417439765,0.14200380417439765,16952.567675157425
mace,dft/qsd/qsd_data.extxyz:1325,qsd,coverage,CF_30eV_18_3_O_C,56,O,4163.815114417281,3616.648128439241,0.14200380417439765,0.14200380417439765,16962.363819786486
mace,dft/qsd/qsd_data.extxyz:537,qsd,coverage,CF3_30eV_9_36_O_C,57,O,4163.797767964275,3612.088327336065,0.14200380417439676,0.14200380417439676,16962.88182976534
mace,dft/qsd/qsd_data.extxyz:1325,qsd,coverage,CF_30eV_18_3_O_C,2,C,4161.5107351182605,3617.3218149764252,0.14200380417439765,0.14200380417439765,16927.629267463693
mace,dft/qsd/qsd_data.extxyz:537,qsd,coverage,CF3_30eV_9_36_O_C,1,C,4161.216105701167,3633.773742125599,0.14200380417439676,0.14200380417439676,16927.231580034142
mace,dft/qsd/qsd_data.extxyz:455,qsd,coverage,CF3_20eV_4_78_O_C,0,C,4161.209362849903,3597.0233493670767,0.14200380417439765,0.14200380417439765,16932.072149019194
mace,dft/qsd/qsd_data.extxyz:484,qsd,coverage,CF3_20eV_4_98_F_F,11,F,4156.235944910038,3617.478362485605,0.3419994040930478,1.5846581323742983,5186.9474828431485
mace,dft/qsd/qsd_data.extxyz:287,qsd,coverage,CF3_10eV_19_68_O_C,55,O,4141.440604785481,3583.2899062193374,0.14200380417439368,0.14200380417439368,16952.116011186696
mace,dft/qsd/qsd_data.extxyz:1241,qsd,coverage,CF_30eV_18_12_F_F,10,F,4098.733841275212,3555.382383924407,0.34199940409304924,1.1728677049437417,5160.104072387678
mace,dft/qsd/qsd_data.extxyz:967,qsd,coverage,CF_10eV_4_98_F_F,22,F,4084.5500350230577,3569.3962091878475,0.34199940409304797,1.2757015281404969,5184.242216858611
mace,dft/qsd/qsd_data.extxyz:484,qsd,coverage,CF3_20eV_4_98_F_F,9,F,4062.292924971288,3541.9516377520945,0.3419994040930478,1.5846581323742983,5180.569069106722
mace,dft/qsd/qsd_data.extxyz:314,qsd,coverage,CF3_10eV_19_84_F_F,7,F,4034.718661549553,3496.4022409068284,0.34199940409304797,1.5883613265563985,5182.683166911945
mace,dft/qsd/qsd_data.extxyz:1241,qsd,coverage,CF_30eV_18_12_F_F,6,F,4010.804569841361,3468.540209033815,0.34199940409304924,1.1728677049437417,5200.558566285034
mace,dft/qsd/qsd_data.extxyz:967,qsd,coverage,CF_10eV_4_98_F_F,15,F,3992.048722560115,3495.6533740112327,0.34199940409304797,1.2757015281404969,5174.978181213362
mace,dft/qsd/qsd_data.extxyz:530,qsd,coverage,CF3_30eV_9_36_F_F,24,F,3978.236213839763,3459.0831000420812,0.34199940409304797,1.2595609813740645,5175.574325601571
mace,dft/qsd/qsd_data.extxyz:314,qsd,coverage,CF3_10eV_19_84_F_F,3,F,3938.2110436313137,3413.165286217424,0.34199940409304797,1.5883613265563985,5175.2189393585895
mace,dft/qsd/qsd_data.extxyz:1036,qsd,coverage,CF_20eV_2_52_F_F,35,F,3873.9602342680005,3365.3885579787734,0.34199940409304835,1.240891345968694,5170.805247338305
mace,dft/qsd/qsd_data.extxyz:530,qsd,coverage,CF3_30eV_9_36_F_F,8,F,3870.7953577662856,3368.2205269218857,0.34199940409304797,1.2595609813740645,5168.393602760053
mace,dft/qsd/qsd_data.extxyz:1036,qsd,coverage,CF_20eV_2_52_F_F,33,F,3794.126211278428,3301.826749301345,0.34199940409304835,1.240891345968694,5164.615533390064
mace,dft/qsd/qsd_data.extxyz:1151,qsd,coverage,CF_20eV_2_76_C_F,29,C,3576.139627530693,3060.2621000652825,0.2659976120193572,1.2835795392962583,5457.754794598999
mace,dft/qsd/qsd_data.extxyz:637,qsd,coverage,CF_10eV_4_37_C_F,6,C,3558.478974287948,3111.2531985534333,0.2659976120193556,1.371796809662423,5439.388602071535
mace,dft/qsd/qsd_data.extxyz:507,qsd,coverage,CF3_20eV_4_98_Si_F,11,F,3549.7879235779587,3082.2977207951553,0.16799803600042348,0.16799803600042348,14156.928977167785
mace,dft/qsd/qsd_data.extxyz:507,qsd,coverage,CF3_20eV_4_98_Si_F,77,Si,3546.612216929725,3088.996724376657,0.16799803600042348,0.16799803600042348,14206.254884449567
mace,dft/qsd/qsd_data.extxyz:305,qsd,coverage,CF3_10eV_19_68_Si_F,94,Si,3546.352970084774,3078.8657549196178,0.16799803600042348,0.16799803600042348,14202.376193848659
mace,dft/qsd/qsd_data.extxyz:1308,qsd,coverage,CF_30eV_18_3_C_F,1,C,3543.8401192399547,3061.954828637696,0.2659976120193552,1.1431451005449835,5446.691362156314
mace,dft/qsd/qsd_data.extxyz:1308,qsd,coverage,CF_30eV_18_3_C_F,6,F,3543.395337555465,3051.127232961292,0.2659976120193552,1.1431451005449835,5454.535154531627
mace,dft/qsd/qsd_data.extxyz:305,qsd,coverage,CF3_10eV_19_68_Si_F,8,F,3540.550409991902,3060.8310256589557,0.16799803600042348,0.16799803600042348,14158.024675184808
mace,dft/qsd/qsd_data.extxyz:557,qsd,coverage,CF3_30eV_9_36_Si_F,86,Si,3536.4781927787944,3107.116464996394,0.16799803600042348,0.16799803600042348,14221.76107774001
mace,dft/qsd/qsd_data.extxyz:525,qsd,coverage,CF3_30eV_9_36_F_C,1,C,3523.531103756393,3087.3624087086177,0.26599761201935673,1.2595609813740645,5432.504615088556
mace,dft/qsd/qsd_data.extxyz:443,qsd,coverage,CF3_20eV_4_78_F_C,0,C,3517.2186404349845,3131.910539916092,0.2659976120193576,1.5805841200328443,5437.577976664926
mace,dft/qsd/qsd_data.extxyz:1313,qsd,coverage,CF_30eV_18_3_F_C,2,C,3513.2044637398094,3032.7430607118927,0.26599761201935673,1.1431451005449835,5434.491682327661
mace,dft/qsd/qsd_data.extxyz:520,qsd,coverage,CF3_30eV_9_36_C_F,0,C,3511.42265362262,3040.61381110223,0.265997612019356,1.2583719668285684,5441.688447463053
mace,dft/qsd/qsd_data.extxyz:241,qsd,coverage,CF3_10eV_19_59_C_F,0,C,3506.5387373629646,3034.900082285109,0.2659976120193556,1.351081189344298,5450.0814566146055
mace,dft/qsd/qsd_data.extxyz:1151,qsd,coverage,CF_20eV_2_76_C_F,44,F,3505.5337087611997,3032.6775915458315,0.2659976120193572,1.2835795392962583,5433.818945571184
mace,dft/qsd/qsd_data.extxyz:557,qsd,coverage,CF3_30eV_9_36_Si_F,24,F,3502.455394627763,3072.4510792012297,0.16799803600042348,0.16799803600042348,14166.276684657876
mace,dft/qsd/qsd_data.extxyz:637,qsd,coverage,CF_10eV_4_37_C_F,22,F,3492.9527058163944,3053.9697727468338,0.2659976120193556,1.371796809662423,5372.109329565543
mace,dft/qsd/qsd_data.extxyz:443,qsd,coverage,CF3_20eV_4_78_F_C,13,F,3486.1982172770463,3086.6272193809077,0.2659976120193576,1.5805841200328443,5431.333491505344
mace,dft/qsd/qsd_data.extxyz:525,qsd,coverage,CF3_30eV_9_36_F_C,8,F,3467.24866789871,3034.8853527921765,0.26599761201935673,1.2595609813740645,5414.84378165137
mace,dft/qsd/qsd_data.extxyz:1313,qsd,coverage,CF_30eV_18_3_F_C,3,F,3463.6950210461673,2991.454873668282,0.26599761201935673,1.1431451005449835,5416.036215353973
mace,dft/qsd/qsd_data.extxyz:520,qsd,coverage,CF3_30eV_9_36_C_F,24,F,3449.4866267653647,3008.5119057545653,0.265997612019356,1.2583719668285684,5358.084420670951
mace,dft/qsd/qsd_data.extxyz:241,qsd,coverage,CF3_10eV_19_59_C_F,10,F,3378.949321148391,2913.667926781604,0.2659976120193556,1.351081189344298,5377.645718840272
mace,dft/qsd/qsd_data.extxyz:587,qsd,coverage,CF3_30eV_9_9_Si_C,11,F,3359.275584828207,2736.154938390104,0.3760967404804245,0.18700281414994824,4046.0968115027426
mace,dft/qsd/qsd_data.extxyz:587,qsd,coverage,CF3_30eV_9_9_Si_C,6,F,3353.6333302118755,2724.108006028844,0.3760967404804245,0.18700281414994824,4058.1020072093916
mace,dft/qsd/qsd_data.extxyz:579,qsd,coverage,CF3_30eV_9_9_O_F,11,F,3065.3517746978055,2658.374107403257,0.3689970780372108,0.3689970780372108,3685.5119819166057
mace,dft/qsd/qsd_data.extxyz:1330,qsd,coverage,CF_30eV_18_3_O_F,6,F,3051.7741246056935,2643.6296447740224,0.3689970780372108,0.3689970780372108,3681.5972492084675
mace,dft/qsd/qsd_data.extxyz:793,qsd,coverage,CF_10eV_4_5_O_F,7,F,3048.7465639879993,2620.9343642904387,0.3689970780372108,0.3689970780372108,3699.190379054556
mace,dft/qsd/qsd_data.extxyz:586,qsd,coverage,CF3_30eV_9_9_Si_C,6,F,3023.796153447659,2103.518948302871,0.39297717541862315,0.37399696803583704,3576.900533678926
mace,dft/qsd/qsd_data.extxyz:793,qsd,coverage,CF_10eV_4_5_O_F,66,O,3020.8778888436664,2606.8961038301886,0.3689970780372108,0.3689970780372108,3684.179785555412
mace,dft/qsd/qsd_data.extxyz:586,qsd,coverage,CF3_30eV_9_9_Si_C,11,F,3016.0338748930267,2069.5238863191325,0.39297717541862315,0.37399696803583704,3591.6286681488086
mace,dft/qsd/qsd_data.extxyz:494,qsd,coverage,CF3_20eV_4_98_O_F,11,F,3014.087601199147,2607.638288063092,0.3689970780372108,0.3689970780372108,3658.727133308576
mace,dft/qsd/qsd_data.extxyz:1010,qsd,coverage,CF_20eV_2_32_O_F,26,F,3004.3838135073024,2621.7548430471134,0.3690057383022674,0.3690057383022674,3692.5470256604062
mace,dft/qsd/qsd_data.extxyz:494,qsd,coverage,CF3_20eV_4_98_O_F,55,O,2986.998125360575,2607.7499043728017,0.3689970780372108,0.3689970780372108,3710.25760642555
mace,dft/qsd/qsd_data.extxyz:16,qsd,coverage,CF3_10eV_19_10_O_F,3,F,2953.9292673601535,2571.5384045863652,0.3689970780372108,0.3689970780372108,3696.5279656525545
mace,dft/qsd/qsd_data.extxyz:579,qsd,coverage,CF3_30eV_9_9_O_F,12,O,2945.261488156082,2557.0016327185594,0.3689970780372108,0.3689970780372108,3689.734793330255
mace,dft/qsd/qsd_data.extxyz:1330,qsd,coverage,CF_30eV_18_3_O_F,56,O,2936.478894912222,2532.526855514637,0.3689970780372108,0.3689970780372108,3687.7895859299283
mace,dft/qsd/qsd_data.extxyz:1010,qsd,coverage,CF_20eV_2_32_O_F,67,O,2930.418935692533,2548.432088395079,0.3690057383022674,0.3690057383022674,3682.8091734811233
mace,dft/qsd/qsd_data.extxyz:16,qsd,coverage,CF3_10eV_19_10_O_F,45,O,2927.805144389791,2546.6831121449877,0.3689970780372108,0.3689970780372108,3681.5727737091684
mace,dft/qsd/qsd_data.extxyz:892,qsd,coverage,CF_10eV_4_93_O_C,7,C,2565.7353626344016,2238.162460569598,0.28399894806143233,0.2583964142553063,3959.138487212039
mace,dft/qsd/qsd_data.extxyz:286,qsd,coverage,CF3_10eV_19_68_O_C,0,C,2545.6492016587385,2201.7389748715523,0.28399894806143233,0.28399894806143233,3932.75633242396
mace,dft/qsd/qsd_data.extxyz:892,qsd,coverage,CF_10eV_4_93_O_C,74,O,2523.9058630619047,2207.8693551152683,0.28399894806143233,0.2583964142553063,3999.586377979225
mace,dft/qsd/qsd_data.extxyz:454,qsd,coverage,CF3_20eV_4_78_O_C,0,C,2518.677001486311,2173.354579962229,0.28399894806143317,0.28399894806143317,3946.5789849909515
mace,dft/qsd/qsd_data.extxyz:1324,qsd,coverage,CF_30eV_18_3_O_C,2,C,2512.6295720808125,2180.8399682955096,0.28399894806143233,0.28399894806143233,3939.2802990632968
mace,dft/qsd/qsd_data.extxyz:454,qsd,coverage,CF3_20eV_4_78_O_C,53,O,2504.0305213713546,2170.899109627687,0.28399894806143317,0.28399894806143317,3951.898504510178
mace,dft/qsd/qsd_data.extxyz:286,qsd,coverage,CF3_10eV_19_68_O_C,55,O,2500.7998926312316,2154.35728707641,0.28399894806143233,0.28399894806143233,3961.12576211913
mace,dft/qsd/qsd_data.extxyz:536,qsd,coverage,CF3_30eV_9_36_O_C,1,C,2500.096080807426,2188.8023491097474,0.28399894806143233,0.28399894806143233,3933.5909215509264
mace,dft/qsd/qsd_data.extxyz:1324,qsd,coverage,CF_30eV_18_3_O_C,56,O,2488.1720737990713,2158.6249346424465,0.28399894806143233,0.28399894806143233,3956.4841627052847
mace,dft/qsd/qsd_data.extxyz:536,qsd,coverage,CF3_30eV_9_36_O_C,57,O,2474.6605460409382,2143.8774358714504,0.28399894806143233,0.28399894806143233,3952.3800161234094
mace,dft/qsd/qsd_data.extxyz:501,qsd,coverage,CF3_20eV_4_98_Si_C,0,C,2419.3276167111685,2099.44658617033,0.18700281414994824,0.18700281414994824,6575.251001513402
mace,dft/qsd/qsd_data.extxyz:587,qsd,coverage,CF3_30eV_9_9_Si_C,74,Si,2414.5103829569307,2079.74892782149,0.18700281414994824,0.18700281414994824,6626.210205031232
mace,dft/qsd/qsd_data.extxyz:501,qsd,coverage,CF3_20eV_4_98_Si_C,77,Si,2382.831152082135,2072.583319059323,0.18700281414994824,0.18700281414994824,6602.13686531144
mace,dft/qsd/qsd_data.extxyz:1150,qsd,coverage,CF_20eV_2_76_C_F,29,C,1938.3046134824508,1642.5193257342557,0.3989964180290342,1.2835795392962583,2168.9770393890685
mace,dft/qsd/qsd_data.extxyz:1150,qsd,coverage,CF_20eV_2_76_C_F,44,F,1862.708112341494,1610.8914753296772,0.3989964180290342,1.2835795392962583,2154.3610476111025
mace,dft/qsd/qsd_data.extxyz:438,qsd,coverage,CF3_20eV_4_50_C_F,2,C,1848.896744385739,1617.3258805483983,0.398996418029034,0.9062880214920636,2209.6203819177003
mace,dft/qsd/qsd_data.extxyz:240,qsd,coverage,CF3_10eV_19_59_C_F,0,C,1767.0030259496973,1518.2429629995474,0.398996418029034,1.351081189344298,2149.9543726367333
mace,dft/qsd/qsd_data.extxyz:438,qsd,coverage,CF3_20eV_4_50_C_F,19,F,1755.5916753976483,1529.8049447717908,0.398996418029034,0.9062880214920636,2094.1618815367465
mace,dft/qsd/qsd_data.extxyz:636,qsd,coverage,CF_10eV_4_37_C_F,6,C,1755.2328835789774,1539.7492378132051,0.398996418029034,1.371796809662423,2156.4514337288974
mace,dft/qsd/qsd_data.extxyz:891,qsd,coverage,CF_10eV_4_93_O_C,24,F,1727.9647704281676,1598.3225548803907,0.28426472345333376,0.28426472345333376,4697.791940749309
mace,dft/qsd/qsd_data.extxyz:556,qsd,coverage,CF3_30eV_9_36_Si_F,24,F,1714.1075634984797,1466.3346803620977,0.33599607200085,0.33599607200085,3194.6599849424747
mace,dft/qsd/qsd_data.extxyz:519,qsd,coverage,CF3_30eV_9_36_C_F,0,C,1710.4798547634264,1485.3059322221425,0.398996418029034,1.2595609813740645,2145.890125431513
mace,dft/qsd/qsd_data.extxyz:891,qsd,coverage,CF_10eV_4_93_O_C,101,Si,1707.8231739247267,1590.166759209028,0.28426472345333376,0.28426472345333376,4693.382314169258
mace,dft/qsd/qsd_data.extxyz:556,qsd,coverage,CF3_30eV_9_36_Si_F,86,Si,1704.0443553956306,1442.7211798537892,0.33599607200085,0.33599607200085,3260.805332579422
mace,dft/qsd/qsd_data.extxyz:1307,qsd,coverage,CF_30eV_18_3_C_F,6,F,1693.9221655845154,1462.1579016735423,0.39899641802903446,1.1431451005449835,2147.8369806308206
mace,dft/qsd/qsd_data.extxyz:1307,qsd,coverage,CF_30eV_18_3_C_F,1,C,1683.9075314055015,1458.4556403847334,0.39899641802903446,1.1431451005449835,2147.854781392286
mace,dft/qsd/qsd_data.extxyz:514,qsd,coverage,CF3_30eV_9_36_C_C,0,C,1683.5519556060162,1467.879146332274,0.15200358416826865,1.2530260676059377,9812.817069303404
mace,dft/qsd/qsd_data.extxyz:677,qsd,coverage,CF_10eV_4_39_F_C,8,C,1681.688686247642,1478.5744028341364,0.3989964180290336,1.3097513380409276,2148.476204075509
mace,dft/qsd/qsd_data.extxyz:240,qsd,coverage,CF3_10eV_19_59_C_F,10,F,1677.1400625360893,1438.656723773899,0.398996418029034,1.351081189344298,2068.59670628798
mace,dft/qsd/qsd_data.extxyz:636,qsd,coverage,CF_10eV_4_37_C_F,22,F,1672.0787170235153,1449.2836566071837,0.398996418029034,1.371796809662423,2086.952500883393
mace,dft/qsd/qsd_data.extxyz:304,qsd,coverage,CF3_10eV_19_68_Si_F,94,Si,1661.240762711971,1430.8082343666138,0.3359960720008509,0.3359960720008509,3232.3955095431384
mace,dft/qsd/qsd_data.extxyz:304,qsd,coverage,CF3_10eV_19_68_Si_F,8,F,1649.25395558043,1432.2279629548354,0.3359960720008509,0.3359960720008509,3194.5709146901377
mace,dft/qsd/qsd_data.extxyz:506,qsd,coverage,CF3_20eV_4_98_Si_F,77,Si,1646.3919932755798,1414.3041016479588,0.3359960720008509,0.3359960720008509,3233.446762116105
mace,dft/qsd/qsd_data.extxyz:235,qsd,coverage,CF3_10eV_19_59_C_C,0,C,1643.8735026903346,1424.9364823600135,0.15200358416826942,1.351081189344298,9815.25497684163
mace,dft/qsd/qsd_data.extxyz:1191,qsd,coverage,CF_20eV_2_79_C_C,8,C,1643.0359984491001,1413.6287294033182,0.1520035841682699,1.306619940839722,9821.755187743991
mace,dft/qsd/qsd_data.extxyz:519,qsd,coverage,CF3_30eV_9_36_C_F,24,F,1640.0115148055952,1435.462001609019,0.398996418029034,1.2595609813740645,2038.4381579956564
mace,dft/qsd/qsd_data.extxyz:442,qsd,coverage,CF3_20eV_4_78_F_C,0,C,1639.4026263500416,1472.0027363563631,0.39899641802903446,1.5805841200328443,2147.2772003017244
mace,dft/qsd/qsd_data.extxyz:677,qsd,coverage,CF_10eV_4_39_F_C,14,F,1638.668427164935,1430.9053449278356,0.3989964180290336,1.3097513380409276,2150.6612483402478
mace,dft/qsd/qsd_data.extxyz:506,qsd,coverage,CF3_20eV_4_98_Si_F,11,F,1633.4294855229919,1412.3485443847946,0.3359960720008509,0.3359960720008509,3192.1694986354846
mace,dft/qsd/qsd_data.extxyz:1303,qsd,coverage,CF_30eV_18_3_C_C,2,C,1632.1914065676367,1417.3945335287663,0.1520035841682699,1.1431451005449835,9808.000219595704
mace,dft/qsd/qsd_data.extxyz:337,qsd,coverage,CF3_20eV_4_36_C_C,2,C,1629.9003744098954,1417.512625990862,0.15200358416826834,1.1665717316564812,9812.90725325597
mace,dft/qsd/qsd_data.extxyz:1191,qsd,coverage,CF_20eV_2_79_C_C,28,C,1622.527678143239,1405.723854104741,0.1520035841682699,1.306619940839722,9796.431443318852
mace,dft/qsd/qsd_data.extxyz:1303,qsd,coverage,CF_30eV_18_3_C_C,1,C,1620.6904755113128,1420.3422771053647,0.1520035841682699,1.1431451005449835,9807.626837162818
mace,dft/qsd/qsd_data.extxyz:1072,qsd,coverage,CF_20eV_2_54_F_C,18,C,1620.5222793181247,1456.6716234148296,0.39900507828848464,1.228183400718312,2127.823971699323
mace,dft/qsd/qsd_data.extxyz:442,qsd,coverage,CF3_20eV_4_78_F_C,13,F,1616.6622512476226,1438.91719910362,0.39899641802903446,1.5805841200328443,2145.8379955313403
mace,dft/qsd/qsd_data.extxyz:892,qsd,coverage,CF_10eV_4_93_O_C,24,F,1605.355327811612,1590.603742004425,0.2583964142553063,0.2583964142553063,5792.035865902312
mace,dft/qsd/qsd_data.extxyz:235,qsd,coverage,CF3_10eV_19_59_C_C,1,C,1598.2626258657524,1396.4952690298423,0.15200358416826942,1.351081189344298,9764.83657990417
mace,dft/qsd/qsd_data.extxyz:337,qsd,coverage,CF3_20eV_4_36_C_C,3,C,1582.9458305335636,1376.5733083940686,0.15200358416826834,1.1665717316564812,9773.390131773007
mace,dft/qsd/qsd_data.extxyz:245,qsd,coverage,CF3_10eV_19_59_F_C,1,C,1579.3219780420488,1352.6180037560998,0.3989964180290336,1.351081189344298,2125.608186483432
mace,dft/qsd/qsd_data.extxyz:514,qsd,coverage,CF3_30eV_9_36_C_C,1,C,1563.7865085327046,1350.4363240114417,0.15200358416826865,1.2530260676059377,9752.70503209175
mace,dft/qsd/qsd_data.extxyz:524,qsd,coverage,CF3_30eV_9_36_F_C,1,C,1562.2969565216956,1374.4619759084812,0.39899641802903446,1.2595609813740645,2132.9974868861245
mace,dft/qsd/qsd_data.extxyz:1072,qsd,coverage,CF_20eV_2_54_F_C,32,F,1560.6412215816358,1388.333406854818,0.39900507828848464,1.228183400718312,2118.0740626248707
mace,dft/qsd/qsd_data.extxyz:245,qsd,coverage,CF3_10eV_19_59_F_C,7,F,1532.819697181858,1319.6250558580593,0.3989964180290336,1.351081189344298,2111.6244908992494
mace,dft/qsd/qsd_data.extxyz:524,qsd,coverage,CF3_30eV_9_36_F_C,8,F,1517.5116721532227,1332.7978082731827,0.39899641802903446,1.2595609813740645,2123.9697096233594
mace,dft/qsd/qsd_data.extxyz:1312,qsd,coverage,CF_30eV_18_3_F_C,2,C,1515.6974377968147,1306.5737436915601,0.3989964180290366,1.1431451005449835,2133.3631863660244
mace,dft/qsd/qsd_data.extxyz:585,qsd,coverage,CF3_30eV_9_9_Si_C,6,F,1507.9418959386558,1341.7923985842751,0.48717419841366866,0.5609997821746454,1844.8413244382891
mace,dft/qsd/qsd_data.extxyz:585,qsd,coverage,CF3_30eV_9_9_Si_C,11,F,1505.1893509878341,1340.8177661220043,0.48717419841366866,0.5609997821746454,1886.4303890567182
mace,dft/qsd/qsd_data.extxyz:1312,qsd,coverage,CF_30eV_18_3_F_C,3,F,1476.9404595525639,1273.9688107208904,0.3989964180290366,1.1431451005449835,2124.2379016403906
mace,dft/qsd/qsd_data.extxyz:513,qsd,coverage,CF3_30eV_9_36_C_C,0,C,1402.138821099295,1227.5432482234164,0.30399850805554945,1.2595609813740645,2238.0887271267416
mace,dft/qsd/qsd_data.extxyz:583,qsd,coverage,CF3_30eV_9_9_Si_C,0,C,1391.6896000571332,1248.949700886707,0.43889183496620243,1.309002378492874,1672.7831739847124
mace,dft/qsd/qsd_data.extxyz:583,qsd,coverage,CF3_30eV_9_9_Si_C,6,F,1377.8668975828655,1235.0862889163232,0.43889183496620243,1.309002378492874,1675.926886297437
mace,dft/qsd/qsd_data.extxyz:1302,qsd,coverage,CF_30eV_18_3_C_C,2,C,1372.1574252826488,1178.8914711983762,0.3039985080555494,1.1431451005449835,2227.5281917776824
mace,dft/qsd/qsd_data.extxyz:1190,qsd,coverage,CF_20eV_2_79_C_C,28,C,1366.7455454013693,1181.526137958274,0.30399850805555184,1.306619940839722,2218.5670873418476
mace,dft/qsd/qsd_data.extxyz:1190,qsd,coverage,CF_20eV_2_79_C_C,8,C,1357.2667469194441,1162.2871451730248,0.30399850805555184,1.306619940839722,2232.2540314791354
mace,dft/qsd/qsd_data.extxyz:234,qsd,coverage,CF3_10eV_19_59_C_C,0,C,1352.280051183336,1172.4110744078253,0.30399850805554984,1.351081189344298,2224.209619175428
mace,dft/qsd/qsd_data.extxyz:513,qsd,coverage,CF3_30eV_9_36_C_C,1,C,1342.9949863312654,1170.5544336001242,0.30399850805554945,1.2595609813740645,2167.7673275545585
mace,dft/qsd/qsd_data.extxyz:1302,qsd,coverage,CF_30eV_18_3_C_C,1,C,1341.275341990147,1162.4728016257834,0.3039985080555494,1.1431451005449835,2223.619641297594
mace,dft/qsd/qsd_data.extxyz:234,qsd,coverage,CF3_10eV_19_59_C_C,1,C,1332.0955415449353,1165.009653294831,0.30399850805554984,1.351081189344298,2167.0634110387723
mace,dft/qsd/qsd_data.extxyz:336,qsd,coverage,CF3_20eV_4_36_C_C,2,C,1327.6139621320822,1154.140021302057,0.30399850805554834,1.1620822119798588,2210.3044218497585
mace,dft/qsd/qsd_data.extxyz:336,qsd,coverage,CF3_20eV_4_36_C_C,3,C,1305.290338314036,1134.862109508521,0.30399850805554834,1.1620822119798588,2179.4864491551143
mace,dft/qsd/qsd_data.extxyz:453,qsd,coverage,CF3_20eV_4_78_O_C,0,C,1281.1716222756522,1106.0742773034642,0.42600275222115597,0.42600275222115597,1561.0508805806357
mace,dft/qsd/qsd_data.extxyz:453,qsd,coverage,CF3_20eV_4_78_O_C,53,O,1275.569895150036,1107.566087356345,0.42600275222115597,0.42600275222115597,1567.5587258552246
mace,dft/qsd/qsd_data.extxyz:1323,qsd,coverage,CF_30eV_18_3_O_C,2,C,1274.8898621045971,1106.3814853999825,0.4260027522211551,0.4260027522211551,1563.1984179111905
mace,dft/qsd/qsd_data.extxyz:1323,qsd,coverage,CF_30eV_18_3_O_C,56,O,1261.0842696351465,1095.4335146970525,0.4260027522211551,0.4260027522211551,1573.2692062087924
mace,dft/qsd/qsd_data.extxyz:535,qsd,coverage,CF3_30eV_9_36_O_C,1,C,1240.3862590150954,1093.035307695001,0.4260027522211551,0.4260027522211551,1552.337192664157
mace,dft/qsd/qsd_data.extxyz:285,qsd,coverage,CF3_10eV_19_68_O_C,0,C,1227.3415022081322,1052.5585369260843,0.4260027522211551,0.4260027522211551,1531.2497946450435
mace,dft/qsd/qsd_data.extxyz:285,qsd,coverage,CF3_10eV_19_68_O_C,55,O,1222.301695194052,1041.0018259666988,0.4260027522211551,0.4260027522211551,1580.217574018741
mace,dft/qsd/qsd_data.extxyz:535,qsd,coverage,CF3_30eV_9_36_O_C,57,O,1206.1260281385162,1047.9152139520947,0.4260027522211551,0.4260027522211551,1564.421723481063
mace,dft/qsd/qsd_data.extxyz:891,qsd,coverage,CF_10eV_4_93_O_C,7,C,1197.473994666249,1045.465068820262,0.4260027522211551,0.28426472345333376,1525.0515844906554
mace,dft/qsd/qsd_data.extxyz:1082,qsd,coverage,CF_20eV_2_54_O_C,49,O,1196.4512468937723,1063.7654290140003,0.4259940919778134,0.4259940919778134,1588.3198960923557
mace,dft/qsd/qsd_data.extxyz:1082,qsd,coverage,CF_20eV_2_54_O_C,18,C,1180.4053936862167,1039.8556791690994,0.4259940919778134,0.4259940919778134,1514.4328017784278
mace,dft/qsd/qsd_data.extxyz:1056,qsd,coverage,CF_20eV_2_52_Si_F,90,Si,953.688765047381,820.9489727965081,0.5040027682463658,0.5040027682463658,1241.0350955258255
mace,dft/qsd/qsd_data.extxyz:555,qsd,coverage,CF3_30eV_9_36_Si_F,86,Si,943.5440062512473,793.6130849068302,0.5040027682463689,0.5040027682463689,1236.0517615741874
mace,dft/qsd/qsd_data.extxyz:663,qsd,coverage,CF_10eV_4_37_Si_F,86,Si,921.9347333422437,794.7533674331207,0.5040027682463658,0.5040027682463658,1200.952397566229
mace,dft/qsd/qsd_data.extxyz:1056,qsd,coverage,CF_20eV_2_52_Si_F,35,F,914.8203189156931,785.4412234736544,0.5040027682463658,0.5040027682463658,1134.9367757912737
mace,dft/qsd/qsd_data.extxyz:663,qsd,coverage,CF_10eV_4_37_Si_F,22,F,909.4033859761474,804.5332706185413,0.5040027682463658,0.5040027682463658,1188.0502588772238
mace,dft/qsd/qsd_data.extxyz:303,qsd,coverage,CF3_10eV_19_68_Si_F,94,Si,907.5633784685966,779.6312124689241,0.5040027682463689,0.5040027682463689,1202.4826591195272
mace,dft/qsd/qsd_data.extxyz:505,qsd,coverage,CF3_20eV_4_98_Si_F,77,Si,903.0727831800181,773.5548630109898,0.5040027682463689,0.5040027682463689,1200.9309391482004
mace,dft/qsd/qsd_data.extxyz:555,qsd,coverage,CF3_30eV_9_36_Si_F,24,F,901.381471671974,771.3365862834914,0.5040027682463689,0.5040027682463689,1129.6824817037884
mace,dft/qsd/qsd_data.extxyz:1298,qsd,coverage,CF_30eV_18_13_Si_F,79,Si,895.6513207400627,782.4756024929496,0.5040027682463658,0.5040027682463658,1207.2079657925824
mace,dft/qsd/qsd_data.extxyz:505,qsd,coverage,CF3_20eV_4_98_Si_F,11,F,893.5245065275257,775.6528006324395,0.5040027682463689,0.5040027682463689,1168.7988506096194
mace,dft/qsd/qsd_data.extxyz:303,qsd,coverage,CF3_10eV_19_68_Si_F,8,F,891.420854514393,776.8807853836025,0.5040027682463689,0.5040027682463689,1171.8643398426807
mace,dft/qsd/qsd_data.extxyz:1298,qsd,coverage,CF_30eV_18_13_Si_F,11,F,880.8233793765469,773.4154098957545,0.5040027682463658,0.5040027682463658,1187.1047086718263
mace,dft/qsd/qsd_data.extxyz:889,qsd,coverage,CF_10eV_4_93_O_C,101,Si,781.7369014268461,567.5705149605492,0.35439412777302026,0.35439412777302026,1727.4174045097677
mace,dft/qsd/qsd_data.extxyz:586,qsd,coverage,CF3_30eV_9_9_Si_C,0,C,775.0676726195734,671.1069732752695,0.37399696803583704,0.37399696803583704,1456.079734331104
mace,dft/qsd/qsd_data.extxyz:500,qsd,coverage,CF3_20eV_4_98_Si_C,77,Si,772.224382220988,660.6141318201228,0.37399696803583704,0.37399696803583704,1535.147389291157
mace,dft/qsd/qsd_data.extxyz:582,qsd,coverage,CF3_30eV_9_9_Si_C,6,F,763.7938723346402,702.5653007321289,0.4950738942824572,1.5826712245757153,1181.6118251426674
mace,dft/qsd/qsd_data.extxyz:889,qsd,coverage,CF_10eV_4_93_O_C,7,C,761.220248126231,572.694143481884,0.35439412777302026,0.35439412777302026,1711.9142720281982
mace,dft/qsd/qsd_data.extxyz:582,qsd,coverage,CF3_30eV_9_9_Si_C,0,C,758.5056444193838,705.6258968427135,0.4950738942824572,1.5826712245757153,1183.9219045612458
mace,dft/qsd/qsd_data.extxyz:890,qsd,coverage,CF_10eV_4_93_O_C,7,C,748.9946541998487,592.2524133414095,0.31560720048820157,0.31560720048820157,2218.712329193478
mace,dft/qsd/qsd_data.extxyz:500,qsd,coverage,CF3_20eV_4_98_Si_C,0,C,745.0052296322087,640.3319529902412,0.37399696803583704,0.37399696803583704,1523.4250629227197
mace,dft/qsd/qsd_data.extxyz:313,qsd,coverage,CF3_10eV_19_84_F_F,7,F,717.6830659712296,623.8835762542274,0.5699961200745138,1.5883613265563985,1038.3576217873022
mace,dft/qsd/qsd_data.extxyz:483,qsd,coverage,CF3_20eV_4_98_F_F,11,F,714.1750601644682,619.3748534668384,0.5699961200745137,1.5846581323742983,1044.8785714548362
mace,dft/qsd/qsd_data.extxyz:1189,qsd,coverage,CF_20eV_2_79_C_C,28,C,711.6504037077851,617.7390396280799,0.45600209221011195,1.306619940839722,856.2017088337293
mace,dft/qsd/qsd_data.extxyz:492,qsd,coverage,CF3_20eV_4_98_O_F,77,Si,709.1187614157237,505.90745035894656,0.5493169745238172,0.5493169745238172,979.2339012491237
mace,dft/qsd/qsd_data.extxyz:890,qsd,coverage,CF_10eV_4_93_O_C,101,Si,709.0240536842098,584.3925666400928,0.31560720048820157,0.31560720048820157,2199.7287761958714
mace,dft/qsd/qsd_data.extxyz:529,qsd,coverage,CF3_30eV_9_36_F_F,24,F,707.0688940694567,614.0753867940637,0.569996120074517,1.2595609813740645,1037.0142381411183
mace,dft/qsd/qsd_data.extxyz:313,qsd,coverage,CF3_10eV_19_84_F_F,3,F,696.9605015222902,606.1523080310473,0.5699961200745138,1.5883613265563985,1040.3996401431414
mace,dft/qsd/qsd_data.extxyz:966,qsd,coverage,CF_10eV_4_98_F_F,22,F,696.4109475565581,605.5554855199797,0.5699961200745167,1.2757015281404969,1042.6055071250446
mace,dft/qsd/qsd_data.extxyz:483,qsd,coverage,CF3_20eV_4_98_F_F,9,F,695.2947529001215,598.6820857730562,0.5699961200745137,1.5846581323742983,1045.5178197769087
mace,dft/qsd/qsd_data.extxyz:1240,qsd,coverage,CF_30eV_18_12_F_F,10,F,693.5577757130529,598.533276019609,0.5699961200745152,1.1728677049437417,1027.9532819717772
mace,dft/qsd/qsd_data.extxyz:492,qsd,coverage,CF3_20eV_4_98_O_F,11,F,690.0007742093941,478.8149760438099,0.5493169745238172,0.5493169745238172,946.2226488828996
mace,dft/qsd/qsd_data.extxyz:529,qsd,coverage,CF3_30eV_9_36_F_F,8,F,687.6620924796978,595.7481660410622,0.569996120074517,1.2595609813740645,1040.508051946955
mace,dft/qsd/qsd_data.extxyz:335,qsd,coverage,CF3_20eV_4_36_C_C,3,C,684.1489272477849,595.9165025521047,0.4560020922101124,1.177375005934813,824.3492998456037
mace,dft/qsd/qsd_data.extxyz:1189,qsd,coverage,CF_20eV_2_79_C_C,8,C,677.9314014911663,578.4303062091456,0.45600209221011195,1.306619940839722,856.6196803221644
mace,dft/qsd/qsd_data.extxyz:966,qsd,coverage,CF_10eV_4_98_F_F,15,F,677.8380524295912,586.6231912126287,0.5699961200745167,1.2757015281404969,1042.1152573103416
mace,dft/qsd/qsd_data.extxyz:335,qsd,coverage,CF3_20eV_4_36_C_C,2,C,676.1873730452572,589.5071284439466,0.4560020922101124,1.177375005934813,839.409590148321
mace,dft/qsd/qsd_data.extxyz:733,qsd,coverage,CF_10eV_4_54_C_C,3,C,674.8927983047549,581.2668476019705,0.4560020922101122,1.5765943405644969,860.0410215535346
mace,dft/qsd/qsd_data.extxyz:1240,qsd,coverage,CF_30eV_18_12_F_F,6,F,671.2405421194962,577.590554684248,0.5699961200745152,1.1728677049437417,1065.2668364308502
mace,dft/qsd/qsd_data.extxyz:733,qsd,coverage,CF_10eV_4_54_C_C,5,C,665.9221252335675,579.1752902995167,0.4560020922101122,1.5765943405644969,857.6147953970806
mace,dft/qsd/qsd_data.extxyz:233,qsd,coverage,CF3_10eV_19_59_C_C,1,C,649.0713592002875,563.5171368064159,0.45600209221011195,1.351081189344298,786.2998723056916
mace,dft/qsd/qsd_data.extxyz:512,qsd,coverage,CF3_30eV_9_36_C_C,0,C,648.7244833742277,576.2588216865636,0.4560020922101128,1.2595609813740645,894.6784974794854
mace,dft/qsd/qsd_data.extxyz:1035,qsd,coverage,CF_20eV_2_52_F_F,35,F,647.0482426847766,556.6520329686098,0.5700047803308312,1.240891345968694,1036.408609505801
mace,dft/qsd/qsd_data.extxyz:1301,qsd,coverage,CF_30eV_18_3_C_C,2,C,646.4198559223324,547.4697198550798,0.45600209221011195,1.1431451005449835,858.4088053790289
mace,dft/qsd/qsd_data.extxyz:233,qsd,coverage,CF3_10eV_19_59_C_C,0,C,643.0802990962671,551.1593288324663,0.45600209221011195,1.351081189344298,841.6151220278094
mace,dft/qsd/qsd_data.extxyz:1035,qsd,coverage,CF_20eV_2_52_F_F,33,F,640.542082518969,547.8693481898042,0.5700047803308312,1.240891345968694,1037.279627660636
mace,dft/qsd/qsd_data.extxyz:512,qsd,coverage,CF3_30eV_9_36_C_C,1,C,627.8726714445421,562.6519464038777,0.4560020922101128,1.2595609813740645,814.175493578601
mace,dft/qsd/qsd_data.extxyz:1301,qsd,coverage,CF_30eV_18_3_C_C,1,C,610.0721283826216,521.7758465562443,0.45600209221011195,1.1431451005449835,846.2945668810478
mace,dft/qsd/qsd_data.extxyz:552,qsd,coverage,CF3_30eV_9_36_Si_F,24,F,489.3023671616154,383.1692474954481,0.6000394122888936,1.2595609813740645,853.988431348398
mace,dft/qsd/qsd_data.extxyz:552,qsd,coverage,CF3_30eV_9_36_Si_F,8,F,484.6731414588654,380.95018562358314,0.6000394122888936,1.2595609813740645,860.3803598397693
mace,dft/qsd/qsd_data.extxyz:495,qsd,coverage,CF3_20eV_4_98_O_F,0,C,475.27048519524664,328.35671260666754,0.5498191872788732,0.24599805202480998,570.8871262000979
mace,dft/qsd/qsd_data.extxyz:494,qsd,coverage,CF3_20eV_4_98_O_F,0,C,460.3451855618392,299.82637217963594,0.5561733411446477,0.3689970780372108,556.3689257571481
mace,dft/qsd/qsd_data.extxyz:499,qsd,coverage,CF3_20eV_4_98_Si_C,77,Si,455.34170819514145,387.20337329339077,0.5609997821746454,0.5609997821746454,569.2063466136422
mace,dft/qsd/qsd_data.extxyz:557,qsd,coverage,CF3_30eV_9_36_Si_F,8,F,454.84070876953297,374.0861773995887,0.5662200400021175,0.16799803600042348,768.8822585763392
mace,dft/qsd/qsd_data.extxyz:1216,qsd,coverage,CF_20eV_2_79_Si_C,91,Si,443.0922411932084,384.87404399449593,0.5609997821746454,0.5609997821746454,563.7659780222391
mace,dft/qsd/qsd_data.extxyz:499,qsd,coverage,CF3_20eV_4_98_Si_C,0,C,437.547661920818,374.5176563017839,0.5609997821746454,0.5609997821746454,563.7009934538258
mace,dft/qsd/qsd_data.extxyz:585,qsd,coverage,CF3_30eV_9_9_Si_C,0,C,431.4345222084106,369.1020676570855,0.5609997821746454,0.5609997821746454,496.2328337402785
mace,dft/qsd/qsd_data.extxyz:760,qsd,coverage,CF_10eV_4_54_Si_C,83,Si,428.62799642089345,368.54266697970775,0.5609997821746454,0.5609997821746454,568.4240202636066
mace,dft/qsd/qsd_data.extxyz:493,qsd,coverage,CF3_20eV_4_98_O_F,55,O,421.6322133963703,370.96187992939673,0.6150037903135221,0.6150037903135221,714.6945425904689
mace,dft/qsd/qsd_data.extxyz:1216,qsd,coverage,CF_20eV_2_79_Si_C,28,C,421.3472748529535,369.7738613381723,0.5609997821746454,0.5609997821746454,559.0641519784771
mace,dft/qsd/qsd_data.extxyz:1053,qsd,coverage,CF_20eV_2_52_Si_F,35,F,416.3962108422909,354.3004787634978,0.6209209216961524,1.240891345968694,741.2979395762751
mace,dft/qsd/qsd_data.extxyz:1053,qsd,coverage,CF_20eV_2_52_Si_F,23,F,410.44787382928934,349.2904714683027,0.6209209216961524,1.240891345968694,747.4742031608879
mace,dft/qsd/qsd_data.extxyz:264,qsd,coverage,CF3_10eV_19_59_Si_C,97,Si,408.8657839002176,353.89377995354755,0.5609997821746454,0.5609997821746454,566.2888445433182
mace,dft/qsd/qsd_data.extxyz:493,qsd,coverage,CF3_20eV_4_98_O_F,11,F,402.6049996689026,352.93362665312395,0.6150037903135221,0.6150037903135221,630.5278946625072
mace,dft/qsd/qsd_data.extxyz:1294,qsd,coverage,CF_30eV_18_13_Si_C,79,Si,391.42630443942727,338.9449172317964,0.5609997821746454,0.5609997821746454,568.6297186330504
mace,dft/qsd/qsd_data.extxyz:760,qsd,coverage,CF_10eV_4_54_Si_C,5,C,388.7708401849918,338.37876418100666,0.5609997821746454,0.5609997821746454,531.1707345454179
mace,dft/qsd/qsd_data.extxyz:15,qsd,coverage,CF3_10eV_19_10_O_F,3,F,371.0552002320491,322.2382406098635,0.6149951300620208,0.6149951300620208,694.4679031467529
mace,dft/qsd/qsd_data.extxyz:264,qsd,coverage,CF3_10eV_19_59_Si_C,1,C,365.0632707394771,323.62792295088974,0.5609997821746454,0.5609997821746454,513.1895238401719
mace,dft/qsd/qsd_data.extxyz:1294,qsd,coverage,CF_30eV_18_13_Si_C,4,C,361.066454806272,312.9629318962841,0.5609997821746454,0.5609997821746454,567.3725875336138
mace,dft/qsd/qsd_data.extxyz:556,qsd,coverage,CF3_30eV_9_36_Si_F,1,C,358.741590262691,271.3519139403856,0.5860915705757931,0.33599607200085,668.4830874038036
mace,dft/qsd/qsd_data.extxyz:1009,qsd,coverage,CF_20eV_2_32_O_F,26,F,356.85210726348373,311.66069840705023,0.6150037903135221,0.6150037903135221,695.4203129070529
mace,dft/qsd/qsd_data.extxyz:578,qsd,coverage,CF3_30eV_9_9_O_F,11,F,355.12244368028024,309.86042565553527,0.6150037903135221,0.6150037903135221,696.0774924359102
mace,dft/qsd/qsd_data.extxyz:15,qsd,coverage,CF3_10eV_19_10_O_F,45,O,354.79625182802755,302.8414888400647,0.6149951300620208,0.6149951300620208,692.771731180982
mace,dft/qsd/qsd_data.extxyz:1009,qsd,coverage,CF_20eV_2_32_O_F,67,O,330.9590840834552,294.622704980894,0.6150037903135221,0.6150037903135221,690.2837428564111
mace,dft/qsd/qsd_data.extxyz:1079,qsd,coverage,CF_20eV_2_54_O_C,18,C,328.9412194968053,270.6187023947256,0.6129488966463679,0.6129488966463679,431.11675899518866
mace,dft/qsd/qsd_data.extxyz:1329,qsd,coverage,CF_30eV_18_3_O_F,6,F,322.70628474443197,279.43451345240294,0.6150037903135221,0.6150037903135221,700.9679971883617
mace,dft/qsd/qsd_data.extxyz:1079,qsd,coverage,CF_20eV_2_54_O_C,91,Si,322.06793435420576,269.13662207917514,0.6129488966463679,0.6129488966463679,439.25978427700807
mace,dft/qsd/qsd_data.extxyz:578,qsd,coverage,CF3_30eV_9_9_O_F,12,O,321.6706000219643,278.3607056970076,0.6150037903135221,0.6150037903135221,702.8546712677955
mace,dft/qsd/qsd_data.extxyz:493,qsd,coverage,CF3_20eV_4_98_O_F,0,C,299.28929024118383,235.58511748534966,0.6435350280287782,0.6150037903135221,384.1720118440588
mace,dft/qsd/qsd_data.extxyz:553,qsd,coverage,CF3_30eV_9_36_Si_F,8,F,293.74723045551355,205.44217146001122,0.6428305821909834,1.1760035724860711,646.4032306697471
mace,dft/qsd/qsd_data.extxyz:553,qsd,coverage,CF3_30eV_9_36_Si_F,24,F,289.5614543153089,210.05286614713833,0.6428305821909834,1.1760035724860711,618.0876108168479
mace,dft/qsd/qsd_data.extxyz:1054,qsd,coverage,CF_20eV_2_52_Si_F,23,F,284.968310348146,222.05024918706883,0.6567079818305845,1.1759949122338913,590.4023205237845
mace,dft/qsd/qsd_data.extxyz:792,qsd,coverage,CF_10eV_4_5_O_F,7,F,283.5049334086057,245.81511542547037,0.6149951300620208,0.6149951300620208,701.9340904585197
mace,dft/qsd/qsd_data.extxyz:1329,qsd,coverage,CF_30eV_18_3_O_F,56,O,282.2451891947268,240.69630955249397,0.6150037903135221,0.6150037903135221,701.6440825015285
mace,dft/qsd/qsd_data.extxyz:1054,qsd,coverage,CF_20eV_2_52_Si_F,35,F,276.1251218061286,223.3832529887763,0.6567079818305845,1.1759949122338913,561.1006315376816
mace,dft/qsd/qsd_data.extxyz:792,qsd,coverage,CF_10eV_4_5_O_F,66,O,263.9806146184124,233.0504562323885,0.6149951300620208,0.6149951300620208,687.8219118330854
mace,dft/qsd/qsd_data.extxyz:1082,qsd,coverage,CF_20eV_2_54_O_C,91,Si,242.99781982578415,208.16649062099268,0.6647358024057372,0.4259940919778134,582.415510451259
mace,dft/qsd/qsd_data.extxyz:584,qsd,coverage,CF3_30eV_9_9_Si_C,11,F,164.31282914498783,157.6525899457369,0.7829336610467059,0.9349967502082542,264.88568811636526
mace,dft/qsd/qsd_data.extxyz:554,qsd,coverage,CF3_30eV_9_36_Si_F,24,F,161.77746736763513,145.5915285673283,0.8399988402372951,0.8399988402372951,125.87164663268528
mace,dft/qsd/qsd_data.extxyz:1078,qsd,coverage,CF_20eV_2_54_O_C,91,Si,150.1512909329445,111.38803790421645,0.7219346193388984,0.7219346193388984,285.34158474506097
mace,dft/qsd/qsd_data.extxyz:555,qsd,coverage,CF3_30eV_9_36_Si_F,1,C,148.03507006157344,101.43983067000728,0.6502719977055755,0.5040027682463689,440.33268597212555
mace,dft/qsd/qsd_data.extxyz:239,qsd,coverage,CF3_10eV_19_59_C_F,0,C,137.01614950546798,103.27823521316799,0.6650026902953101,1.351081189344298,415.72589514073167
mace,dft/qsd/qsd_data.extxyz:1080,qsd,coverage,CF_20eV_2_54_O_C,18,C,136.65536115045165,99.39319812910777,0.7701740485760341,0.7701740485760341,241.73075434228488
mace,dft/qsd/qsd_data.extxyz:1306,qsd,coverage,CF_30eV_18_3_C_F,6,F,133.5052790429873,117.71945457576982,0.6650026902953101,1.1431451005449835,391.0058163473293
mace,dft/qsd/qsd_data.extxyz:514,qsd,coverage,CF3_30eV_9_36_C_C,22,F,133.35890230426526,101.28344457728272,0.8273596473118567,1.2530260676059377,207.40945720618862
mace,dft/qsd/qsd_data.extxyz:1078,qsd,coverage,CF_20eV_2_54_O_C,18,C,132.5658754069151,106.8954845775534,0.7219346193388984,0.7219346193388984,238.9226302114728
mace,dft/qsd/qsd_data.extxyz:1306,qsd,coverage,CF_30eV_18_3_C_F,1,C,130.57890234457912,117.46678707877882,0.6650026902953101,1.1431451005449835,395.06459691366274
mace,dft/qsd/qsd_data.extxyz:437,qsd,coverage,CF3_20eV_4_50_C_F,2,C,130.2178781697999,117.34463619098489,0.6650026902953106,0.7854789447209897,434.2430965749385
mace,dft/qsd/qsd_data.extxyz:1239,qsd,coverage,CF_30eV_18_12_F_F,6,F,128.82016249533908,112.19636978910367,0.7980014963018561,1.1728677049437417,238.3513004392854
mace,dft/qsd/qsd_data.extxyz:1056,qsd,coverage,CF_20eV_2_52_Si_F,17,C,125.06883176030406,109.03115798807846,0.6709299078890433,0.5040027682463658,380.3873767108638
mace,dft/qsd/qsd_data.extxyz:1034,qsd,coverage,CF_20eV_2_52_F_F,33,F,123.33732146644793,101.41857906714955,0.798001496301855,1.240891345968694,218.40638116313212
mace,dft/qsd/qsd_data.extxyz:482,qsd,coverage,CF3_20eV_4_98_F_F,11,F,122.7709406346063,108.19666904859602,0.7980014963018561,1.5846581323742983,217.11574851107306
mace,dft/qsd/qsd_data.extxyz:528,qsd,coverage,CF3_30eV_9_36_F_F,24,F,122.66013512845417,106.3475882014543,0.7980014963018576,1.2595609813740645,212.51638768930718
mace,dft/qsd/qsd_data.extxyz:264,qsd,coverage,CF3_10eV_19_59_Si_C,10,F,122.42848912358825,89.26199740080135,0.8115826726218338,0.5609997821746454,233.9089135440614
mace,dft/qsd/qsd_data.extxyz:1034,qsd,coverage,CF_20eV_2_52_F_F,35,F,121.16116089184551,103.12046356764516,0.798001496301855,1.240891345968694,212.08988567385555
mace,dft/qsd/qsd_data.extxyz:1239,qsd,coverage,CF_30eV_18_12_F_F,10,F,121.09500647321647,105.41488960214915,0.7980014963018561,1.1728677049437417,202.82070405962563
mace,dft/qsd/qsd_data.extxyz:528,qsd,coverage,CF3_30eV_9_36_F_F,8,F,119.77856740640779,102.92746392711928,0.7980014963018576,1.2595609813740645,217.05839393837573
mace,dft/qsd/qsd_data.extxyz:482,qsd,coverage,CF3_20eV_4_98_F_F,9,F,119.53907700966523,101.19280049887834,0.7980014963018561,1.5846581323742983,224.01820339502348
mace,dft/qsd/qsd_data.extxyz:965,qsd,coverage,CF_10eV_4_98_F_F,22,F,118.22154556211726,103.8230398846053,0.7979928360580717,1.2757015281404969,214.9887647102567
mace,dft/qsd/qsd_data.extxyz:530,qsd,coverage,CF3_30eV_9_36_F_F,1,C,117.39524792481659,102.35811734394721,1.2969374130234668,1.2595609813740645,8.572363205213252
mace,dft/qsd/qsd_data.extxyz:312,qsd,coverage,CF3_10eV_19_84_F_F,7,F,117.18207520915381,102.40034436948442,0.7980014963018546,1.5883613265563985,211.34704326789182
mace,dft/qsd/qsd_data.extxyz:517,qsd,coverage,CF3_30eV_9_36_C_F,24,F,115.525474140839,76.64838554300918,0.7520752664461184,1.2595609813740645,273.4238609361351
mace,dft/qsd/qsd_data.extxyz:965,qsd,coverage,CF_10eV_4_98_F_F,15,F,115.3221108460014,98.19881953320045,0.7979928360580717,1.2757015281404969,221.3436971177031
mace,dft/qsd/qsd_data.extxyz:516,qsd,coverage,CF3_30eV_9_36_C_F,24,F,114.81437515572772,91.32963267677579,0.7808793950412577,1.2595609813740645,256.242211279836
mace,dft/qsd/qsd_data.extxyz:513,qsd,coverage,CF3_30eV_9_36_C_C,22,F,114.21539275547369,85.46161183931235,0.9062379381266269,1.2595609813740645,139.8518245335617
mace,dft/qsd/qsd_data.extxyz:312,qsd,coverage,CF3_10eV_19_84_F_F,3,F,114.19857096087814,99.43804670449472,0.7980014963018546,1.5883613265563985,217.87439513937042
mace,dft/qsd/qsd_data.extxyz:1055,qsd,coverage,CF_20eV_2_52_Si_F,35,F,111.32130501057394,89.2910353928847,0.8399988402372951,0.8399988402372951,130.1769414809841
mace,dft/qsd/qsd_data.extxyz:1080,qsd,coverage,CF_20eV_2_54_O_C,91,Si,109.08821328566282,80.49035357030988,0.7701740485760341,0.7701740485760341,261.4523822142049
mace,dft/qsd/qsd_data.extxyz:517,qsd,coverage,CF3_30eV_9_36_C_F,22,F,108.78570917669674,68.19476600654295,0.7520752664461184,1.2595609813740645,327.61976346832813
mace,dft/qsd/qsd_data.extxyz:584,qsd,coverage,CF3_30eV_9_9_Si_C,6,F,108.20210866879195,94.59087091771538,0.7122775082789018,0.9349967502082542,259.14884698686626
mace,dft/qsd/qsd_data.extxyz:967,qsd,coverage,CF_10eV_4_98_F_F,4,C,108.00016420251373,98.70973123159678,1.2969287527848257,1.2757015281404969,6.882993411575882
mace,dft/qsd/qsd_data.extxyz:635,qsd,coverage,CF_10eV_4_37_C_F,21,F,106.24402377392639,93.27190893580331,0.9310431839608722,1.371796809662423,135.53861516706544
mace,dft/qsd/qsd_data.extxyz:314,qsd,coverage,CF3_10eV_19_84_F_F,0,C,104.55693091854073,91.71259365702751,1.2969374130234668,1.5883613265563985,8.000924777718947
mace,dft/qsd/qsd_data.extxyz:531,qsd,coverage,CF3_30eV_9_36_F_F,1,C,102.74611240382326,88.08394198338183,1.296932413042408,1.2595609813740645,9.756322109443547
mace,dft/qsd/qsd_data.extxyz:554,qsd,coverage,CF3_30eV_9_36_Si_F,8,F,102.18983457335437,91.23737539436203,0.8549472565603087,0.8399988402372951,165.02729794515218
mace,dft/qsd/qsd_data.extxyz:1036,qsd,coverage,CF_20eV_2_52_F_F,17,C,102.08798549431589,91.94008838027094,1.2969374130234639,1.240891345968694,7.32499615329626
mace,dft/qsd/qsd_data.extxyz:636,qsd,coverage,CF_10eV_4_37_C_F,21,F,101.86023846900014,98.45339777085164,1.0649850818203976,1.371796809662423,122.13575066503277
mace,dft/qsd/qsd_data.extxyz:516,qsd,coverage,CF3_30eV_9_36_C_F,22,F,101.16154032406841,75.37457886475553,0.7808793950412577,1.2595609813740645,264.1910873674313
mace,dft/qsd/qsd_data.extxyz:579,qsd,coverage,CF3_30eV_9_9_O_F,0,C,97.46184682279261,64.32265005212886,1.2969374130234668,0.3689970780372108,8.192489626131364
mace,dft/qsd/qsd_data.extxyz:1010,qsd,coverage,CF_20eV_2_32_O_F,8,C,96.10345194776623,79.918550463368,1.2969287527848257,0.3690057383022674,8.628487598486595
mace,dft/qsd/qsd_data.extxyz:534,qsd,coverage,CF3_30eV_9_36_O_C,57,O,94.54437221578583,77.5599048709044,0.7100017002796539,0.7100017002796539,295.64705305592497
mace,dft/qsd/qsd_data.extxyz:484,qsd,coverage,CF3_20eV_4_98_F_F,0,C,93.24857292408717,83.31481477486557,1.296932413042408,1.5846581323742983,6.927027943016399
mace,dft/qsd/qsd_data.extxyz:1055,qsd,coverage,CF_20eV_2_52_Si_F,23,F,92.61495905426372,70.43679656357496,0.8625454171230645,0.8399988402372951,158.01488340863497
mace,dft/qsd/qsd_data.extxyz:241,qsd,coverage,CF3_10eV_19_59_C_F,1,C,90.89774895448315,79.81154935131522,0.9957554116348057,1.351081189344298,64.38314891757011
mace,dft/qsd/qsd_data.extxyz:1330,qsd,coverage,CF_30eV_18_3_O_F,2,C,90.77331695557368,81.58415986260434,1.296932413042405,0.3689970780372108,9.152010688719773
mace,dft/qsd/qsd_data.extxyz:534,qsd,coverage,CF3_30eV_9_36_O_C,1,C,90.74586768447433,81.25131931180545,0.7100017002796539,0.7100017002796539,283.4217440248573
mace,dft/qsd/qsd_data.extxyz:437,qsd,coverage,CF3_20eV_4_50_C_F,19,F,89.30711131021003,62.7965311519452,0.6650026902953106,0.7854789447209897,371.8981522953188
mace,dft/qsd/qsd_data.extxyz:239,qsd,coverage,CF3_10eV_19_59_C_F,7,F,88.32744639114556,64.61419700157286,0.9353062464775922,1.351081189344298,137.67283795204406
mace,dft/qsd/qsd_data.extxyz:239,qsd,coverage,CF3_10eV_19_59_C_F,10,F,88.17708473315858,60.90300516749019,0.6650026902953101,1.351081189344298,353.25037831728116
mace,dft/qsd/qsd_data.extxyz:1080,qsd,coverage,CF_20eV_2_54_O_C,36,F,85.42045067840547,69.87946938220033,0.8625882205316743,0.7701740485760341,139.88945705827922
mace,dft/qsd/qsd_data.extxyz:284,qsd,coverage,CF3_10eV_19_68_O_C,55,O,84.85055574766477,65.22950452477431,0.7100017002796539,0.7100017002796539,297.1405146403562
mace,dft/qsd/qsd_data.extxyz:519,qsd,coverage,CF3_30eV_9_36_C_F,22,F,83.47767598193374,76.05045314617584,0.9644619284347093,1.2595609813740645,156.94820603693032
mace,dft/qsd/qsd_data.extxyz:520,qsd,coverage,CF3_30eV_9_36_C_F,1,C,83.38700001717639,66.40827782247928,0.8847330527339862,1.2583719668285684,108.59508262216096
mace,dft/qsd/qsd_data.extxyz:240,qsd,coverage,CF3_10eV_19_59_C_F,7,F,82.21438640495907,54.315515214527636,1.0704813602300602,1.351081189344298,120.5030658168264
mace,dft/qsd/qsd_data.extxyz:1322,qsd,coverage,CF_30eV_18_3_O_C,56,O,82.10078668779512,70.28160270485421,0.7100017002796539,0.7100017002796539,297.1258337799793
mace,dft/qsd/qsd_data.extxyz:16,qsd,coverage,CF3_10eV_19_10_O_F,0,C,82.09577578159349,76.0042646435355,1.2969374130234639,0.3689970780372108,8.665737370951994
mace,dft/qsd/qsd_data.extxyz:580,qsd,coverage,CF3_30eV_9_9_O_F,0,C,81.25936298743106,50.97750862312778,1.296932413042408,0.2459980520248069,13.07915876857992
mace,dft/qsd/qsd_data.extxyz:635,qsd,coverage,CF_10eV_4_37_C_F,22,F,80.36883698990414,78.08228464553707,0.6650026902953086,1.371796809662423,357.408962569883
mace,dft/qsd/qsd_data.extxyz:452,qsd,coverage,CF3_20eV_4_78_O_C,53,O,79.70869400231766,68.45800016350697,0.7100017002796539,0.7100017002796539,290.44357889742406
mace,dft/qsd/qsd_data.extxyz:1149,qsd,coverage,CF_20eV_2_76_C_F,29,C,79.67865465265852,68.8232676875943,0.6650026902953103,1.2835795392962583,415.1708150362324
mace,dft/qsd/qsd_data.extxyz:634,qsd,coverage,CF_10eV_4_37_C_F,21,F,79.5378934392669,50.50197921683808,0.8608230354724489,1.371796809662423,172.7005181627616
mace,dft/qsd/qsd_data.extxyz:485,qsd,coverage,CF3_20eV_4_98_F_F,0,C,78.84879854383732,70.81602944207958,1.2969374130234639,1.5846581323742983,8.516182275133911
mace,dft/qsd/qsd_data.extxyz:1322,qsd,coverage,CF_30eV_18_3_O_C,2,C,78.59649470832255,66.99638163919562,0.7100017002796539,0.7100017002796539,288.9274962841489
mace,dft/qsd/qsd_data.extxyz:1072,qsd,coverage,CF_20eV_2_54_F_C,13,C,76.89860788712525,74.86395351838233,1.3485946376135427,1.228183400718312,29.149045491488895
mace,dft/qsd/qsd_data.extxyz:452,qsd,coverage,CF3_20eV_4_78_O_C,0,C,76.80037228102044,64.16802279977523,0.7100017002796539,0.7100017002796539,284.01322370790297
mace,dft/qsd/qsd_data.extxyz:512,qsd,coverage,CF3_30eV_9_36_C_C,22,F,76.23701422823085,64.68882717936353,0.9634305639743845,1.2595609813740645,98.6577831034602
mace,dft/qsd/qsd_data.extxyz:1079,qsd,coverage,CF_20eV_2_54_O_C,23,F,75.42965947706882,74.02270086738632,0.8676839228082998,0.6129488966463679,166.2574589114751
mace,dft/qsd/qsd_data.extxyz:1308,qsd,coverage,CF_30eV_18_3_C_F,61,O,74.64182606002704,52.793847065896244,1.1431451005449835,1.1431451005449835,36.12822528432501
mace,dft/qsd/qsd_data.extxyz:637,qsd,coverage,CF_10eV_4_37_C_F,7,C,73.66516796763501,66.80191144330445,1.0047436722368541,1.371796809662423,65.06062021081482
mace,dft/qsd/qsd_data.extxyz:518,qsd,coverage,CF3_30eV_9_36_C_F,22,F,73.61760170270486,65.86864017820389,0.8444329941445928,1.2595609813740645,193.95763581063554
mace,dft/qsd/qsd_data.extxyz:1242,qsd,coverage,CF_30eV_18_12_F_F,4,C,73.35857229211884,66.67658294710563,1.2737035248047321,1.1728677049437417,45.021923443054895
mace,dft/qsd/qsd_data.extxyz:518,qsd,coverage,CF3_30eV_9_36_C_F,0,C,73.35830575039488,68.06273562623159,0.6650026902953102,1.2595609813740645,423.73952037180067
mace,dft/qsd/qsd_data.extxyz:1303,qsd,coverage,CF_30eV_18_3_C_C,61,O,73.30726656021456,55.59533545059071,1.1431451005449835,1.1431451005449835,31.926171368202436
mace,dft/qsd/qsd_data.extxyz:1081,qsd,coverage,CF_20eV_2_54_O_C,91,Si,73.20179948815858,66.58419823294807,0.8189007336057286,0.7100017002796531,295.62605075913143
mace,dft/qsd/qsd_data.extxyz:436,qsd,coverage,CF3_20eV_4_50_C_F,19,F,72.8808427681209,53.195649866054225,0.7443924818266237,0.7443924818266237,308.54266409283827
mace,dft/qsd/qsd_data.extxyz:1149,qsd,coverage,CF_20eV_2_76_C_F,44,F,72.77923324710241,71.49434599264242,0.6650026902953103,1.2835795392962583,409.1953366771744
mace,dft/qsd/qsd_data.extxyz:676,qsd,coverage,CF_10eV_4_39_F_C,14,F,72.59659102060652,61.58203767689088,0.6649940300483912,1.3097513380409276,397.7021878347667
mace,dft/qsd/qsd_data.extxyz:436,qsd,coverage,CF3_20eV_4_50_C_F,68,O,72.55576186891743,53.175386731024645,0.7443924818266237,0.7443924818266237,321.48801219610885
mace,dft/qsd/qsd_data.extxyz:262,qsd,coverage,CF3_10eV_19_59_Si_C,4,F,72.01761377136279,58.58129532424243,0.7002969793594719,1.3090023784928708,340.59778783917955
mace,dft/qsd/qsd_data.extxyz:441,qsd,coverage,CF3_20eV_4_78_F_C,0,C,71.94576516045908,67.9480164213947,0.6650026902953101,1.5805841200328443,388.6080439555133
mace,dft/qsd/qsd_data.extxyz:676,qsd,coverage,CF_10eV_4_39_F_C,8,C,71.29736725058699,64.50283789524707,0.6649940300483912,1.3097513380409276,391.2932433441467
mace,dft/qsd/qsd_data.extxyz:302,qsd,coverage,CF3_10eV_19_68_Si_F,8,F,70.76825818455995,53.16048465135759,0.8399988402372951,0.8399988402372951,228.66562432429728
mace,dft/qsd/qsd_data.extxyz:441,qsd,coverage,CF3_20eV_4_78_F_C,13,F,70.56150318791052,56.78615208953943,0.6650026902953101,1.5805841200328443,392.535153007945
mace,dft/qsd/qsd_data.extxyz:262,qsd,coverage,CF3_10eV_19_59_Si_C,1,C,70.18826812374839,57.018181921424514,0.7002969793594719,1.3090023784928708,308.4775407681505
mace,dft/qsd/qsd_data.extxyz:238,qsd,coverage,CF3_10eV_19_59_C_F,7,F,70.1733534126798,67.2655504874072,0.8609791469600192,1.351081189344298,175.41953952712254
mace,dft/qsd/qsd_data.extxyz:551,qsd,coverage,CF3_30eV_9_36_Si_F,24,F,68.03819790783393,47.94086785500255,0.902713957962323,1.2595609813740645,114.20807724201083
mace,dft/qsd/qsd_data.extxyz:1151,qsd,coverage,CF_20eV_2_76_C_F,7,C,65.59964433040078,62.77983885306706,1.1525610906585384,1.2835795392962583,55.90469459157452
mace,dft/qsd/qsd_data.extxyz:1302,qsd,coverage,CF_30eV_18_3_C_C,61,O,65.35472508661476,48.331967796309,1.1431451005449835,1.1431451005449835,23.528590989443053
mace,dft/qsd/qsd_data.extxyz:498,qsd,coverage,CF3_20eV_4_98_Si_C,0,C,65.11785177412291,52.384575096764394,0.9349967502082542,0.9349967502082542,178.984328427255
mace,dft/qsd/qsd_data.extxyz:523,qsd,coverage,CF3_30eV_9_36_F_C,1,C,65.11361801909803,57.39472561144589,0.6650026902953101,1.2595609813740645,389.2415515197665
mace,dft/qsd/qsd_data.extxyz:523,qsd,coverage,CF3_30eV_9_36_F_C,8,F,64.78468762404445,55.35795823604127,0.6650026902953101,1.2595609813740645,387.47029758317336
mace,dft/qsd/qsd_data.extxyz:438,qsd,coverage,CF3_20eV_4_50_C_F,68,O,64.35618183434944,61.930387401012226,0.9062880214920636,0.9062880214920636,146.2592814228938
mace,dft/qsd/qsd_data.extxyz:551,qsd,coverage,CF3_30eV_9_36_Si_F,8,F,64.06204867780578,45.495852728874596,0.902713957962323,1.2595609813740645,116.56666897971292
mace,dft/qsd/qsd_data.extxyz:237,qsd,coverage,CF3_10eV_19_59_C_F,7,F,63.96474893324754,62.892253523213355,0.8979678739799112,1.351081189344298,133.71503293362093
mace,dft/qsd/qsd_data.extxyz:498,qsd,coverage,CF3_20eV_4_98_Si_C,77,Si,63.74177210643017,54.152873230309325,0.9349967502082542,0.9349967502082542,179.7859671663171
mace,dft/qsd/qsd_data.extxyz:1081,qsd,coverage,CF_20eV_2_54_O_C,36,F,63.22578799180897,61.3905620467018,0.8189007336057286,0.7100017002796531,243.91202263358838
mace,dft/qsd/qsd_data.extxyz:510,qsd,coverage,CF3_30eV_9_36_C_C,22,F,62.59194909804883,48.790830267051575,0.738212920504646,1.2595609813740645,278.23223015536905
mace,dft/qsd/qsd_data.extxyz:554,qsd,coverage,CF3_30eV_9_36_Si_F,86,Si,62.58838371921809,51.14165006859196,0.8399988402372951,0.8399988402372951,251.76033242783976
mace,dft/qsd/qsd_data.extxyz:633,qsd,coverage,CF_10eV_4_37_C_F,22,F,62.547704547152485,50.2550602597835,0.904217267253839,1.371796809662423,119.92196613093267
mace,dft/qsd/qsd_data.extxyz:234,qsd,coverage,CF3_10eV_19_59_C_C,7,F,62.16671135660217,45.663019216442265,1.0158913242566865,1.351081189344298,90.73681030725902
mace,dft/qsd/qsd_data.extxyz:263,qsd,coverage,CF3_10eV_19_59_Si_C,10,F,61.410740997426785,47.5921358989429,1.0575780635962513,0.9349967502082542,82.84957197404773
mace,dft/qsd/qsd_data.extxyz:237,qsd,coverage,CF3_10eV_19_59_C_F,10,F,61.09197526974813,53.33767869699753,0.8979678739799112,1.351081189344298,119.57438644262719
mace,dft/qsd/qsd_data.extxyz:235,qsd,coverage,CF3_10eV_19_59_C_C,7,F,60.89295128061857,50.451859005028766,0.9419873866459163,1.351081189344298,116.68738207647624
mace,dft/qsd/qsd_data.extxyz:437,qsd,coverage,CF3_20eV_4_50_C_F,68,O,60.717706265313296,51.210973821844945,0.7854789447209897,0.7854789447209897,253.37747717208845
mace,dft/qsd/qsd_data.extxyz:1052,qsd,coverage,CF_20eV_2_52_Si_F,35,F,60.31098046987404,45.42215565196212,0.9207919359985732,1.240891345968694,102.09006023610897
mace,dft/qsd/qsd_data.extxyz:633,qsd,coverage,CF_10eV_4_37_C_F,21,F,60.27269797163637,41.304345676332034,0.904217267253839,1.371796809662423,126.77484417134775
mace,dft/qsd/qsd_data.extxyz:1215,qsd,coverage,CF_20eV_2_79_Si_C,28,C,60.05019350715554,49.70778927087328,0.9350054104656311,0.9350054104656311,180.0419755944665
mace,dft/qsd/qsd_data.extxyz:1081,qsd,coverage,CF_20eV_2_54_O_C,49,O,59.84541442163631,51.89985071644347,0.7100017002796531,0.7100017002796531,295.2471240670747
mace,dft/qsd/qsd_data.extxyz:1241,qsd,coverage,CF_30eV_18_12_F_F,4,C,59.496229837002495,53.805326325423984,1.296932413042405,1.1728677049437417,43.91313999468133
mace,dft/qsd/qsd_data.extxyz:1311,qsd,coverage,CF_30eV_18_3_F_C,3,F,59.48084169733931,51.657000986184926,0.6650026902953101,1.1431451005449835,386.79242236492627
mace,dft/qsd/qsd_data.extxyz:1150,qsd,coverage,CF_20eV_2_76_C_F,7,C,58.65088075697102,57.277956873997965,1.1368361103079017,1.2835795392962583,49.297505565597966
mace,dft/qsd/qsd_data.extxyz:283,qsd,coverage,CF3_10eV_19_68_O_C,8,F,58.29209826111341,48.191988153706546,0.9855757199221185,0.9537845550227787,84.43380027301428
mace,dft/qsd/qsd_data.extxyz:245,qsd,coverage,CF3_10eV_19_59_F_C,0,C,58.00883717685076,50.66481282693426,1.351081189344298,1.351081189344298,32.33274591690836
mace,dft/qsd/qsd_data.extxyz:1215,qsd,coverage,CF_20eV_2_79_Si_C,91,Si,57.94795295047498,49.73511721784507,0.9350054104656311,0.9350054104656311,175.86963461697837
mace,dft/qsd/qsd_data.extxyz:1331,qsd,coverage,CF_30eV_18_3_O_F,78,Si,57.750448116538315,54.08234623813649,1.6777703783891291,0.2459980520248069,29.2403410294868
mace,dft/qsd/qsd_data.extxyz:1311,qsd,coverage,CF_30eV_18_3_F_C,2,C,57.57640243533131,49.8826488731907,0.6650026902953101,1.1431451005449835,388.3428853812689
mace,dft/qsd/qsd_data.extxyz:1052,qsd,coverage,CF_20eV_2_52_Si_F,23,F,57.32906283512722,43.259701042100815,0.9207919359985732,1.240891345968694,105.47544064241733
mace,dft/qsd/qsd_data.extxyz:283,qsd,coverage,CF3_10eV_19_68_O_C,94,Si,56.468848979735874,38.999814664382015,0.9537845550227787,0.9537845550227787,170.8366988484523
mace,dft/qsd/qsd_data.extxyz:14,qsd,coverage,CF3_10eV_19_10_O_F,3,F,55.81320480103479,48.325965580098384,0.8609931820868285,0.8609931820868285,132.78548967123365
mace,dft/qsd/qsd_data.extxyz:283,qsd,coverage,CF3_10eV_19_68_O_C,0,C,55.694971936985,42.44266678977645,0.9537845550227787,0.9537845550227787,146.75822413336377
mace,dft/qsd/qsd_data.extxyz:286,qsd,coverage,CF3_10eV_19_68_O_C,8,F,55.62420483926473,44.94991221362356,0.9034415298180617,0.28399894806143233,181.95372466649746
mace,dft/qsd/qsd_data.extxyz:583,qsd,coverage,CF3_30eV_9_9_Si_C,11,F,55.18714952324442,45.799137206035276,1.1262217596015458,1.309002378492874,85.80533778923697
mace,dft/qsd/qsd_data.extxyz:1313,qsd,coverage,CF_30eV_18_3_F_C,99,Si,54.769377919946855,45.74539847540643,1.5912669656597522,1.1431451005449835,31.92239398076017
mace,dft/qsd/qsd_data.extxyz:238,qsd,coverage,CF3_10eV_19_59_C_F,10,F,54.59020279526814,54.56095786941272,0.8609791469600192,1.351081189344298,132.51183707528594
mace,dft/qsd/qsd_data.extxyz:634,qsd,coverage,CF_10eV_4_37_C_F,22,F,54.29623297331864,36.709613301864735,0.8608230354724489,1.371796809662423,141.83025891997008
mace,dft/qsd/qsd_data.extxyz:233,qsd,coverage,CF3_10eV_19_59_C_C,7,F,53.11803527422774,33.30183905068623,1.0387378662107205,1.351081189344298,85.55949566997526
mace,dft/qsd/qsd_data.extxyz:232,qsd,coverage,CF3_10eV_19_59_C_C,0,C,52.593031498726134,38.718886794801534,0.7600006002629206,1.351081189344298,224.5816464639329
mace,dft/qsd/qsd_data.extxyz:1293,qsd,coverage,CF_30eV_18_13_Si_C,79,Si,51.973527028299735,44.238173472363826,0.9350054104656303,0.9350054104656303,161.99257538459358
mace,dft/qsd/qsd_data.extxyz:282,qsd,coverage,CF3_10eV_19_68_O_C,3,F,51.446139176540505,42.39790331110197,1.020053257580212,0.8793652029162854,81.82658707643307
mace,dft/qsd/qsd_data.extxyz:760,qsd,coverage,CF_10eV_4_54_Si_C,21,F,51.401760350054516,44.21609977071298,1.1078714277839263,0.5609997821746454,60.108363925419205
mace,dft/qsd/qsd_data.extxyz:282,qsd,coverage,CF3_10eV_19_68_O_C,0,C,50.935934124616686,45.553802267576984,0.8793652029162854,0.8793652029162854,205.20292386628853
mace,dft/qsd/qsd_data.extxyz:302,qsd,coverage,CF3_10eV_19_68_Si_F,94,Si,49.8180270858052,42.814804653495685,0.8399988402372951,0.8399988402372951,242.95471779115198
mace,dft/qsd/qsd_data.extxyz:584,qsd,coverage,CF3_30eV_9_9_Si_C,74,Si,49.811128142759614,43.090411547265106,0.9349967502082542,0.9349967502082542,173.83546674155787
mace,dft/qsd/qsd_data.extxyz:759,qsd,coverage,CF_10eV_4_54_Si_C,83,Si,49.22788723746502,41.53416766129291,0.9349967502082552,0.9349967502082552,174.3109307118413
mace,dft/qsd/qsd_data.extxyz:232,qsd,coverage,CF3_10eV_19_59_C_C,1,C,48.79440602067125,33.820778759571624,0.7600006002629206,1.351081189344298,192.86983382543212
mace,dft/qsd/qsd_data.extxyz:263,qsd,coverage,CF3_10eV_19_59_Si_C,97,Si,48.3952996596078,41.507420571625445,0.9349967502082542,0.9349967502082542,175.62699968410584
mace,dft/qsd/qsd_data.extxyz:1008,qsd,coverage,CF_20eV_2_32_O_F,26,F,48.305216603003124,41.90868088482769,0.861001842332521,0.861001842332521,135.47967771283328
mace,dft/qsd/qsd_data.extxyz:287,qsd,coverage,CF3_10eV_19_68_O_C,8,F,47.68711498430531,32.751294384238065,0.8807018130445733,0.14200380417439368,199.61159369598872
mace,dft/qsd/qsd_data.extxyz:14,qsd,coverage,CF3_10eV_19_10_O_F,45,O,47.61325708427971,39.724960157986914,0.8609931820868285,0.8609931820868285,136.29528508336736
mace,dft/qsd/qsd_data.extxyz:515,qsd,coverage,CF3_30eV_9_36_C_F,24,F,47.52109372177357,40.444097416010464,0.9860679530843708,1.2595609813740645,69.0232529397647
mace,dft/qsd/qsd_data.extxyz:1078,qsd,coverage,CF_20eV_2_54_O_C,36,F,47.296065251638105,45.86591481183246,1.060494710689308,0.7219346193388984,76.09077796918679
mace,dft/qsd/qsd_data.extxyz:435,qsd,coverage,CF3_20eV_4_50_C_F,19,F,46.94673457701771,36.6303504873147,0.8515661422344121,0.8515661422344121,163.91428157581643
mace,dft/qsd/qsd_data.extxyz:635,qsd,coverage,CF_10eV_4_37_C_F,6,C,46.47593278640638,36.59279359284213,0.6650026902953086,1.371796809662423,420.5750718713087
mace,dft/qsd/qsd_data.extxyz:1293,qsd,coverage,CF_30eV_18_13_Si_C,4,C,46.31083770856163,39.999887291725116,0.9350054104656303,0.9350054104656303,161.81741464342795
mace,dft/qsd/qsd_data.extxyz:281,qsd,coverage,CF3_10eV_19_68_O_C,0,C,46.177022284043844,31.86036543959206,0.9999017656250059,0.9999017656250059,147.55158588199234
mace,dft/qsd/qsd_data.extxyz:281,qsd,coverage,CF3_10eV_19_68_O_C,94,Si,46.10497612065342,34.22638206670925,0.9999017656250059,0.9999017656250059,154.33929360601184
mace,dft/qsd/qsd_data.extxyz:759,qsd,coverage,CF_10eV_4_54_Si_C,5,C,46.034970787900185,38.66857212379031,0.9349967502082552,0.9349967502082552,164.66397490208809
mace,dft/qsd/qsd_data.extxyz:515,qsd,coverage,CF3_30eV_9_36_C_F,22,F,45.5918004479038,37.24871649710723,0.9860679530843708,1.2595609813740645,73.46477290265855
mace,dft/qsd/qsd_data.extxyz:285,qsd,coverage,CF3_10eV_19_68_O_C,8,F,45.27815665607625,31.037843589118097,0.947145868860759,0.4260027522211551,154.5507457430014
mace,dft/qsd/qsd_data.extxyz:337,qsd,coverage,CF3_20eV_4_36_C_C,16,F,44.74622490913464,41.98858431777079,1.1665717316564812,1.1665717316564812,59.51917830978188
mace,dft/qsd/qsd_data.extxyz:1301,qsd,coverage,CF_30eV_18_3_C_C,61,O,44.61732451418145,31.365207798969543,1.1431451005449835,1.1431451005449835,20.5075352550217
mace,dft/qsd/qsd_data.extxyz:244,qsd,coverage,CF3_10eV_19_59_F_C,7,F,44.20366250191885,35.402802197262645,0.6650026902953101,1.351081189344298,386.2961775111404
mace,dft/qsd/qsd_data.extxyz:284,qsd,coverage,CF3_10eV_19_68_O_C,94,Si,44.095126934096264,36.030340640192414,1.0862004251057924,0.7100017002796539,127.8539123490062
mace,dft/qsd/qsd_data.extxyz:1008,qsd,coverage,CF_20eV_2_32_O_F,67,O,43.96412860356344,40.770915792433584,0.861001842332521,0.861001842332521,139.03414486002313
mace,dft/qsd/qsd_data.extxyz:525,qsd,coverage,CF3_30eV_9_36_F_C,86,Si,43.32522320050512,38.38901911458366,1.583804590756069,1.2595609813740645,31.193074041228282
mace,dft/qsd/qsd_data.extxyz:1238,qsd,coverage,CF_30eV_18_12_F_F,6,F,42.67848118184272,37.62402790169659,1.1400009003943816,1.1728677049437417,64.60639521392399
mace,dft/qsd/qsd_data.extxyz:793,qsd,coverage,CF_10eV_4_5_O_F,2,C,42.39671618790358,25.487573364166707,1.296932413042405,0.3689970780372108,9.389100210621091
mace,dft/qsd/qsd_data.extxyz:511,qsd,coverage,CF3_30eV_9_36_C_C,41,O,42.00851340153178,30.476415714084723,1.261979962955038,1.2595609813740645,19.591314104136483
mace,dft/qsd/qsd_data.extxyz:1307,qsd,coverage,CF_30eV_18_3_C_F,61,O,41.970389025128995,29.025512397189082,1.1431451005449835,1.1431451005449835,17.409462135894206
mace,dft/qsd/qsd_data.extxyz:577,qsd,coverage,CF3_30eV_9_9_O_F,12,O,41.774071583424956,34.81082736468703,0.8610018423325219,0.8610018423325219,144.09372478011596
mace,dft/qsd/qsd_data.extxyz:282,qsd,coverage,CF3_10eV_19_68_O_C,94,Si,41.730614032448585,31.13561368641402,0.8793652029162854,0.8793652029162854,208.63066583804056
mace,dft/qsd/qsd_data.extxyz:1328,qsd,coverage,CF_30eV_18_3_O_F,6,F,41.30556630388588,33.94329319450536,0.8610018423325219,0.8610018423325219,140.80698788489383
mace,dft/qsd/qsd_data.extxyz:577,qsd,coverage,CF3_30eV_9_9_O_F,11,F,40.947928183700554,36.033485206768276,0.8610018423325219,0.8610018423325219,133.00140840963203
mace,dft/qsd/qsd_data.extxyz:1329,qsd,coverage,CF_30eV_18_3_O_F,2,C,40.652717170355054,35.928304146972835,1.2969287527848266,0.6150037903135221,9.197522856885543
mace,dft/qsd/qsd_data.extxyz:284,qsd,coverage,CF3_10eV_19_68_O_C,3,F,40.25058036432855,33.64007985098214,1.0615602923056233,0.7100017002796539,70.03979992090724
mace,dft/qsd/qsd_data.extxyz:890,qsd,coverage,CF_10eV_4_93_O_C,24,F,38.99149988077602,33.38052530210298,1.1437945082924625,0.31560720048820157,73.56420178235804
mace,dft/qsd/qsd_data.extxyz:336,qsd,coverage,CF3_20eV_4_36_C_C,1,C,38.90147427532683,31.965754215507474,1.342733009462418,1.1620822119798588,19.068314204002775
mace,dft/qsd/qsd_data.extxyz:732,qsd,coverage,CF_10eV_4_54_C_C,5,C,38.84929285573082,33.718164425150945,0.7600006002629206,1.5765943405644969,204.41309401272915
mace,dft/qsd/qsd_data.extxyz:504,qsd,coverage,CF3_20eV_4_98_Si_F,11,F,38.312654188688526,25.450767472223447,0.8399988402372951,0.8399988402372951,233.63475786090646
mace,dft/qsd/qsd_data.extxyz:527,qsd,coverage,CF3_30eV_9_36_F_F,24,F,38.30559431950523,33.26089585992641,1.1400009003943834,1.2595609813740645,50.89039500627424
mace,dft/qsd/qsd_data.extxyz:443,qsd,coverage,CF3_20eV_4_78_F_C,94,Si,38.004806605069156,37.07072083291353,1.5869049269883813,1.5805841200328443,38.26750207832199
mace,dft/qsd/qsd_data.extxyz:335,qsd,coverage,CF3_20eV_4_36_C_C,1,C,37.154993445909426,33.336285222410666,1.342733009462418,1.177375005934813,17.54347999855978
mace,dft/qsd/qsd_data.extxyz:1312,qsd,coverage,CF_30eV_18_3_F_C,99,Si,36.788009182882945,30.439628861748186,1.5912669656597522,1.1431451005449835,23.148187047231968
mace,dft/qsd/qsd_data.extxyz:236,qsd,coverage,CF3_10eV_19_59_C_F,10,F,36.78201326187095,29.587938751368107,1.0907873102488865,1.351081189344298,63.30970981754174
mace,dft/qsd/qsd_data.extxyz:1238,qsd,coverage,CF_30eV_18_12_F_F,10,F,36.743930810934586,32.75327012087568,1.1400009003943816,1.1728677049437417,62.1310907922819
mace,dft/qsd/qsd_data.extxyz:1191,qsd,coverage,CF_20eV_2_79_C_C,19,C,36.22905659407747,36.15917402057611,1.3497893133744978,1.306619940839722,24.365418234358753
mace,dft/qsd/qsd_data.extxyz:511,qsd,coverage,CF3_30eV_9_36_C_C,22,F,36.09219283557993,33.690746735555265,0.8025978388333725,1.2595609813740645,194.44264324370647
mace,dft/qsd/qsd_data.extxyz:231,qsd,coverage,CF3_10eV_19_59_C_C,7,F,35.9780207313052,27.306697392672135,0.8529916746955977,1.351081189344298,142.6702698243246
mace,dft/qsd/qsd_data.extxyz:791,qsd,coverage,CF_10eV_4_5_O_F,7,F,35.682941578471194,31.306111278523943,0.8609931820868285,0.8609931820868285,139.48134659637188
mace,dft/qsd/qsd_data.extxyz:244,qsd,coverage,CF3_10eV_19_59_F_C,1,C,35.478697862004026,29.108620290253384,0.6650026902953101,1.351081189344298,392.52233221854
mace,dft/qsd/qsd_data.extxyz:527,qsd,coverage,CF3_30eV_9_36_F_F,8,F,35.01117552261993,30.1491758401428,1.1400009003943834,1.2595609813740645,53.58853039617607
mace,dft/qsd/qsd_data.extxyz:236,qsd,coverage,CF3_10eV_19_59_C_F,7,F,34.33489583363778,30.80237649246451,1.0907873102488865,1.351081189344298,61.15015449189153
mace,dft/qsd/qsd_data.extxyz:1071,qsd,coverage,CF_20eV_2_54_F_C,32,F,33.90494064595536,24.12163688182943,0.665002690295311,1.228183400718312,383.07252682413446
mace,dft/qsd/qsd_data.extxyz:1190,qsd,coverage,CF_20eV_2_79_C_C,26,C,33.22343952212015,24.871648868314235,1.4003169084532263,1.306619940839722,9.451164815545964
mace,dft/qsd/qsd_data.extxyz:732,qsd,coverage,CF_10eV_4_54_C_C,3,C,32.78704910232118,26.366982125394543,0.7600006002629206,1.5765943405644969,200.58056789921173
mace,dft/qsd/qsd_data.extxyz:633,qsd,coverage,CF_10eV_4_37_C_F,6,C,31.595972452675092,30.359077349768267,1.3119552237405057,1.371796809662423,33.61754802213412
mace,dft/qsd/qsd_data.extxyz:632,qsd,coverage,CF_10eV_4_37_C_F,22,F,31.311674410294053,25.471797584657725,1.1011827781526549,1.371796809662423,56.658299245402745
mace,dft/qsd/qsd_data.extxyz:442,qsd,coverage,CF3_20eV_4_78_F_C,94,Si,31.26406004752941,30.472287528526135,1.5869049269883813,1.5805841200328443,30.3794162278118
mace,dft/qsd/qsd_data.extxyz:1055,qsd,coverage,CF_20eV_2_52_Si_F,17,C,31.210717388688987,19.846729938943824,0.884973240160402,0.8399988402372951,126.05544155531459
mace,dft/qsd/qsd_data.extxyz:1033,qsd,coverage,CF_20eV_2_52_F_F,35,F,30.951085806349397,27.04136370677081,1.1400009003943818,1.240891345968694,40.63109171841542
mace,dft/qsd/qsd_data.extxyz:1328,qsd,coverage,CF_30eV_18_3_O_F,56,O,30.546492042488087,25.53696932028211,0.8610018423325219,0.8610018423325219,146.4384268246627
mace,dft/qsd/qsd_data.extxyz:1216,qsd,coverage,CF_20eV_2_79_Si_C,42,F,30.388028748798046,25.417105352990067,1.2969374130234654,0.5609997821746454,29.113962877836848
mace,dft/qsd/qsd_data.extxyz:791,qsd,coverage,CF_10eV_4_5_O_F,66,O,30.375170438990423,26.391865380627266,0.8609931820868285,0.8609931820868285,132.92873242580478
mace,dft/qsd/qsd_data.extxyz:964,qsd,coverage,CF_10eV_4_98_F_F,22,F,30.228018944676478,26.510040022855755,1.1400009003943832,1.2757015281404969,44.76563003644508
mace,dft/qsd/qsd_data.extxyz:964,qsd,coverage,CF_10eV_4_98_F_F,15,F,30.115894215366904,25.617894569893433,1.1400009003943832,1.2757015281404969,51.24615769618902
mace,dft/qsd/qsd_data.extxyz:311,qsd,coverage,CF3_10eV_19_84_F_F,7,F,29.987970715701426,26.245734706898805,1.1400009003943803,1.5883613265563985,43.49416653771268
mace,dft/qsd/qsd_data.extxyz:1294,qsd,coverage,CF_30eV_18_13_Si_C,11,F,29.907130661155783,26.404877193085355,1.296937413023467,0.5609997821746454,3.833287005192411
mace,dft/qsd/qsd_data.extxyz:1033,qsd,coverage,CF_20eV_2_52_F_F,33,F,29.90262304623624,24.203983052439188,1.1400009003943818,1.240891345968694,46.310657978796065
mace,dft/qsd/qsd_data.extxyz:536,qsd,coverage,CF3_30eV_9_36_O_C,86,Si,29.782789841313,26.670221912871742,1.583804590756069,0.28399894806143233,28.442527016004135
mace,dft/qsd/qsd_data.extxyz:518,qsd,coverage,CF3_30eV_9_36_C_F,24,F,29.739267780035785,21.31859899099487,0.6650026902953102,1.2595609813740645,336.5694117296524
mace,dft/qsd/qsd_data.extxyz:455,qsd,coverage,CF3_20eV_4_78_O_C,74,Si,29.68848654184019,24.50104567467634,1.5871385579085397,0.14200380417439765,34.21672440945419
mace,dft/qsd/qsd_data.extxyz:1325,qsd,coverage,CF_30eV_18_3_O_C,99,Si,29.412257036359954,27.403124017358866,1.5912669656597522,0.14200380417439765,32.09986250661392
mace,dft/qsd/qsd_data.extxyz:510,qsd,coverage,CF3_30eV_9_36_C_C,1,C,29.320691887645573,19.617041680650118,0.738212920504646,1.2595609813740645,229.53629498012313
mace,dft/qsd/qsd_data.extxyz:1323,qsd,coverage,CF_30eV_18_3_O_C,99,Si,29.16436607568114,26.78268730169016,1.5912669656597522,0.4260027522211551,25.229956861188843
mace,dft/qsd/qsd_data.extxyz:311,qsd,coverage,CF3_10eV_19_84_F_F,3,F,29.12272219433864,25.45698806422698,1.1400009003943803,1.5883613265563985,49.32297890069468
mace,dft/qsd/qsd_data.extxyz:435,qsd,coverage,CF3_20eV_4_50_C_F,68,O,29.00805283532451,23.151868837660572,0.8515661422344121,0.8515661422344121,157.74387035655852
mace,dft/qsd/qsd_data.extxyz:524,qsd,coverage,CF3_30eV_9_36_F_C,86,Si,28.82082014768279,24.862652214573227,1.583804590756069,1.2595609813740645,21.11224110873834
mace,dft/qsd/qsd_data.extxyz:481,qsd,coverage,CF3_20eV_4_98_F_F,11,F,28.720945782865698,24.78528416994478,1.1400009003943816,1.5846581323742983,42.51947394737885
mace,dft/qsd/qsd_data.extxyz:576,qsd,coverage,CF3_30eV_9_9_O_F,12,O,28.67664607255457,24.413027507606373,1.2299989203653803,1.2299989203653803,43.21399111528952
mace,dft/qsd/qsd_data.extxyz:237,qsd,coverage,CF3_10eV_19_59_C_F,0,C,28.62176691791332,23.917723564377795,1.3299967203343017,1.351081189344298,31.719437875881027
mace,dft/qsd/qsd_data.extxyz:1009,qsd,coverage,CF_20eV_2_32_O_F,8,C,28.578952683696716,23.538337877713783,1.2969374130234639,0.6150037903135221,8.28862872010449
mace,dft/qsd/qsd_data.extxyz:632,qsd,coverage,CF_10eV_4_37_C_F,21,F,28.446109436842214,21.740249803638545,1.1011827781526549,1.371796809662423,54.89743786005181
mace,dft/qsd/qsd_data.extxyz:281,qsd,coverage,CF3_10eV_19_68_O_C,8,F,28.439929436556486,22.992149116077464,1.213504250383986,0.9999017656250059,55.453543820750504
mace,dft/qsd/qsd_data.extxyz:537,qsd,coverage,CF3_30eV_9_36_O_C,86,Si,28.262639760301305,26.25500902054555,1.583804590756069,0.14200380417439676,28.158407499428105
mace,dft/qsd/qsd_data.extxyz:481,qsd,coverage,CF3_20eV_4_98_F_F,9,F,28.163637650102938,22.40821324929009,1.1400009003943816,1.5846581323742983,48.95843828595766
mace,dft/qsd/qsd_data.extxyz:302,qsd,coverage,CF3_10eV_19_68_Si_F,3,F,28.068601125325447,25.31467698253264,1.2116598348133854,0.8399988402372951,63.34579501585277
mace,dft/qsd/qsd_data.extxyz:576,qsd,coverage,CF3_30eV_9_9_O_F,11,F,28.056136611277484,22.613041732298818,1.2299989203653803,1.2299989203653803,36.36731657738247
mace,dft/qsd/qsd_data.extxyz:501,qsd,coverage,CF3_20eV_4_98_Si_C,10,F,27.247978578678655,19.38130269725976,1.3003503851654756,0.18700281414994824,33.838700300701284
mace,dft/qsd/qsd_data.extxyz:759,qsd,coverage,CF_10eV_4_54_Si_C,21,F,27.19807890738795,24.989049933030117,1.296932413042408,0.9349967502082552,40.93952707406202
mace,dft/qsd/qsd_data.extxyz:261,qsd,coverage,CF3_10eV_19_59_Si_C,4,F,27.174172178442863,21.01897617386342,0.8180039509073279,1.351081189344298,154.70595732240164
mace,dft/qsd/qsd_data.extxyz:261,qsd,coverage,CF3_10eV_19_59_Si_C,1,C,27.1423633389669,18.56800403887091,0.8180039509073279,1.351081189344298,153.00450440938465
mace,dft/qsd/qsd_data.extxyz:1297,qsd,coverage,CF_30eV_18_13_Si_F,11,F,27.08870383974234,22.08738766364945,0.8399988402372951,0.8399988402372951,233.40215973369445
mace,dft/qsd/qsd_data.extxyz:301,qsd,coverage,CF3_10eV_19_68_Si_F,3,F,26.91311697725357,26.13361256400082,1.1983701939717966,1.1760035724860711,52.83300395244748
mace,dft/qsd/qsd_data.extxyz:1189,qsd,coverage,CF_20eV_2_79_C_C,19,C,26.862024384315855,26.364208682536876,1.325880192626769,1.306619940839722,19.734075489683928
mace,dft/qsd/qsd_data.extxyz:677,qsd,coverage,CF_10eV_4_39_F_C,87,Si,26.77149930958276,19.390435859991584,1.5918814325508048,1.3097513380409276,29.981869677032588
mace,dft/qsd/qsd_data.extxyz:453,qsd,coverage,CF3_20eV_4_78_O_C,94,Si,26.69737228068804,25.43831971513691,1.5501075988459643,0.42600275222115597,29.571864803666916
mace,dft/qsd/qsd_data.extxyz:263,qsd,coverage,CF3_10eV_19_59_Si_C,1,C,26.610796676248455,22.347665954699742,0.8491000714285685,0.9349967502082542,106.87729942485788
mace,dft/qsd/qsd_data.extxyz:1071,qsd,coverage,CF_20eV_2_54_F_C,18,C,26.439419566472786,19.5587196053375,0.665002690295311,1.228183400718312,389.593255700036
mace,dft/qsd/qsd_data.extxyz:966,qsd,coverage,CF_10eV_4_98_F_F,4,C,26.419412462564576,24.800532840246955,1.2969374130234648,1.2757015281404969,9.543065578551369
mace,dft/qsd/qsd_data.extxyz:535,qsd,coverage,CF3_30eV_9_36_O_C,86,Si,26.153501368219935,23.193457503743065,1.583804590756069,0.4260027522211551,26.58865531967343
mace,dft/qsd/qsd_data.extxyz:1324,qsd,coverage,CF_30eV_18_3_O_C,99,Si,25.63007298661845,24.14393930791721,1.5912669656597522,0.28399894806143233,29.115236114077007
mace,dft/qsd/qsd_data.extxyz:1007,qsd,coverage,CF_20eV_2_32_O_F,67,O,25.179276157769944,21.830810064616752,1.2299989203653803,1.1673245965882841,37.96555057555934
mace,dft/qsd/qsd_data.extxyz:511,qsd,coverage,CF3_30eV_9_36_C_C,0,C,25.024934484963882,23.916120639291165,0.7600006002629206,1.2595609813740645,214.1220543795623
mace,dft/qsd/qsd_data.extxyz:301,qsd,coverage,CF3_10eV_19_68_Si_F,8,F,25.001775951492014,21.152725831246673,1.1760035724860711,1.1760035724860711,65.55102626119722
mace,dft/qsd/qsd_data.extxyz:305,qsd,coverage,CF3_10eV_19_68_Si_F,55,O,24.976006857252766,18.726000974194257,1.616659931278066,0.16799803600042348,1.786671895478014
mace,dft/qsd/qsd_data.extxyz:506,qsd,coverage,CF3_20eV_4_98_Si_F,55,O,24.920984134850674,20.556817530847844,1.6292554287465169,0.3359960720008509,1.6538617943325857
mace,dft/qsd/qsd_data.extxyz:578,qsd,coverage,CF3_30eV_9_9_O_F,0,C,24.82980604749288,16.57850282527833,1.2969237527703794,0.6150037903135221,12.172679438839584
mace,dft/qsd/qsd_data.extxyz:454,qsd,coverage,CF3_20eV_4_78_O_C,74,Si,24.682996742880405,18.436020494818894,1.5871385579085397,0.28399894806143317,28.232412236266793
mace,dft/qsd/qsd_data.extxyz:313,qsd,coverage,CF3_10eV_19_84_F_F,0,C,24.30567820214686,21.464655166909193,1.2969374130234668,1.5883613265563985,9.832556667247488
mace,dft/qsd/qsd_data.extxyz:304,qsd,coverage,CF3_10eV_19_68_Si_F,55,O,24.17653844928913,17.96243393752296,1.616659931278066,0.3359960720008509,1.7359199601784638
mace,dft/qsd/qsd_data.extxyz:1007,qsd,coverage,CF_20eV_2_32_O_F,26,F,24.036491052241974,20.067967098416553,1.2299989203653803,1.1673245965882841,34.71150281668905
mace,dft/qsd/qsd_data.extxyz:733,qsd,coverage,CF_10eV_4_54_C_C,0,C,23.982508336964543,23.77758512344071,1.2365414523985843,1.5765943405644969,18.038005596501904
mace,dft/qsd/qsd_data.extxyz:232,qsd,coverage,CF3_10eV_19_59_C_C,7,F,23.398566519696388,15.847737258220192,0.9004834718083394,1.351081189344298,115.35899161448356
mace,dft/qsd/qsd_data.extxyz:529,qsd,coverage,CF3_30eV_9_36_F_F,1,C,23.351108506003236,20.874836785863007,1.2969374130234639,1.2595609813740645,9.742847769402383
mace,dft/qsd/qsd_data.extxyz:507,qsd,coverage,CF3_20eV_4_98_Si_F,55,O,22.955087984050987,18.950727328405097,1.6292554287465169,0.16799803600042348,1.457109430033997
mace,dft/qsd/qsd_data.extxyz:1188,qsd,coverage,CF_20eV_2_79_C_C,28,C,22.909612338849715,21.445496102307544,0.7600006002629226,1.306619940839722,197.8609161771275
mace,dft/qsd/qsd_data.extxyz:238,qsd,coverage,CF3_10eV_19_59_C_F,0,C,22.788289404166616,18.647765458488543,0.9310003023092951,1.351081189344298,87.82994661463597
mace,dft/qsd/qsd_data.extxyz:516,qsd,coverage,CF3_30eV_9_36_C_F,0,C,22.746993798524564,21.22163387879261,1.2595609813740645,1.2595609813740645,31.230966211562603
mace,dft/qsd/qsd_data.extxyz:889,qsd,coverage,CF_10eV_4_93_O_C,9,F,22.331592373420275,17.607113353751238,1.2734835503845354,0.35439412777302026,33.9801626211033
mace,dft/qsd/qsd_data.extxyz:15,qsd,coverage,CF3_10eV_19_10_O_F,0,C,22.15779346753183,20.370768520575552,1.2969374130234668,0.6149951300620208,10.918933002240696
mace,dft/qsd/qsd_data.extxyz:492,qsd,coverage,CF3_20eV_4_98_O_F,0,C,22.14342701412814,18.729939741014718,1.2449519627680423,0.5493169745238172,33.764278353437035
mace,dft/qsd/qsd_data.extxyz:510,qsd,coverage,CF3_30eV_9_36_C_C,41,O,21.674479034545275,17.712341598691943,1.261979962955038,1.2595609813740645,19.335334395601514
mace,dft/qsd/qsd_data.extxyz:497,qsd,coverage,CF3_20eV_4_98_Si_C,0,C,21.263503192659122,17.460327916378866,1.2520691250486138,1.309002378492874,44.73442746000868
mace,dft/qsd/qsd_data.extxyz:303,qsd,coverage,CF3_10eV_19_68_Si_F,1,F,21.198330229707892,14.497110586946427,1.4694154909350865,0.5040027682463689,23.559255841109817
mace,dft/qsd/qsd_data.extxyz:499,qsd,coverage,CF3_20eV_4_98_Si_C,11,F,21.104493466688705,19.26672740715749,1.2969287527848243,0.5609997821746454,23.489851465198093
mace,dft/qsd/qsd_data.extxyz:1149,qsd,coverage,CF_20eV_2_76_C_F,7,C,21.01276769343712,16.79404873588682,1.1517557992908036,1.2835795392962583,33.78911615862571
mace,dft/qsd/qsd_data.extxyz:500,qsd,coverage,CF3_20eV_4_98_Si_C,10,F,20.81224128312936,15.497154592733446,1.3748934669275288,0.37399696803583704,32.307510380050964
mace,dft/qsd/qsd_data.extxyz:503,qsd,coverage,CF3_20eV_4_98_Si_F,10,F,20.27576242123913,17.506242936580684,1.2308271746675081,1.1760035724860711,44.80434649251421
mace,dft/qsd/qsd_data.extxyz:483,qsd,coverage,CF3_20eV_4_98_F_F,0,C,20.272752484008524,18.56108322953829,1.296932413042408,1.5846581323742983,10.019264034975123
mace,dft/qsd/qsd_data.extxyz:334,qsd,coverage,CF3_20eV_4_36_C_C,3,C,19.838386130604565,17.825837339489624,0.7600006002629206,1.2137258592037987,181.42374963829755
mace,dft/qsd/qsd_data.extxyz:533,qsd,coverage,CF3_30eV_9_36_O_C,57,O,19.785416341958744,13.55093565153389,0.9940006483398287,0.9940006483398287,58.925162582419496
mace,dft/qsd/qsd_data.extxyz:231,qsd,coverage,CF3_10eV_19_59_C_C,9,F,19.49490643029104,18.40460153060375,1.3637624506489383,1.351081189344298,21.609425136182846
mace,dft/qsd/qsd_data.extxyz:582,qsd,coverage,CF3_30eV_9_9_Si_C,74,Si,19.379244862185153,16.930386676825403,1.5868292418845826,1.5826712245757153,20.63534135506755
mace,dft/qsd/qsd_data.extxyz:497,qsd,coverage,CF3_20eV_4_98_Si_C,77,Si,19.37711532024207,15.131208567717504,1.309002378492874,1.309002378492874,46.34463308245763
mace,dft/qsd/qsd_data.extxyz:509,qsd,coverage,CF3_30eV_9_36_C_C,1,C,19.36317203324011,14.974415337928775,0.8618053597535821,1.2595609813740645,113.41017895736805
mace,dft/qsd/qsd_data.extxyz:503,qsd,coverage,CF3_20eV_4_98_Si_F,11,F,19.245134069822004,15.077850039387467,1.1760035724860711,1.1760035724860711,64.18908101498772
mace,dft/qsd/qsd_data.extxyz:504,qsd,coverage,CF3_20eV_4_98_Si_F,77,Si,19.17987775386865,18.091911004364505,0.8399988402372951,0.8399988402372951,246.6425674733768
mace,dft/qsd/qsd_data.extxyz:230,qsd,coverage,CF3_10eV_19_59_C_C,7,F,18.98272188460353,18.48258960672414,0.9742908375839332,1.351081189344298,65.1428096654325
mace,dft/qsd/qsd_data.extxyz:334,qsd,coverage,CF3_20eV_4_36_C_C,2,C,18.772219829055768,16.469241667999796,0.7600006002629206,1.2137258592037987,200.56144826824973
mace,dft/qsd/qsd_data.extxyz:792,qsd,coverage,CF_10eV_4_5_O_F,0,C,18.667747655153335,17.33416701121822,1.1995447063782159,0.6149951300620208,36.20171162617213
mace,dft/qsd/qsd_data.extxyz:503,qsd,coverage,CF3_20eV_4_98_Si_F,77,Si,18.179897444002663,14.980051698256553,1.1760035724860711,1.1760035724860711,56.45839161215708
mace,dft/qsd/qsd_data.extxyz:262,qsd,coverage,CF3_10eV_19_59_Si_C,97,Si,18.156088597509843,15.44924491061255,1.3090023784928708,1.3090023784928708,44.54618408526834
mace,dft/qsd/qsd_data.extxyz:504,qsd,coverage,CF3_20eV_4_98_Si_F,10,F,18.14620930893912,13.974611234940156,1.2406745432223554,0.8399988402372951,52.64871890638846
mace,dft/qsd/qsd_data.extxyz:1214,qsd,coverage,CF_20eV_2_79_Si_C,28,C,18.107182606475632,15.707903355588027,1.2075925885827565,1.306619940839722,43.91590299397048
mace,dft/qsd/qsd_data.extxyz:1327,qsd,coverage,CF_30eV_18_3_O_F,6,F,17.502771685650412,13.397270413348998,1.2299989203653803,1.1431451005449835,28.836563439612945
mace,dft/qsd/qsd_data.extxyz:791,qsd,coverage,CF_10eV_4_5_O_F,0,C,17.44014508229057,15.175227711099966,1.1995447063782159,0.8609931820868285,24.942704713053814
mace,dft/qsd/qsd_data.extxyz:1298,qsd,coverage,CF_30eV_18_13_Si_F,50,O,17.39130540572199,14.421070503953882,1.6432028873209754,0.5040027682463658,2.681724562891946
mace,dft/qsd/qsd_data.extxyz:1327,qsd,coverage,CF_30eV_18_3_O_F,56,O,17.358937930648178,15.188641916326052,1.2299989203653803,1.1431451005449835,36.32952712299651
mace,dft/qsd/qsd_data.extxyz:441,qsd,coverage,CF3_20eV_4_78_F_C,94,Si,17.33165634865853,12.822692627577563,1.5869049269883813,1.5805841200328443,20.69353618556797
mace,dft/qsd/qsd_data.extxyz:515,qsd,coverage,CF3_30eV_9_36_C_F,0,C,17.120831197077326,16.149606804979182,1.2595609813740645,1.2595609813740645,16.662780466301566
mace,dft/qsd/qsd_data.extxyz:1297,qsd,coverage,CF_30eV_18_13_Si_F,79,Si,16.94489596111192,12.79995346677282,0.8399988402372951,0.8399988402372951,245.59557728677103
mace,dft/qsd/qsd_data.extxyz:662,qsd,coverage,CF_10eV_4_37_Si_F,22,F,16.618435795879922,15.153336918118441,0.8399988402372921,0.8399988402372921,244.100796659016
mace,dft/qsd/qsd_data.extxyz:451,qsd,coverage,CF3_20eV_4_78_O_C,53,O,16.53984111316234,12.686982147243796,0.9940006483398287,0.9940006483398287,50.94656727182525
mace,dft/qsd/qsd_data.extxyz:1214,qsd,coverage,CF_20eV_2_79_Si_C,91,Si,16.45759175711009,11.960746606656388,1.309002378492874,1.306619940839722,39.86280484591833
mace,dft/qsd/qsd_data.extxyz:1240,qsd,coverage,CF_30eV_18_12_F_F,4,C,15.975024110069757,12.786723059374488,1.296932413042405,1.1728677049437417,31.18896314171853
mace,dft/qsd/qsd_data.extxyz:634,qsd,coverage,CF_10eV_4_37_C_F,7,C,15.946977260819315,11.903643857745,1.2969287527848234,1.371796809662423,26.64449420571186
mace,dft/qsd/qsd_data.extxyz:517,qsd,coverage,CF3_30eV_9_36_C_F,42,O,15.878831188256877,14.388486734126818,1.2595609813740645,1.2595609813740645,3.03574837861276
mace,dft/qsd/qsd_data.extxyz:509,qsd,coverage,CF3_30eV_9_36_C_C,22,F,15.674379141766476,10.960913963462374,0.8618053597535821,1.2595609813740645,116.20771811429434
mace,dft/qsd/qsd_data.extxyz:509,qsd,coverage,CF3_30eV_9_36_C_C,0,C,15.509484868622023,14.734930952784516,1.2595609813740645,1.2595609813740645,18.276379680242638
mace,dft/qsd/qsd_data.extxyz:301,qsd,coverage,CF3_10eV_19_68_Si_F,94,Si,15.447392793990423,14.116098301390274,1.1760035724860711,1.1760035724860711,54.23917592133403
mace,dft/qsd/qsd_data.extxyz:663,qsd,coverage,CF_10eV_4_37_Si_F,69,O,15.36990674283509,11.455076153878661,1.6072591533725973,0.5040027682463658,0.3475098554703161
mace,dft/qsd/qsd_data.extxyz:231,qsd,coverage,CF3_10eV_19_59_C_C,0,C,14.887594759520754,10.865252074474867,1.0639991083172942,1.351081189344298,50.597130682124096
mace,dft/qsd/qsd_data.extxyz:230,qsd,coverage,CF3_10eV_19_59_C_C,1,C,14.879608114795392,14.004599674928617,0.9742908375839332,1.351081189344298,56.50427139390766
mace,dft/qsd/qsd_data.extxyz:758,qsd,coverage,CF_10eV_4_54_Si_C,5,C,14.736282075235753,13.480746277077479,0.947263308167271,1.3090023784928768,71.69771769020245
mace,dft/qsd/qsd_data.extxyz:505,qsd,coverage,CF3_20eV_4_98_Si_F,55,O,14.519574281489456,12.454759525143496,1.6292554287465169,0.5040027682463689,1.1273817730804414
mace,dft/qsd/qsd_data.extxyz:236,qsd,coverage,CF3_10eV_19_59_C_F,0,C,14.395213701007986,11.726937216924961,1.351081189344298,1.351081189344298,13.355737567079588
mace,dft/qsd/qsd_data.extxyz:452,qsd,coverage,CF3_20eV_4_78_O_C,94,Si,14.293490305726163,13.786932126299465,1.5666275710902067,0.7100017002796539,22.183122448996173
mace,dft/qsd/qsd_data.extxyz:662,qsd,coverage,CF_10eV_4_37_Si_F,86,Si,14.271283070646007,13.340334129134334,0.8399988402372921,0.8399988402372921,237.59042769570095
mace,dft/qsd/qsd_data.extxyz:758,qsd,coverage,CF_10eV_4_54_Si_C,13,F,14.071643099074883,10.926563544504091,0.947263308167271,1.3090023784928768,77.71164693877901
mace,dft/qsd/qsd_data.extxyz:661,qsd,coverage,CF_10eV_4_37_Si_F,86,Si,13.863279387208573,11.812391915292956,1.1760035724860711,1.1760035724860711,46.20200933316867
mace,dft/qsd/qsd_data.extxyz:1300,qsd,coverage,CF_30eV_18_3_C_C,1,C,13.777559399694367,11.255039299429285,0.7600006002629202,1.1431451005449835,176.91205205884864
mace,dft/qsd/qsd_data.extxyz:1188,qsd,coverage,CF_20eV_2_79_C_C,8,C,13.759825095275234,12.17423865203736,0.7600006002629226,1.306619940839722,192.66843632890783
mace,dft/qsd/qsd_data.extxyz:553,qsd,coverage,CF3_30eV_9_36_Si_F,1,C,13.75847011315255,10.87362982024323,1.1422503131538202,1.1760035724860711,43.98351587015106
mace,dft/qsd/qsd_data.extxyz:508,qsd,coverage,CF3_30eV_9_36_C_C,24,F,13.702491244203303,10.896826422850046,1.2952587557318442,1.2595609813740645,33.6751680106537
mace,dft/qsd/qsd_data.extxyz:1188,qsd,coverage,CF_20eV_2_79_C_C,19,C,13.697046347461008,11.922640255659834,1.358331819733308,1.306619940839722,14.8733533570561
mace,dft/qsd/qsd_data.extxyz:1148,qsd,coverage,CF_20eV_2_76_C_F,44,F,13.63482117469786,12.400463742037324,0.931000302309297,1.2835795392962583,78.34208107308775
mace,dft/qsd/qsd_data.extxyz:436,qsd,coverage,CF3_20eV_4_50_C_F,1,C,13.626922997807679,11.918067326968462,1.2893250529637597,0.7443924818266237,2.3808713418908214
mace,dft/qsd/qsd_data.extxyz:1032,qsd,coverage,CF_20eV_2_52_F_F,35,F,13.572156329671524,12.009000275586404,1.2969374130234639,1.240891345968694,19.125803427490936
mace,dft/qsd/qsd_data.extxyz:435,qsd,coverage,CF3_20eV_4_50_C_F,2,C,13.475734078460148,9.487458168254992,1.1803579210985107,0.8515661422344121,33.24260737440075
mace,dft/qsd/qsd_data.extxyz:230,qsd,coverage,CF3_10eV_19_59_C_C,9,F,13.472044319431692,9.481786404688098,1.3637624506489383,1.351081189344298,13.692702491126468
mace,dft/qsd/qsd_data.extxyz:451,qsd,coverage,CF3_20eV_4_78_O_C,0,C,13.426962013391847,11.826383039225064,0.9940006483398287,0.9940006483398287,52.244014820203155
mace,dft/qsd/qsd_data.extxyz:632,qsd,coverage,CF_10eV_4_37_C_F,6,C,13.309759255015669,12.21687766064024,1.3119552237405057,1.371796809662423,13.927308657704472
mace,dft/qsd/qsd_data.extxyz:758,qsd,coverage,CF_10eV_4_54_Si_C,83,Si,13.285244117077847,10.05924094389777,1.3090023784928768,1.3090023784928768,41.31695893316889
mace,dft/qsd/qsd_data.extxyz:1071,qsd,coverage,CF_20eV_2_54_F_C,13,C,12.752902122767189,12.271676464526303,1.3485946376135427,1.228183400718312,24.60382081853664
mace,dft/qsd/qsd_data.extxyz:577,qsd,coverage,CF3_30eV_9_9_O_F,74,Si,12.749545714230434,10.758250020570603,1.5868292418845826,0.8610018423325219,17.74090851985323
mace,dft/qsd/qsd_data.extxyz:1148,qsd,coverage,CF_20eV_2_76_C_F,7,C,12.449916992288632,11.437192938200191,1.2256370302826205,1.2835795392962583,23.328004204710826
mace,dft/qsd/qsd_data.extxyz:534,qsd,coverage,CF3_30eV_9_36_O_C,86,Si,12.397367178809256,11.806337316392828,1.583804590756069,0.7100017002796539,19.02801407010319
mace,dft/qsd/qsd_data.extxyz:533,qsd,coverage,CF3_30eV_9_36_O_C,1,C,12.385261857837357,8.106817802387567,0.9940006483398287,0.9940006483398287,51.0063465016808
mace,dft/qsd/qsd_data.extxyz:482,qsd,coverage,CF3_20eV_4_98_F_F,77,Si,12.212113586721978,10.016491321576959,1.60440257956038,1.5846581323742983,18.25236146668532
mace,dft/qsd/qsd_data.extxyz:334,qsd,coverage,CF3_20eV_4_36_C_C,1,C,11.743383166244737,11.305484786636615,1.342733009462418,1.2137258592037987,12.227852561037896
mace,dft/qsd/qsd_data.extxyz:1147,qsd,coverage,CF_20eV_2_76_C_F,44,F,11.700258720596485,11.100228049236202,1.2969237527703763,1.2835795392962583,10.755784377337806
mace,dft/qsd/qsd_data.extxyz:1322,qsd,coverage,CF_30eV_18_3_O_C,99,Si,11.645789884882285,10.379536052920997,1.5912669656597522,0.7100017002796539,15.082695565273271
mace,dft/qsd/qsd_data.extxyz:661,qsd,coverage,CF_10eV_4_37_Si_F,22,F,11.57693998322785,11.186905464262288,1.1760035724860711,1.1760035724860711,56.19394994212866
mace,dft/qsd/qsd_data.extxyz:1054,qsd,coverage,CF_20eV_2_52_Si_F,17,C,11.57347420191256,10.701748034347183,1.1584415416411806,1.1759949122338913,41.64068551005072
mace,dft/qsd/qsd_data.extxyz:526,qsd,coverage,CF3_30eV_9_36_F_F,24,F,11.534086430241826,10.028287650668888,1.2969287527848226,1.2595609813740645,19.409793686057615
mace,dft/qsd/qsd_data.extxyz:676,qsd,coverage,CF_10eV_4_39_F_C,87,Si,11.321126200547795,10.547992075800684,1.5918814325508048,1.3097513380409276,20.054489615516772
mace,dft/qsd/qsd_data.extxyz:1311,qsd,coverage,CF_30eV_18_3_F_C,6,F,11.075829445181986,9.588726969632058,1.2969237527703794,1.1431451005449835,10.387400586525677
mace,dft/qsd/qsd_data.extxyz:963,qsd,coverage,CF_10eV_4_98_F_F,22,F,11.068890323660828,9.596375160480488,1.2969287527848226,1.2757015281404969,20.064360077567535
mace,dft/qsd/qsd_data.extxyz:310,qsd,coverage,CF3_10eV_19_84_F_F,7,F,11.055591102210904,9.649784221503719,1.2969374130234668,1.5883613265563985,19.830884625310517
mace,dft/qsd/qsd_data.extxyz:1035,qsd,coverage,CF_20eV_2_52_F_F,17,C,11.02580382188874,10.207960540890259,1.2969287527848266,1.240891345968694,9.468040254537684
mace,dft/qsd/qsd_data.extxyz:1070,qsd,coverage,CF_20eV_2_54_F_C,13,C,11.014258215536465,10.726667976250665,1.3485946376135427,1.228183400718312,15.532482739709387
mace,dft/qsd/qsd_data.extxyz:522,qsd,coverage,CF3_30eV_9_36_F_C,8,F,10.973854847623214,8.811090144395777,0.9310003023092971,1.2595609813740645,70.61479942361123
mace,dft/qsd/qsd_data.extxyz:480,qsd,coverage,CF3_20eV_4_98_F_F,11,F,10.843160292900498,9.267399993132047,1.2969287527848257,1.5846581323742983,20.93380607389046
mace,dft/qsd/qsd_data.extxyz:1300,qsd,coverage,CF_30eV_18_3_C_C,61,O,10.832459940429459,7.724892869320825,1.1431451005449835,1.1431451005449835,15.014075932511663
mace,dft/qsd/qsd_data.extxyz:434,qsd,coverage,CF3_20eV_4_50_C_F,3,C,10.785103487760408,8.433752673905182,1.2969287527848257,1.1020955498957439,11.73399536632911
mace,dft/qsd/qsd_data.extxyz:523,qsd,coverage,CF3_30eV_9_36_F_C,24,F,10.695987332365197,8.575453864986311,1.2969237527703794,1.2595609813740645,9.827934809915815
mace,dft/qsd/qsd_data.extxyz:243,qsd,coverage,CF3_10eV_19_59_F_C,7,F,10.494297844839918,8.038496868892187,0.9310003023092971,1.351081189344298,66.82602096373867
mace,dft/qsd/qsd_data.extxyz:1032,qsd,coverage,CF_20eV_2_52_F_F,33,F,10.337363299336767,8.915624093876161,1.3649566734882113,1.240891345968694,18.010399057503808
mace,dft/qsd/qsd_data.extxyz:732,qsd,coverage,CF_10eV_4_54_C_C,0,C,10.311309059403426,10.191594723441426,1.2365414523985843,1.5765943405644969,14.653411993614695
mace,dft/qsd/qsd_data.extxyz:581,qsd,coverage,CF3_30eV_9_9_Si_C,0,C,10.288244111262339,8.583203089198255,0.9628145148469637,1.5826712245757153,61.0059401028043
mace,dft/qsd/qsd_data.extxyz:244,qsd,coverage,CF3_10eV_19_59_F_C,10,F,10.192185214428433,8.927690343041174,1.296928752784826,1.351081189344298,12.30974137411725
mace,dft/qsd/qsd_data.extxyz:508,qsd,coverage,CF3_30eV_9_36_C_C,14,F,10.154791315397375,6.746819806279241,1.2952587557318442,1.2595609813740645,36.76667651900207
mace,dft/qsd/qsd_data.extxyz:229,qsd,coverage,CF3_10eV_19_59_C_C,1,C,9.96342571554328,8.07577154914365,1.2596691198485428,1.351081189344298,16.34597668919805
mace,dft/qsd/qsd_data.extxyz:963,qsd,coverage,CF_10eV_4_98_F_F,15,F,9.495858632189305,8.561437209362541,1.48200030448715,1.2757015281404969,19.526192810617996
mace,dft/qsd/qsd_data.extxyz:1310,qsd,coverage,CF_30eV_18_3_F_C,3,F,9.458692952450534,8.136633980778768,0.9310003023092962,1.1431451005449835,70.59770395390721
mace,dft/qsd/qsd_data.extxyz:1034,qsd,coverage,CF_20eV_2_52_F_F,13,C,9.440613723897798,7.277447068583776,1.320680631189843,1.240891345968694,13.908562979359909
mace,dft/qsd/qsd_data.extxyz:1328,qsd,coverage,CF_30eV_18_3_O_F,78,Si,9.42843551188679,7.473509470761756,1.67830462324335,0.8610018423325219,14.063401915445066
mace,dft/FC/CF0.4_d3.2.extxyz:21,FC,coverage,dft/FC/CF0.4_d3.2.extxyz:melt,86,C,9.38202547306287,6.986444875197098,1.2262023255564307,,9.45033551310587
mace,dft/qsd/qsd_data.extxyz:1214,qsd,coverage,CF_20eV_2_79_Si_C,35,F,9.322202731990789,6.93770234893616,1.2075925885827565,1.306619940839722,20.41966951851812
mace,dft/etch/trj_CF2_30eV.extxyz:958,etch,prior_outlier,trj_CF2_30eV_case1,2,C,9.216846195786601,6.706764508019901,0.9210320298447815,0.9210320298447815,58.7324836193853
mace,dft/etch/trj_CF2_30eV.extxyz:958,etch,prior_outlier,trj_CF2_30eV_case1,105,O,9.213778793825442,6.702582508019901,0.9210320298447815,0.9210320298447815,58.729420497100406
mace,dft/etch/trj_CF2_30eV.extxyz:339,etch,prior_outlier,trj_CF2_30eV_case1,27,F,9.128918691195492,8.986505826196897,1.369854006819703,1.363121417922852,19.21783306359515
mace,dft/qsd/qsd_data.extxyz:1070,qsd,coverage,CF_20eV_2_54_F_C,32,F,8.891591208572072,7.088779507092276,0.9310003023092941,1.228183400718312,64.12315613304344
mace,dft/qsd/qsd_data.extxyz:526,qsd,coverage,CF3_30eV_9_36_F_F,8,F,8.814849191285171,7.622406595324849,1.48200030448715,1.2595609813740645,18.371123274315565
mace,dft/qsd/qsd_data.extxyz:261,qsd,coverage,CF3_10eV_19_59_Si_C,97,Si,8.766770757242668,7.495310515019226,1.5878453386901403,1.351081189344298,12.675615383936119
mace,dft/qsd/qsd_data.extxyz:440,qsd,coverage,CF3_20eV_4_78_F_C,13,F,8.748675577233048,7.115522407250467,0.9310003023092941,1.5805841200328443,72.62159825656562
mace,dft/qsd/qsd_data.extxyz:440,qsd,coverage,CF3_20eV_4_78_F_C,94,Si,8.746299754762209,6.746902164265037,1.5869049269883813,1.5805841200328443,12.919393461031907
mace,dft/qsd/qsd_data.extxyz:1321,qsd,coverage,CF_30eV_18_3_O_C,56,O,8.667710416391323,7.351352271961375,0.9940006483398287,0.9940006483398287,52.87968603540656
mace,dft/qsd/qsd_data.extxyz:1052,qsd,coverage,CF_20eV_2_52_Si_F,90,Si,8.559797649038334,5.5082831760879065,1.5836279008971774,1.240891345968694,12.56834722583821
mace,dft/qsd/qsd_data.extxyz:552,qsd,coverage,CF3_30eV_9_36_Si_F,1,C,8.510130183580246,5.969588971479874,1.296932413042405,1.2595609813740645,16.679607824911233
mace,dft/etch/trj_CF2_30eV.extxyz:232,etch,prior_outlier,trj_CF2_30eV_case1,23,F,8.498079060461526,8.214461805079635,1.50406116896887,1.1676472069936201,10.420983411664468
mace,dft/qsd/qsd_data.extxyz:310,qsd,coverage,CF3_10eV_19_84_F_F,3,F,8.44420558793485,7.440466992724913,1.482000304487147,1.5883613265563985,18.607638377098745
mace,dft/qsd/qsd_data.extxyz:229,qsd,coverage,CF3_10eV_19_59_C_C,7,F,8.427951240983832,7.941709648939112,1.2596691198485428,1.351081189344298,14.571747773821814
mace,dft/qsd/qsd_data.extxyz:260,qsd,coverage,CF3_10eV_19_59_Si_C,1,C,8.423056257840638,6.963069724380225,1.215436785398564,1.351081189344298,18.504197604622444
mace,dft/qsd/qsd_data.extxyz:1239,qsd,coverage,CF_30eV_18_12_F_F,4,C,8.290660361679317,5.5074884784501865,1.2969287527848257,1.1728677049437417,24.725808280199313
mace,dft/qsd/qsd_data.extxyz:1296,qsd,coverage,CF_30eV_18_13_Si_F,4,C,8.205297568143394,7.038705599897854,1.2969287527848234,1.1698880128456748,10.635602992635913
mace,dft/qsd/qsd_data.extxyz:675,qsd,coverage,CF_10eV_4_39_F_C,23,F,8.082396813472595,6.380703719653557,1.296932413042405,1.3097513380409276,6.124474735552347
mace,dft/FC/CF0.4_d3.2.extxyz:21,FC,coverage,dft/FC/CF0.4_d3.2.extxyz:melt,108,F,8.050378418999523,7.330985092588278,1.4662620928673586,,10.248434074773131
mace,dft/qsd/qsd_data.extxyz:1297,qsd,coverage,CF_30eV_18_13_Si_F,4,C,8.037771779305858,6.741290466668172,1.2969374130234639,0.8399988402372951,12.007749797776476
mace,dft/qsd/qsd_data.extxyz:581,qsd,coverage,CF3_30eV_9_9_Si_C,6,F,8.010952659987916,4.864320614454069,0.9628145148469637,1.5826712245757153,57.047569373080734
mace,dft/qsd/qsd_data.extxyz:522,qsd,coverage,CF3_30eV_9_36_F_C,24,F,7.997212211656114,6.9979560217722145,1.2969237527703794,1.2595609813740645,5.700195739306064
mace,dft/qsd/qsd_data.extxyz:508,qsd,coverage,CF3_30eV_9_36_C_C,1,C,7.993905833487027,7.749943781696238,1.1646177297293743,1.2595609813740645,21.084797937487142
mace,dft/qsd/qsd_data.extxyz:675,qsd,coverage,CF_10eV_4_39_F_C,87,Si,7.992035397844349,7.140262144144044,1.5918814325508048,1.3097513380409276,11.617057266169175
mace,dft/qsd/qsd_data.extxyz:965,qsd,coverage,CF_10eV_4_98_F_F,98,Si,7.952467657725503,5.215365613189407,1.5897771367081623,1.2757015281404969,16.025710853983764
mace,dft/qsd/qsd_data.extxyz:551,qsd,coverage,CF3_30eV_9_36_Si_F,86,Si,7.904164319057666,7.515026399193833,1.583804590756069,1.2595609813740645,11.697373448376393
mace,dft/qsd/qsd_data.extxyz:1310,qsd,coverage,CF_30eV_18_3_F_C,6,F,7.884844661157425,6.831977509674319,1.2969237527703794,1.1431451005449835,6.045696478292803
mace,dft/FC/CF0.4_d3.2.extxyz:21,FC,coverage,dft/FC/CF0.4_d3.2.extxyz:melt,120,F,7.642374832930538,6.0048317409291965,1.1209466021991814,,15.082693224582504
mace,dft/etch/trj_CF2_30eV.extxyz:874,etch,prior_outlier,trj_CF2_30eV_case1,4,F,7.6332122313281126,7.517430002682378,1.365357096147376,1.220040982918196,9.329127942569121
mace,dft/qsd/qsd_data.extxyz:497,qsd,coverage,CF3_20eV_4_98_Si_C,10,F,7.622295974598804,6.835628477061644,1.2520691250486138,1.309002378492874,14.701053880756508
mace,dft/qsd/qsd_data.extxyz:14,qsd,coverage,CF3_10eV_19_10_O_F,70,Si,7.5773142598999765,4.866622221659434,1.6398737519699498,0.8609931820868285,9.260509684157238
mace,dft/qsd/qsd_data.extxyz:480,qsd,coverage,CF3_20eV_4_98_F_F,9,F,7.4306358264635115,6.3741355412941445,1.4820003044871484,1.5846581323742983,18.098247416193676
mace,dft/etch/trj_CF2_30eV.extxyz:650,etch,prior_outlier,trj_CF2_30eV_case1,25,F,7.4110005680367275,5.342335621459018,1.2517587627015057,1.4723111084278335,6.43244300955228
mace,dft/etch/trj_CF2_30eV.extxyz:339,etch,prior_outlier,trj_CF2_30eV_case1,102,O,7.395106525012574,7.363401219158877,1.4711560080426538,1.363121417922852,18.098467245488333
mace,dft/qsd/qsd_data.extxyz:498,qsd,coverage,CF3_20eV_4_98_Si_C,9,F,7.3880758670274185,7.146751513320987,1.6002997778228927,0.9349967502082542,10.03269068994699
mace,dft/etch/trj_CF2_30eV.extxyz:292,etch,prior_outlier,trj_CF2_30eV_case1,14,F,7.38175557277538,6.37393821274038,1.89844673351664,1.0402403568406686,11.237348315979798
mace,dft/qsd/qsd_data.extxyz:1215,qsd,coverage,CF_20eV_2_79_Si_C,33,F,7.374014131138188,6.424778478729634,1.5957894435357065,0.9350054104656311,9.557733449490732
mace,dft/qsd/qsd_data.extxyz:243,qsd,coverage,CF3_10eV_19_59_F_C,10,F,7.2748693996442135,6.300050946830874,1.2969374130234643,1.351081189344298,6.40623435896393
mace,dft/etch/trj_CF2_30eV.extxyz:959,etch,prior_outlier,trj_CF2_30eV_case1,2,C,7.258484564434662,6.75173740461701,0.9356815697661205,0.9356815697661205,51.73646174191647
mace,dft/etch/trj_CF2_30eV.extxyz:959,etch,prior_outlier,trj_CF2_30eV_case1,104,O,7.254094893685677,6.747494404617015,0.9356815697661205,0.9356815697661205,51.73207331491586
mace,dft/qsd/qsd_data.extxyz:675,qsd,coverage,CF_10eV_4_39_F_C,14,F,7.168133552736587,4.8553567658432755,0.9309916420677488,1.3097513380409276,75.25254453005209
mace,dft/qsd/qsd_data.extxyz:1008,qsd,coverage,CF_20eV_2_32_O_F,86,Si,7.1529169533905135,6.942834211888236,1.5804122771606146,0.861001842332521,11.990692840478653
mace,dft/qsd/qsd_data.extxyz:260,qsd,coverage,CF3_10eV_19_59_Si_C,4,F,7.057921219556557,5.778912014369654,1.215436785398564,1.351081189344298,16.300964860520406
mace,dft/qsd/qsd_data.extxyz:242,qsd,coverage,CF3_10eV_19_59_F_C,1,C,7.000582810451607,6.006179524753888,1.296928752784826,1.351081189344298,6.79084171587455
mace,dft/qsd/qsd_data.extxyz:790,qsd,coverage,CF_10eV_4_5_O_F,7,F,6.984076474913729,6.010214882748607,1.296932413042405,1.1995447063782159,14.096949391903767
mace,dft/qsd/qsd_data.extxyz:1306,qsd,coverage,CF_30eV_18_3_C_F,2,C,6.982461500522967,4.643644527835197,1.2969237527703794,1.1431451005449835,9.923116945265786
mace,dft/qsd/qsd_data.extxyz:333,qsd,coverage,CF3_20eV_4_36_C_C,102,Si,6.97127365185307,5.1339620684558795,1.2338395236820714,1.2137258592037987,51.56796943250486
mace,dft/qsd/qsd_data.extxyz:1148,qsd,coverage,CF_20eV_2_76_C_F,29,C,6.8955454787963975,6.760869082021898,0.931000302309297,1.2835795392962583,82.23772523042418
mace,dft/qsd/qsd_data.extxyz:790,qsd,coverage,CF_10eV_4_5_O_F,66,O,6.864522196455412,5.058889490875567,1.1995447063782159,1.1995447063782159,12.49387011517512
mace,dft/qsd/qsd_data.extxyz:440,qsd,coverage,CF3_20eV_4_78_F_C,14,F,6.781483733850356,5.78803347567832,1.2969287527848257,1.5805841200328443,6.0389535881353655
mace,dft/qsd/qsd_data.extxyz:757,qsd,coverage,CF_10eV_4_54_Si_C,5,C,6.753726566987954,5.302280103998385,1.296932413042405,1.5765943405644969,9.596770063612704
mace,dft/qsd/qsd_data.extxyz:575,qsd,coverage,CF3_30eV_9_9_O_F,11,F,6.708076984749332,5.945372627302461,1.296932413042408,1.5826712245757153,17.515596426136597
mace,dft/qsd/qsd_data.extxyz:312,qsd,coverage,CF3_10eV_19_84_F_F,93,Si,6.662849513583622,6.222299100719252,1.5883613265563985,1.5883613265563985,10.784917256011795
mace,dft/qsd/qsd_data.extxyz:434,qsd,coverage,CF3_20eV_4_50_C_F,42,O,6.581278063299742,4.902711017351685,1.3208750006340484,1.1020955498957439,8.428835232457567
mace,dft/qsd/qsd_data.extxyz:1300,qsd,coverage,CF_30eV_18_3_C_C,2,C,6.565477312371067,5.567605526208638,0.7600006002629202,1.1431451005449835,190.28902904488626
mace,dft/etch/trj_CF2_30eV.extxyz:292,etch,prior_outlier,trj_CF2_30eV_case1,102,O,6.554314231145278,5.215611807048797,1.5111254084290935,1.0402403568406686,9.885078000884869
mace,dft/qsd/qsd_data.extxyz:243,qsd,coverage,CF3_10eV_19_59_F_C,0,C,6.44799907092405,5.363682962008924,1.351081189344298,1.351081189344298,14.847763220697656
mace,dft/qsd/qsd_data.extxyz:13,qsd,coverage,CF3_10eV_19_10_O_F,3,F,6.281363126128178,5.400778231013023,1.2969374130234639,1.5801362450750878,14.12115665256763
mace,dft/qsd/qsd_data.extxyz:1069,qsd,coverage,CF_20eV_2_54_F_C,18,C,6.274701461449259,5.5877120811707375,1.296932413042405,1.228183400718312,5.97176023044144
mace,dft/qsd/qsd_data.extxyz:1033,qsd,coverage,CF_20eV_2_52_F_F,13,C,6.127134413650787,4.91817379026097,1.320680631189843,1.240891345968694,7.845092609339293
mace,dft/etch/trj_CF2_30eV.extxyz:292,etch,prior_outlier,trj_CF2_30eV_case1,147,Si,6.099051048375497,4.495914922705651,1.5515798400340202,1.0402403568406686,5.73762851093873
mace,dft/FC/CF0.2_d3.2.extxyz:28,FC,coverage,dft/FC/CF0.2_d3.2.extxyz:melt,135,F,6.043417644382058,5.678503557338856,1.4349649088392373,,7.627945547180183
mace,dft/qsd/qsd_data.extxyz:1326,qsd,coverage,CF_30eV_18_3_O_F,6,F,6.021722172936205,5.161060028346116,1.296932413042405,1.1431451005449835,15.20618412689288
mace,dft/FC/CF0.2_d3.2.extxyz:28,FC,coverage,dft/FC/CF0.2_d3.2.extxyz:melt,122,F,6.008787020730004,3.590673856967048,1.3424700369840672,,10.319167163606664
mace,dft/etch/trj_CF2_30eV.extxyz:105,etch,prior_outlier,trj_CF2_30eV_case1,102,O,5.976749908316022,4.5172013186864595,1.4103900169811194,1.1836807001890333,2.9960510872148025
mace,dft/etch/trj_CF2_30eV.extxyz:95,etch,prior_outlier,trj_CF2_30eV_case1,93,O,5.969153982681401,5.150613793292777,1.2972663566130147,1.120981712607302,4.6865299449737865
mace,dft/FC/CF0.4_d2.3.extxyz:88,FC,coverage,dft/FC/CF0.4_d2.3.extxyz:quench,88,C,5.917287223896921,5.113329003980822,1.4037959238436335,,1.9289941837237354
mace,dft/etch/trj_CF2_30eV.extxyz:163,etch,prior_outlier,trj_CF2_30eV_case1,22,F,5.894185581110227,5.876943528191525,1.2146604463799762,1.1751170154499515,3.6876888034832875
mace,dft/etch/trj_CF2_30eV.extxyz:232,etch,prior_outlier,trj_CF2_30eV_case1,97,O,5.818766310074599,5.699141267877134,1.1676472069936201,1.1676472069936201,2.817126252383624
mace,dft/qsd/qsd_data.extxyz:450,qsd,coverage,CF3_20eV_4_78_O_C,0,C,5.8065877889569855,5.156897524812457,1.2969324130424063,1.5805841200328443,7.029591161560962
mace,dft/qsd/qsd_data.extxyz:1321,qsd,coverage,CF_30eV_18_3_O_C,99,Si,5.739701862372198,5.193939229869093,1.5912669656597522,0.9940006483398287,8.266639801239497
mace,dft/etch/trj_CF2_30eV.extxyz:425,etch,prior_outlier,trj_CF2_30eV_case1,7,F,5.728783120860017,4.550639010306915,1.29201393181343,1.2781627439414756,6.934459793350452
mace,dft/qsd/qsd_data.extxyz:757,qsd,coverage,CF_10eV_4_54_Si_C,13,F,5.7239082837543895,4.506350181471131,1.4882650182679178,1.5765943405644969,9.066264484989613
mace,dft/qsd/qsd_data.extxyz:581,qsd,coverage,CF3_30eV_9_9_Si_C,11,F,5.640264515023465,4.887420426522179,1.2969287527848257,1.5826712245757153,6.350301735640914
mace,dft/FC/CF0.2_d3.2.extxyz:14,FC,coverage,dft/FC/CF0.2_d3.2.extxyz:melt,120,F,5.6155730654437885,3.94747687280514,1.3555335766231371,,8.37650536445796
mace,dft/qsd/qsd_data.extxyz:533,qsd,coverage,CF3_30eV_9_36_O_C,24,F,5.59685084521836,5.543671356320836,1.2969237527703779,0.9940006483398287,10.811501175881219
mace,dft/qsd/qsd_data.extxyz:434,qsd,coverage,CF3_20eV_4_50_C_F,98,Si,5.568504644250642,5.350684904061609,1.5127800229048498,1.1020955498957439,14.202444732807553
mace,dft/qsd/qsd_data.extxyz:451,qsd,coverage,CF3_20eV_4_78_O_C,94,Si,5.546958427656313,5.344560631394585,1.5869049269883813,0.9940006483398287,12.266396993989801
mace,dft/FC/CF0.4_d3.2.extxyz:63,FC,coverage,dft/FC/CF0.4_d3.2.extxyz:quench,88,C,5.5369193074940295,4.626717409601898,1.285446960477173,,15.059145333918122
mace,dft/qsd/qsd_data.extxyz:1296,qsd,coverage,CF_30eV_18_13_Si_F,11,F,5.486724181275078,4.161180408920487,1.1760035724860711,1.1698880128456748,37.90285258092079
mace,dft/etch/trj_CF2_30eV.extxyz:644,etch,prior_outlier,trj_CF2_30eV_case1,20,F,5.432725634953682,5.063654572542386,1.7675123761942937,1.1374532957444887,3.113573948411857
mace,dft/qsd/qsd_data.extxyz:1147,qsd,coverage,CF_20eV_2_76_C_F,29,C,5.421776540668443,5.041099724862874,1.2274080878420173,1.2835795392962583,8.030225400642625
mace,dft/qsd/qsd_data.extxyz:1321,qsd,coverage,CF_30eV_18_3_O_C,78,Si,5.3905983816508645,3.6785174802707292,1.67830462324335,0.9940006483398287,8.065585788133493
mace,dft/FC/CF0.2_d3.2.extxyz:28,FC,coverage,dft/FC/CF0.2_d3.2.extxyz:melt,133,F,5.37995795744606,4.458140719700074,1.6450010687230574,,8.727082304205169
mace,dft/qsd/qsd_data.extxyz:532,qsd,coverage,CF3_30eV_9_36_O_C,1,C,5.376622111915668,4.542793810852868,1.296932413042408,1.2595609813740645,7.071591712028134
mace,dft/etch/trj_CF2_30eV.extxyz:95,etch,prior_outlier,trj_CF2_30eV_case1,10,F,5.366834086669419,4.878271475451788,1.3604778572251754,1.120981712607302,4.822747616430078
mace,dft/etch/trj_CF2_30eV.extxyz:644,etch,prior_outlier,trj_CF2_30eV_case1,149,Si,5.355568010220611,5.303064492606496,1.5824348327814317,1.1374532957444887,2.778637769577388
mace,dft/qsd/qsd_data.extxyz:1053,qsd,coverage,CF_20eV_2_52_Si_F,17,C,5.345538535270845,4.783499034689165,1.296932413042408,1.240891345968694,17.479028398963084
mace,dft/etch/trj_CF2_30eV.extxyz:344,etch,prior_outlier,trj_CF2_30eV_case1,148,Si,5.3393661934092,3.7975490521619397,1.616477652180814,1.2782018619920732,5.146611451255088
mace,dft/FC/CF0.4_d3.2.extxyz:101,FC,coverage,dft/FC/CF0.4_d3.2.extxyz:quench,68,C,5.289364249533418,3.854252474050754,1.2697675636902996,,9.01932781178958
mace,dft/qsd/qsd_data.extxyz:1069,qsd,coverage,CF_20eV_2_54_F_C,32,F,5.279224685913531,4.401989725071908,1.366952996485248,1.228183400718312,4.91980975859057
mace,dft/etch/trj_CF2_30eV.extxyz:425,etch,prior_outlier,trj_CF2_30eV_case1,17,F,5.276309705464417,3.961086701379715,1.4319567032560727,1.2781627439414756,2.889914991272927
mace,dft/etch/trj_CF2_30eV.extxyz:282,etch,prior_outlier,trj_CF2_30eV_case1,11,F,5.270734893435453,3.7462443811905093,1.2218837915284744,1.536847422485394,9.681110097161637
mace,dft/FC/CF0.4_d2.3.extxyz:126,FC,coverage,dft/FC/CF0.4_d2.3.extxyz:quench,39,C,5.267078154591618,4.58728908795302,1.2653093121446615,,7.552016639327802
mace,dft/qsd/qsd_data.extxyz:1187,qsd,coverage,CF_20eV_2_79_C_C,28,C,5.244257953909576,5.18268314506327,1.2969287527848263,1.306619940839722,2.8702562538038308
mace,dft/qsd/qsd_data.extxyz:242,qsd,coverage,CF3_10eV_19_59_F_C,7,F,5.2392121675434336,4.343263212835889,1.351924611285703,1.351081189344298,5.516313479040418
mace,dft/FC/CF0.4_d2.3.extxyz:0,FC,coverage,dft/FC/CF0.4_d2.3.extxyz:melt,61,C,5.230511329635649,3.86245900892968,1.280692884457472,,3.9844480028161993
mace,dft/FC/CF0.4_d2.3.extxyz:63,FC,coverage,dft/FC/CF0.4_d2.3.extxyz:quench,11,C,5.195929852396799,4.306727539779354,1.2624705079723646,,6.932708589170325
mace,dft/qsd/qsd_data.extxyz:1147,qsd,coverage,CF_20eV_2_76_C_F,7,C,5.157141049760804,4.924962378092051,1.2274080878420173,1.2835795392962583,6.329511267698716
mace,dft/etch/trj_CF2_30eV.extxyz:282,etch,prior_outlier,trj_CF2_30eV_case1,148,Si,5.154188058520831,3.8199423886613513,1.545703723227709,1.536847422485394,6.514889107102668
mace,dft/qsd/qsd_data.extxyz:1305,qsd,coverage,CF_30eV_18_3_C_F,61,O,5.069241844529863,4.155596369601218,1.1431451005449835,1.1431451005449835,6.696234512388138
mace,dft/qsd/qsd_data.extxyz:662,qsd,coverage,CF_10eV_4_37_Si_F,7,C,5.043946052978445,4.938144622609748,1.2969374130234668,0.8399988402372921,8.19348316212037
mace,dft/FC/CF0.4_d2.3.extxyz:35,FC,coverage,dft/FC/CF0.4_d2.3.extxyz:melt,67,C,5.016705255490242,4.292180323363558,1.2302930117252544,,20.664336339822118
mace,dft/FC/CF0.4_d3.2.extxyz:7,FC,coverage,dft/FC/CF0.4_d3.2.extxyz:melt,3,C,5.01464909257937,4.8465857116998095,1.3646040994735427,,5.920318762240594
mace,dft/etch/trj_CF2_30eV.extxyz:232,etch,prior_outlier,trj_CF2_30eV_case1,24,F,5.001501424477317,3.8044191368456888,1.5408114745159434,1.1676472069936201,5.69058896131288
mace,dft/FC/CF0.4_d3.2.extxyz:14,FC,coverage,dft/FC/CF0.4_d3.2.extxyz:melt,63,C,4.933514124439197,4.2922511263951515,1.387940857898632,,4.594338467870756
mace,dft/FC/CF0.2_d2.3.extxyz:28,FC,coverage,dft/FC/CF0.2_d2.3.extxyz:melt,116,C,4.926538335150043,4.77883502303601,1.2864496519102484,,13.587886041034345
mace,dft/qsd/qsd_data.extxyz:13,qsd,coverage,CF3_10eV_19_10_O_F,45,O,4.921882870555386,4.342846092055055,1.598995998400246,1.5801362450750878,12.67791484495262
mace,dft/qsd/qsd_data.extxyz:229,qsd,coverage,CF3_10eV_19_59_C_C,0,C,4.921564258981617,3.7302242268273775,1.351081189344298,1.351081189344298,9.825129442314793
mace,dft/etch/trj_CF2_30eV.extxyz:146,etch,prior_outlier,trj_CF2_30eV_case1,19,F,4.916140329525114,4.678438371305069,1.3577186748365808,1.2147839314050886,5.407846491370294
mace,dft/FC/CF0.4_d3.2.extxyz:35,FC,coverage,dft/FC/CF0.4_d3.2.extxyz:melt,8,C,4.9001329176519635,4.592188467636919,1.245008801454833,,4.884846656821993
mace,dft/FC/CF0.4_d2.3.extxyz:21,FC,coverage,dft/FC/CF0.4_d2.3.extxyz:melt,16,C,4.810242243977531,4.768802981214858,1.219270211889063,,16.471350750385714
mace,dft/FC/CF0.4_d3.2.extxyz:42,FC,coverage,dft/FC/CF0.4_d3.2.extxyz:melt,44,C,4.80885982321916,4.551929175831434,1.2604728702356112,,11.830821269108284
mace,dft/FC/CF0.2_d3.2.extxyz:49,FC,coverage,dft/FC/CF0.2_d3.2.extxyz:melt,47,C,4.79026080668626,4.521075569535544,1.3672707555199153,,10.431385255108594
mace,dft/qsd/qsd_data.extxyz:674,qsd,coverage,CF_10eV_4_39_F_C,8,C,4.786631894071779,4.176218705243465,1.296932413042408,1.3097513380409276,6.6864717275793515
mace,dft/FC/CF0.4_d3.2.extxyz:49,FC,coverage,dft/FC/CF0.4_d3.2.extxyz:melt,54,C,4.776205920005255,3.772843117933533,1.2873291529752595,,15.409302815035272
mace,dft/FC/CF0.4_d2.3.extxyz:75,FC,coverage,dft/FC/CF0.4_d2.3.extxyz:quench,69,C,4.768507838385236,3.801514017464103,1.4380058477280275,,5.270034590341984
mace,dft/FC/CF0.2_d3.2.extxyz:35,FC,coverage,dft/FC/CF0.2_d3.2.extxyz:melt,112,C,4.762313379371607,3.7396396763994977,1.1482942265813223,,22.229291902879208
mace,dft/qsd/qsd_data.extxyz:1320,qsd,coverage,CF_30eV_18_3_O_C,2,C,4.761664653731856,4.197661457473462,1.296932413042408,1.1431451005449835,6.603185700654344
mace,dft/FC/CF0.2_d2.3.extxyz:28,FC,coverage,dft/FC/CF0.2_d2.3.extxyz:melt,73,C,4.716608858333201,4.587361484275871,1.306459718399309,,6.173940774481158
mace,dft/qsd/qsd_data.extxyz:481,qsd,coverage,CF3_20eV_4_98_F_F,77,Si,4.674830927047692,3.3566881493114007,1.60440257956038,1.5846581323742983,11.420214195857142
mace,dft/FC/CF0.2_d3.2.extxyz:49,FC,coverage,dft/FC/CF0.2_d3.2.extxyz:melt,30,C,4.632851748083129,3.22667416014868,1.4647652799398772,,5.6964295800543345
mace,dft/FC/CF0.4_d3.2.extxyz:50,FC,coverage,dft/FC/CF0.4_d3.2.extxyz:quench,59,C,4.630026894213457,4.305343216877766,1.27950794448491,,12.40055521649079
mace,dft/etch/trj_CF2_30eV.extxyz:874,etch,prior_outlier,trj_CF2_30eV_case1,105,Si,4.625666305818921,4.141162367706563,1.5963708842245907,1.220040982918196,1.9581881455483279
mace,dft/etch/trj_CF2_30eV.extxyz:105,etch,prior_outlier,trj_CF2_30eV_case1,4,C,4.604527698215689,3.669870234174378,1.2299593489217437,1.1836807001890333,5.905947758626214
mace,dft/FC/CF0.4_d3.2.extxyz:139,FC,coverage,dft/FC/CF0.4_d3.2.extxyz:quench,5,C,4.59853175497152,3.4501647682813896,1.402681871787243,,6.705999900427304
mace,dft/etch/trj_CF2_30eV.extxyz:874,etch,prior_outlier,trj_CF2_30eV_case1,94,O,4.554183722593175,3.8941514637036083,1.2714558584551798,1.220040982918196,5.801877441008385
mace,dft/FC/CF0.4_d3.2.extxyz:101,FC,coverage,dft/FC/CF0.4_d3.2.extxyz:quench,74,C,4.54433717751965,3.730371502392017,1.2670712066020602,,9.938204862040276
mace,dft/qsd/qsd_data.extxyz:1070,qsd,coverage,CF_20eV_2_54_F_C,36,F,4.523521579616026,4.0769756889052395,1.2969324130424065,1.228183400718312,4.0143541140043935
mace,dft/FC/CF0.4_d3.2.extxyz:63,FC,coverage,dft/FC/CF0.4_d3.2.extxyz:quench,53,C,4.501520428185074,3.6542363797516813,1.368694766849059,,3.95542722541371
mace,dft/FC/CF0.2_d3.2.extxyz:49,FC,coverage,dft/FC/CF0.2_d3.2.extxyz:melt,58,C,4.498998931827713,3.7135808178786847,1.4707952117817085,,3.4385603840278853
mace,dft/FC/CF0.2_d3.2.extxyz:35,FC,coverage,dft/FC/CF0.2_d3.2.extxyz:melt,105,C,4.479156676977822,3.212041430385315,1.3634733633157468,,8.021933976050974
mace,dft/qsd/qsd_data.extxyz:521,qsd,coverage,CF3_30eV_9_36_F_C,8,F,4.464933560162013,3.842757997159793,1.5852502735845837,1.2595609813740645,5.688196970898072
mace,dft/FC/CF0.2_d3.2.extxyz:42,FC,coverage,dft/FC/CF0.2_d3.2.extxyz:melt,134,F,4.451769479642924,4.094816996493152,1.403976472523667,,5.986485604460183
mace,dft/FC/CF0.4_d3.2.extxyz:50,FC,coverage,dft/FC/CF0.4_d3.2.extxyz:quench,7,C,4.451183188171388,3.158247513539159,1.3788526876356293,,8.993168385090208
mace,dft/FC/CF0.2_d2.3.extxyz:7,FC,coverage,dft/FC/CF0.2_d2.3.extxyz:melt,89,C,4.41906286050764,3.9009826995829577,1.3996892022516996,,3.2744215146312485
mace,dft/FC/CF0.4_d3.2.extxyz:49,FC,coverage,dft/FC/CF0.4_d3.2.extxyz:melt,14,C,4.4084471886152095,3.7391153550221383,1.3094874007030388,,8.955879598715807
mace,dft/qsd/qsd_data.extxyz:1327,qsd,coverage,CF_30eV_18_3_O_F,78,Si,4.404180849141939,3.173350891076244,1.67830462324335,1.1431451005449835,6.969807413163222
mace,dft/qsd/qsd_data.extxyz:1296,qsd,coverage,CF_30eV_18_13_Si_F,79,Si,4.386096538617587,4.296167853119648,1.1760035724860711,1.1698880128456748,49.130441635267815
mace,dft/FC/CF0.2_d3.2.extxyz:14,FC,coverage,dft/FC/CF0.2_d3.2.extxyz:melt,100,C,4.383700318023167,4.101861272161605,1.225496078297644,,14.523368096281008
mace,dft/qsd/qsd_data.extxyz:522,qsd,coverage,CF3_30eV_9_36_F_C,1,C,4.382742012340907,3.4816252452656187,0.9310003023092971,1.2595609813740645,71.3449217329606
mace,dft/FC/CF0.2_d3.2.extxyz:0,FC,coverage,dft/FC/CF0.2_d3.2.extxyz:melt,67,C,4.370532458103264,3.8433282484147187,1.321204268990983,,9.28495822480823
mace,dft/qsd/qsd_data.extxyz:1309,qsd,coverage,CF_30eV_18_3_F_C,3,F,4.366941374802985,3.761499506637678,1.5912669656597522,1.1431451005449835,5.8790606098605585
mace,dft/qsd/qsd_data.extxyz:439,qsd,coverage,CF3_20eV_4_78_F_C,0,C,4.348346408447557,3.7264855083494464,1.2969237527703763,1.5805841200328443,6.8483790043730055
mace,dft/FC/CF0.4_d3.2.extxyz:28,FC,coverage,dft/FC/CF0.4_d3.2.extxyz:melt,67,C,4.318467926835519,3.5798630068926154,1.491689397562375,,8.339223850294761
mace,dft/qsd/qsd_data.extxyz:1305,qsd,coverage,CF_30eV_18_3_C_F,1,C,4.317072616797078,2.8889480328157164,0.9310003023092955,1.1431451005449835,63.88176962344585
mace,dft/FC/CF0.4_d2.3.extxyz:14,FC,coverage,dft/FC/CF0.4_d2.3.extxyz:melt,10,C,4.313888906636366,3.5188532433025275,1.2887883167533765,,11.65795214074363
mace,dft/FC/CF0.2_d3.2.extxyz:14,FC,coverage,dft/FC/CF0.2_d3.2.extxyz:melt,49,C,4.301021423607957,3.6922402469712883,1.4146872887935076,,9.069709816465078
mace,dft/FC/CF0.2_d3.2.extxyz:21,FC,coverage,dft/FC/CF0.2_d3.2.extxyz:melt,52,C,4.251373363895149,4.144190359507343,1.3146350508791407,,4.98934047911966
mace,dft/FC/CF0.4_d2.3.extxyz:42,FC,coverage,dft/FC/CF0.4_d2.3.extxyz:melt,2,C,4.247634967633331,2.9385573136293277,1.3262965129638233,,4.748425395168592
mace,dft/qsd/qsd_data.extxyz:1304,qsd,coverage,CF_30eV_18_3_C_F,1,C,4.211305116362142,3.90023561500141,1.1431451005449835,1.1431451005449835,8.029125016066322
mace,dft/qsd/qsd_data.extxyz:1006,qsd,coverage,CF_20eV_2_32_O_F,67,O,4.209691147890148,3.707149356823529,1.5990046586548765,1.1673245965882841,13.563791425370598
mace,dft/FC/CF0.2_d2.3.extxyz:42,FC,coverage,dft/FC/CF0.2_d2.3.extxyz:melt,78,C,4.206552370111697,4.022210342173757,1.2028059609097386,,15.469998545184968
mace,dft/FC/CF0.4_d3.2.extxyz:35,FC,coverage,dft/FC/CF0.4_d3.2.extxyz:melt,30,C,4.199378016008606,3.0263462331137325,1.3793521144500867,,3.2104086397686196
mace,dft/qsd/qsd_data.extxyz:480,qsd,coverage,CF3_20eV_4_98_F_F,0,C,4.17634015936486,3.745632817716679,1.2969287527848257,1.5846581323742983,1.0282871589575548
mace,dft/FC/CF0.4_d2.3.extxyz:75,FC,coverage,dft/FC/CF0.4_d2.3.extxyz:quench,4,C,4.172668741304702,3.001305244144833,1.3916199892930547,,7.755919002641917
mace,dft/FC/CF0.4_d3.2.extxyz:114,FC,coverage,dft/FC/CF0.4_d3.2.extxyz:quench,15,C,4.164479564298315,3.8826962605050532,1.3023870348709718,,12.705997632450986
mace,dft/FC/CF0.4_d2.3.extxyz:126,FC,coverage,dft/FC/CF0.4_d2.3.extxyz:quench,143,F,4.160676612669843,3.4633492628217626,1.2972129291677617,,9.93588381836392
mace,dft/FC/CF0.2_d2.3.extxyz:14,FC,coverage,dft/FC/CF0.2_d2.3.extxyz:melt,13,C,4.153210421642881,3.4993022695966625,1.366907513952572,,6.59334515694196
mace,dft/etch/trj_CF2_30eV.extxyz:322,etch,coverage,trj_CF2_30eV_case1,148,Si,4.13871207531386,4.1218411907139085,1.5441826316857736,1.288293444833124,6.057936757409572
mace,dft/FC/CF0.4_d2.3.extxyz:75,FC,coverage,dft/FC/CF0.4_d2.3.extxyz:quench,40,C,4.1224650641158505,3.031895309860899,1.3791024121869988,,8.009509358331195
mace,dft/qsd/qsd_data.extxyz:521,qsd,coverage,CF3_30eV_9_36_F_C,1,C,4.085067765765562,3.578087303358271,1.296928752784826,1.2595609813740645,6.265140990665573
mace,dft/FC/CF0.2_d2.3.extxyz:63,FC,coverage,dft/FC/CF0.2_d2.3.extxyz:quench,95,C,4.0799478324403475,3.0521365418215822,1.3381571931951797,,5.46750623484409
mace,dft/etch/trj_CF2_30eV.extxyz:425,etch,prior_outlier,trj_CF2_30eV_case1,4,F,4.056788840475354,3.9011776839934824,1.308930861428516,1.2781627439414756,5.344108099554967
mace,dft/FC/CF0.4_d3.2.extxyz:49,FC,coverage,dft/FC/CF0.4_d3.2.extxyz:melt,24,C,4.04733916653493,3.196137073450572,1.3139511806698774,,10.58064554313762
mace,dft/FC/CF0.4_d2.3.extxyz:28,FC,coverage,dft/FC/CF0.4_d2.3.extxyz:melt,60,C,4.042680661697774,2.8928993981368816,1.3558286448515542,,9.502132969236802
mace,dft/FC/CF0.2_d3.2.extxyz:35,FC,coverage,dft/FC/CF0.2_d3.2.extxyz:melt,137,F,4.019562008336065,3.3632277674402427,1.310498869629425,,5.371630251725634
mace,dft/FC/CF0.4_d3.2.extxyz:28,FC,coverage,dft/FC/CF0.4_d3.2.extxyz:melt,81,C,4.017370390987219,2.9045546945006686,1.5638562193820764,,6.6092097205430695
mace,dft/FC/CF0.2_d3.2.extxyz:50,FC,coverage,dft/FC/CF0.2_d3.2.extxyz:quench,77,C,4.01503816137088,2.815831928484732,1.3095155604268314,,8.929733344670712
mace,dft/FC/CF0.4_d3.2.extxyz:0,FC,coverage,dft/FC/CF0.4_d3.2.extxyz:melt,59,C,4.015019371677939,3.1888406254608324,1.2526767307250508,,15.06672537002656
mace,dft/FC/CF0.4_d3.2.extxyz:28,FC,coverage,dft/FC/CF0.4_d3.2.extxyz:melt,2,C,4.008374300263443,3.847409718753772,1.4695922040144342,,5.019431122065129
mace,dft/qsd/qsd_data.extxyz:674,qsd,coverage,CF_10eV_4_39_F_C,14,F,4.0032133630401185,3.6148222477855505,1.597508304829743,1.3097513380409276,7.245643084978034
mace,dft/FC/CF0.4_d3.2.extxyz:139,FC,coverage,dft/FC/CF0.4_d3.2.extxyz:quench,58,C,3.999046021548851,3.4595298005138977,1.223260449699899,,7.512794711206942
mace,dft/FC/CF0.4_d2.3.extxyz:21,FC,coverage,dft/FC/CF0.4_d2.3.extxyz:melt,89,C,3.9958203754435195,3.150518411730317,1.304191705770283,,8.194262147144977
mace,dft/FC/CF0.4_d3.2.extxyz:63,FC,coverage,dft/FC/CF0.4_d3.2.extxyz:quench,89,C,3.979661386357129,3.1454384068629615,1.2808628464437566,,13.157820334444342
mace,dft/FC/CF0.4_d3.2.extxyz:14,FC,coverage,dft/FC/CF0.4_d3.2.extxyz:melt,100,C,3.9750254530271953,3.4683604853550145,1.3764565237957942,,8.041030435228684
mace,dft/etch/trj_CF2_30eV.extxyz:163,etch,prior_outlier,trj_CF2_30eV_case1,27,F,3.974365227505092,3.765224460462578,1.416227382873245,1.1751170154499515,5.175842727662424
mace,dft/FC/CF0.4_d2.3.extxyz:28,FC,coverage,dft/FC/CF0.4_d2.3.extxyz:melt,84,C,3.962874616350492,3.9374932492128143,1.2634507769835512,,8.131823203797289
mace,dft/FC/CF0.4_d2.3.extxyz:21,FC,coverage,dft/FC/CF0.4_d2.3.extxyz:melt,17,C,3.949643110307211,2.9723210605044477,1.30543241927723,,8.71214269917579
mace,dft/FC/CF0.4_d3.2.extxyz:35,FC,coverage,dft/FC/CF0.4_d3.2.extxyz:melt,135,F,3.931511274797432,3.0766431045936575,1.6690757075099971,,3.676518368615204
mace,dft/FC/CF0.2_d3.2.extxyz:42,FC,coverage,dft/FC/CF0.2_d3.2.extxyz:melt,132,F,3.931308198429258,2.958556716713016,1.495358210831103,,5.805146618562791
mace,dft/FC/CF0.2_d2.3.extxyz:63,FC,coverage,dft/FC/CF0.2_d2.3.extxyz:quench,91,C,3.910675435704412,3.370569977309912,1.2154465541774775,,14.319186222722191
mace,dft/FC/CF0.2_d3.2.extxyz:126,FC,coverage,dft/FC/CF0.2_d3.2.extxyz:quench,98,C,3.899634417960336,3.6339065701156974,1.44345822502766,,7.162706139602615
mace,dft/FC/CF0.4_d2.3.extxyz:63,FC,coverage,dft/FC/CF0.4_d2.3.extxyz:quench,84,C,3.8817217630719396,3.6926558482872753,1.3247453174478483,,12.491147707961627
mace,dft/qsd/qsd_data.extxyz:575,qsd,coverage,CF3_30eV_9_9_O_F,12,O,3.876964224559824,3.5825516717607577,1.598995998400246,1.5826712245757153,13.767490417629531
mace,dft/qsd/qsd_data.extxyz:731,qsd,coverage,CF_10eV_4_54_C_C,5,C,3.86874922720225,3.3314019508161024,1.2969374130234639,1.5765943405644969,1.2543939713136378
mace,dft/FC/CF0.2_d3.2.extxyz:7,FC,coverage,dft/FC/CF0.2_d3.2.extxyz:melt,71,C,3.841478173220742,2.9076049467328295,1.3195754036810479,,8.360124111968254
mace,dft/FC/CF0.4_d2.3.extxyz:63,FC,coverage,dft/FC/CF0.4_d2.3.extxyz:quench,93,C,3.8387795021684408,3.7174334981016584,1.3065382859592525,,9.720506005107397
mace,dft/FC/CF0.2_d2.3.extxyz:49,FC,coverage,dft/FC/CF0.2_d2.3.extxyz:melt,17,C,3.822011115486631,2.79367609706469,1.3566585776826832,,6.326466279074994
mace,dft/qsd/qsd_data.extxyz:1006,qsd,coverage,CF_20eV_2_32_O_F,26,F,3.8162837369942557,3.3352088958805286,1.2969287527848257,1.1673245965882841,13.061261672935505
mace,dft/qsd/qsd_data.extxyz:1309,qsd,coverage,CF_30eV_18_3_F_C,2,C,3.8124900852089967,3.2842978172353092,1.2969287527848257,1.1431451005449835,5.984501386472644
mace,dft/FC/CF0.2_d2.3.extxyz:7,FC,coverage,dft/FC/CF0.2_d2.3.extxyz:melt,16,C,3.797629664356136,3.502526228408012,1.1784544307693867,,15.33551760113463
mace,dft/FC/CF0.4_d3.2.extxyz:0,FC,coverage,dft/FC/CF0.4_d3.2.extxyz:melt,82,C,3.796904109614711,3.2911097662230313,1.3353557989539708,,6.188223929436054
mace,dft/FC/CF0.4_d3.2.extxyz:7,FC,coverage,dft/FC/CF0.4_d3.2.extxyz:melt,101,C,3.794853297037946,3.467803951166476,1.252614429463432,,9.885414072579156
mace,dft/FC/CF0.2_d3.2.extxyz:50,FC,coverage,dft/FC/CF0.2_d3.2.extxyz:quench,81,C,3.7896655943632047,3.0749255681103556,1.384703600378073,,8.367059803234467
mace,dft/FC/CF0.2_d3.2.extxyz:21,FC,coverage,dft/FC/CF0.2_d3.2.extxyz:melt,88,C,3.775524489959663,3.5083307270086497,1.296942082939712,,4.414906973643726
mace,dft/etch/trj_CF2_30eV.extxyz:95,etch,prior_outlier,trj_CF2_30eV_case1,92,O,3.7722574973236056,2.733739196116206,1.3669674465765431,1.120981712607302,0.2552930033060052
mace,dft/FC/CF0.4_d2.3.extxyz:28,FC,coverage,dft/FC/CF0.4_d2.3.extxyz:melt,55,C,3.745437721614351,3.344111237515156,1.2884105293344974,,11.743431429991151
mace,dft/FC/CF0.2_d3.2.extxyz:21,FC,coverage,dft/FC/CF0.2_d3.2.extxyz:melt,82,C,3.732508577140585,3.7060480697902687,1.5322327117641092,,5.185183573240778
mace,dft/etch/trj_CF2_30eV.extxyz:741,etch,coverage,trj_CF2_30eV_case1,3,C,3.730725746183088,3.1869940299504345,1.2500000000000002,1.165289663560095,4.302132279115206
mace,dft/etch/trj_CF3_30eV.extxyz:902,etch,coverage,trj_CF3_30eV_case1,1,C,3.727018248773386,2.7978696676596506,1.1160645142642944,1.3346909754696015,13.092928102533138
mace,dft/FC/CF0.4_d2.3.extxyz:0,FC,coverage,dft/FC/CF0.4_d2.3.extxyz:melt,13,C,3.7146202423862666,3.0684558608794235,1.280692884457472,,7.547495221481428
mace,dft/FC/CF0.2_d2.3.extxyz:0,FC,coverage,dft/FC/CF0.2_d2.3.extxyz:melt,74,C,3.708718014974981,3.36311988068349,1.2868630800904963,,10.795243469607806
mace,dft/FC/CF0.2_d3.2.extxyz:42,FC,coverage,dft/FC/CF0.2_d3.2.extxyz:melt,103,C,3.695228001446765,3.0889533004648038,1.2973296887838501,,4.696532391208858
mace,dft/etch/trj_CF2_30eV.extxyz:709,etch,coverage,trj_CF2_30eV_case1,147,Si,3.68773904150784,2.4970288715826667,1.5862534475927872,1.1512601791080939,10.120000218913091
mace,dft/FC/CF0.4_d2.3.extxyz:42,FC,coverage,dft/FC/CF0.4_d2.3.extxyz:melt,137,F,3.6856059472267115,3.571234565222264,1.1728264804309299,,14.556963324318435
mace,dft/FC/CF0.4_d2.3.extxyz:126,FC,coverage,dft/FC/CF0.4_d2.3.extxyz:quench,75,C,3.6825968891316325,2.655432283466296,1.3174608541369046,,6.052873886884726
mace,dft/qsd/qsd_data.extxyz:1237,qsd,coverage,CF_30eV_18_12_F_F,6,F,3.67607510616814,3.4082299011774833,1.4820003044871481,1.1728677049437417,22.679877614816995
mace,dft/FC/CF0.4_d2.3.extxyz:7,FC,coverage,dft/FC/CF0.4_d2.3.extxyz:melt,29,C,3.6698938696658026,3.0048318812032258,1.2771879422387293,,8.482759350038407
mace,dft/FC/CF0.4_d3.2.extxyz:7,FC,coverage,dft/FC/CF0.4_d3.2.extxyz:melt,20,C,3.661006626719812,3.180873145352125,1.3653655005963226,,6.26669362850379
mace,dft/FC/CF0.4_d2.3.extxyz:88,FC,coverage,dft/FC/CF0.4_d2.3.extxyz:quench,63,C,3.6591545802739742,2.9153273559104345,1.4213366166954493,,6.399539416305754
mace,dft/FC/CF0.4_d3.2.extxyz:101,FC,coverage,dft/FC/CF0.4_d3.2.extxyz:quench,4,C,3.6559941402087768,3.0028101917412604,1.3191680810647288,,10.868907780322777
mace,dft/FC/CF0.2_d2.3.extxyz:0,FC,coverage,dft/FC/CF0.2_d2.3.extxyz:melt,11,C,3.6558105816473083,2.5851790749077277,1.2947740271537058,,5.537956681001216
mace,dft/qsd/qsd_data.extxyz:1237,qsd,coverage,CF_30eV_18_12_F_F,10,F,3.6496216311129692,2.9459266768026247,1.2596744670747282,1.1728677049437417,38.96893389886427
mace,dft/FC/CF0.2_d3.2.extxyz:101,FC,coverage,dft/FC/CF0.2_d3.2.extxyz:quench,77,C,3.644296954120678,3.264315669061131,1.2520240878273865,,10.368136246476752
mace,dft/qsd/qsd_data.extxyz:1237,qsd,coverage,CF_30eV_18_12_F_F,81,Si,3.64272017994219,3.115863763722146,1.2596744670747282,1.1728677049437417,33.14599979240845
mace,dft/FC/CF0.4_d2.3.extxyz:49,FC,coverage,dft/FC/CF0.4_d2.3.extxyz:melt,25,C,3.6359369315587986,3.4419523875706393,1.284426422805137,,14.012508561565484
mace,dft/FC/CF0.4_d3.2.extxyz:75,FC,coverage,dft/FC/CF0.4_d3.2.extxyz:quench,69,C,3.6317082043008897,3.2418398668036144,1.3606271581884577,,4.896371061460211
mace,dft/FC/CF0.4_d3.2.extxyz:114,FC,coverage,dft/FC/CF0.4_d3.2.extxyz:quench,140,F,3.6308069285717406,2.8823204056319147,1.7832231595064039,,6.291910226722725
mace,dft/qsd/qsd_data.extxyz:439,qsd,coverage,CF3_20eV_4_78_F_C,13,F,3.6285068560672054,3.1910343607163165,1.5875793878102589,1.5805841200328443,6.15391502602839
mace,dft/FC/CF0.2_d2.3.extxyz:0,FC,coverage,dft/FC/CF0.2_d2.3.extxyz:melt,40,C,3.6275915568747377,2.5994905022009984,1.5210062244984688,,3.230500845900679
mace,dft/FC/CF0.4_d3.2.extxyz:114,FC,coverage,dft/FC/CF0.4_d3.2.extxyz:quench,53,C,3.617149091741776,3.447181472272917,1.4146484309891272,,8.38492601211567
mace,dft/etch/trj_CF2_30eV.extxyz:650,etch,prior_outlier,trj_CF2_30eV_case1,12,F,3.580256982298151,3.2227657529404405,1.523482851889053,1.4723111084278335,5.765026588962188
mace,dft/FC/CF0.2_d2.3.extxyz:7,FC,coverage,dft/FC/CF0.2_d2.3.extxyz:melt,102,C,3.5734671164890406,2.1313288207085197,1.1784544307693867,,13.98166148082827
mace,dft/qsd/qsd_data.extxyz:1304,qsd,coverage,CF_30eV_18_3_C_F,6,F,3.571801997985201,3.2282826760591545,1.2969287527848257,1.1431451005449835,5.34663387418196
mace,dft/FC/CF0.4_d3.2.extxyz:0,FC,coverage,dft/FC/CF0.4_d3.2.extxyz:melt,42,C,3.571670155230405,3.4508315008557195,1.4392239731883285,,3.74561073597284
mace,dft/FC/CF0.2_d2.3.extxyz:42,FC,coverage,dft/FC/CF0.2_d2.3.extxyz:melt,43,C,3.56694577198787,2.4448640640604857,1.3990095651567216,,4.509900525063275
mace,dft/FC/CF0.2_d3.2.extxyz:7,FC,coverage,dft/FC/CF0.2_d3.2.extxyz:melt,119,C,3.5659266976986785,2.3176344946970677,1.3004736746662735,,11.3989261393183
mace,dft/qsd/qsd_data.extxyz:532,qsd,coverage,CF3_30eV_9_36_O_C,57,O,3.5642984529491457,3.1104792748530135,1.6723832575399697,1.2595609813740645,6.818384517660617
mace,dft/qsd/qsd_data.extxyz:1238,qsd,coverage,CF_30eV_18_12_F_F,4,C,3.560171984522379,2.7799422273763614,1.2969287527848257,1.1728677049437417,17.352267185859663
mace,dft/FC/CF0.2_d2.3.extxyz:42,FC,coverage,dft/FC/CF0.2_d2.3.extxyz:melt,8,C,3.543886733564126,3.1477385406937444,1.2297623156529067,,10.64848246304956
mace,dft/qsd/qsd_data.extxyz:1305,qsd,coverage,CF_30eV_18_3_C_F,6,F,3.5341290638428506,3.3869720601424547,0.9310003023092955,1.1431451005449835,58.09584887205173
mace,dft/FC/CF0.2_d2.3.extxyz:14,FC,coverage,dft/FC/CF0.2_d2.3.extxyz:melt,62,C,3.5235171908029823,2.82543762323573,1.335569530537441,,5.24124121625832
mace,dft/FC/CF0.2_d2.3.extxyz:21,FC,coverage,dft/FC/CF0.2_d2.3.extxyz:melt,55,C,3.5100849089702324,2.9793055651616456,1.4458174952211238,,7.834021147634273
mace,dft/FC/CF0.2_d3.2.extxyz:7,FC,coverage,dft/FC/CF0.2_d3.2.extxyz:melt,7,C,3.501910666533802,2.9398958627133234,1.3366401697165915,,6.305920746925861
mace,dft/etch/trj_CF2_30eV.extxyz:282,etch,prior_outlier,trj_CF2_30eV_case1,20,F,3.489847384155324,3.465961392616067,1.3684297570573356,1.536847422485394,1.8948181485166329
mace,dft/qsd/qsd_data.extxyz:300,qsd,coverage,CF3_10eV_19_68_Si_F,8,F,3.4859010343227106,3.0874937163692753,1.2969287527848266,1.5810876823882984,13.157857558797708
mace,dft/FC/CF0.4_d2.3.extxyz:49,FC,coverage,dft/FC/CF0.4_d2.3.extxyz:melt,101,C,3.4804838400903377,3.0565634152587853,1.247333914346301,,7.594337779261928
mace,dft/etch/trj_CF2_30eV.extxyz:146,etch,prior_outlier,trj_CF2_30eV_case1,4,C,3.4712138847167697,2.56651472732548,1.253834119810112,1.2147839314050886,4.104485779869873
mace,dft/etch/trj_CF2_30eV.extxyz:344,etch,prior_outlier,trj_CF2_30eV_case1,23,F,3.465628047725251,3.066007111663887,1.7001764614298132,1.2782018619920732,2.156936851672065
mace,dft/FC/CF0.2_d3.2.extxyz:126,FC,coverage,dft/FC/CF0.2_d3.2.extxyz:quench,103,C,3.460187201200709,2.7586754686633825,1.328076553554049,,9.020355410943129
mace,dft/FC/CF0.4_d3.2.extxyz:139,FC,coverage,dft/FC/CF0.4_d3.2.extxyz:quench,68,C,3.459113053718352,2.860721684656843,1.269244731720404,,7.2966394831465395
mace,dft/FC/CF0.2_d3.2.extxyz:50,FC,coverage,dft/FC/CF0.2_d3.2.extxyz:quench,29,C,3.4523023137839113,2.938069273787577,1.4095543852807786,,4.513571546518234
mace,dft/qsd/qsd_data.extxyz:661,qsd,coverage,CF_10eV_4_37_Si_F,4,C,3.4453183684219697,2.3429504570582305,1.321640130784473,1.1760035724860711,6.922755100777868
mace,dft/qsd/qsd_data.extxyz:502,qsd,coverage,CF3_20eV_4_98_Si_F,0,C,3.4279882757541014,2.9501328457280698,1.2969287527848257,1.5846581323742983,2.703521442862808
mace,dft/qsd/qsd_data.extxyz:1299,qsd,coverage,CF_30eV_18_3_C_C,1,C,3.426586939943298,3.130516604961147,1.1431451005449835,1.1431451005449835,3.5949869574892754
mace,dft/FC/CF0.2_d3.2.extxyz:0,FC,coverage,dft/FC/CF0.2_d3.2.extxyz:melt,15,C,3.424743246449572,2.5393697129719435,1.253250200319153,,11.343349898736484
mace,dft/etch/trj_CF2_30eV.extxyz:344,etch,prior_outlier,trj_CF2_30eV_case1,25,F,3.413919568614642,2.6847482497498056,1.739252713092607,1.2782018619920732,3.698563768628709
mace,dft/FC/CF0.2_d2.3.extxyz:101,FC,coverage,dft/FC/CF0.2_d2.3.extxyz:quench,129,F,3.40232873794007,2.4858551047108275,1.4654923054161377,,4.9953981975673365
mace,dft/FC/CF0.4_d3.2.extxyz:14,FC,coverage,dft/FC/CF0.4_d3.2.extxyz:melt,42,C,3.397649302714794,3.273127627087124,1.398513694645816,,8.896372980061313
mace,dft/FC/CF0.4_d3.2.extxyz:42,FC,coverage,dft/FC/CF0.4_d3.2.extxyz:melt,21,C,3.396799366862397,3.2506891793954704,1.2604728702356112,,13.803180661411702
mace,dft/FC/CF0.2_d3.2.extxyz:0,FC,coverage,dft/FC/CF0.2_d3.2.extxyz:melt,41,C,3.3697747840170145,3.1999500346129923,1.3870646371744901,,5.421720329546425
mace,dft/FC/CF0.2_d3.2.extxyz:88,FC,coverage,dft/FC/CF0.2_d3.2.extxyz:quench,33,C,3.345107244623089,2.883240091324394,1.4821403512825626,,3.6311312253193218
mace,dft/FC/CF0.2_d2.3.extxyz:63,FC,coverage,dft/FC/CF0.2_d2.3.extxyz:quench,42,C,3.3444209448502358,2.5497190725741374,1.249692212026625,,9.154201909230755
mace,dft/FC/CF0.2_d2.3.extxyz:28,FC,coverage,dft/FC/CF0.2_d2.3.extxyz:melt,77,C,3.3432278398357598,3.0967959899536632,1.3088670802262543,,10.487754123640771
mace,dft/etch/trj_CF2_30eV.extxyz:644,etch,prior_outlier,trj_CF2_30eV_case1,112,Si,3.330288867955274,3.275660758998187,1.6233915116200401,1.1374532957444887,7.422620530079454
mace,dft/etch/trj_CF2_30eV.extxyz:146,etch,prior_outlier,trj_CF2_30eV_case1,104,O,3.3288969696849,3.0153658340636635,1.2403628501370072,1.2147839314050886,3.0646493176996614
mace,dft/FC/CF0.2_d2.3.extxyz:21,FC,coverage,dft/FC/CF0.2_d2.3.extxyz:melt,77,C,3.3213588269110845,2.4978447479804755,1.4028570991373284,,4.6176664905008025
mace,dft/etch/trj_CF2_30eV.extxyz:650,etch,prior_outlier,trj_CF2_30eV_case1,1,C,3.3101097264044625,2.289620674831939,1.2517587627015057,1.4723111084278335,1.9838080145382013
mace,dft/FC/CF0.2_d2.3.extxyz:21,FC,coverage,dft/FC/CF0.2_d2.3.extxyz:melt,91,C,3.307122042722659,2.5387061570804903,1.2679526529803864,,13.799635510621505
mace,dft/FC/CF0.2_d3.2.extxyz:63,FC,coverage,dft/FC/CF0.2_d3.2.extxyz:quench,16,C,3.3056395419693465,2.2555294415045384,1.4049642524517927,,4.054003193208535
mace,dft/FC/CF0.4_d3.2.extxyz:42,FC,coverage,dft/FC/CF0.4_d3.2.extxyz:melt,18,C,3.2984965911255806,2.5945213544283567,1.4475257967065878,,6.857723305879073
mace,dft/qsd/qsd_data.extxyz:1187,qsd,coverage,CF_20eV_2_79_C_C,19,C,3.297036233545683,3.2667722882563517,1.358331819733308,1.306619940839722,5.774725774864206
mace,dft/FC/CF0.4_d3.2.extxyz:75,FC,coverage,dft/FC/CF0.4_d3.2.extxyz:quench,37,C,3.2932657376985794,2.3145336022136336,1.3388792766754039,,7.061863903517399
mace,dft/FC/CF0.4_d3.2.extxyz:75,FC,coverage,dft/FC/CF0.4_d3.2.extxyz:quench,28,C,3.281482600413536,2.3776826231200543,1.4612781769282415,,3.5642464891255767
mace,dft/FC/CF0.4_d2.3.extxyz:0,FC,coverage,dft/FC/CF0.4_d2.3.extxyz:melt,10,C,3.268889567962716,3.0551255600151657,1.4928646374680012,,7.774571389048016
mace,dft/FC/CF0.4_d2.3.extxyz:14,FC,coverage,dft/FC/CF0.4_d2.3.extxyz:melt,72,C,3.267657462429044,2.3429080936734934,1.2699963626325863,,13.292845969067647
mace,dft/FC/CF0.2_d2.3.extxyz:49,FC,coverage,dft/FC/CF0.2_d2.3.extxyz:melt,47,C,3.264318508248576,2.784886632383076,1.3383801640042337,,6.271243733652919
mace,dft/FC/CF0.4_d2.3.extxyz:7,FC,coverage,dft/FC/CF0.4_d2.3.extxyz:melt,86,C,3.2604583624731447,2.84454156608632,1.3102639137593615,,7.570919482977349
mace,dft/FC/CF0.4_d2.3.extxyz:35,FC,coverage,dft/FC/CF0.4_d2.3.extxyz:melt,10,C,3.2320921681304386,2.351505298130358,1.184582909128778,,15.971891766559432
mace,dft/qsd/qsd_data.extxyz:450,qsd,coverage,CF3_20eV_4_78_O_C,53,O,3.230161202954974,2.7069506167453987,1.6206275244484771,1.5805841200328443,5.743558981717521
mace,dft/etch/trj_CF2_30eV.extxyz:0,etch,coverage,trj_CF2_30eV_case1,119,Si,3.228755567894017,2.7068315677305694,1.5757220567092411,,3.023607241744371
mace,dft/FC/CF0.2_d2.3.extxyz:101,FC,coverage,dft/FC/CF0.2_d2.3.extxyz:quench,84,C,3.221886098074149,2.5420761778593954,1.3823636876741234,,4.74655315583519
mace,dft/etch/trj_CF3_30eV.extxyz:0,etch,coverage,trj_CF3_30eV_case1,119,Si,3.2212133076030027,2.7007115677305693,1.5757220567092411,,3.0168242405975527
mace,dft/FC/CF0.4_d2.3.extxyz:7,FC,coverage,dft/FC/CF0.4_d2.3.extxyz:melt,59,C,3.217353463797567,2.41350679184106,1.2771879422387293,,8.578742474188452
mace,dft/FC/CF0.4_d2.3.extxyz:42,FC,coverage,dft/FC/CF0.4_d2.3.extxyz:melt,6,C,3.2147880952597823,2.601407070699304,1.2829375695644736,,10.31541317705001
mace,dft/FC/CF0.4_d2.3.extxyz:101,FC,coverage,dft/FC/CF0.4_d2.3.extxyz:quench,87,C,3.2115604331372447,2.493129819326923,1.29336699436007,,5.235719162071243
mace,dft/FC/CF0.4_d2.3.extxyz:139,FC,coverage,dft/FC/CF0.4_d2.3.extxyz:quench,43,C,3.1845621065285576,2.334206285904477,1.3331163007779936,,10.478815686668462
mace,dft/FC/CF0.2_d3.2.extxyz:126,FC,coverage,dft/FC/CF0.2_d3.2.extxyz:quench,46,C,3.171005179108951,3.0266954154838377,1.4639842514023444,,11.37096633281398
mace,dft/qsd/qsd_data.extxyz:576,qsd,coverage,CF3_30eV_9_9_O_F,0,C,3.163716782837244,3.0469382307750728,1.296932413042405,1.2299989203653803,10.580622116721162
mace,dft/FC/CF0.2_d2.3.extxyz:49,FC,coverage,dft/FC/CF0.2_d2.3.extxyz:melt,110,C,3.146500112658908,2.242447178684542,1.3893224665282005,,7.680250900892366
mace,dft/FC/CF0.4_d2.3.extxyz:101,FC,coverage,dft/FC/CF0.4_d2.3.extxyz:quench,25,C,3.133678698502434,2.2129025107097338,1.2923783048705189,,4.509307522023421
mace,dft/qsd/qsd_data.extxyz:1310,qsd,coverage,CF_30eV_18_3_F_C,2,C,3.132747258664321,2.483294744267212,0.9310003023092962,1.1431451005449835,70.60612036605258
mace,dft/FC/CF0.2_d3.2.extxyz:88,FC,coverage,dft/FC/CF0.2_d3.2.extxyz:quench,39,C,3.129552731481993,2.87680700662661,1.3477048254347095,,5.8255712028779625
mace,dft/FC/CF0.2_d2.3.extxyz:75,FC,coverage,dft/FC/CF0.2_d2.3.extxyz:quench,23,C,3.126539765420771,3.1240909246743804,1.4424473207711952,,8.961113705048776
mace,dft/qsd/qsd_data.extxyz:731,qsd,coverage,CF_10eV_4_54_C_C,3,C,3.120140153535276,2.7571202058035285,1.2365414523985843,1.5765943405644969,1.8886287571870761
mace,dft/FC/CF0.2_d3.2.extxyz:101,FC,coverage,dft/FC/CF0.2_d3.2.extxyz:quench,69,C,3.111287900849328,2.472950685796671,1.4570316880905505,,2.9382822704467997
mace,dft/qsd/qsd_data.extxyz:333,qsd,coverage,CF3_20eV_4_36_C_C,3,C,3.110688580321354,2.435223042387733,1.2338395236820714,1.2137258592037987,42.47560493479758
mace,dft/FC/CF0.2_d3.2.extxyz:63,FC,coverage,dft/FC/CF0.2_d3.2.extxyz:quench,128,F,3.108601454610773,2.9917391528142403,1.6885707596959028,,4.531082594327099
mace,dft/qsd/qsd_data.extxyz:1326,qsd,coverage,CF_30eV_18_3_O_F,56,O,3.105723677090748,2.515714372958758,1.5989959984002489,1.1431451005449835,14.888110651451413
mace,dft/etch/trj_CF3_30eV.extxyz:902,etch,coverage,trj_CF3_30eV_case1,19,F,3.1019137655919415,2.501885221861187,1.1160645142642944,1.3346909754696015,11.903232420370108
mace,dft/qsd/qsd_data.extxyz:260,qsd,coverage,CF3_10eV_19_59_Si_C,10,F,3.0927245256427076,2.3061931299738636,1.296928752784826,1.351081189344298,5.004026934410525
mace,dft/FC/CF0.4_d2.3.extxyz:88,FC,coverage,dft/FC/CF0.4_d2.3.extxyz:quench,83,C,3.091842867080861,2.204848067669384,1.3149400741599087,,6.3919978179436985
mace,dft/FC/CF0.4_d3.2.extxyz:50,FC,coverage,dft/FC/CF0.4_d3.2.extxyz:quench,31,C,3.0880383613143434,2.919946877232442,1.4762240611099662,,4.8463297231330635
mace,dft/FC/CF0.4_d2.3.extxyz:14,FC,coverage,dft/FC/CF0.4_d2.3.extxyz:melt,136,F,3.081126461297411,2.247619613232218,1.5121839315542482,,6.166800896955568
mace,dft/FC/CF0.4_d2.3.extxyz:35,FC,coverage,dft/FC/CF0.4_d2.3.extxyz:melt,65,C,3.0758796870600587,2.4712321784756446,1.184582909128778,,12.566330112867876
mace,dft/FC/CF0.4_d3.2.extxyz:126,FC,coverage,dft/FC/CF0.4_d3.2.extxyz:quench,13,C,3.074831386819441,2.8786358457237355,1.3787684474921815,,7.126423249779233
mace,dft/FC/CF0.4_d3.2.extxyz:126,FC,coverage,dft/FC/CF0.4_d3.2.extxyz:quench,86,C,3.0474808794691133,2.5525789414494686,1.3769038171927621,,6.592347699090212
mace,dft/FC/CF0.2_d3.2.extxyz:101,FC,coverage,dft/FC/CF0.2_d3.2.extxyz:quench,128,F,3.0468993926069077,2.267368875394622,1.4246581498029622,,5.549468937853693
mace,dft/FC/CF0.2_d2.3.extxyz:101,FC,coverage,dft/FC/CF0.2_d2.3.extxyz:quench,29,C,3.044282778567158,2.350303214070093,1.4255690828227159,,7.546621715746855
mace,dft/mqa/mqa_SiC.extxyz:177,mqa,coverage,dft/mqa/mqa_SiC.extxyz:mqa_SiC,45,C,3.0405966025890616,2.3445407462064445,1.4744390854151959,1.6108935477554065,9.212735952490009
mace,dft/FC/CF0.4_d2.3.extxyz:49,FC,coverage,dft/FC/CF0.4_d2.3.extxyz:melt,2,C,3.029197712518725,2.4342431869730055,1.46945493357231,,4.195768805429346
mace,dft/FC/CF0.4_d3.2.extxyz:126,FC,coverage,dft/FC/CF0.4_d3.2.extxyz:quench,50,C,3.027506132603641,2.970066855648555,1.5151155326574932,,5.117157754339512
mace,dft/etch/trj_CF3_30eV.extxyz:97,etch,coverage,trj_CF3_30eV_case1,141,Si,3.0239743488893147,2.1716805974960094,1.5797784654817908,1.1713667231059617,2.97308164237328
mace,dft/FC/CF0.2_d2.3.extxyz:88,FC,coverage,dft/FC/CF0.2_d2.3.extxyz:quench,85,C,3.003758730537443,1.907761093539938,1.3071813724575487,,7.913922826715774
mace,dft/etch/trj_CF3_30eV.extxyz:741,etch,coverage,trj_CF3_30eV_case1,142,Si,3.0028095286199616,2.810357408101749,1.554927651050042,1.4182383438618476,2.07196350238753
mace,dft/qsd/qsd_data.extxyz:1320,qsd,coverage,CF_30eV_18_3_O_C,56,O,2.9921396169597987,2.683543629087133,1.6346335506467506,1.1431451005449835,7.09372698303769
mace,dft/FC/CF0.2_d3.2.extxyz:63,FC,coverage,dft/FC/CF0.2_d3.2.extxyz:quench,106,C,2.976550696259972,2.9541558172723024,1.3203313562132815,,7.589310212124288
mace,dft/FC/CF0.2_d2.3.extxyz:75,FC,coverage,dft/FC/CF0.2_d2.3.extxyz:quench,44,C,2.9739841002861365,2.6399194585087953,1.456210660618855,,2.5775148658027174
mace,dft/FC/CF0.2_d2.3.extxyz:50,FC,coverage,dft/FC/CF0.2_d2.3.extxyz:quench,96,C,2.9690498267670447,2.4377868216962306,1.4098039712314618,,8.204335532482324
mace,dft/qsd/qsd_data.extxyz:502,qsd,coverage,CF3_20eV_4_98_Si_F,11,F,2.9686647504537866,2.7335461590834296,1.2969287527848257,1.5846581323742983,12.32588604014385
mace,dft/FC/CF0.2_d3.2.extxyz:88,FC,coverage,dft/FC/CF0.2_d3.2.extxyz:quench,20,C,2.9657945003683324,2.7514874254619666,1.3410008772927788,,5.449432100668931
mace,dft/FC/CF0.2_d2.3.extxyz:88,FC,coverage,dft/FC/CF0.2_d2.3.extxyz:quench,71,C,2.964470601804121,2.834756286736531,1.3355641312194633,,7.72088155124465
mace,dft/FC/CF0.4_d3.2.extxyz:172,FC,coverage,dft/FC/CF0.4_d3.2.extxyz:anneal,13,C,2.964192270158471,2.5746532171104004,1.3650439719291099,,0.6275481358246553
mace,dft/qsd/qsd_data.extxyz:300,qsd,coverage,CF3_10eV_19_68_Si_F,0,C,2.9538385087979613,2.582623596555814,1.2969287527848266,1.5810876823882984,1.4537360463037987
mace,dft/etch/trj_CF2_30eV.extxyz:163,etch,prior_outlier,trj_CF2_30eV_case1,2,C,2.9451852041427946,2.079025948234967,1.2146604463799762,1.1751170154499515,7.813121640667384
mace,dft/FC/CF0.4_d3.2.extxyz:140,FC,coverage,dft/FC/CF0.4_d3.2.extxyz:anneal,69,C,2.941338428564926,2.6194115043926707,1.3079377202680569,,0.6690520810108881
mace,dft/FC/CF0.2_d2.3.extxyz:35,FC,coverage,dft/FC/CF0.2_d2.3.extxyz:melt,116,C,2.9395975013985067,2.7885731176654938,1.3545827244579782,,4.760082457483379
mace,dft/FC/CF0.2_d2.3.extxyz:14,FC,coverage,dft/FC/CF0.2_d2.3.extxyz:melt,68,C,2.9279809631354845,2.3393764962995416,1.335569530537441,,9.201999033700721
mace,dft/FC/CF0.2_d2.3.extxyz:35,FC,coverage,dft/FC/CF0.2_d2.3.extxyz:melt,100,C,2.9051533459629284,2.3734824238572747,1.350668341411786,,5.590053504373818
mace,dft/FC/CF0.4_d3.2.extxyz:88,FC,coverage,dft/FC/CF0.4_d3.2.extxyz:quench,13,C,2.8989676519095933,2.3933907992223693,1.3871780258496025,,2.606150111957099
mace,dft/qsd/qsd_data.extxyz:790,qsd,coverage,CF_10eV_4_5_O_F,0,C,2.891293391399882,2.4013930928698937,1.1995447063782159,1.1995447063782159,2.3287371676224002
mace,dft/etch/trj_CF3_30eV.extxyz:806,etch,coverage,trj_CF3_30eV_case1,146,Si,2.871566498107347,2.0294365360268514,1.5450889942006578,1.204740635987677,4.01660377406012
mace,dft/FC/CF0.2_d2.3.extxyz:35,FC,coverage,dft/FC/CF0.2_d2.3.extxyz:melt,80,C,2.8407188349231873,2.644707803801994,1.2430314757478982,,10.849818556116274
mace,dft/qsd/qsd_data.extxyz:1293,qsd,coverage,CF_30eV_18_13_Si_C,11,F,2.82433644912319,2.265295935768996,1.2969287527848228,0.9350054104656303,2.190726878278303
mace,dft/FC/CF0.4_d3.2.extxyz:151,FC,coverage,dft/FC/CF0.4_d3.2.extxyz:anneal,69,C,2.798944342561651,2.522828392058945,1.370498819043636,,3.6386984662543833
mace,dft/FC/CF0.2_d2.3.extxyz:139,FC,coverage,dft/FC/CF0.2_d2.3.extxyz:quench,68,C,2.790488804030101,2.38706766970728,1.3112906462718326,,8.96100435414022
mace,dft/FC/CF0.2_d2.3.extxyz:114,FC,coverage,dft/FC/CF0.2_d2.3.extxyz:quench,43,C,2.780075921661997,2.4324602511546938,1.377979323320926,,4.835388807378472
mace,dft/FC/CF0.4_d2.3.extxyz:50,FC,coverage,dft/FC/CF0.4_d2.3.extxyz:quench,23,C,2.7731445516989752,2.6633377712203714,1.2537811413766535,,8.811357824191797
mace,dft/qsd/qsd_data.extxyz:1299,qsd,coverage,CF_30eV_18_3_C_C,6,F,2.772480161623812,2.0815536963341406,1.2969287527848241,1.1431451005449835,2.6521961065383155
mace,dft/etch/trj_CF3_30eV.extxyz:548,etch,coverage,trj_CF3_30eV_case1,148,Si,2.768568110704586,2.5358675098687264,1.5577547945681294,1.513803157613297,3.0789760997440365
mace,dft/FC/CF0.4_d2.3.extxyz:101,FC,coverage,dft/FC/CF0.4_d2.3.extxyz:quench,91,C,2.7601906528816276,2.3922134789573226,1.3910943638373354,,8.068937128240497
mace,dft/FC/CF0.2_d2.3.extxyz:139,FC,coverage,dft/FC/CF0.2_d2.3.extxyz:quench,95,C,2.7601434315731255,1.956734192265034,1.3112906462718326,,7.578288092865367
mace,dft/qsd/qsd_data.extxyz:333,qsd,coverage,CF3_20eV_4_36_C_C,8,F,2.748122569744176,1.9412828576238437,1.5839633924431447,1.2137258592037987,7.9267076887822725
mace,dft/etch/trj_CF3_30eV.extxyz:161,etch,coverage,trj_CF3_30eV_case1,149,Si,2.737777324561776,1.705789121359905,1.589308025525575,1.2038687636117167,4.12634282214881
mace,dft/etch/trj_CF3_30eV.extxyz:741,etch,coverage,trj_CF3_30eV_case1,147,Si,2.7368124392402633,2.6614013986068374,1.5693629280698589,1.4182383438618476,3.763645999015051
mace,dft/FC/CF0.2_d2.3.extxyz:114,FC,coverage,dft/FC/CF0.2_d2.3.extxyz:quench,103,C,2.7087923725002887,1.9577470391427423,1.3675706481567966,,4.324510650099616
mace,dft/qsd/qsd_data.extxyz:13,qsd,coverage,CF3_10eV_19_10_O_F,0,C,2.6895785910725825,2.329678550912075,1.2969374130234639,1.5801362450750878,0.2172911699517493
mace,dft/FC/CF0.2_d2.3.extxyz:88,FC,coverage,dft/FC/CF0.2_d2.3.extxyz:quench,115,C,2.6895229996656163,2.267204050522312,1.4132292287877433,,5.82660655148861
mace,dft/etch/trj_CF2_30eV.extxyz:64,etch,coverage,trj_CF2_30eV_case1,0,C,2.6862396233949277,2.0716374925980774,1.2161003248087714,1.1752021102772092,1.5521983240855532
mace,dft/FC/CF0.4_d2.3.extxyz:161,FC,coverage,dft/FC/CF0.4_d2.3.extxyz:anneal,1,C,2.6795004372646773,1.802624875558162,1.4107020018061942,,3.7854661182934923
mace,dft/FC/CF0.2_d2.3.extxyz:50,FC,coverage,dft/FC/CF0.2_d2.3.extxyz:quench,85,C,2.6640311574028224,2.327944476113637,1.478095693925126,,4.962321039226201
mace,dft/etch/trj_CF3_30eV.extxyz:999,etch,coverage,trj_CF3_30eV_case1,149,Si,2.661090478685408,2.0316547455451692,1.5047923444781297,1.146516463030514,5.378803589809448
mace,dft/FC/CF0.2_d2.3.extxyz:75,FC,coverage,dft/FC/CF0.2_d2.3.extxyz:quench,75,C,2.6602629786878165,2.622907272923024,1.456210660618855,,2.396251187306122
mace,dft/FC/CF0.2_d2.3.extxyz:50,FC,coverage,dft/FC/CF0.2_d2.3.extxyz:quench,86,C,2.650783319746598,2.5271358179602097,1.3995591600214692,,4.966891664208713
mace,dft/FC/CF0.4_d3.2.extxyz:193,FC,coverage,dft/FC/CF0.4_d3.2.extxyz:anneal,69,C,2.6468999601872794,2.308229229532763,1.3402307101764241,,1.2294120958161263
mace,dft/etch/trj_CF2_30eV.extxyz:958,etch,prior_outlier,trj_CF2_30eV_case1,1,C,2.6440437826875556,1.8873820661923126,1.2781627439414747,0.9210320298447815,4.321275419431744
mace,dft/etch/trj_CF2_30eV.extxyz:806,etch,coverage,trj_CF2_30eV_case1,133,Si,2.6408310941963196,1.8890237877015528,1.5108275877809498,1.1416654501210053,5.011068291600704
mace,dft/FC/CF0.4_d3.2.extxyz:203,FC,coverage,dft/FC/CF0.4_d3.2.extxyz:anneal,69,C,2.6298905035066427,2.400340529901735,1.3867483941220184,,2.495003134669975
mace,dft/etch/trj_CF2_30eV.extxyz:741,etch,coverage,trj_CF2_30eV_case1,32,F,2.5991385259431636,2.49343377202565,1.1840608092492553,1.165289663560095,4.719395815767734
mace,dft/FC/CF0.4_d3.2.extxyz:140,FC,coverage,dft/FC/CF0.4_d3.2.extxyz:anneal,98,C,2.5965964046491323,2.3421871111643635,1.3660377028837818,,2.18622266572026
mace,dft/FC/CF0.4_d3.2.extxyz:203,FC,coverage,dft/FC/CF0.4_d3.2.extxyz:anneal,5,C,2.5859209551124582,2.3081648874494762,1.3659042484742479,,4.002794382225248
mace,dft/etch/trj_CF3_30eV.extxyz:419,etch,coverage,trj_CF3_30eV_case1,149,Si,2.585325369416332,1.972711459987808,1.503495926166747,1.5253851972534673,7.790949963414603
mace,dft/FC/CF0.4_d2.3.extxyz:50,FC,coverage,dft/FC/CF0.4_d2.3.extxyz:quench,46,C,2.585013308431432,1.6974262831516316,1.2928228992789397,,9.242878642663118
mace,dft/FC/CF0.4_d3.2.extxyz:140,FC,coverage,dft/FC/CF0.4_d3.2.extxyz:anneal,86,C,2.5557633582544734,2.0036928577480158,1.4330459957377504,,1.9753710359071786
mace,dft/FC/CF0.4_d2.3.extxyz:161,FC,coverage,dft/FC/CF0.4_d2.3.extxyz:anneal,49,C,2.5547141264382693,1.5910617372390155,1.4352705937905919,,1.0189818817088947
mace,dft/FC/CF0.4_d3.2.extxyz:172,FC,coverage,dft/FC/CF0.4_d3.2.extxyz:anneal,69,C,2.5483207607725413,2.2612036401808817,1.3154529124982006,,1.076858308704539
mace,dft/FC/CF0.2_d3.2.extxyz:114,FC,coverage,dft/FC/CF0.2_d3.2.extxyz:quench,98,C,2.5401376481194644,2.442486217333632,1.352017750401229,,3.2318390785484663
mace,dft/etch/trj_CF2_30eV.extxyz:741,etch,coverage,trj_CF2_30eV_case1,4,C,2.512584107257252,2.4117446488132908,1.1840608092492553,1.165289663560095,4.773299211931408
mace,dft/etch/trj_CF3_30eV.extxyz:129,etch,coverage,trj_CF3_30eV_case1,2,C,2.5015138553770258,2.3110977215676227,1.3052202879207797,1.192476414861108,3.6771180609326377
mace,dft/FC/CF0.4_d3.2.extxyz:193,FC,coverage,dft/FC/CF0.4_d3.2.extxyz:anneal,13,C,2.4951926889018288,2.3187799680871626,1.3696749051508537,,1.449028511843711
mace,dft/etch/trj_CF3_30eV.extxyz:709,etch,coverage,trj_CF3_30eV_case1,130,Si,2.4768831865829797,2.1814918184230416,1.5526107045875992,1.1506954418959003,1.3765419486815502
mace,dft/FC/CF0.2_d3.2.extxyz:161,FC,coverage,dft/FC/CF0.2_d3.2.extxyz:anneal,114,C,2.458222272871012,2.156701248977189,1.3706182023452045,,2.5789617297201213
mace,dft/FC/CF0.4_d3.2.extxyz:214,FC,coverage,dft/FC/CF0.4_d3.2.extxyz:anneal,28,C,2.4540606854859806,1.571013653264817,1.4376026126115402,,3.785007433077774
mace,dft/FC/CF0.4_d3.2.extxyz:214,FC,coverage,dft/FC/CF0.4_d3.2.extxyz:anneal,13,C,2.453076979457064,2.1578887690268926,1.3614415919164509,,0.8971146927533847
mace,dft/qsd/qsd_data.extxyz:310,qsd,coverage,CF3_10eV_19_84_F_F,0,C,2.4500273352227095,2.118365853248194,1.2969374130234668,1.5883613265563985,0.06611624929622066
mace,dft/etch/trj_CF2_30eV.extxyz:902,etch,coverage,trj_CF2_30eV_case1,148,Si,2.4440308358387237,2.224257215081912,1.5373028328862226,1.386686698573258,5.705331697964458
mace,dft/FC/CF0.4_d3.2.extxyz:172,FC,coverage,dft/FC/CF0.4_d3.2.extxyz:anneal,28,C,2.4222903923079473,1.6745971813100773,1.4087879963939236,,3.2647926014431605
mace,dft/FC/CF0.4_d2.3.extxyz:139,FC,coverage,dft/FC/CF0.4_d2.3.extxyz:quench,40,C,2.4145619919363126,2.3233986754167217,1.4011358380970784,,4.523265318229852
mace,dft/etch/trj_CF2_30eV.extxyz:32,etch,coverage,trj_CF2_30eV_case1,148,Si,2.4081492466625494,1.741186836367696,1.5609292104384491,1.1801694793545539,4.696362238526645
mace,dft/FC/CF0.4_d3.2.extxyz:182,FC,coverage,dft/FC/CF0.4_d3.2.extxyz:anneal,69,C,2.3973678179758706,2.1110225563704956,1.347411153731482,,2.1854952905472023
mace,dft/FC/CF0.2_d2.3.extxyz:139,FC,coverage,dft/FC/CF0.2_d2.3.extxyz:quench,119,C,2.396612446753401,2.3905694956994243,1.3892620484991296,,6.729082091245729
mace,dft/qsd/qsd_data.extxyz:496,qsd,coverage,CF3_20eV_4_98_Si_C,0,C,2.3965835002368885,2.0615550514130065,1.2969237527703779,1.5846581323742983,4.492536261363507
mace,dft/FC/CF0.4_d3.2.extxyz:182,FC,coverage,dft/FC/CF0.4_d3.2.extxyz:anneal,86,C,2.3904991525831893,1.9075470208434377,1.4192831956308085,,2.3495484741588117
mace,dft/etch/trj_CF2_30eV.extxyz:709,etch,coverage,trj_CF2_30eV_case1,0,C,2.3818358079093813,2.178704339454467,1.1512601791080939,1.1512601791080939,2.605114726756578
mace,dft/qsd/qsd_data.extxyz:963,qsd,coverage,CF_10eV_4_98_F_F,98,Si,2.379425105278499,1.8263535175477223,1.5897771367081623,1.2757015281404969,1.652514971374541
mace,dft/etch/trj_CF3_30eV.extxyz:161,etch,coverage,trj_CF3_30eV_case1,3,C,2.375492854386912,1.9754237485155695,1.3420506696842707,1.2038687636117167,1.4241153925992092
mace,dft/FC/CF0.2_d3.2.extxyz:114,FC,coverage,dft/FC/CF0.2_d3.2.extxyz:quench,51,C,2.375198489111565,1.8557538902518083,1.31085713697487,,5.120742288089687
mace,dft/FC/CF0.4_d3.2.extxyz:151,FC,coverage,dft/FC/CF0.4_d3.2.extxyz:anneal,86,C,2.3687507429595587,1.8497798344664815,1.4254261760259632,,3.3187014018772465
mace,dft/FC/CF0.4_d3.2.extxyz:151,FC,coverage,dft/FC/CF0.4_d3.2.extxyz:anneal,13,C,2.3638426557299983,1.998853867167257,1.3988836702885628,,1.0567785004100907
mace,dft/FC/CF0.4_d3.2.extxyz:203,FC,coverage,dft/FC/CF0.4_d3.2.extxyz:anneal,13,C,2.3631759040112104,1.76180299512243,1.342582282469123,,3.516695424279163
mace,dft/mqa/mqa_SiC.extxyz:177,mqa,coverage,dft/mqa/mqa_SiC.extxyz:mqa_SiC,42,C,2.36181172800452,2.174148343632069,1.4787923163852321,1.6108935477554065,1.782463994001001
mace,dft/FC/CF0.2_d2.3.extxyz:193,FC,coverage,dft/FC/CF0.2_d2.3.extxyz:anneal,71,C,2.3562602908976507,2.297170839075122,1.4091678825068168,,3.984681961048335
mace,dft/FC/CF0.2_d3.2.extxyz:114,FC,coverage,dft/FC/CF0.2_d3.2.extxyz:quench,77,C,2.355518046099508,1.8094848513942852,1.3957639325698763,,2.781330774577163
mace,dft/FC/CF0.2_d3.2.extxyz:214,FC,coverage,dft/FC/CF0.2_d3.2.extxyz:anneal,53,C,2.345440480556362,2.165769971066722,1.3704425137524014,,3.0030939587272325
mace,dft/etch/trj_CF2_30eV.extxyz:773,etch,coverage,trj_CF2_30eV_case1,133,Si,2.33909865176999,1.6445179354479562,1.591571550386599,1.3949551964131324,2.432785835847866
mace,dft/mqa/mqa_SiC.extxyz:442,mqa,coverage,dft/mqa/mqa_SiC.extxyz:mqa_SiC,7,Si,2.3305281777781373,1.8229335157822812,1.7577494653391308,1.676954091738948,5.258820805278879
mace,dft/FC/CF0.4_d3.2.extxyz:214,FC,coverage,dft/FC/CF0.4_d3.2.extxyz:anneal,69,C,2.322625722328491,1.7868357980392233,1.2996510196587385,,1.4493838976810112
mace,dft/FC/CF0.4_d3.2.extxyz:193,FC,coverage,dft/FC/CF0.4_d3.2.extxyz:anneal,5,C,2.284711560378387,1.8275888043851405,1.3402307101764241,,1.960199425980428
mace,dft/FC/CF0.4_d2.3.extxyz:50,FC,coverage,dft/FC/CF0.4_d2.3.extxyz:quench,91,C,2.282497809516064,1.7685465853304243,1.3782777142648501,,3.6981564708071777
mace,dft/FC/CF0.4_d3.2.extxyz:161,FC,coverage,dft/FC/CF0.4_d3.2.extxyz:anneal,13,C,2.277428752196312,1.7400012761234973,1.3883063318302626,,2.165237726847563
mace,dft/qsd/qsd_data.extxyz:496,qsd,coverage,CF3_20eV_4_98_Si_C,77,Si,2.270462886530978,2.0802698398234742,1.60440257956038,1.5846581323742983,5.246378808106979
mace,dft/FC/CF0.4_d2.3.extxyz:139,FC,coverage,dft/FC/CF0.4_d2.3.extxyz:quench,5,C,2.267190197327238,1.8721340459191538,1.2871495295030797,,6.196832315981932
mace,dft/mqa/mqa_SiC.extxyz:177,mqa,coverage,dft/mqa/mqa_SiC.extxyz:mqa_SiC,33,C,2.2653293014723683,1.57659643264003,1.4385945267169624,1.6108935477554065,3.124586842440933
mace,dft/mqa/mqa_SiC.extxyz:354,mqa,coverage,dft/mqa/mqa_SiC.extxyz:mqa_SiC,42,C,2.2540769823319087,1.6259622888252014,1.3248741032264162,1.5925064224046326,6.331349012127115
mace,dft/qsd/qsd_data.extxyz:532,qsd,coverage,CF3_30eV_9_36_O_C,86,Si,2.2475630265939444,2.115747327385233,1.583804590756069,1.2595609813740645,2.664407500728821
mace,dft/etch/trj_CF2_30eV.extxyz:290,etch,coverage,trj_CF2_30eV_case1,147,Si,2.2374310002049995,2.10971379220852,1.5728318409798296,1.1039021695784448,3.3302420921449536
mace,dft/qsd/qsd_data.extxyz:660,qsd,coverage,CF_10eV_4_37_Si_F,78,Si,2.2333413830470294,2.071147925335569,1.5676324643550863,1.371796809662423,1.8225418224345362
mace,dft/FC/CF0.2_d3.2.extxyz:139,FC,coverage,dft/FC/CF0.2_d3.2.extxyz:quench,10,C,2.229313512313107,2.2135107188549044,1.3306269789127247,,3.57946924681146
mace,dft/FC/CF0.2_d3.2.extxyz:139,FC,coverage,dft/FC/CF0.2_d3.2.extxyz:quench,56,C,2.2274677713201796,2.1641109221050328,1.4939965545140999,,3.5630350999165024
mace,dft/FC/CF0.4_d3.2.extxyz:88,FC,coverage,dft/FC/CF0.4_d3.2.extxyz:quench,43,C,2.226950979136705,2.1922165238199405,1.3871780258496025,,1.210562858186637
mace,dft/etch/trj_CF2_30eV.extxyz:902,etch,coverage,trj_CF2_30eV_case1,111,Si,2.207492024331451,2.0034944657952227,1.5901572249309162,1.386686698573258,6.039151362229465
mace,dft/mqa/mqa_SiC.extxyz:265,mqa,coverage,dft/mqa/mqa_SiC.extxyz:mqa_SiC,35,C,2.2035464027562512,1.761138684879282,1.3628911423147485,1.6392847201604375,5.907932713397217
mace,dft/FC/CF0.2_d2.3.extxyz:161,FC,coverage,dft/FC/CF0.2_d2.3.extxyz:anneal,81,C,2.201727646602177,2.175437624826305,1.4194407577986479,,1.9487728082806368
mace,dft/etch/trj_CF3_30eV.extxyz:580,etch,coverage,trj_CF3_30eV_case1,141,Si,2.1941769892878344,1.709076468507821,1.571337010319559,1.4886235252742723,2.299739610788578
mace,dft/etch/trj_CF3_30eV.extxyz:935,etch,coverage,trj_CF3_30eV_case1,18,F,2.1941439706765276,1.7682445558138133,1.2213107712617624,1.4882540105774957,3.8430227813415314
mace,dft/FC/CF0.4_d3.2.extxyz:88,FC,coverage,dft/FC/CF0.4_d3.2.extxyz:quench,98,C,2.192194864446493,2.046687687930621,1.4119677591574116,,2.2794203861907527
mace,dft/FC/CF0.4_d2.3.extxyz:214,FC,coverage,dft/FC/CF0.4_d2.3.extxyz:anneal,85,C,2.189399484746587,1.7194413076177182,1.2465467075484984,,2.697825489232022
mace,dft/etch/trj_CF2_30eV.extxyz:339,etch,prior_outlier,trj_CF2_30eV_case1,1,C,2.188842269776205,1.7942754989279859,1.369854006819703,1.363121417922852,6.595208955821567
mace,dft/FC/CF0.4_d2.3.extxyz:161,FC,coverage,dft/FC/CF0.4_d2.3.extxyz:anneal,25,C,2.1861405618539416,1.6886003064777837,1.402501851763483,,2.9467332734529945
mace,dft/etch/trj_CF3_30eV.extxyz:354,etch,coverage,trj_CF3_30eV_case1,148,Si,2.1855272646572135,1.9905451925139666,1.562689988449405,1.215606844337429,3.825485657037679
mace,dft/FC/CF0.2_d2.3.extxyz:151,FC,coverage,dft/FC/CF0.2_d2.3.extxyz:anneal,44,C,2.184646703453854,2.0118214970984276,1.4027977244421246,,3.1342854796264175
mace,dft/mqa/mqa_SiC.extxyz:354,mqa,coverage,dft/mqa/mqa_SiC.extxyz:mqa_SiC,50,C,2.1841191758103027,1.6752106107563502,1.4495665087880583,1.5925064224046326,5.154235487657311
mace,dft/FC/CF0.2_d3.2.extxyz:203,FC,coverage,dft/FC/CF0.2_d3.2.extxyz:anneal,110,C,2.18254163235608,1.4119805396565752,1.4526565402048757,,4.570185624495465
mace,dft/qsd/qsd_data.extxyz:450,qsd,coverage,CF3_20eV_4_78_O_C,94,Si,2.1698397848515083,1.5987040806975785,1.5869049269883813,1.5805841200328443,2.428082485085916
mace,dft/etch/trj_CF3_30eV.extxyz:677,etch,coverage,trj_CF3_30eV_case1,118,Si,2.1695038067325667,2.160449443437968,1.6141251500425857,1.2503999360204716,3.5657160505786214
mace,dft/etch/trj_CF2_30eV.extxyz:419,etch,coverage,trj_CF2_30eV_case1,108,Si,2.1675470514917268,1.9327309980872796,1.6381391882254657,1.3802898246382913,6.560088191709774
mace,dft/FC/CF0.4_d2.3.extxyz:114,FC,coverage,dft/FC/CF0.4_d2.3.extxyz:quench,49,C,2.1645510477343968,1.3715963263342084,1.4259227967881014,,1.6492697467185289
mace,dft/FC/CF0.2_d3.2.extxyz:214,FC,coverage,dft/FC/CF0.2_d3.2.extxyz:anneal,16,C,2.1602807364898817,1.971782017926102,1.3101492574893898,,0.7519456762167064
mace,dft/etch/trj_CF2_30eV.extxyz:105,etch,prior_outlier,trj_CF2_30eV_case1,3,C,2.1602416694398965,1.4677168593896879,1.2224974437601097,1.1836807001890333,1.8709444823257049
mace,dft/FC/CF0.2_d2.3.extxyz:172,FC,coverage,dft/FC/CF0.2_d2.3.extxyz:anneal,113,C,2.157152519367409,1.883794132757464,1.3693622036919224,,6.3533160220043365
mace,dft/etch/trj_CF2_30eV.extxyz:258,etch,coverage,trj_CF2_30eV_case1,142,Si,2.1503333619361378,1.6764673702272133,1.6012807374099018,1.5185519418182574,1.4624153157612239
mace,dft/qsd/qsd_data.extxyz:1213,qsd,coverage,CF_20eV_2_79_Si_C,28,C,2.1479862142366426,1.7596104895917115,1.2969374130234674,1.306619940839722,5.034218386609981
mace,dft/FC/CF0.4_d2.3.extxyz:182,FC,coverage,dft/FC/CF0.4_d2.3.extxyz:anneal,76,C,2.1412451908406123,2.121498807411024,1.3871762579066877,,3.2769768188781865
mace,dft/FC/CF0.2_d3.2.extxyz:161,FC,coverage,dft/FC/CF0.2_d3.2.extxyz:anneal,41,C,2.1369748531956936,1.6100543658353463,1.43159904571776,,3.3254980276773582
mace,dft/qsd/qsd_data.extxyz:660,qsd,coverage,CF_10eV_4_37_Si_F,104,Si,2.135527891853853,2.0460827284667435,1.617582741562236,1.371796809662423,4.369747508515567
mace,dft/etch/trj_CF3_30eV.extxyz:290,etch,coverage,trj_CF3_30eV_case1,110,Si,2.1330830985488354,1.7543311403675625,1.5723231220076865,1.313811249761548,4.772430317648755
mace,dft/FC/CF0.4_d2.3.extxyz:151,FC,coverage,dft/FC/CF0.4_d2.3.extxyz:anneal,49,C,2.1320248538600475,1.7375068425791822,1.3961911938914393,,1.5591192591469711
mace,dft/etch/trj_CF2_30eV.extxyz:97,etch,coverage,trj_CF2_30eV_case1,92,O,2.1311643214554365,1.3656000447073118,1.2482387592123585,1.1132385189167686,2.178183241031158
mace,dft/FC/CF0.4_d2.3.extxyz:182,FC,coverage,dft/FC/CF0.4_d2.3.extxyz:anneal,72,C,2.129273185294806,1.5256178371291034,1.311784062412713,,2.9993207455155577
mace,dft/qsd/qsd_data.extxyz:1006,qsd,coverage,CF_20eV_2_32_O_F,75,Si,2.127893490851925,1.9750753275877693,1.5676324643550863,1.1673245965882841,1.4903234278709436
mace,dft/qsd/qsd_data.extxyz:526,qsd,coverage,CF3_30eV_9_36_F_F,1,C,2.124243896590372,1.8374465069755221,1.2969287527848226,1.2595609813740645,0.2885212384140897
mace,dft/etch/trj_CF3_30eV.extxyz:354,etch,coverage,trj_CF3_30eV_case1,143,Si,2.1212072480762547,1.4792347510286916,1.5135719342006861,1.215606844337429,8.461504838977639
mace,dft/qsd/qsd_data.extxyz:311,qsd,coverage,CF3_10eV_19_84_F_F,93,Si,2.1079361596147956,1.6796174060616424,1.5883613265563985,1.5883613265563985,6.5257164022884115
mace,dft/mqa/mqa_SiC.extxyz:265,mqa,coverage,dft/mqa/mqa_SiC.extxyz:mqa_SiC,57,C,2.105548621527457,1.4587733666212843,1.2939314664231645,1.6392847201604375,5.994085495095645
mace,dft/etch/trj_CF3_30eV.extxyz:258,etch,coverage,trj_CF3_30eV_case1,109,Si,2.1043411865430715,2.0133653960538074,1.6130406070524073,1.2060265337047962,4.059606097474236
mace,dft/etch/trj_CF3_30eV.extxyz:226,etch,coverage,trj_CF3_30eV_case1,108,Si,2.099130097023886,1.7520691850146504,1.6704789732289365,1.0592922165295118,5.7987396690940525
mace,dft/etch/trj_CF2_30eV.extxyz:677,etch,coverage,trj_CF2_30eV_case1,129,Si,2.0955735065261742,1.87809529008935,1.5653753543479605,1.1622392180614114,2.6931840599619257
mace,dft/FC/CF0.2_d2.3.extxyz:114,FC,coverage,dft/FC/CF0.2_d2.3.extxyz:quench,72,C,2.0933830705759178,1.6885425973332089,1.377979323320926,,6.054722840001514
mace,dft/FC/CF0.4_d3.2.extxyz:182,FC,coverage,dft/FC/CF0.4_d3.2.extxyz:anneal,13,C,2.092837044234891,1.738859628141482,1.3704941282982572,,1.4872833450025589
mace,dft/FC/CF0.2_d3.2.extxyz:182,FC,coverage,dft/FC/CF0.2_d3.2.extxyz:anneal,22,C,2.0920881345388826,1.567243519721586,1.3985763534752047,,0.953216431660722
mace,dft/FC/CF0.2_d3.2.extxyz:193,FC,coverage,dft/FC/CF0.2_d3.2.extxyz:anneal,113,C,2.0912943469317247,1.766801355933666,1.3515784825832031,,3.128806657126004
mace,dft/FC/CF0.4_d2.3.extxyz:151,FC,coverage,dft/FC/CF0.4_d2.3.extxyz:anneal,1,C,2.0844352491440743,1.36387225382451,1.3961911938914393,,1.9150950900769914
mace,dft/FC/CF0.2_d3.2.extxyz:182,FC,coverage,dft/FC/CF0.2_d3.2.extxyz:anneal,56,C,2.075804057325434,2.0013161626076688,1.4243648379892002,,4.320822707569127
mace,dft/FC/CF0.2_d3.2.extxyz:203,FC,coverage,dft/FC/CF0.2_d3.2.extxyz:anneal,71,C,2.0731518811725453,2.0203153137092316,1.3522211599438898,,2.2701872025172283
mace,dft/FC/CF0.2_d3.2.extxyz:214,FC,coverage,dft/FC/CF0.2_d3.2.extxyz:anneal,71,C,2.0720937352392466,2.03963685807117,1.3425310745751842,,1.6583767167504493
mace,dft/etch/trj_CF2_30eV.extxyz:959,etch,prior_outlier,trj_CF2_30eV_case1,96,O,2.0708869846669997,1.9668333560744404,1.1719214990774764,0.9356815697661205,8.913435420859345
mace,dft/FC/CF0.2_d3.2.extxyz:172,FC,coverage,dft/FC/CF0.2_d3.2.extxyz:anneal,39,C,2.0653390481770857,1.6758929045456905,1.3865465886511006,,2.203049475205221
mace,dft/FC/CF0.2_d2.3.extxyz:126,FC,coverage,dft/FC/CF0.2_d2.3.extxyz:quench,25,C,2.065037460381033,1.3251704400286755,1.4518530716639346,,3.3303424290883363
mace,dft/etch/trj_CF2_30eV.extxyz:290,etch,coverage,trj_CF2_30eV_case1,142,Si,2.062358182605926,1.5834988878308005,1.6713467623446667,1.1039021695784448,5.428509565952335
mace,dft/qsd/qsd_data.extxyz:1032,qsd,coverage,CF_20eV_2_52_F_F,17,C,2.0580254976252363,1.848741894502475,1.2969374130234639,1.240891345968694,0.17702739004176726
mace,dft/FC/CF0.4_d2.3.extxyz:182,FC,coverage,dft/FC/CF0.4_d2.3.extxyz:anneal,20,C,2.056009094809365,1.8913026002379658,1.2515717632241465,,1.3806797531538586
mace,dft/FC/CF0.2_d3.2.extxyz:182,FC,coverage,dft/FC/CF0.2_d3.2.extxyz:anneal,110,C,2.0556396675757576,1.5016044796608585,1.4303867399762893,,4.914030751078589
mace,dft/FC/CF0.2_d2.3.extxyz:126,FC,coverage,dft/FC/CF0.2_d2.3.extxyz:quench,78,C,2.025315573298866,1.8063402037597807,1.4515908545798983,,4.778941245403317
mace,dft/FC/CF0.4_d2.3.extxyz:140,FC,coverage,dft/FC/CF0.4_d2.3.extxyz:anneal,49,C,2.019255879059422,1.339332467085265,1.3729279452323782,,0.8660457523324041
mace,dft/etch/trj_CF2_30eV.extxyz:709,etch,coverage,trj_CF2_30eV_case1,105,O,2.014526969404459,1.9565099551072143,1.55505626907839,1.1512601791080939,3.6473946475891528
mace,dft/FC/CF0.2_d3.2.extxyz:161,FC,coverage,dft/FC/CF0.2_d3.2.extxyz:anneal,92,C,1.9989621525966512,1.9861944643464309,1.4286766782594882,,1.8644670202695997
mace,dft/etch/trj_CF3_30eV.extxyz:451,etch,coverage,trj_CF3_30eV_case1,148,Si,1.997926892409401,1.5507041399283623,1.5758489775356017,1.303687079018582,2.773575606173735
mace,dft/etch/trj_CF2_30eV.extxyz:32,etch,coverage,trj_CF2_30eV_case1,145,Si,1.9974443129875536,1.4287064165877081,1.528005235593122,1.1801694793545539,3.264735333616188
mace,dft/FC/CF0.4_d2.3.extxyz:172,FC,coverage,dft/FC/CF0.4_d2.3.extxyz:anneal,14,C,1.9955583901984613,1.4567254445548987,1.362677118652838,,4.299600932156495
mace,dft/FC/CF0.2_d3.2.extxyz:75,FC,coverage,dft/FC/CF0.2_d3.2.extxyz:quench,98,C,1.9944298501857318,1.9827948264110433,1.3422566120157504,,2.1213892363571567
mace,dft/FC/CF0.2_d2.3.extxyz:126,FC,coverage,dft/FC/CF0.2_d2.3.extxyz:quench,62,C,1.993032597025851,1.893517475156493,1.422493944978326,,4.678467222086845
mace,dft/etch/trj_CF3_30eV.extxyz:967,etch,coverage,trj_CF3_30eV_case1,125,Si,1.9909343680357119,1.8647849587791268,1.5640332477284493,1.2922074136917818,3.151492524171047
mace,dft/etch/trj_CF3_30eV.extxyz:193,etch,coverage,trj_CF3_30eV_case1,108,Si,1.9856580817080816,1.4909602217830118,1.5818343781824953,1.1910499569707416,4.68527031659946
mace,dft/etch/trj_CF2_30eV.extxyz:902,etch,coverage,trj_CF2_30eV_case1,149,Si,1.978991817330561,1.78046557928027,1.6690416411821514,1.386686698573258,1.7746348848396958
mace,dft/FC/CF0.2_d3.2.extxyz:193,FC,coverage,dft/FC/CF0.2_d3.2.extxyz:anneal,53,C,1.9784855793245217,1.8786490275055343,1.384561951846143,,1.5382660218655289
mace,dft/FC/CF0.2_d3.2.extxyz:203,FC,coverage,dft/FC/CF0.2_d3.2.extxyz:anneal,113,C,1.978010280097582,1.871895991930004,1.3302484376892434,,2.3278736243922262
mace,dft/FC/CF0.4_d2.3.extxyz:214,FC,coverage,dft/FC/CF0.4_d2.3.extxyz:anneal,49,C,1.9773670621354913,1.3744120960935655,1.3841535872149444,,1.2775133835842973
mace,dft/qsd/qsd_data.extxyz:1292,qsd,coverage,CF_30eV_18_13_Si_C,4,C,1.9747711407014363,1.320270776348458,1.2969374130234665,1.1698880128456748,1.51429859029519
mace,dft/etch/trj_CF3_30eV.extxyz:451,etch,coverage,trj_CF3_30eV_case1,149,Si,1.9741533308323664,1.4497592221148539,1.6036520819679072,1.303687079018582,3.8571317433924914
mace,dft/etch/trj_CF2_30eV.extxyz:387,etch,coverage,trj_CF2_30eV_case1,112,Si,1.9729275626809775,1.641356366796043,1.6162611175178345,1.4711560080426516,2.4191441804053353
mace,dft/FC/CF0.2_d3.2.extxyz:75,FC,coverage,dft/FC/CF0.2_d3.2.extxyz:quench,77,C,1.970921479684745,1.4055506216133606,1.3701791316856946,,1.1842912302360429
mace,dft/etch/trj_CF3_30eV.extxyz:709,etch,coverage,trj_CF3_30eV_case1,148,Si,1.970843835667419,1.7992901546584954,1.6275441622272495,1.1506954418959003,2.1157507792596935
mace,dft/FC/CF0.4_d2.3.extxyz:203,FC,coverage,dft/FC/CF0.4_d2.3.extxyz:anneal,49,C,1.9706252116446912,1.3897364110636954,1.3571504104188319,,1.8651249924830773
mace,dft/FC/CF0.4_d2.3.extxyz:114,FC,coverage,dft/FC/CF0.4_d2.3.extxyz:quench,1,C,1.9694536958361772,1.2610768723843013,1.4259227967881014,,1.930540236240105
mace,dft/FC/CF0.4_d2.3.extxyz:193,FC,coverage,dft/FC/CF0.4_d2.3.extxyz:anneal,1,C,1.9647859666637966,1.383361135320433,1.3884648969995608,,0.7615391004282053
mace,dft/qsd/qsd_data.extxyz:1007,qsd,coverage,CF_20eV_2_32_O_F,75,Si,1.9601809777595236,1.8149097466144837,1.5676324643550863,1.1673245965882841,1.6389537924609099
mace,dft/qsd/qsd_data.extxyz:575,qsd,coverage,CF3_30eV_9_9_O_F,0,C,1.9584059018769806,1.623909020047381,1.296932413042408,1.5826712245757153,1.7434578952532809
mace,dft/etch/trj_CF3_30eV.extxyz:64,etch,coverage,trj_CF3_30eV_case1,147,Si,1.9533873174093892,1.8952933258141473,1.496829983665478,1.3714955340794934,4.520385332416143
mace,dft/FC/CF0.4_d2.3.extxyz:151,FC,coverage,dft/FC/CF0.4_d2.3.extxyz:anneal,39,C,1.94693235942886,1.9150036727615225,1.302944289254149,,3.248800095506955
mace,dft/mqa/mqa_SiC.extxyz:442,mqa,coverage,dft/mqa/mqa_SiC.extxyz:mqa_SiC,14,Si,1.94621614927671,1.6769436258045403,1.7758200485972673,1.676954091738948,5.2103102946946445
mace,dft/etch/trj_CF2_30eV.extxyz:354,etch,coverage,trj_CF2_30eV_case1,41,O,1.9457541513634522,1.7698731554660614,1.6584932921178734,1.3054884143492023,3.288987100945213
mace,dft/FC/CF0.2_d3.2.extxyz:193,FC,coverage,dft/FC/CF0.2_d3.2.extxyz:anneal,112,C,1.944848521742365,1.7993737942923316,1.3163899611057504,,2.1046708612030054
mace,dft/etch/trj_CF2_30eV.extxyz:322,etch,coverage,trj_CF2_30eV_case1,104,O,1.9432823563181083,1.9323186550387674,1.5441826316857736,1.288293444833124,3.1105844333634476
mace,dft/etch/trj_CF2_30eV.extxyz:806,etch,coverage,trj_CF2_30eV_case1,104,Si,1.9417658316651438,1.902338098041648,1.6313184851524245,1.1416654501210053,6.896938757162195
mace,dft/FC/CF0.4_d3.2.extxyz:161,FC,coverage,dft/FC/CF0.4_d3.2.extxyz:anneal,69,C,1.9392077082620358,1.6896611967936574,1.343901618274194,,1.0207968418260316
mace,dft/etch/trj_CF3_30eV.extxyz:612,etch,coverage,trj_CF3_30eV_case1,0,C,1.931454410120612,1.6711226973300395,1.298845641329253,1.4515164484083547,1.911483414654179
mace,dft/etch/trj_CF2_30eV.extxyz:935,etch,coverage,trj_CF2_30eV_case1,111,Si,1.9313634788731602,1.5674662400319628,1.62471535968612,1.3411562175973366,5.599090265144598
mace,dft/etch/trj_CF3_30eV.extxyz:741,etch,coverage,trj_CF3_30eV_case1,0,C,1.919784396616396,1.8303041350635516,1.3209466302617978,1.4182383438618476,2.3352435823842876
mace,dft/qsd/qsd_data.extxyz:1299,qsd,coverage,CF_30eV_18_3_C_C,2,C,1.9191035986088953,1.7311024968456623,1.2969287527848241,1.1431451005449835,1.048260544004686
mace,dft/mqa/mqa_SiC.extxyz:354,mqa,coverage,dft/mqa/mqa_SiC.extxyz:mqa_SiC,43,C,1.910003175019417,1.4943632454405478,1.3572398876027776,1.5925064224046326,5.66632517116023
mace,dft/FC/CF0.2_d3.2.extxyz:139,FC,coverage,dft/FC/CF0.2_d3.2.extxyz:quench,16,C,1.9030188498875216,1.7797535234013149,1.3306269789127247,,3.880576017123489
mace,dft/FC/CF0.2_d3.2.extxyz:172,FC,coverage,dft/FC/CF0.2_d3.2.extxyz:anneal,77,C,1.8921538846885135,1.3625762438342877,1.3585195422739216,,1.0509374277215555
mace,dft/FC/CF0.2_d2.3.extxyz:161,FC,coverage,dft/FC/CF0.2_d2.3.extxyz:anneal,55,C,1.8920850360669612,1.3482386923128726,1.4024430581714629,,3.159221550342268
mace,dft/etch/trj_CF2_30eV.extxyz:258,etch,coverage,trj_CF2_30eV_case1,109,Si,1.8916914246156231,1.7357300788399348,1.6352675622050328,1.5185519418182574,6.528992485090023
mace,dft/qsd/qsd_data.extxyz:964,qsd,coverage,CF_10eV_4_98_F_F,98,Si,1.88788755160398,1.812377362720279,1.5897771367081623,1.2757015281404969,8.013916911275908
mace,dft/etch/trj_CF3_30eV.extxyz:548,etch,coverage,trj_CF3_30eV_case1,140,Si,1.8867705716335714,1.5702870456790716,1.6040885262353772,1.513803157613297,1.9016334494767912
mace,dft/etch/trj_CF2_30eV.extxyz:258,etch,coverage,trj_CF2_30eV_case1,111,Si,1.883938410954186,1.3695740630713602,1.589056323734313,1.5185519418182574,4.870740564600623
mace,dft/etch/trj_CF3_30eV.extxyz:129,etch,coverage,trj_CF3_30eV_case1,142,Si,1.882953895159538,1.4697505963906468,1.6431068133265074,1.192476414861108,2.4054937008668302
mace,dft/etch/trj_CF3_30eV.extxyz:935,etch,coverage,trj_CF3_30eV_case1,0,C,1.8773710056424564,1.4807936754628215,1.2213107712617624,1.4882540105774957,6.388204077734602
mace,dft/etch/trj_CF2_30eV.extxyz:419,etch,coverage,trj_CF2_30eV_case1,2,C,1.8714008802428244,1.6330494108027276,1.306292463424635,1.3802898246382913,2.4131540875764648
mace,dft/FC/CF0.4_d2.3.extxyz:193,FC,coverage,dft/FC/CF0.4_d2.3.extxyz:anneal,49,C,1.8682552499760707,1.2795258200177728,1.3884648969995608,,1.4723624555376982
mace,dft/etch/trj_CF2_30eV.extxyz:322,etch,coverage,trj_CF2_30eV_case1,1,C,1.8675634203948697,1.7017924005303247,1.288293444833124,1.288293444833124,9.035093759204715
mace,dft/FC/CF0.4_d3.2.extxyz:161,FC,coverage,dft/FC/CF0.4_d3.2.extxyz:anneal,23,C,1.8673029439474567,1.547618266235348,1.382479787953517,,1.3932799036851857
mace,dft/FC/CF0.2_d3.2.extxyz:151,FC,coverage,dft/FC/CF0.2_d3.2.extxyz:anneal,77,C,1.8654807702647298,1.3697639167605198,1.3688869164397772,,0.2594724495702771
mace,dft/FC/CF0.4_d2.3.extxyz:172,FC,coverage,dft/FC/CF0.4_d2.3.extxyz:anneal,35,C,1.8623031641981627,1.6549844836796854,1.362677118652838,,1.1085607397729724
mace,dft/etch/trj_CF2_30eV.extxyz:226,etch,coverage,trj_CF2_30eV_case1,109,Si,1.8604904695176465,1.4911938020986786,1.6379560433662446,1.1734564329364785,6.544933885993731
mace,dft/FC/CF0.2_d2.3.extxyz:182,FC,coverage,dft/FC/CF0.2_d2.3.extxyz:anneal,103,C,1.8516430741699117,1.4034800884929095,1.4264923718337927,,0.6541169877590705
mace,dft/etch/trj_CF3_30eV.extxyz:354,etch,coverage,trj_CF3_30eV_case1,149,Si,1.8511168059284657,1.4337684650830513,1.5980300372646297,1.215606844337429,4.505386181836692
mace,dft/FC/CF0.2_d2.3.extxyz:193,FC,coverage,dft/FC/CF0.2_d2.3.extxyz:anneal,115,C,1.8507256236569498,1.6310628107504872,1.4399007120631624,,3.6573873399171166
mace,dft/FC/CF0.2_d2.3.extxyz:161,FC,coverage,dft/FC/CF0.2_d2.3.extxyz:anneal,103,C,1.8471464917081135,1.249263214439268,1.4631269930187192,,0.9235730236927668
mace,dft/mqa/mqa_SiC.extxyz:619,mqa,coverage,dft/mqa/mqa_SiC.extxyz:mqa_SiC,36,C,1.837607461631225,1.4572343637258425,1.5062959544857049,1.7157911518605296,1.364956781294558
mace,dft/etch/trj_CF2_30eV.extxyz:387,etch,coverage,trj_CF2_30eV_case1,106,Si,1.833240082912804,1.583278918337113,1.5487737084545317,1.4711560080426516,7.3364400861151315
mace,dft/mqa/mqa_SiC.extxyz:531,mqa,coverage,dft/mqa/mqa_SiC.extxyz:mqa_SiC,0,Si,1.831325230105654,1.3174578068595566,2.1230609654929835,1.6381236183817145,3.7151939567566323
mace,dft/etch/trj_CF2_30eV.extxyz:451,etch,coverage,trj_CF2_30eV_case1,1,C,1.8303620918368564,1.3622249952944419,1.3118688958886113,1.2043670536842155,3.703221339574641
mace,dft/etch/trj_CF3_30eV.extxyz:419,etch,coverage,trj_CF3_30eV_case1,109,Si,1.8294369355795521,1.6821851720003802,1.5386682553429134,1.5253851972534673,6.961423882652528
mace,dft/FC/CF0.2_d3.2.extxyz:151,FC,coverage,dft/FC/CF0.2_d3.2.extxyz:anneal,16,C,1.8293168677708844,1.605662220295922,1.3297015630960205,,0.8740712402533332
mace,dft/etch/trj_CF3_30eV.extxyz:64,etch,coverage,trj_CF3_30eV_case1,98,O,1.8225488374734704,1.5978314309453947,1.5654392354863187,1.3714955340794934,3.3024371277747284
mace,dft/FC/CF0.2_d2.3.extxyz:140,FC,coverage,dft/FC/CF0.2_d2.3.extxyz:anneal,50,C,1.8160159586781839,1.3187363875623606,1.323313394551721,,2.6894537232347018
mace,dft/etch/trj_CF3_30eV.extxyz:902,etch,coverage,trj_CF3_30eV_case1,142,Si,1.810229484790074,1.356808919973651,1.6414932226482113,1.3346909754696015,0.8408674089831285
mace,dft/FC/CF0.4_d2.3.extxyz:214,FC,coverage,dft/FC/CF0.4_d2.3.extxyz:anneal,35,C,1.807498892741838,1.4353362859833374,1.3346344783872475,,2.3405321558160654
mace,dft/FC/CF0.4_d2.3.extxyz:203,FC,coverage,dft/FC/CF0.4_d2.3.extxyz:anneal,39,C,1.804283071481948,1.6879008254388563,1.3440398290674513,,1.813851112542868
mace,dft/qsd/qsd_data.extxyz:496,qsd,coverage,CF3_20eV_4_98_Si_C,11,F,1.8001577836642146,1.5449661931979903,1.2969237527703779,1.5846581323742983,2.0524914938252485
mace,dft/FC/CF0.4_d2.3.extxyz:140,FC,coverage,dft/FC/CF0.4_d2.3.extxyz:anneal,39,C,1.7996462051336055,1.7407163552466915,1.3819446489979486,,1.9535771397464703
mace,dft/etch/trj_CF3_30eV.extxyz:97,etch,coverage,trj_CF3_30eV_case1,133,Si,1.797362616947509,1.2825987428195313,1.534568343215774,1.1713667231059617,4.364788240929106
mace,dft/qsd/qsd_data.extxyz:757,qsd,coverage,CF_10eV_4_54_Si_C,75,Si,1.7964999913817776,1.6250033792844452,1.5676324643550863,1.5765943405644969,2.295692129900044
mace,dft/FC/CF0.4_d2.3.extxyz:172,FC,coverage,dft/FC/CF0.4_d2.3.extxyz:anneal,72,C,1.7890458427951752,1.2147100448122679,1.3322879281896989,,3.3403278562254934
mace,dft/etch/trj_CF3_30eV.extxyz:870,etch,coverage,trj_CF3_30eV_case1,139,Si,1.787527116567463,1.4271621367673482,1.5751507864328425,1.3563922736435794,1.2917722868203205
mace,dft/mqa/mqa_SiC.extxyz:442,mqa,coverage,dft/mqa/mqa_SiC.extxyz:mqa_SiC,52,C,1.7875031171628744,1.3240841783342474,1.4536327399312383,1.676954091738948,4.245040023550544
mace,dft/FC/CF0.2_d3.2.extxyz:172,FC,coverage,dft/FC/CF0.2_d3.2.extxyz:anneal,92,C,1.7843053693075863,1.7288419183372756,1.4786678458489202,,1.4471319489624987
mace,dft/etch/trj_CF2_30eV.extxyz:612,etch,coverage,trj_CF2_30eV_case1,84,O,1.7810037434277537,1.6017399897253988,1.2195900950729293,1.2195900950729293,5.473757566830668
mace,dft/etch/trj_CF3_30eV.extxyz:677,etch,coverage,trj_CF3_30eV_case1,36,O,1.7803773004660675,1.618583027462097,1.6299079728622718,1.2503999360204716,3.749738894991357
mace,dft/FC/CF0.2_d3.2.extxyz:75,FC,coverage,dft/FC/CF0.2_d3.2.extxyz:quench,16,C,1.777449709038457,1.5268902709261931,1.3402428625439498,,0.5440737388819644
mace,dft/mqa/mqa_SiC.extxyz:619,mqa,coverage,dft/mqa/mqa_SiC.extxyz:mqa_SiC,33,C,1.7769458477759943,1.6811329326971138,1.506153164721304,1.7157911518605296,1.8840488981024353
mace,dft/mqa/mqa_SiC.extxyz:265,mqa,coverage,dft/mqa/mqa_SiC.extxyz:mqa_SiC,38,C,1.775077876403924,1.2518927291501092,1.3828220039108428,1.6392847201604375,2.8463237666621835
mace,dft/etch/trj_CF3_30eV.extxyz:645,etch,coverage,trj_CF3_30eV_case1,28,F,1.7731194460774375,1.7316723437616675,1.2931743888586715,1.3470708964267615,3.1160280999954093
mace,dft/FC/CF0.2_d2.3.extxyz:151,FC,coverage,dft/FC/CF0.2_d2.3.extxyz:anneal,106,C,1.7729162494679502,1.4594649190734885,1.3809890580667168,,4.596169558358134
mace,dft/FC/CF0.2_d3.2.extxyz:140,FC,coverage,dft/FC/CF0.2_d3.2.extxyz:anneal,77,C,1.7705599661473856,1.5538522961096755,1.3733114977678464,,2.0765229020552605
mace,dft/qsd/qsd_data.extxyz:731,qsd,coverage,CF_10eV_4_54_C_C,75,Si,1.761662013555624,1.5899802281372581,1.5676324643550863,1.5765943405644969,2.327095548734087
mace,dft/FC/CF0.2_d2.3.extxyz:151,FC,coverage,dft/FC/CF0.2_d2.3.extxyz:anneal,16,C,1.7567339178345787,1.5993663693651676,1.411096484026966,,2.738257304860338
mace,dft/etch/trj_CF2_30eV.extxyz:967,etch,coverage,trj_CF2_30eV_case1,112,Si,1.7493141228158076,1.3380374820600633,1.6100310556011024,1.168332144554793,5.852191153234231
mace,dft/etch/trj_CF2_30eV.extxyz:387,etch,coverage,trj_CF2_30eV_case1,109,Si,1.7426011619496553,1.6735831911714816,1.6117692142487394,1.4711560080426516,1.0133302496057246
mace,dft/FC/CF0.2_d3.2.extxyz:140,FC,coverage,dft/FC/CF0.2_d3.2.extxyz:anneal,51,C,1.7400092861713432,1.2693886180539362,1.380912826104531,,1.624597431039764
mace,dft/etch/trj_CF3_30eV.extxyz:580,etch,coverage,trj_CF3_30eV_case1,113,Si,1.7364332291872202,1.7281895783305588,1.6252384440444416,1.4886235252742723,2.3490514059911503
mace,dft/etch/trj_CF2_30eV.extxyz:612,etch,coverage,trj_CF2_30eV_case1,2,C,1.7315982638971286,1.4971688991335073,1.2195900950729293,1.2195900950729293,4.3742821412085435
mace,dft/FC/CF0.2_d2.3.extxyz:172,FC,coverage,dft/FC/CF0.2_d2.3.extxyz:anneal,103,C,1.7306648679521899,1.1953908247641083,1.4674917366036508,,2.1048284689917134
mace,dft/FC/CF0.4_d2.3.extxyz:140,FC,coverage,dft/FC/CF0.4_d2.3.extxyz:anneal,72,C,1.7290220206948692,1.2828635556234405,1.328546558950795,,1.1282880494860343
mace,dft/FC/CF0.2_d2.3.extxyz:172,FC,coverage,dft/FC/CF0.2_d2.3.extxyz:anneal,50,C,1.7281617062231311,1.1936254977264626,1.3748763058368205,,3.5197070534869805
mace,dft/FC/CF0.2_d2.3.extxyz:182,FC,coverage,dft/FC/CF0.2_d2.3.extxyz:anneal,29,C,1.7249186533975402,1.3075546921642927,1.3919341605478328,,3.152038620457084
mace,dft/etch/trj_CF2_30eV.extxyz:354,etch,coverage,trj_CF2_30eV_case1,0,C,1.7226783453078536,1.2121434833239684,1.3419761547807032,1.3054884143492023,1.7625786488599593
mace,dft/FC/CF0.2_d2.3.extxyz:182,FC,coverage,dft/FC/CF0.2_d2.3.extxyz:anneal,85,C,1.7225640095709036,1.5728101031686004,1.4279866310910014,,1.790733288248141
mace,dft/etch/trj_CF2_30eV.extxyz:999,etch,coverage,trj_CF2_30eV_case1,2,C,1.7203197645979507,1.2722212768717829,1.2211879462228556,1.1717508267545613,5.2680727031784595
mace,dft/mqa/mqa_SiC.extxyz:0,mqa,coverage,dft/mqa/mqa_SiC.extxyz:mqa_SiC,33,C,1.7193161381445274,1.538793003539041,1.4918430726118626,1.7216500923939175,1.8924429174360846
mace,dft/FC/CF0.4_d2.3.extxyz:203,FC,coverage,dft/FC/CF0.4_d2.3.extxyz:anneal,25,C,1.717024920750276,1.335017435130158,1.3577592527764262,,1.3376234245627578
mace,dft/FC/CF0.2_d2.3.extxyz:193,FC,coverage,dft/FC/CF0.2_d2.3.extxyz:anneal,21,C,1.716211548346086,1.6226014396803976,1.38877252971824,,3.175671606634729
mace,dft/etch/trj_CF2_30eV.extxyz:580,etch,coverage,trj_CF2_30eV_case1,0,C,1.716056688107069,1.2233165684037597,1.3986064492915784,1.165160933090357,4.399941575305517
mace,dft/etch/trj_CF3_30eV.extxyz:258,etch,coverage,trj_CF3_30eV_case1,37,O,1.715033464237723,1.3921214680639742,1.6167560112769026,1.2060265337047962,1.0950332457222474
mace,dft/etch/trj_CF3_30eV.extxyz:64,etch,coverage,trj_CF3_30eV_case1,148,Si,1.7146541219406124,1.269643951724119,1.5654392354863187,1.3714955340794934,2.9241832108310177
mace,dft/qsd/qsd_data.extxyz:1295,qsd,coverage,CF_30eV_18_13_Si_F,68,Si,1.7080324922543373,1.2323475145355705,1.6337861979463537,1.1698880128456748,1.0929317989838159
mace,dft/etch/trj_CF2_30eV.extxyz:870,etch,coverage,trj_CF2_30eV_case1,109,Si,1.7078797743743168,1.1761384244714537,1.597435444705044,1.3112970677920375,2.035677209944887
mace,dft/FC/CF0.2_d2.3.extxyz:140,FC,coverage,dft/FC/CF0.2_d2.3.extxyz:anneal,103,C,1.7074725049539263,1.4263296421486888,1.4617207161766577,,2.93915545653339
mace,dft/FC/CF0.4_d2.3.extxyz:193,FC,coverage,dft/FC/CF0.4_d2.3.extxyz:anneal,35,C,1.7047453385289664,1.5541115020602012,1.3744498668558267,,1.878390851030477
mace,dft/etch/trj_CF2_30eV.extxyz:290,etch,coverage,trj_CF2_30eV_case1,104,Si,1.703044018219954,1.1688348409417073,1.6240997506311001,1.1039021695784448,5.648398240115688
mace,dft/etch/trj_CF3_30eV.extxyz:419,etch,coverage,trj_CF3_30eV_case1,25,F,1.69613531659928,1.1913937479236032,1.417250859939764,1.5253851972534673,3.1843688490484268
mace,dft/FC/CF0.2_d3.2.extxyz:140,FC,coverage,dft/FC/CF0.2_d3.2.extxyz:anneal,56,C,1.6935350546658123,1.674765049688808,1.4763927792088396,,1.459846106176264
mace,dft/qsd/qsd_data.extxyz:502,qsd,coverage,CF3_20eV_4_98_Si_F,61,Si,1.688856011912251,1.6375788221136038,1.662415039693759,1.5846581323742983,6.1488747841133495
mace,dft/etch/trj_CF2_30eV.extxyz:645,etch,coverage,trj_CF2_30eV_case1,142,Si,1.6731052342133481,1.3041841438018928,1.5807909412695902,1.142716062720741,4.595348637273237
mace,dft/etch/trj_CF2_30eV.extxyz:612,etch,coverage,trj_CF2_30eV_case1,110,Si,1.6702961238026197,1.2249940398474286,1.6431981012647232,1.2195900950729293,3.907647219411957
mace,dft/etch/trj_CF3_30eV.extxyz:773,etch,coverage,trj_CF3_30eV_case1,149,Si,1.6695908808159319,1.601580427153998,1.720319737723194,1.2613088440187834,3.5997522484634965
mace,dft/etch/trj_CF2_30eV.extxyz:354,etch,coverage,trj_CF2_30eV_case1,115,Si,1.6666170589990756,1.5950323309261878,1.6476043214315763,1.3054884143492023,2.1208548259572133
mace,dft/qsd/qsd_data.extxyz:439,qsd,coverage,CF3_20eV_4_78_F_C,70,Si,1.6629486534624758,1.579268620291657,1.662415039693759,1.5805841200328443,6.167352269924185
mace,dft/FC/CF0.2_d2.3.extxyz:214,FC,coverage,dft/FC/CF0.2_d2.3.extxyz:anneal,69,C,1.656734111918088,1.651225954164709,1.4447061856010954,,1.022424311438749
mace,dft/FC/CF0.2_d2.3.extxyz:203,FC,coverage,dft/FC/CF0.2_d2.3.extxyz:anneal,103,C,1.6565831162202171,1.1652264931689247,1.4124808673394482,,1.2524048414398596
mace,dft/etch/trj_CF3_30eV.extxyz:870,etch,coverage,trj_CF3_30eV_case1,143,Si,1.655621345159419,1.4745628240207842,1.604898750700492,1.3563922736435794,2.3811389450504565
mace,dft/mqa/mqa_SiC.extxyz:0,mqa,coverage,dft/mqa/mqa_SiC.extxyz:mqa_SiC,36,C,1.6507897101245983,1.3675018005273554,1.5312395041272937,1.7216500923939175,1.1524978218369872
mace,dft/etch/trj_CF2_30eV.extxyz:64,etch,coverage,trj_CF2_30eV_case1,82,O,1.6403407185684293,1.538675839509038,1.2963410045200299,1.1752021102772092,2.2960470631156498
mace,dft/qsd/qsd_data.extxyz:1292,qsd,coverage,CF_30eV_18_13_Si_C,68,Si,1.6392665088546468,1.1974886428822176,1.6337861979463537,1.1698880128456748,1.0923943202163768
mace,dft/mqa/mqa_SiC.extxyz:88,mqa,coverage,dft/mqa/mqa_SiC.extxyz:mqa_SiC,35,C,1.6334689212752762,1.0558227824325794,1.5177278258633862,1.693863354229024,0.820953045167627
mace,dft/FC/CF0.2_d2.3.extxyz:203,FC,coverage,dft/FC/CF0.2_d2.3.extxyz:anneal,43,C,1.631979323896825,1.1494020635355882,1.3878988825199043,,2.596263991467162
mace,dft/etch/trj_CF3_30eV.extxyz:806,etch,coverage,trj_CF3_30eV_case1,2,C,1.6262334095896478,1.2877554004352492,1.5509029627929662,1.204740635987677,3.9202383485830294
mace,dft/etch/trj_CF2_30eV.extxyz:193,etch,coverage,trj_CF2_30eV_case1,149,Si,1.6196906298431766,1.2613274836321615,1.5166080574756253,1.2303657992645913,6.697784042805427
mace,dft/etch/trj_CF3_30eV.extxyz:935,etch,coverage,trj_CF3_30eV_case1,105,Si,1.6192150677499135,1.348929094233171,1.6127616066858694,1.4882540105774957,6.087931565757043
mace,dft/etch/trj_CF3_30eV.extxyz:645,etch,coverage,trj_CF3_30eV_case1,7,F,1.6182697146755327,1.3868005459550907,1.3304886320446339,1.3470708964267615,1.246062663241701
mace,dft/qsd/qsd_data.extxyz:300,qsd,coverage,CF3_10eV_19_68_Si_F,76,Si,1.6086979067628266,1.5117714244924638,1.662415039693759,1.5810876823882984,5.971195690407157
mace,dft/mqa/mqa_SiC.extxyz:88,mqa,coverage,dft/mqa/mqa_SiC.extxyz:mqa_SiC,51,C,1.606219723842208,1.0958126218290847,1.531297112711965,1.693863354229024,2.2288065734780576
mace,dft/FC/CF0.2_d2.3.extxyz:214,FC,coverage,dft/FC/CF0.2_d2.3.extxyz:anneal,81,C,1.605395120172645,1.5715852717827055,1.4124776661243184,,0.9895677473942853
mace,dft/qsd/qsd_data.extxyz:1187,qsd,coverage,CF_20eV_2_79_C_C,8,C,1.6044196713294165,1.4394172608995082,1.3868041976068575,1.306619940839722,2.0329880580315765
mace,dft/etch/trj_CF3_30eV.extxyz:645,etch,coverage,trj_CF3_30eV_case1,110,Si,1.6011233606332167,1.1375198689379218,1.6045871743224152,1.3470708964267615,6.623938561888236
mace,dft/etch/trj_CF3_30eV.extxyz:387,etch,coverage,trj_CF3_30eV_case1,109,Si,1.5996812039899169,1.2358266300626655,1.6117692142487396,1.1555950847939753,5.728109300448186
mace,dft/etch/trj_CF2_30eV.extxyz:677,etch,coverage,trj_CF2_30eV_case1,148,Si,1.598803532827321,1.3984602684987366,1.5685024705112822,1.1622392180614114,1.2785797234079694
mace,dft/etch/trj_CF2_30eV.extxyz:97,etch,coverage,trj_CF2_30eV_case1,93,O,1.5974173022175575,1.0867803760724288,1.3872274507087863,1.1132385189167686,2.6991732706577025
mace,dft/etch/trj_CF3_30eV.extxyz:612,etch,coverage,trj_CF3_30eV_case1,148,Si,1.5964056218981764,1.4774321299415138,1.4515164484083547,1.4515164484083547,10.727871986440228
mace,dft/etch/trj_CF3_30eV.extxyz:516,etch,coverage,trj_CF3_30eV_case1,20,F,1.5948971019770855,1.525060037903664,1.2744410539526716,1.5355455056754266,4.847445123454622
mace,dft/FC/CF0.4_d2.3.extxyz:114,FC,coverage,dft/FC/CF0.4_d2.3.extxyz:quench,33,C,1.5893499852238255,1.3831743786840243,1.3503730221210524,,0.9554536214960933
mace,dft/etch/trj_CF3_30eV.extxyz:612,etch,coverage,trj_CF3_30eV_case1,3,F,1.5885614271959079,1.0955144943389294,1.298845641329253,1.4515164484083547,1.4251031302660169
mace,dft/FC/CF0.2_d2.3.extxyz:140,FC,coverage,dft/FC/CF0.2_d2.3.extxyz:anneal,22,C,1.5854230775281213,1.5270651247722944,1.416789831061757,,1.4999579705048405
mace,dft/qsd/qsd_data.extxyz:1213,qsd,coverage,CF_20eV_2_79_Si_C,79,Si,1.5853633535492375,1.2876074454937507,1.662415039693759,1.306619940839722,5.991821544243871
mace,dft/mqa/mqa_SiC.extxyz:619,mqa,coverage,dft/mqa/mqa_SiC.extxyz:mqa_SiC,35,C,1.582950246224624,1.2099981980148684,1.5503333960474444,1.7157911518605296,1.4381764846398373
mace,dft/mqa/mqa_SiC.extxyz:531,mqa,coverage,dft/mqa/mqa_SiC.extxyz:mqa_SiC,51,C,1.5826477408124882,1.1863508680416992,1.5393419726948263,1.6381236183817145,1.4254655748940412
mace,dft/FC/CF0.2_d3.2.extxyz:151,FC,coverage,dft/FC/CF0.2_d3.2.extxyz:anneal,82,C,1.5822066183188124,1.2763809193387694,1.4702419941417497,,0.39801194119021105
mace,dft/etch/trj_CF3_30eV.extxyz:0,etch,coverage,trj_CF3_30eV_case1,96,O,1.5728356583117622,1.5021867452801438,1.6414932226482095,,0.8633393517742605
mace,dft/qsd/qsd_data.extxyz:1213,qsd,coverage,CF_20eV_2_79_Si_C,35,F,1.5718165196132947,1.1366824579666668,1.587490763469192,1.306619940839722,4.49360699557883
mace,dft/etch/trj_CF2_30eV.extxyz:32,etch,coverage,trj_CF2_30eV_case1,95,O,1.5692002058206724,1.0249583000135964,1.5672587533652507,1.1801694793545539,1.1756769987632658
mace,dft/etch/trj_CF2_30eV.extxyz:97,etch,coverage,trj_CF2_30eV_case1,107,Si,1.5673089974825152,1.0444602637848588,1.6408839081421938,1.1132385189167686,2.8141994004840876
mace,dft/etch/trj_CF2_30eV.extxyz:0,etch,coverage,trj_CF2_30eV_case1,96,O,1.5662988651714043,1.4952437452801437,1.6414932226482095,,0.8610820978083332
mace,dft/etch/trj_CF3_30eV.extxyz:193,etch,coverage,trj_CF3_30eV_case1,109,Si,1.5590528430183723,1.3145938826440107,1.6489087300393546,1.1910499569707416,3.788488613088074
mace,dft/etch/trj_CF2_30eV.extxyz:451,etch,coverage,trj_CF2_30eV_case1,19,F,1.5575131700557252,1.2512327996940533,1.3118688958886113,1.2043670536842155,3.1072729342302714
mace,dft/etch/trj_CF3_30eV.extxyz:193,etch,coverage,trj_CF3_30eV_case1,30,O,1.550702951396863,1.1282295810676202,1.6299079728622747,1.1910499569707416,0.9123961155117879
mace,dft/etch/trj_CF3_30eV.extxyz:226,etch,coverage,trj_CF3_30eV_case1,30,O,1.5500211504797412,1.4836484878122813,1.5593909067324978,1.0592922165295118,3.297554299940791
mace,dft/FC/CF0.2_d2.3.extxyz:203,FC,coverage,dft/FC/CF0.2_d2.3.extxyz:anneal,81,C,1.5485094381590352,1.5379937071434873,1.3845144109398067,,0.7793370742066619
mace,dft/etch/trj_CF2_30eV.extxyz:0,etch,coverage,trj_CF2_30eV_case1,148,Si,1.547134933346257,1.1000874997111154,1.5667801377347113,,6.742446445005032
mace,dft/etch/trj_CF3_30eV.extxyz:0,etch,coverage,trj_CF3_30eV_case1,148,Si,1.5423224318164055,1.0954734997111153,1.5667801377347113,,6.73626913631047
mace,dft/qsd/qsd_data.extxyz:1304,qsd,coverage,CF_30eV_18_3_C_F,61,O,1.5420821882495241,1.2689578115456586,1.1431451005449835,1.1431451005449835,1.478019328964273
mace,dft/etch/trj_CF3_30eV.extxyz:97,etch,coverage,trj_CF3_30eV_case1,101,O,1.541737203591157,1.3366492102812142,1.5797784654817908,1.1713667231059617,0.9998778183448216
mace,dft/qsd/qsd_data.extxyz:242,qsd,coverage,CF3_10eV_19_59_F_C,79,Si,1.5347211653075876,1.4144925334427576,1.662415039693759,1.351081189344298,5.910312149600392
mace,dft/etch/trj_CF2_30eV.extxyz:161,etch,coverage,trj_CF2_30eV_case1,2,C,1.5275406417683444,1.4889172721632715,1.1903780911962376,1.1903780911962376,3.3159441773529603
mace,dft/etch/trj_CF3_30eV.extxyz:322,etch,coverage,trj_CF3_30eV_case1,140,Si,1.5242987076301395,1.0351022657844289,1.6116451222275958,1.3100381673829193,1.2580479869035202
mace,dft/mqa/mqa_SiC.extxyz:88,mqa,coverage,dft/mqa/mqa_SiC.extxyz:mqa_SiC,36,C,1.5212051749132849,1.2164517691676333,1.497356966457899,1.693863354229024,2.455195017460731
mace,dft/etch/trj_CF2_30eV.extxyz:870,etch,coverage,trj_CF2_30eV_case1,1,C,1.5197651753756098,1.28461478391603,1.3520724832641184,1.3112970677920375,0.9975058543803139
mace,dft/FC/CF0.2_d2.3.extxyz:214,FC,coverage,dft/FC/CF0.2_d2.3.extxyz:anneal,103,C,1.5172867793781597,1.1293451531803256,1.4251248974739024,,1.0497982171036488
mace,dft/etch/trj_CF3_30eV.extxyz:806,etch,coverage,trj_CF3_30eV_case1,98,O,1.5055304701114822,1.1771734585022529,1.6170343224557722,1.204740635987677,0.16213035289852423
mace,dft/etch/trj_CF3_30eV.extxyz:516,etch,coverage,trj_CF3_30eV_case1,22,F,1.5043279126920852,1.0287312238691504,1.3212494087037443,1.5355455056754266,3.5633841420047605
mace,dft/mqa/mqa_SiC.extxyz:531,mqa,coverage,dft/mqa/mqa_SiC.extxyz:mqa_SiC,42,C,1.5017338372531266,1.1167933549399012,1.5301540360903443,1.6381236183817145,4.244883170795752
mace,dft/qsd/qsd_data.extxyz:674,qsd,coverage,CF_10eV_4_39_F_C,79,Si,1.497398717145611,1.2985243234782358,1.5676324643550863,1.3097513380409276,2.5855244006001956
mace,dft/qsd/qsd_data.extxyz:521,qsd,coverage,CF3_30eV_9_36_F_C,85,Si,1.4894502219305346,1.385608958865177,1.617582741562236,1.2595609813740645,4.304130415330488
mace,dft/qsd/qsd_data.extxyz:1292,qsd,coverage,CF_30eV_18_13_Si_C,50,O,1.487119782095794,1.2253688479856624,1.6432028873209754,1.1698880128456748,0.9635357023489063
mace,dft/qsd/qsd_data.extxyz:527,qsd,coverage,CF3_30eV_9_36_F_F,85,Si,1.4797947060203722,1.3913533549926442,1.617582741562236,1.2595609813740645,4.291011736198469
mace,dft/etch/trj_CF2_30eV.extxyz:806,etch,coverage,trj_CF2_30eV_case1,24,O,1.4786207136237397,1.1877034376213946,1.6313184851524245,1.1416654501210053,0.8929641750232761
mace,dft/etch/trj_CF2_30eV.extxyz:451,etch,coverage,trj_CF2_30eV_case1,145,Si,1.4786076747745989,1.063689840834246,1.5799050604387612,1.2043670536842155,6.0280923316493755
mace,dft/qsd/qsd_data.extxyz:528,qsd,coverage,CF3_30eV_9_36_F_F,85,Si,1.477757326875543,1.4093680800346347,1.617582741562236,1.2595609813740645,4.28756432856861
mace,dft/etch/trj_CF3_30eV.extxyz:129,etch,coverage,trj_CF3_30eV_case1,113,Si,1.4732292955553252,1.1858812039035476,1.6542369842317035,1.192476414861108,2.2927979918941834
mace,dft/etch/trj_CF3_30eV.extxyz:709,etch,coverage,trj_CF3_30eV_case1,2,C,1.47155317447402,1.2998984821116935,1.1506954418959003,1.1506954418959003,2.065285209263844
mace,dft/qsd/qsd_data.extxyz:1326,qsd,coverage,CF_30eV_18_3_O_F,2,C,1.4694004984539824,1.2032134200399356,1.296932413042405,1.1431451005449835,3.339029777239041
mace,dft/etch/trj_CF2_30eV.extxyz:935,etch,coverage,trj_CF2_30eV_case1,1,C,1.4616526735205857,0.9846895594194778,1.2434629065637615,1.3411562175973366,6.98711736334699
mace,dft/etch/trj_CF3_30eV.extxyz:32,etch,coverage,trj_CF3_30eV_case1,11,O,1.4603538912280865,1.3316900487312573,1.6282813024781684,1.2120231020900523,0.47030820655076816
mace,dft/etch/trj_CF2_30eV.extxyz:161,etch,coverage,trj_CF2_30eV_case1,149,Si,1.4594155840233374,1.4292326973063672,1.4755338017138067,1.1903780911962376,10.196130262722912
mace,dft/etch/trj_CF3_30eV.extxyz:548,etch,coverage,trj_CF3_30eV_case1,104,O,1.4590716963799253,1.2744629325964034,1.5929218436571215,1.513803157613297,1.5022524134249209
mace,dft/etch/trj_CF2_30eV.extxyz:516,etch,coverage,trj_CF2_30eV_case1,104,O,1.4349462332740097,1.096400775089684,1.41844985811977,1.2709838708654015,8.367442487361476
mace,dft/qsd/qsd_data.extxyz:1069,qsd,coverage,CF_20eV_2_54_F_C,13,C,1.4282097406426189,0.9490578699660809,1.3485946376135427,1.228183400718312,2.551682104062926
mace,dft/etch/trj_CF2_30eV.extxyz:999,etch,coverage,trj_CF2_30eV_case1,25,F,1.423557635219873,1.0842002808246627,1.2211879462228556,1.1717508267545613,3.8608035030591754
mace,dft/etch/trj_CF3_30eV.extxyz:677,etch,coverage,trj_CF3_30eV_case1,107,Si,1.4230103410005737,1.2794952510918747,1.6229294500994162,1.2503999360204716,6.063842804548531
mace,dft/etch/trj_CF2_30eV.extxyz:870,etch,coverage,trj_CF2_30eV_case1,149,Si,1.4227299481380136,1.159404548149105,1.5962769183321541,1.3112970677920375,3.964396231327792
mace,dft/etch/trj_CF2_30eV.extxyz:483,etch,coverage,trj_CF2_30eV_case1,0,C,1.4145588188943532,0.9329699450583326,1.2949517365523704,1.4659809002848585,4.417360403941703
mace,dft/qsd/qsd_data.extxyz:1320,qsd,coverage,CF_30eV_18_3_O_C,74,Si,1.4125990196722498,1.2669812629918917,1.662415039693759,1.1431451005449835,5.761777466165107
mace,dft/etch/trj_CF3_30eV.extxyz:451,etch,coverage,trj_CF3_30eV_case1,26,F,1.409108532168637,1.0807616491404328,1.5868522300453807,1.303687079018582,5.107998215142014
mace,dft/etch/trj_CF2_30eV.extxyz:838,etch,coverage,trj_CF2_30eV_case1,1,C,1.408130477686654,1.2473425566149585,1.291743008496661,1.1536897329871678,2.8331184133138523
mace,dft/etch/trj_CF3_30eV.extxyz:516,etch,coverage,trj_CF3_30eV_case1,142,Si,1.3912429198041634,1.2785673750881228,1.562497999998721,1.5355455056754266,5.040510738942831
mace,dft/etch/trj_CF2_30eV.extxyz:935,etch,coverage,trj_CF2_30eV_case1,84,O,1.381490762469005,0.9460776516844815,1.3885964136494078,1.3411562175973366,2.6416926933670766
mace,dft/etch/trj_CF3_30eV.extxyz:161,etch,coverage,trj_CF3_30eV_case1,27,O,1.375097103283887,1.2196668443590184,1.6013744096868787,1.2038687636117167,1.1062928040446616
mace,dft/qsd/qsd_data.extxyz:1309,qsd,coverage,CF_30eV_18_3_F_C,74,Si,1.373050259466454,1.2202590153538506,1.662415039693759,1.1431451005449835,5.726147084817854
mace,dft/etch/trj_CF3_30eV.extxyz:580,etch,coverage,trj_CF3_30eV_case1,149,Si,1.3715442554921562,1.1365510733058832,1.5111915828246263,1.4886235252742723,0.4560674031248013
mace,dft/etch/trj_CF3_30eV.extxyz:838,etch,coverage,trj_CF3_30eV_case1,0,C,1.368919407187888,1.169137331756739,1.288759093081404,1.4765838953476356,2.7388193054867638
mace,dft/mqa/mqa_SiC.extxyz:0,mqa,coverage,dft/mqa/mqa_SiC.extxyz:mqa_SiC,60,C,1.3617707694395562,1.1555135502428175,1.4698936591127942,1.7216500923939175,0.426078296286023
mace,dft/etch/trj_CF2_30eV.extxyz:193,etch,coverage,trj_CF2_30eV_case1,148,Si,1.3615017935041556,1.0365928470001826,1.6302453803032235,1.2303657992645913,3.892944332375432
mace,dft/etch/trj_CF3_30eV.extxyz:290,etch,coverage,trj_CF3_30eV_case1,42,O,1.3596612822558596,0.9986034838424858,1.6581314785022325,1.313811249761548,1.8656838826081978
mace,dft/etch/trj_CF3_30eV.extxyz:773,etch,coverage,trj_CF3_30eV_case1,106,Si,1.3541853578342036,1.282645326807252,1.6400914608643016,1.2613088440187834,5.7233720207431915
mace,dft/etch/trj_CF3_30eV.extxyz:967,etch,coverage,trj_CF3_30eV_case1,1,C,1.352962181969794,0.8769667647251467,1.2667280686871976,1.2922074136917818,9.134004158327661
mace,dft/etch/trj_CF3_30eV.extxyz:483,etch,coverage,trj_CF3_30eV_case1,0,C,1.3528685033395675,0.9503383799004765,1.240806189539687,1.240806189539687,3.4566311582355733
mace,dft/etch/trj_CF3_30eV.extxyz:870,etch,coverage,trj_CF3_30eV_case1,93,O,1.34172922967116,1.225773213315197,1.5751507864328425,1.3563922736435794,3.413774050054426
mace,dft/etch/trj_CF2_30eV.extxyz:161,etch,coverage,trj_CF2_30eV_case1,107,O,1.334583013041333,1.1622569141860977,1.1903780911962376,1.1903780911962376,3.441411217702412
mace,dft/etch/trj_CF2_30eV.extxyz:226,etch,coverage,trj_CF2_30eV_case1,142,Si,1.3138360045090631,1.295164793376527,1.4942891286494717,1.1734564329364785,9.17633804092553
mace,dft/etch/trj_CF3_30eV.extxyz:322,etch,coverage,trj_CF3_30eV_case1,146,Si,1.3137852668525363,0.9518801329231514,1.598937146982333,1.3100381673829193,2.547934063957307
mace,dft/etch/trj_CF3_30eV.extxyz:838,etch,coverage,trj_CF3_30eV_case1,105,Si,1.3120350414664457,1.3097908657364052,1.6117692142487396,1.4765838953476356,0.7515917629564602
mace,dft/etch/trj_CF2_30eV.extxyz:129,etch,coverage,trj_CF2_30eV_case1,3,C,1.3104246623085591,0.9336604246763052,1.303034918948842,1.2054044964243331,1.6326622729018394
mace,dft/etch/trj_CF3_30eV.extxyz:322,etch,coverage,trj_CF3_30eV_case1,117,Si,1.3071952950579477,1.2951185161018925,1.598249041920564,1.3100381673829193,1.879725737546039
mace,dft/etch/trj_CF2_30eV.extxyz:64,etch,coverage,trj_CF2_30eV_case1,7,F,1.3071139719300051,1.2784295226912281,1.3880922159568503,1.1752021102772092,3.2624877255260283
mace,dft/etch/trj_CF3_30eV.extxyz:258,etch,coverage,trj_CF3_30eV_case1,49,O,1.3032201456201478,1.211108486544728,1.5703821191035001,1.2060265337047962,3.594941212977759
mace,dft/etch/trj_CF3_30eV.extxyz:290,etch,coverage,trj_CF3_30eV_case1,145,Si,1.2983791709285697,1.1929384370619622,1.4819581640518737,1.313811249761548,6.45435045949056
mace,dft/etch/trj_CF2_30eV.extxyz:838,etch,coverage,trj_CF2_30eV_case1,145,Si,1.2901497878782282,1.1076026311085994,1.5594229702040414,1.1536897329871678,3.1939395352374786
mace,dft/etch/trj_CF2_30eV.extxyz:419,etch,coverage,trj_CF2_30eV_case1,45,O,1.2894469571629599,0.8764242232235633,1.6381391882254657,1.3802898246382913,1.4755305484421528
mace,dft/etch/trj_CF2_30eV.extxyz:999,etch,coverage,trj_CF2_30eV_case1,110,Si,1.275027078794601,1.2655522437451139,1.6177144370994525,1.1717508267545613,2.437338539712733
mace,dft/qsd/qsd_data.extxyz:660,qsd,coverage,CF_10eV_4_37_Si_F,40,O,1.2599249306081775,1.1138985293580734,1.5987779474961497,1.371796809662423,0.03876536509566239
mace,dft/etch/trj_CF3_30eV.extxyz:483,etch,coverage,trj_CF3_30eV_case1,107,Si,1.257892132504774,1.1500234752028486,1.5939259706774322,1.240806189539687,3.9647334429052097
mace,dft/etch/trj_CF2_30eV.extxyz:129,etch,coverage,trj_CF2_30eV_case1,104,O,1.2568629835208092,1.0339754542710347,1.303034918948842,1.2054044964243331,0.7489667470141782
mace,dft/etch/trj_CF2_30eV.extxyz:516,etch,coverage,trj_CF2_30eV_case1,149,Si,1.241211792396254,0.8095996310045068,1.41844985811977,1.2709838708654015,7.793362374521219
mace,dft/qsd/qsd_data.extxyz:1295,qsd,coverage,CF_30eV_18_13_Si_F,2,C,1.2379322050264527,1.0886022353081437,1.1698880128456748,1.1698880128456748,0.034315858564226545
mace,dft/etch/trj_CF2_30eV.extxyz:677,etch,coverage,trj_CF2_30eV_case1,149,Si,1.2378686518316213,1.1814935663679949,1.5587494987970338,1.1622392180614114,1.800025141520529
mace,dft/etch/trj_CF2_30eV.extxyz:645,etch,coverage,trj_CF2_30eV_case1,148,Si,1.2362197993382118,1.2076158632758283,1.573817016047292,1.142716062720741,2.659749496478193
mace,dft/etch/trj_CF3_30eV.extxyz:967,etch,coverage,trj_CF3_30eV_case1,123,Si,1.226227227768833,0.7599773434206554,1.5707959765672939,1.2922074136917818,3.3201953034652942
mace,dft/etch/trj_CF2_30eV.extxyz:193,etch,coverage,trj_CF2_30eV_case1,23,F,1.221593772234228,0.8744672146763368,2.0365411854416284,1.2303657992645913,4.804337160835821
mace,dft/etch/trj_CF2_30eV.extxyz:580,etch,coverage,trj_CF2_30eV_case1,1,C,1.2208038347928536,0.8608600119357928,1.1749468073066107,1.165160933090357,1.9208424981973404
mace,dft/etch/trj_CF2_30eV.extxyz:580,etch,coverage,trj_CF2_30eV_case1,149,Si,1.2006611696061802,1.076790788886019,1.5229904792873794,1.165160933090357,1.833543143926807
mace,dft/etch/trj_CF2_30eV.extxyz:645,etch,coverage,trj_CF2_30eV_case1,1,C,1.1953815827236298,1.064425276701444,1.3938077342302277,1.142716062720741,5.519447343311466
mace,dft/etch/trj_CF3_30eV.extxyz:773,etch,coverage,trj_CF3_30eV_case1,25,O,1.1930452353383592,1.048037106533262,1.6095651586686384,1.2613088440187834,3.3650891703231287
mace,dft/etch/trj_CF3_30eV.extxyz:32,etch,coverage,trj_CF3_30eV_case1,1,C,1.1642121659208382,1.1547669463077022,1.2956465567430073,1.2120231020900523,1.5025928335470657
mace,dft/etch/trj_CF3_30eV.extxyz:999,etch,coverage,trj_CF3_30eV_case1,114,Si,1.158217670385806,0.8236530807712525,1.5867577004697324,1.146516463030514,2.0683657259520136
mace,dft/etch/trj_CF3_30eV.extxyz:226,etch,coverage,trj_CF3_30eV_case1,110,Si,1.156525938720223,0.9415401032831601,1.5593909067324978,1.0592922165295118,3.529826934676543
mace,dft/etch/trj_CF3_30eV.extxyz:387,etch,coverage,trj_CF3_30eV_case1,142,Si,1.1552058816514925,1.000906119007723,1.6052725625263764,1.1555950847939753,2.561665933122428
mace,dft/mqa/mqa_SiO2.extxyz:411,mqa,coverage,dft/mqa/mqa_SiO2.extxyz:mqa_SiO2,8,Si,1.1466480759344653,1.1428736720109,1.6160909195339228,,3.473466333497562
mace,dft/etch/trj_CF2_30eV.extxyz:226,etch,coverage,trj_CF2_30eV_case1,1,C,1.130614239397095,1.0100749217215677,1.1734564329364785,1.1734564329364785,2.0506987240591927
mace,dft/etch/trj_CF3_30eV.extxyz:483,etch,coverage,trj_CF3_30eV_case1,99,O,1.1254086519887743,1.0078461149281002,1.240806189539687,1.240806189539687,0.39821403146172535
mace,dft/etch/trj_CF3_30eV.extxyz:838,etch,coverage,trj_CF3_30eV_case1,148,Si,1.1092918557432507,0.843575761382414,1.4876491521860926,1.4765838953476356,5.622565604233711
mace,dft/etch/trj_CF2_30eV.extxyz:838,etch,coverage,trj_CF2_30eV_case1,23,O,1.0872921413825467,1.0538243421256779,1.4883883901724042,1.1536897329871678,2.7026307255463147
mace,dft/etch/trj_CF3_30eV.extxyz:999,etch,coverage,trj_CF3_30eV_case1,107,Si,1.061256503526517,0.908681983967635,1.5885213250063728,1.146516463030514,4.10511819501668
mace,dft/etch/trj_CF3_30eV.extxyz:32,etch,coverage,trj_CF3_30eV_case1,106,Si,1.0570261528276825,0.9052370285414586,1.5991872935963438,1.2120231020900523,2.59469294289517
mace,dft/qsd/qsd_data.extxyz:1295,qsd,coverage,CF_30eV_18_13_Si_F,11,F,1.0494676624492294,0.8910482197375058,1.2969374130234639,1.1698880128456748,1.2866921835205964
mace,dft/etch/trj_CF2_30eV.extxyz:516,etch,coverage,trj_CF2_30eV_case1,0,C,1.0218760033525511,0.826529474892451,1.310190825796002,1.2709838708654015,3.1201881537357647
mace,dft/mqa/mqa_SiO2.extxyz:411,mqa,coverage,dft/mqa/mqa_SiO2.extxyz:mqa_SiO2,20,Si,1.0051034754442425,0.7836316425326944,1.718169906062844,,6.334932204385616
mace,dft/etch/trj_CF2_30eV.extxyz:967,etch,coverage,trj_CF2_30eV_case1,144,Si,1.000152544664121,0.7331407217758836,1.5703821191034995,1.168332144554793,2.239289536822114
mace,dft/etch/trj_CF2_30eV.extxyz:773,etch,coverage,trj_CF2_30eV_case1,132,Si,0.9994494868177025,0.9059799495272398,1.5787970103848046,1.3949551964131324,4.435707664160929
mace,dft/etch/trj_CF2_30eV.extxyz:773,etch,coverage,trj_CF2_30eV_case1,134,Si,0.9910262430739004,0.7350907122864412,1.5741664460913911,1.3949551964131324,2.2501153277610015
mace,dft/mqa/mqa_Si.extxyz:619,mqa,coverage,dft/mqa/mqa_Si.extxyz:mqa_Si,3,Si,0.9849098764484351,0.9572220991752928,2.3411809018100245,,1.1744328394697587
mace,dft/etch/trj_CF2_30eV.extxyz:129,etch,coverage,trj_CF2_30eV_case1,108,Si,0.9834987292413175,0.5785609083480618,1.5992810884894493,1.2054044964243331,2.310733815078881
mace,dft/mqa/mqa_SiO2.extxyz:308,mqa,coverage,dft/mqa/mqa_SiO2.extxyz:mqa_SiO2,5,Si,0.9626163356268137,0.896687416670779,1.4225921761603744,,11.542531913318282
mace,dft/etch/trj_CF2_30eV.extxyz:483,etch,coverage,trj_CF2_30eV_case1,145,Si,0.9575846625156024,0.6738998892857335,1.5683749551685673,1.4659809002848585,3.7777317256791805
mace,dft/etch/trj_CF3_30eV.extxyz:387,etch,coverage,trj_CF3_30eV_case1,108,Si,0.9446017363185212,0.729535301627501,1.5350895739337196,1.1555950847939753,6.181026396067
mace,dft/mqa/mqa_SiO2.extxyz:411,mqa,coverage,dft/mqa/mqa_SiO2.extxyz:mqa_SiO2,14,Si,0.9312852047968654,0.659537885574643,1.5340030753554559,,3.295634971807709
mace,dft/etch/trj_CF2_30eV.extxyz:483,etch,coverage,trj_CF2_30eV_case1,140,Si,0.9297117224261808,0.6882340350597734,1.6064868502418557,1.4659809002848585,2.999795320876076
mace,dft/etch/trj_CF2_30eV.extxyz:967,etch,coverage,trj_CF2_30eV_case1,113,Si,0.9131377399129881,0.8275399662908605,1.5995624401691872,1.168332144554793,6.249539464531767
mace,dft/mqa/mqa_Si.extxyz:531,mqa,coverage,dft/mqa/mqa_Si.extxyz:mqa_Si,8,Si,0.8966441410874825,0.6704935541892034,2.1351947610264905,,3.3207620052033238
mace,dft/etch/trj_CF2_30eV.extxyz:548,etch,coverage,trj_CF2_30eV_case1,145,Si,0.8692390357373205,0.8047668669773945,1.528594125332162,1.198916177220076,1.1673296605715116
mace,dft/mqa/mqa_Si.extxyz:354,mqa,coverage,dft/mqa/mqa_Si.extxyz:mqa_Si,27,Si,0.8632410638422615,0.5652284323182482,1.9887978926477163,,6.228695699809471
mace,dft/mqa/mqa_Si.extxyz:88,mqa,coverage,dft/mqa/mqa_Si.extxyz:mqa_Si,41,Si,0.8413054725947569,0.7903455063253941,2.269401436235504,,1.5459207859295379
mace,dft/mqa/mqa_Si.extxyz:177,mqa,coverage,dft/mqa/mqa_Si.extxyz:mqa_Si,50,Si,0.8312412050959582,0.6695947830201487,2.0567457883511033,,4.888013880015072
mace,dft/etch/trj_CF2_30eV.extxyz:548,etch,coverage,trj_CF2_30eV_case1,10,F,0.8190771767685322,0.6233623817947569,1.347219358530747,1.198916177220076,0.7061492705129702
mace,dft/mqa/mqa_Si.extxyz:354,mqa,coverage,dft/mqa/mqa_Si.extxyz:mqa_Si,24,Si,0.803121692197511,0.7527831498558997,2.194010724358475,,3.6849550745935837
mace,dft/mqa/mqa_Si.extxyz:177,mqa,coverage,dft/mqa/mqa_Si.extxyz:mqa_Si,52,Si,0.7949404721775156,0.5944207864783931,2.4496633139678603,,0.822065124085069
mace,dft/mqa/mqa_SiO2.extxyz:205,mqa,coverage,dft/mqa/mqa_SiO2.extxyz:mqa_SiO2,22,Si,0.7927906540714591,0.7031883400819638,1.6875462384776314,,1.941988190544165
mace,dft/etch/trj_CF2_30eV.extxyz:548,etch,coverage,trj_CF2_30eV_case1,1,C,0.7830632375554618,0.6508812440400673,1.3663088962602856,1.198916177220076,2.6536783677759446
mace,dft/mqa/mqa_Si.extxyz:88,mqa,coverage,dft/mqa/mqa_Si.extxyz:mqa_Si,25,Si,0.7794596440229623,0.6533365083351099,2.173128621573053,,2.5842470934187003
mace,dft/mqa/mqa_Si.extxyz:265,mqa,coverage,dft/mqa/mqa_Si.extxyz:mqa_Si,11,Si,0.7745574620592965,0.5551332435746477,2.1678110111584905,,3.0876748591328393
mace,dft/mqa/mqa_SiO2.extxyz:308,mqa,coverage,dft/mqa/mqa_SiO2.extxyz:mqa_SiO2,57,O,0.7617192561470284,0.7229867479064271,1.4225921761603744,,14.243637834463813
mace,dft/mqa/mqa_Si.extxyz:177,mqa,coverage,dft/mqa/mqa_Si.extxyz:mqa_Si,55,Si,0.7572093111725271,0.5939297021425403,2.155076064333455,,2.3816745897048994
mace,dft/mqa/mqa_Si.extxyz:442,mqa,coverage,dft/mqa/mqa_Si.extxyz:mqa_Si,8,Si,0.7536784490432547,0.5234281256268405,2.087479904570431,,5.172440429224874
mace,dft/mqa/mqa_Si.extxyz:442,mqa,coverage,dft/mqa/mqa_Si.extxyz:mqa_Si,34,Si,0.7414570699603376,0.5957760556592004,2.172734775760723,,2.859005562391581
mace,dft/mqa/mqa_Si.extxyz:442,mqa,coverage,dft/mqa/mqa_Si.extxyz:mqa_Si,12,Si,0.734295390603862,0.6493141844652267,2.3331892629188915,,2.2128216774891736
mace,dft/mqa/mqa_Si.extxyz:265,mqa,coverage,dft/mqa/mqa_Si.extxyz:mqa_Si,26,Si,0.6995685831139002,0.6718444836442674,2.1678110111584905,,4.20815783758024
mace,dft/mqa/mqa_Si.extxyz:265,mqa,coverage,dft/mqa/mqa_Si.extxyz:mqa_Si,30,Si,0.6989050958016024,0.5784932063627986,2.245923592934541,,1.8853335394425572
mace,dft/mqa/mqa_Si.extxyz:88,mqa,coverage,dft/mqa/mqa_Si.extxyz:mqa_Si,20,Si,0.6981618116248074,0.6625695833599163,2.3320633101765855,,1.458231615143836
mace,dft/mqa/mqa_Si.extxyz:0,mqa,coverage,dft/mqa/mqa_Si.extxyz:mqa_Si,41,Si,0.6798241432710203,0.67809701662806,2.2581008995614,,1.3388561787204778
mace,dft/mqa/mqa_SiO2.extxyz:205,mqa,coverage,dft/mqa/mqa_SiO2.extxyz:mqa_SiO2,7,Si,0.6764707995878176,0.45657842985440467,1.4849634156732572,,7.375992370628782
mace,dft/mqa/mqa_Si.extxyz:354,mqa,coverage,dft/mqa/mqa_Si.extxyz:mqa_Si,45,Si,0.6732596212517837,0.5854050772954591,1.9887978926477163,,5.782806506298996
mace,dft/mqa/mqa_Si.extxyz:0,mqa,coverage,dft/mqa/mqa_Si.extxyz:mqa_Si,25,Si,0.6700030348207779,0.5967657376242237,2.258719180996167,,1.858582501915371
mace,dft/mqa/mqa_Si.extxyz:0,mqa,coverage,dft/mqa/mqa_Si.extxyz:mqa_Si,8,Si,0.6690043075301021,0.5069292126380356,2.2900521778895273,,1.4136844463206772
mace,dft/mqa/mqa_Si.extxyz:531,mqa,coverage,dft/mqa/mqa_Si.extxyz:mqa_Si,39,Si,0.6387052180432428,0.5716316223176833,2.228291694662079,,1.611990548343879
mace,dft/mqa/mqa_Si.extxyz:531,mqa,coverage,dft/mqa/mqa_Si.extxyz:mqa_Si,58,Si,0.6351441265089793,0.4355259890901957,2.297410769736227,,1.1081887272486577
mace,dft/mqa/mqa_Si.extxyz:619,mqa,coverage,dft/mqa/mqa_Si.extxyz:mqa_Si,38,Si,0.6138787290614722,0.5321287548833129,2.294843098520805,,1.3826182067476183
mace,dft/mqa/mqa_Si.extxyz:619,mqa,coverage,dft/mqa/mqa_Si.extxyz:mqa_Si,53,Si,0.5883065152786222,0.5752532777397542,2.2571104577756036,,1.1545996113640433
mace,dft/mqa/mqa_SiO2.extxyz:205,mqa,coverage,dft/mqa/mqa_SiO2.extxyz:mqa_SiO2,16,Si,0.5845105808690715,0.4846513853556278,1.4389051336742906,,10.143898686191271
mace,dft/mqa/mqa_SiO2.extxyz:308,mqa,coverage,dft/mqa/mqa_SiO2.extxyz:mqa_SiO2,11,Si,0.5830638740475694,0.5610715497503524,1.4745874820097995,,8.455381211329799
mace,dft/mqa/mqa_SiO2.extxyz:514,mqa,coverage,dft/mqa/mqa_SiO2.extxyz:mqa_SiO2,2,Si,0.49387202535615193,0.48396900343349847,1.478841533971777,,7.690486191517933
mace,dft/mqa/mqa_SiO2.extxyz:514,mqa,coverage,dft/mqa/mqa_SiO2.extxyz:mqa_SiO2,21,Si,0.4195755779312693,0.2654268867251367,1.5526454749877712,,3.80587126253674
mace,dft/mqa/mqa_SiO2.extxyz:616,mqa,coverage,dft/mqa/mqa_SiO2.extxyz:mqa_SiO2,20,Si,0.4092258248285788,0.2759171507599829,1.512791462495741,,4.944450271136115
mace,dft/mqa/mqa_SiO2.extxyz:514,mqa,coverage,dft/mqa/mqa_SiO2.extxyz:mqa_SiO2,23,Si,0.3599352305042326,0.29408332303055196,1.6201406258408568,,2.568012594930757
mace,dft/mqa/mqa_SiO2.extxyz:616,mqa,coverage,dft/mqa/mqa_SiO2.extxyz:mqa_SiO2,9,Si,0.27558564029290683,0.1997956125796088,1.6235068565916206,,2.5008745191780415
mace,dft/mqa/mqa_SiO2.extxyz:616,mqa,coverage,dft/mqa/mqa_SiO2.extxyz:mqa_SiO2,25,Si,0.27390704228093915,0.2691423227352647,1.545403122910006,,4.028899354789221
mace,dft/mqa/mqa_SiO2.extxyz:103,mqa,coverage,dft/mqa/mqa_SiO2.extxyz:mqa_SiO2,2,Si,0.2262886871544381,0.2188899230264736,1.6023815507549999,,1.693488562203182
mace,dft/mqa/mqa_SiO2.extxyz:719,mqa,coverage,dft/mqa/mqa_SiO2.extxyz:mqa_SiO2,3,Si,0.21748579586196248,0.1636915929450734,1.6110142261631337,,1.6733717239406194
mace,dft/mqa/mqa_SiO2.extxyz:0,mqa,coverage,dft/mqa/mqa_SiO2.extxyz:mqa_SiO2,26,Si,0.18847210300926667,0.1460789619010403,1.5790165672975063,,1.6007937967052472
mace,dft/mqa/mqa_SiO2.extxyz:0,mqa,coverage,dft/mqa/mqa_SiO2.extxyz:mqa_SiO2,20,Si,0.18343740442884718,0.15038804031334893,1.5900855993624996,,1.8898079406431756
mace,dft/mqa/mqa_SiO2.extxyz:0,mqa,coverage,dft/mqa/mqa_SiO2.extxyz:mqa_SiO2,25,Si,0.16879604071753754,0.16704508962960252,1.569666014826084,,2.3688498059467595
mace,dft/mqa/mqa_SiO2.extxyz:719,mqa,coverage,dft/mqa/mqa_SiO2.extxyz:mqa_SiO2,30,Si,0.1452353391036894,0.1219492106906479,1.59415738536068,,2.194659446935902
mace,dft/mqa/mqa_SiO2.extxyz:103,mqa,coverage,dft/mqa/mqa_SiO2.extxyz:mqa_SiO2,3,Si,0.14090247510754314,0.09771941301187226,1.5992516301695614,,1.036948406257997
mace,dft/mqa/mqa_SiO2.extxyz:103,mqa,coverage,dft/mqa/mqa_SiO2.extxyz:mqa_SiO2,20,Si,0.13039437154530537,0.09426070583795876,1.6197116719342375,,1.3556823336862511
mace,dft/mqa/mqa_SiO2.extxyz:719,mqa,coverage,dft/mqa/mqa_SiO2.extxyz:mqa_SiO2,6,Si,0.12541142410088213,0.11114335182844648,1.5962321866508027,,0.6618678293473705
nequip,dft/qsd/qsd_data.extxyz:507,qsd,coverage,CF3_20eV_4_98_Si_F,77,Si,26113.1540098329,22628.738630560274,0.16799803600042348,0.16799803600042348,14206.254884449567
nequip,dft/qsd/qsd_data.extxyz:305,qsd,coverage,CF3_10eV_19_68_Si_F,94,Si,26107.162774669756,22618.83607018311,0.16799803600042348,0.16799803600042348,14202.376193848659
nequip,dft/qsd/qsd_data.extxyz:507,qsd,coverage,CF3_20eV_4_98_Si_F,11,F,26083.942974519137,22604.9125481836,0.16799803600042348,0.16799803600042348,14156.928977167785
nequip,dft/qsd/qsd_data.extxyz:305,qsd,coverage,CF3_10eV_19_68_Si_F,8,F,26079.241836464407,22597.777663604887,0.16799803600042348,0.16799803600042348,14158.024675184808
nequip,dft/qsd/qsd_data.extxyz:557,qsd,coverage,CF3_30eV_9_36_Si_F,86,Si,25948.781368586675,22472.96713089641,0.16799803600042348,0.16799803600042348,14221.76107774001
nequip,dft/qsd/qsd_data.extxyz:557,qsd,coverage,CF3_30eV_9_36_Si_F,24,F,25898.434835867854,22435.069077514083,0.16799803600042348,0.16799803600042348,14166.276684657876
nequip,dft/qsd/qsd_data.extxyz:501,qsd,coverage,CF3_20eV_4_98_Si_C,0,C,13808.701848562321,11976.052515252377,0.18700281414994824,0.18700281414994824,6575.251001513402
nequip,dft/qsd/qsd_data.extxyz:501,qsd,coverage,CF3_20eV_4_98_Si_C,77,Si,13753.7909284591,11926.195931015885,0.18700281414994824,0.18700281414994824,6602.13686531144
nequip,dft/qsd/qsd_data.extxyz:587,qsd,coverage,CF3_30eV_9_9_Si_C,0,C,13729.612494572399,11907.712238528797,0.18700281414994824,0.18700281414994824,6588.169436292455
nequip,dft/qsd/qsd_data.extxyz:587,qsd,coverage,CF3_30eV_9_9_Si_C,74,Si,13687.800378930324,11869.284153625023,0.18700281414994824,0.18700281414994824,6626.210205031232
nequip,dft/qsd/qsd_data.extxyz:537,qsd,coverage,CF3_30eV_9_36_O_C,57,O,8240.667935598873,7105.01680852231,0.14200380417439676,0.14200380417439676,16962.88182976534
nequip,dft/qsd/qsd_data.extxyz:455,qsd,coverage,CF3_20eV_4_78_O_C,53,O,8240.445157296217,7143.043467583999,0.14200380417439765,0.14200380417439765,16952.567675157425
nequip,dft/qsd/qsd_data.extxyz:287,qsd,coverage,CF3_10eV_19_68_O_C,55,O,8235.271407859422,7125.588740883655,0.14200380417439368,0.14200380417439368,16952.116011186696
nequip,dft/qsd/qsd_data.extxyz:1325,qsd,coverage,CF_30eV_18_3_O_C,56,O,8218.381703208219,7122.734103573459,0.14200380417439765,0.14200380417439765,16962.363819786486
nequip,dft/qsd/qsd_data.extxyz:537,qsd,coverage,CF3_30eV_9_36_O_C,1,C,8207.50722882182,7073.504698632405,0.14200380417439676,0.14200380417439676,16927.231580034142
nequip,dft/qsd/qsd_data.extxyz:455,qsd,coverage,CF3_20eV_4_78_O_C,0,C,8198.452498881632,7108.660554060389,0.14200380417439765,0.14200380417439765,16932.072149019194
nequip,dft/qsd/qsd_data.extxyz:1325,qsd,coverage,CF_30eV_18_3_O_C,2,C,8179.011911759834,7086.21788048021,0.14200380417439765,0.14200380417439765,16927.629267463693
nequip,dft/qsd/qsd_data.extxyz:287,qsd,coverage,CF3_10eV_19_68_O_C,0,C,8178.69511204963,7074.993479424751,0.14200380417439368,0.14200380417439368,16920.99801824394
nequip,dft/qsd/qsd_data.extxyz:892,qsd,coverage,CF_10eV_4_93_O_C,24,F,6728.144359569415,6702.128838852475,0.2583964142553063,0.2583964142553063,5792.035865902312
nequip,dft/qsd/qsd_data.extxyz:892,qsd,coverage,CF_10eV_4_93_O_C,101,Si,6716.349050234443,6686.75729384558,0.2583964142553063,0.2583964142553063,5812.068987951986
nequip,dft/qsd/qsd_data.extxyz:235,qsd,coverage,CF3_10eV_19_59_C_C,1,C,6384.842832347309,5529.674027110956,0.15200358416826942,1.351081189344298,9764.83657990417
nequip,dft/qsd/qsd_data.extxyz:514,qsd,coverage,CF3_30eV_9_36_C_C,1,C,6376.36595769925,5527.5182958159785,0.15200358416826865,1.2530260676059377,9752.70503209175
nequip,dft/qsd/qsd_data.extxyz:337,qsd,coverage,CF3_20eV_4_36_C_C,2,C,6373.952277686725,5520.042861218351,0.15200358416826834,1.1665717316564812,9812.90725325597
nequip,dft/qsd/qsd_data.extxyz:1191,qsd,coverage,CF_20eV_2_79_C_C,8,C,6352.697208755152,5507.700942236304,0.1520035841682699,1.306619940839722,9821.755187743991
nequip,dft/qsd/qsd_data.extxyz:337,qsd,coverage,CF3_20eV_4_36_C_C,3,C,6345.993610927594,5496.2701641276235,0.15200358416826834,1.1665717316564812,9773.390131773007
nequip,dft/qsd/qsd_data.extxyz:1191,qsd,coverage,CF_20eV_2_79_C_C,28,C,6345.946506863231,5498.594605253893,0.1520035841682699,1.306619940839722,9796.431443318852
nequip,dft/qsd/qsd_data.extxyz:235,qsd,coverage,CF3_10eV_19_59_C_C,0,C,6345.612526156681,5493.921013111263,0.15200358416826942,1.351081189344298,9815.25497684163
nequip,dft/qsd/qsd_data.extxyz:514,qsd,coverage,CF3_30eV_9_36_C_C,0,C,6337.298389111958,5485.196001810795,0.15200358416826865,1.2530260676059377,9812.817069303404
nequip,dft/qsd/qsd_data.extxyz:1303,qsd,coverage,CF_30eV_18_3_C_C,2,C,6334.322174753081,5487.726001382509,0.1520035841682699,1.1431451005449835,9808.000219595704
nequip,dft/qsd/qsd_data.extxyz:1303,qsd,coverage,CF_30eV_18_3_C_C,1,C,6327.522584575893,5481.576410239193,0.1520035841682699,1.1431451005449835,9807.626837162818
nequip,dft/qsd/qsd_data.extxyz:891,qsd,coverage,CF_10eV_4_93_O_C,24,F,4818.809759597145,4345.181659771504,0.28426472345333376,0.28426472345333376,4697.791940749309
nequip,dft/qsd/qsd_data.extxyz:891,qsd,coverage,CF_10eV_4_93_O_C,101,Si,4780.142162581899,4314.924808321962,0.28426472345333376,0.28426472345333376,4693.382314169258
nequip,dft/qsd/qsd_data.extxyz:304,qsd,coverage,CF3_10eV_19_68_Si_F,94,Si,2490.3839687897926,2156.2737861738137,0.3359960720008509,0.3359960720008509,3232.3955095431384
nequip,dft/qsd/qsd_data.extxyz:506,qsd,coverage,CF3_20eV_4_98_Si_F,11,F,2488.784839853199,2156.4881610869706,0.3359960720008509,0.3359960720008509,3192.1694986354846
nequip,dft/qsd/qsd_data.extxyz:506,qsd,coverage,CF3_20eV_4_98_Si_F,77,Si,2488.3287182576837,2155.5344048299958,0.3359960720008509,0.3359960720008509,3233.446762116105
nequip,dft/qsd/qsd_data.extxyz:304,qsd,coverage,CF3_10eV_19_68_Si_F,8,F,2487.492718056376,2155.031413457904,0.3359960720008509,0.3359960720008509,3194.5709146901377
nequip,dft/qsd/qsd_data.extxyz:556,qsd,coverage,CF3_30eV_9_36_Si_F,86,Si,2465.647086996157,2133.9084148219486,0.33599607200085,0.33599607200085,3260.805332579422
nequip,dft/qsd/qsd_data.extxyz:556,qsd,coverage,CF3_30eV_9_36_Si_F,24,F,2460.6758122868464,2130.569642822721,0.33599607200085,0.33599607200085,3194.6599849424747
nequip,dft/qsd/qsd_data.extxyz:890,qsd,coverage,CF_10eV_4_93_O_C,101,Si,2215.569412005994,1794.3406245539263,0.31560720048820157,0.31560720048820157,2199.7287761958714
nequip,dft/qsd/qsd_data.extxyz:890,qsd,coverage,CF_10eV_4_93_O_C,7,C,2204.003006165679,1807.095925945483,0.31560720048820157,0.31560720048820157,2218.712329193478
nequip,dft/qsd/qsd_data.extxyz:889,qsd,coverage,CF_10eV_4_93_O_C,7,C,1332.1400782683102,959.8969308469375,0.35439412777302026,0.35439412777302026,1711.9142720281982
nequip,dft/qsd/qsd_data.extxyz:889,qsd,coverage,CF_10eV_4_93_O_C,101,Si,1325.472305740145,959.4590265760669,0.35439412777302026,0.35439412777302026,1727.4174045097677
nequip,dft/qsd/qsd_data.extxyz:586,qsd,coverage,CF3_30eV_9_9_Si_C,0,C,1057.4938234012882,922.2659095361832,0.37399696803583704,0.37399696803583704,1456.079734331104
nequip,dft/qsd/qsd_data.extxyz:500,qsd,coverage,CF3_20eV_4_98_Si_C,0,C,1051.619690328025,916.7575113772216,0.37399696803583704,0.37399696803583704,1523.4250629227197
nequip,dft/qsd/qsd_data.extxyz:500,qsd,coverage,CF3_20eV_4_98_Si_C,77,Si,1043.9161227099107,905.6456707533089,0.37399696803583704,0.37399696803583704,1535.147389291157
nequip,dft/qsd/qsd_data.extxyz:586,qsd,coverage,CF3_30eV_9_9_Si_C,74,Si,1021.7559806416127,890.1467477161254,0.37399696803583704,0.37399696803583704,1508.7230566829228
nequip,dft/qsd/qsd_data.extxyz:1241,qsd,coverage,CF_30eV_18_12_F_F,6,F,1002.9426828554678,872.8779101961,0.34199940409304924,1.1728677049437417,5200.558566285034
nequip,dft/qsd/qsd_data.extxyz:484,qsd,coverage,CF3_20eV_4_98_F_F,11,F,988.1681804148648,869.4485832360424,0.3419994040930478,1.5846581323742983,5186.9474828431485
nequip,dft/qsd/qsd_data.extxyz:484,qsd,coverage,CF3_20eV_4_98_F_F,9,F,980.8867032862679,852.8262581194886,0.3419994040930478,1.5846581323742983,5180.569069106722
nequip,dft/qsd/qsd_data.extxyz:1241,qsd,coverage,CF_30eV_18_12_F_F,10,F,979.0374692269338,848.562336850513,0.34199940409304924,1.1728677049437417,5160.104072387678
nequip,dft/qsd/qsd_data.extxyz:967,qsd,coverage,CF_10eV_4_98_F_F,22,F,977.4653378763059,858.0417079693161,0.34199940409304797,1.2757015281404969,5184.242216858611
nequip,dft/qsd/qsd_data.extxyz:314,qsd,coverage,CF3_10eV_19_84_F_F,7,F,973.6843503797732,844.1134979433855,0.34199940409304797,1.5883613265563985,5182.683166911945
nequip,dft/qsd/qsd_data.extxyz:967,qsd,coverage,CF_10eV_4_98_F_F,15,F,968.465790019065,840.4050187865332,0.34199940409304797,1.2757015281404969,5174.978181213362
nequip,dft/qsd/qsd_data.extxyz:314,qsd,coverage,CF3_10eV_19_84_F_F,3,F,965.8790984374501,835.9819029702549,0.34199940409304797,1.5883613265563985,5175.2189393585895
nequip,dft/qsd/qsd_data.extxyz:530,qsd,coverage,CF3_30eV_9_36_F_F,24,F,963.3995349491754,835.9730713972967,0.34199940409304797,1.2595609813740645,5175.574325601571
nequip,dft/qsd/qsd_data.extxyz:530,qsd,coverage,CF3_30eV_9_36_F_F,8,F,957.3176460466076,829.5217395884497,0.34199940409304797,1.2595609813740645,5168.393602760053
nequip,dft/qsd/qsd_data.extxyz:1036,qsd,coverage,CF_20eV_2_52_F_F,35,F,952.6927102111223,826.9516138630806,0.34199940409304835,1.240891345968694,5170.805247338305
nequip,dft/qsd/qsd_data.extxyz:1036,qsd,coverage,CF_20eV_2_52_F_F,33,F,947.5343577387756,817.3993339678668,0.34199940409304835,1.240891345968694,5164.615533390064
nequip,dft/qsd/qsd_data.extxyz:587,qsd,coverage,CF3_30eV_9_9_Si_C,6,F,937.5860453065864,770.9121598516599,0.3760967404804245,0.18700281414994824,4058.1020072093916
nequip,dft/qsd/qsd_data.extxyz:586,qsd,coverage,CF3_30eV_9_9_Si_C,11,F,773.5020600156283,552.1478452906297,0.39297717541862315,0.37399696803583704,3591.6286681488086
nequip,dft/qsd/qsd_data.extxyz:234,qsd,coverage,CF3_10eV_19_59_C_C,1,C,741.1711730980376,642.7981107708003,0.30399850805554984,1.351081189344298,2167.0634110387723
nequip,dft/qsd/qsd_data.extxyz:513,qsd,coverage,CF3_30eV_9_36_C_C,1,C,720.9983612097675,622.321904417699,0.30399850805554945,1.2595609813740645,2167.7673275545585
nequip,dft/qsd/qsd_data.extxyz:234,qsd,coverage,CF3_10eV_19_59_C_C,0,C,719.4794074363385,624.3615096690319,0.30399850805554984,1.351081189344298,2224.209619175428
nequip,dft/qsd/qsd_data.extxyz:336,qsd,coverage,CF3_20eV_4_36_C_C,2,C,718.0657303194115,620.2563086900361,0.30399850805554834,1.1620822119798588,2210.3044218497585
nequip,dft/qsd/qsd_data.extxyz:1190,qsd,coverage,CF_20eV_2_79_C_C,8,C,705.9683394450922,618.344745966162,0.30399850805555184,1.306619940839722,2232.2540314791354
nequip,dft/qsd/qsd_data.extxyz:513,qsd,coverage,CF3_30eV_9_36_C_C,0,C,697.3572724082106,601.697526083344,0.30399850805554945,1.2595609813740645,2238.0887271267416
nequip,dft/qsd/qsd_data.extxyz:336,qsd,coverage,CF3_20eV_4_36_C_C,3,C,694.4367891147803,600.341745933837,0.30399850805554834,1.1620822119798588,2179.4864491551143
nequip,dft/qsd/qsd_data.extxyz:1302,qsd,coverage,CF_30eV_18_3_C_C,2,C,686.4339385065124,596.8923463529002,0.3039985080555494,1.1431451005449835,2227.5281917776824
nequip,dft/qsd/qsd_data.extxyz:1190,qsd,coverage,CF_20eV_2_79_C_C,28,C,685.4922318160935,595.8317081312543,0.30399850805555184,1.306619940839722,2218.5670873418476
nequip,dft/qsd/qsd_data.extxyz:1302,qsd,coverage,CF_30eV_18_3_C_C,1,C,682.7468261044686,594.4504407181453,0.3039985080555494,1.1431451005449835,2223.619641297594
nequip,dft/qsd/qsd_data.extxyz:494,qsd,coverage,CF3_20eV_4_98_O_F,55,O,658.8173151361245,566.6434468813791,0.3689970780372108,0.3689970780372108,3710.25760642555
nequip,dft/qsd/qsd_data.extxyz:454,qsd,coverage,CF3_20eV_4_78_O_C,53,O,649.923482397296,561.3444307674763,0.28399894806143317,0.28399894806143317,3951.898504510178
nequip,dft/qsd/qsd_data.extxyz:536,qsd,coverage,CF3_30eV_9_36_O_C,57,O,649.8229588850113,566.210743414023,0.28399894806143233,0.28399894806143233,3952.3800161234094
nequip,dft/qsd/qsd_data.extxyz:286,qsd,coverage,CF3_10eV_19_68_O_C,55,O,648.3938654073039,564.2510093426326,0.28399894806143233,0.28399894806143233,3961.12576211913
nequip,dft/qsd/qsd_data.extxyz:536,qsd,coverage,CF3_30eV_9_36_O_C,1,C,638.2607774463858,547.392149063533,0.28399894806143233,0.28399894806143233,3933.5909215509264
nequip,dft/qsd/qsd_data.extxyz:1324,qsd,coverage,CF_30eV_18_3_O_C,56,O,634.0804428805704,550.0752636499324,0.28399894806143233,0.28399894806143233,3956.4841627052847
nequip,dft/qsd/qsd_data.extxyz:793,qsd,coverage,CF_10eV_4_5_O_F,7,F,630.619351046685,533.7511539545735,0.3689970780372108,0.3689970780372108,3699.190379054556
nequip,dft/qsd/qsd_data.extxyz:454,qsd,coverage,CF3_20eV_4_78_O_C,0,C,627.8921820521996,546.4669793608073,0.28399894806143317,0.28399894806143317,3946.5789849909515
nequip,dft/qsd/qsd_data.extxyz:286,qsd,coverage,CF3_10eV_19_68_O_C,0,C,627.7693011639997,543.1748713431052,0.28399894806143233,0.28399894806143233,3932.75633242396
nequip,dft/qsd/qsd_data.extxyz:1010,qsd,coverage,CF_20eV_2_32_O_F,26,F,622.7005926353686,533.9130790806648,0.3690057383022674,0.3690057383022674,3692.5470256604062
nequip,dft/qsd/qsd_data.extxyz:1324,qsd,coverage,CF_30eV_18_3_O_C,2,C,620.8611817082941,538.765272377203,0.28399894806143233,0.28399894806143233,3939.2802990632968
nequip,dft/qsd/qsd_data.extxyz:494,qsd,coverage,CF3_20eV_4_98_O_F,11,F,617.7666594676832,534.3954991950231,0.3689970780372108,0.3689970780372108,3658.727133308576
nequip,dft/qsd/qsd_data.extxyz:16,qsd,coverage,CF3_10eV_19_10_O_F,3,F,615.6879922634688,535.8784596775413,0.3689970780372108,0.3689970780372108,3696.5279656525545
nequip,dft/qsd/qsd_data.extxyz:1330,qsd,coverage,CF_30eV_18_3_O_F,6,F,615.3671317426787,530.9509182841266,0.3689970780372108,0.3689970780372108,3681.5972492084675
nequip,dft/qsd/qsd_data.extxyz:579,qsd,coverage,CF3_30eV_9_9_O_F,12,O,614.9555051389792,532.6470307825234,0.3689970780372108,0.3689970780372108,3689.734793330255
nequip,dft/qsd/qsd_data.extxyz:579,qsd,coverage,CF3_30eV_9_9_O_F,11,F,613.9324379591329,539.5066855868686,0.3689970780372108,0.3689970780372108,3685.5119819166057
nequip,dft/qsd/qsd_data.extxyz:1330,qsd,coverage,CF_30eV_18_3_O_F,56,O,613.7022716963871,529.597591876407,0.3689970780372108,0.3689970780372108,3687.7895859299283
nequip,dft/qsd/qsd_data.extxyz:1010,qsd,coverage,CF_20eV_2_32_O_F,67,O,613.6682236598232,531.0004231036678,0.3690057383022674,0.3690057383022674,3682.8091734811233
nequip,dft/qsd/qsd_data.extxyz:793,qsd,coverage,CF_10eV_4_5_O_F,66,O,612.0066970505753,528.3809523169248,0.3689970780372108,0.3689970780372108,3684.179785555412
nequip,dft/qsd/qsd_data.extxyz:16,qsd,coverage,CF3_10eV_19_10_O_F,45,O,607.4915365576453,526.4135417997227,0.3689970780372108,0.3689970780372108,3681.5727737091684
nequip,dft/qsd/qsd_data.extxyz:892,qsd,coverage,CF_10eV_4_93_O_C,74,O,590.4541110723981,511.3001419430939,0.28399894806143233,0.2583964142553063,3999.586377979225
nequip,dft/qsd/qsd_data.extxyz:525,qsd,coverage,CF3_30eV_9_36_F_C,8,F,575.6312929108918,499.5496776697928,0.26599761201935673,1.2595609813740645,5414.84378165137
nequip,dft/qsd/qsd_data.extxyz:1313,qsd,coverage,CF_30eV_18_3_F_C,3,F,561.1836375767965,485.9628374888871,0.26599761201935673,1.1431451005449835,5416.036215353973
nequip,dft/qsd/qsd_data.extxyz:443,qsd,coverage,CF3_20eV_4_78_F_C,13,F,559.7580320546024,492.8063947948167,0.2659976120193576,1.5805841200328443,5431.333491505344
nequip,dft/qsd/qsd_data.extxyz:525,qsd,coverage,CF3_30eV_9_36_F_C,1,C,545.9699627295131,470.8366129768947,0.26599761201935673,1.2595609813740645,5432.504615088556
nequip,dft/qsd/qsd_data.extxyz:443,qsd,coverage,CF3_20eV_4_78_F_C,0,C,540.0712477319198,462.0428096965752,0.2659976120193576,1.5805841200328443,5437.577976664926
nequip,dft/qsd/qsd_data.extxyz:1313,qsd,coverage,CF_30eV_18_3_F_C,2,C,526.1854606474421,455.9991904250519,0.26599761201935673,1.1431451005449835,5434.491682327661
nequip,dft/qsd/qsd_data.extxyz:520,qsd,coverage,CF3_30eV_9_36_C_F,24,F,495.91577196749836,427.30082523841793,0.265997612019356,1.2583719668285684,5358.084420670951
nequip,dft/qsd/qsd_data.extxyz:637,qsd,coverage,CF_10eV_4_37_C_F,22,F,489.2464315901034,424.3942935350915,0.2659976120193556,1.371796809662423,5372.109329565543
nequip,dft/qsd/qsd_data.extxyz:241,qsd,coverage,CF3_10eV_19_59_C_F,10,F,478.12656544182875,413.56694753966894,0.2659976120193556,1.351081189344298,5377.645718840272
nequip,dft/qsd/qsd_data.extxyz:637,qsd,coverage,CF_10eV_4_37_C_F,6,C,473.0296159866189,408.6206804353078,0.2659976120193556,1.371796809662423,5439.388602071535
nequip,dft/qsd/qsd_data.extxyz:520,qsd,coverage,CF3_30eV_9_36_C_F,0,C,471.03427867246796,409.9061515962085,0.265997612019356,1.2583719668285684,5441.688447463053
nequip,dft/qsd/qsd_data.extxyz:1308,qsd,coverage,CF_30eV_18_3_C_F,6,F,453.1664346072896,397.785078426763,0.2659976120193552,1.1431451005449835,5454.535154531627
nequip,dft/qsd/qsd_data.extxyz:1151,qsd,coverage,CF_20eV_2_76_C_F,44,F,449.4915436172857,373.86950326330316,0.2659976120193572,1.2835795392962583,5433.818945571184
nequip,dft/qsd/qsd_data.extxyz:241,qsd,coverage,CF3_10eV_19_59_C_F,0,C,449.1947795166079,389.13297618568777,0.2659976120193556,1.351081189344298,5450.0814566146055
nequip,dft/qsd/qsd_data.extxyz:1151,qsd,coverage,CF_20eV_2_76_C_F,29,C,437.9413383836804,378.7059923562447,0.2659976120193572,1.2835795392962583,5457.754794598999
nequip,dft/qsd/qsd_data.extxyz:1308,qsd,coverage,CF_30eV_18_3_C_F,1,C,433.78275491385233,382.40192503543494,0.2659976120193552,1.1431451005449835,5446.691362156314
nequip,dft/qsd/qsd_data.extxyz:585,qsd,coverage,CF3_30eV_9_9_Si_C,11,F,413.1468867754195,379.14957223804754,0.48717419841366866,0.5609997821746454,1886.4303890567182
nequip,dft/qsd/qsd_data.extxyz:485,qsd,coverage,CF3_20eV_4_98_F_F,9,F,405.12631006843003,355.2659752945383,0.22799671598512103,1.5846581323742983,13139.830810893927
nequip,dft/qsd/qsd_data.extxyz:485,qsd,coverage,CF3_20eV_4_98_F_F,11,F,402.7655163356257,364.0960448718888,0.22799671598512103,1.5846581323742983,13146.178143974406
nequip,dft/qsd/qsd_data.extxyz:1242,qsd,coverage,CF_30eV_18_12_F_F,6,F,394.5294226907922,344.279081051649,0.22799671598512256,1.1728677049437417,13129.019998209023
nequip,dft/qsd/qsd_data.extxyz:585,qsd,coverage,CF3_30eV_9_9_Si_C,6,F,386.0081770287039,351.09225490277527,0.48717419841366866,0.5609997821746454,1844.8413244382891
nequip,dft/qsd/qsd_data.extxyz:531,qsd,coverage,CF3_30eV_9_36_F_F,24,F,384.4646949216828,336.293706362796,0.22799671598512125,1.2595609813740645,13128.756034906111
nequip,dft/qsd/qsd_data.extxyz:531,qsd,coverage,CF3_30eV_9_36_F_F,8,F,382.82597317720746,333.40840774797107,0.22799671598512125,1.2595609813740645,13116.405258759598
nequip,dft/qsd/qsd_data.extxyz:1242,qsd,coverage,CF_30eV_18_12_F_F,10,F,366.1907688164809,315.2027479288299,0.22799671598512256,1.1728677049437417,13087.676357886428
nequip,dft/qsd/qsd_data.extxyz:555,qsd,coverage,CF3_30eV_9_36_Si_F,24,F,282.0556318899532,245.1871280951616,0.5040027682463689,0.5040027682463689,1129.6824817037884
nequip,dft/qsd/qsd_data.extxyz:1056,qsd,coverage,CF_20eV_2_52_Si_F,35,F,278.74938606287515,239.81159817999537,0.5040027682463658,0.5040027682463658,1134.9367757912737
nequip,dft/qsd/qsd_data.extxyz:495,qsd,coverage,CF3_20eV_4_98_O_F,55,O,276.15505456134395,230.13177742067637,0.24599805202480998,0.24599805202480998,9572.328487441599
nequip,dft/qsd/qsd_data.extxyz:1298,qsd,coverage,CF_30eV_18_13_Si_F,11,F,262.18292377179534,225.8878874394352,0.5040027682463658,0.5040027682463658,1187.1047086718263
nequip,dft/qsd/qsd_data.extxyz:1298,qsd,coverage,CF_30eV_18_13_Si_F,79,Si,259.0026143658288,223.1512997762036,0.5040027682463658,0.5040027682463658,1207.2079657925824
nequip,dft/qsd/qsd_data.extxyz:1331,qsd,coverage,CF_30eV_18_3_O_F,56,O,254.12561152218422,217.56859377455112,0.2459980520248069,0.2459980520248069,9575.588596455544
nequip,dft/qsd/qsd_data.extxyz:495,qsd,coverage,CF3_20eV_4_98_O_F,11,F,253.0867228771925,212.04371332517258,0.24599805202480998,0.24599805202480998,9541.431188826153
nequip,dft/qsd/qsd_data.extxyz:438,qsd,coverage,CF3_20eV_4_50_C_F,19,F,253.04128682672658,235.17869668814205,0.398996418029034,0.9062880214920636,2094.1618815367465
nequip,dft/qsd/qsd_data.extxyz:580,qsd,coverage,CF3_30eV_9_9_O_F,12,O,251.31074563318123,216.4377757553557,0.2459980520248069,0.2459980520248069,9569.244316391734
nequip,dft/qsd/qsd_data.extxyz:580,qsd,coverage,CF3_30eV_9_9_O_F,11,F,250.3921303406442,224.09640072387992,0.2459980520248069,0.2459980520248069,9565.370771530066
nequip,dft/qsd/qsd_data.extxyz:505,qsd,coverage,CF3_20eV_4_98_Si_F,11,F,249.1675932048314,214.45896274695758,0.5040027682463689,0.5040027682463689,1168.7988506096194
nequip,dft/qsd/qsd_data.extxyz:1331,qsd,coverage,CF_30eV_18_3_O_F,6,F,248.48197937923376,213.5541998091103,0.2459980520248069,0.2459980520248069,9559.222477880861
nequip,dft/qsd/qsd_data.extxyz:438,qsd,coverage,CF3_20eV_4_50_C_F,2,C,246.75041600961654,223.70320637381496,0.398996418029034,0.9062880214920636,2209.6203819177003
nequip,dft/qsd/qsd_data.extxyz:303,qsd,coverage,CF3_10eV_19_68_Si_F,8,F,245.8300248276841,211.5968468011116,0.5040027682463689,0.5040027682463689,1171.8643398426807
nequip,dft/qsd/qsd_data.extxyz:505,qsd,coverage,CF3_20eV_4_98_Si_F,77,Si,238.57191007246675,206.97933353164308,0.5040027682463689,0.5040027682463689,1200.9309391482004
nequip,dft/qsd/qsd_data.extxyz:303,qsd,coverage,CF3_10eV_19_68_Si_F,94,Si,238.21735997169185,205.0649473251508,0.5040027682463689,0.5040027682463689,1202.4826591195272
nequip,dft/qsd/qsd_data.extxyz:583,qsd,coverage,CF3_30eV_9_9_Si_C,0,C,235.34834157008495,209.41122450273042,0.43889183496620243,1.309002378492874,1672.7831739847124
nequip,dft/qsd/qsd_data.extxyz:555,qsd,coverage,CF3_30eV_9_36_Si_F,86,Si,233.92712357217226,199.21894577361968,0.5040027682463689,0.5040027682463689,1236.0517615741874
nequip,dft/qsd/qsd_data.extxyz:677,qsd,coverage,CF_10eV_4_39_F_C,8,C,233.39581160911564,202.98752388358798,0.3989964180290336,1.3097513380409276,2148.476204075509
nequip,dft/qsd/qsd_data.extxyz:1150,qsd,coverage,CF_20eV_2_76_C_F,29,C,232.2852601249671,203.56484300336774,0.3989964180290342,1.2835795392962583,2168.9770393890685
nequip,dft/qsd/qsd_data.extxyz:663,qsd,coverage,CF_10eV_4_37_Si_F,86,Si,231.61386771737182,198.12946320179276,0.5040027682463658,0.5040027682463658,1200.952397566229
nequip,dft/qsd/qsd_data.extxyz:663,qsd,coverage,CF_10eV_4_37_Si_F,22,F,229.47578861055956,197.24074362147417,0.5040027682463658,0.5040027682463658,1188.0502588772238
nequip,dft/qsd/qsd_data.extxyz:1056,qsd,coverage,CF_20eV_2_52_Si_F,90,Si,229.42696702399482,200.61685046278876,0.5040027682463658,0.5040027682463658,1241.0350955258255
nequip,dft/qsd/qsd_data.extxyz:1150,qsd,coverage,CF_20eV_2_76_C_F,44,F,227.42904800670945,209.82972359754854,0.3989964180290342,1.2835795392962583,2154.3610476111025
nequip,dft/qsd/qsd_data.extxyz:442,qsd,coverage,CF3_20eV_4_78_F_C,0,C,226.69739201318757,198.4490336842839,0.39899641802903446,1.5805841200328443,2147.2772003017244
nequip,dft/qsd/qsd_data.extxyz:677,qsd,coverage,CF_10eV_4_39_F_C,14,F,225.1072532812674,189.93575678706588,0.3989964180290336,1.3097513380409276,2150.6612483402478
nequip,dft/qsd/qsd_data.extxyz:583,qsd,coverage,CF3_30eV_9_9_Si_C,6,F,224.11642202031874,200.28703130471627,0.43889183496620243,1.309002378492874,1675.926886297437
nequip,dft/qsd/qsd_data.extxyz:1307,qsd,coverage,CF_30eV_18_3_C_F,1,C,220.82677863175607,185.00331870580294,0.39899641802903446,1.1431451005449835,2147.854781392286
nequip,dft/qsd/qsd_data.extxyz:1312,qsd,coverage,CF_30eV_18_3_F_C,2,C,218.56367326647705,189.0258913487453,0.3989964180290366,1.1431451005449835,2133.3631863660244
nequip,dft/qsd/qsd_data.extxyz:1072,qsd,coverage,CF_20eV_2_54_F_C,18,C,217.11930162317321,194.77114376062286,0.39900507828848464,1.228183400718312,2127.823971699323
nequip,dft/qsd/qsd_data.extxyz:524,qsd,coverage,CF3_30eV_9_36_F_C,1,C,216.4582168306708,188.87202532983133,0.39899641802903446,1.2595609813740645,2132.9974868861245
nequip,dft/qsd/qsd_data.extxyz:442,qsd,coverage,CF3_20eV_4_78_F_C,13,F,216.22988772213816,179.76550662425052,0.39899641802903446,1.5805841200328443,2145.8379955313403
nequip,dft/qsd/qsd_data.extxyz:245,qsd,coverage,CF3_10eV_19_59_F_C,1,C,211.84761565808532,181.80057664735432,0.3989964180290336,1.351081189344298,2125.608186483432
nequip,dft/qsd/qsd_data.extxyz:636,qsd,coverage,CF_10eV_4_37_C_F,6,C,205.20602493446873,178.3921308740928,0.398996418029034,1.371796809662423,2156.4514337288974
nequip,dft/qsd/qsd_data.extxyz:1307,qsd,coverage,CF_30eV_18_3_C_F,6,F,201.7263254893184,171.1805702628369,0.39899641802903446,1.1431451005449835,2147.8369806308206
nequip,dft/qsd/qsd_data.extxyz:1312,qsd,coverage,CF_30eV_18_3_F_C,3,F,200.2842545152429,173.44419499528226,0.3989964180290366,1.1431451005449835,2124.2379016403906
nequip,dft/qsd/qsd_data.extxyz:524,qsd,coverage,CF3_30eV_9_36_F_C,8,F,198.57548646312395,171.58526362999442,0.39899641802903446,1.2595609813740645,2123.9697096233594
nequip,dft/qsd/qsd_data.extxyz:1072,qsd,coverage,CF_20eV_2_54_F_C,32,F,194.02797127435701,167.14454879555524,0.39900507828848464,1.228183400718312,2118.0740626248707
nequip,dft/qsd/qsd_data.extxyz:240,qsd,coverage,CF3_10eV_19_59_C_F,0,C,193.93025650766674,165.14362658009668,0.398996418029034,1.351081189344298,2149.9543726367333
nequip,dft/qsd/qsd_data.extxyz:1079,qsd,coverage,CF_20eV_2_54_O_C,91,Si,191.92987208063104,160.00954654241684,0.6129488966463679,0.6129488966463679,439.25978427700807
nequip,dft/qsd/qsd_data.extxyz:636,qsd,coverage,CF_10eV_4_37_C_F,22,F,191.17275053452911,158.12242075167478,0.398996418029034,1.371796809662423,2086.952500883393
nequip,dft/qsd/qsd_data.extxyz:1079,qsd,coverage,CF_20eV_2_54_O_C,18,C,190.82693765458208,149.7228553790323,0.6129488966463679,0.6129488966463679,431.11675899518866
nequip,dft/qsd/qsd_data.extxyz:245,qsd,coverage,CF3_10eV_19_59_F_C,7,F,187.41764727044517,162.37942622141622,0.3989964180290336,1.351081189344298,2111.6244908992494
nequip,dft/qsd/qsd_data.extxyz:519,qsd,coverage,CF3_30eV_9_36_C_F,0,C,183.42611602104947,157.61104132103446,0.398996418029034,1.2595609813740645,2145.890125431513
nequip,dft/qsd/qsd_data.extxyz:233,qsd,coverage,CF3_10eV_19_59_C_C,1,C,169.4034131393298,146.04902546801372,0.45600209221011195,1.351081189344298,786.2998723056916
nequip,dft/qsd/qsd_data.extxyz:240,qsd,coverage,CF3_10eV_19_59_C_F,10,F,162.8218730804699,143.3982244669794,0.398996418029034,1.351081189344298,2068.59670628798
nequip,dft/qsd/qsd_data.extxyz:519,qsd,coverage,CF3_30eV_9_36_C_F,24,F,156.01890689331435,134.36926550169028,0.398996418029034,1.2595609813740645,2038.4381579956564
nequip,dft/qsd/qsd_data.extxyz:493,qsd,coverage,CF3_20eV_4_98_O_F,77,Si,154.99083386382713,114.66091251489382,0.6435350280287782,0.6150037903135221,386.072215107834
nequip,dft/qsd/qsd_data.extxyz:233,qsd,coverage,CF3_10eV_19_59_C_C,0,C,152.4187008308824,131.2859038701797,0.45600209221011195,1.351081189344298,841.6151220278094
nequip,dft/qsd/qsd_data.extxyz:582,qsd,coverage,CF3_30eV_9_9_Si_C,0,C,148.11560404642458,127.35474120820209,0.4950738942824572,1.5826712245757153,1183.9219045612458
nequip,dft/qsd/qsd_data.extxyz:493,qsd,coverage,CF3_20eV_4_98_O_F,0,C,147.08273791421715,105.91160480353761,0.6435350280287782,0.6150037903135221,384.1720118440588
nequip,dft/qsd/qsd_data.extxyz:1240,qsd,coverage,CF_30eV_18_12_F_F,6,F,139.79807721280687,122.45325256275942,0.5699961200745152,1.1728677049437417,1065.2668364308502
nequip,dft/qsd/qsd_data.extxyz:582,qsd,coverage,CF3_30eV_9_9_Si_C,6,F,139.7564737779481,114.25791601874619,0.4950738942824572,1.5826712245757153,1181.6118251426674
nequip,dft/qsd/qsd_data.extxyz:1240,qsd,coverage,CF_30eV_18_12_F_F,10,F,136.07706401079628,119.0139758618775,0.5699961200745152,1.1728677049437417,1027.9532819717772
nequip,dft/qsd/qsd_data.extxyz:1035,qsd,coverage,CF_20eV_2_52_F_F,35,F,134.96902086331662,116.54300549209916,0.5700047803308312,1.240891345968694,1036.408609505801
nequip,dft/qsd/qsd_data.extxyz:585,qsd,coverage,CF3_30eV_9_9_Si_C,0,C,132.22909815261883,123.13568339295114,0.5609997821746454,0.5609997821746454,496.2328337402785
nequip,dft/qsd/qsd_data.extxyz:1035,qsd,coverage,CF_20eV_2_52_F_F,33,F,132.06827790537582,112.67161314843815,0.5700047803308312,1.240891345968694,1037.279627660636
nequip,dft/qsd/qsd_data.extxyz:966,qsd,coverage,CF_10eV_4_98_F_F,22,F,131.96206572852424,118.32300545633734,0.5699961200745167,1.2757015281404969,1042.6055071250446
nequip,dft/qsd/qsd_data.extxyz:483,qsd,coverage,CF3_20eV_4_98_F_F,11,F,129.50886077321707,116.4625152918968,0.5699961200745137,1.5846581323742983,1044.8785714548362
nequip,dft/qsd/qsd_data.extxyz:891,qsd,coverage,CF_10eV_4_93_O_C,7,C,129.05447402562703,110.8799753313831,0.4260027522211551,0.28426472345333376,1525.0515844906554
nequip,dft/qsd/qsd_data.extxyz:966,qsd,coverage,CF_10eV_4_98_F_F,15,F,125.26633922646604,110.63976087433889,0.5699961200745167,1.2757015281404969,1042.1152573103416
nequip,dft/qsd/qsd_data.extxyz:313,qsd,coverage,CF3_10eV_19_84_F_F,7,F,123.4776280700514,107.12515816272423,0.5699961200745138,1.5883613265563985,1038.3576217873022
nequip,dft/qsd/qsd_data.extxyz:483,qsd,coverage,CF3_20eV_4_98_F_F,9,F,122.77033323084443,108.88433108625156,0.5699961200745137,1.5846581323742983,1045.5178197769087
nequip,dft/qsd/qsd_data.extxyz:529,qsd,coverage,CF3_30eV_9_36_F_F,24,F,122.35361459809783,106.34122879905658,0.569996120074517,1.2595609813740645,1037.0142381411183
nequip,dft/qsd/qsd_data.extxyz:529,qsd,coverage,CF3_30eV_9_36_F_F,8,F,121.88762559570209,105.3828498845653,0.569996120074517,1.2595609813740645,1040.508051946955
nequip,dft/qsd/qsd_data.extxyz:512,qsd,coverage,CF3_30eV_9_36_C_C,1,C,120.77553731124472,84.74341603021645,0.4560020922101128,1.2595609813740645,814.175493578601
nequip,dft/qsd/qsd_data.extxyz:313,qsd,coverage,CF3_10eV_19_84_F_F,3,F,120.62144927278737,104.42087929567072,0.5699961200745138,1.5883613265563985,1040.3996401431414
nequip,dft/qsd/qsd_data.extxyz:1078,qsd,coverage,CF_20eV_2_54_O_C,18,C,119.6532857630816,90.93604319060645,0.7219346193388984,0.7219346193388984,238.9226302114728
nequip,dft/qsd/qsd_data.extxyz:1078,qsd,coverage,CF_20eV_2_54_O_C,91,Si,110.99938081970377,86.18308544713409,0.7219346193388984,0.7219346193388984,285.34158474506097
nequip,dft/qsd/qsd_data.extxyz:1082,qsd,coverage,CF_20eV_2_54_O_C,18,C,110.08164567157758,101.16469493294244,0.4259940919778134,0.4259940919778134,1514.4328017784278
nequip,dft/qsd/qsd_data.extxyz:495,qsd,coverage,CF3_20eV_4_98_O_F,0,C,107.22922340590466,70.4003101110352,0.5498191872788732,0.24599805202480998,570.8871262000979
nequip,dft/qsd/qsd_data.extxyz:264,qsd,coverage,CF3_10eV_19_59_Si_C,1,C,106.54144310823371,75.37460296818693,0.5609997821746454,0.5609997821746454,513.1895238401719
nequip,dft/qsd/qsd_data.extxyz:1082,qsd,coverage,CF_20eV_2_54_O_C,49,O,106.09469642573079,96.67177215960169,0.4259940919778134,0.4259940919778134,1588.3198960923557
nequip,dft/qsd/qsd_data.extxyz:512,qsd,coverage,CF3_30eV_9_36_C_C,0,C,98.84575830508706,77.48533758298197,0.4560020922101128,1.2595609813740645,894.6784974794854
nequip,dft/qsd/qsd_data.extxyz:1301,qsd,coverage,CF_30eV_18_3_C_C,1,C,98.18220528629307,87.73737469211096,0.45600209221011195,1.1431451005449835,846.2945668810478
nequip,dft/qsd/qsd_data.extxyz:492,qsd,coverage,CF3_20eV_4_98_O_F,11,F,98.15423711521088,72.72114730509145,0.5493169745238172,0.5493169745238172,946.2226488828996
nequip,dft/qsd/qsd_data.extxyz:557,qsd,coverage,CF3_30eV_9_36_Si_F,1,C,98.03368393579545,76.16882217667751,0.5662200400021175,0.16799803600042348,755.5006690710303
nequip,dft/qsd/qsd_data.extxyz:1301,qsd,coverage,CF_30eV_18_3_C_C,2,C,94.74339805569372,84.41709977444873,0.45600209221011195,1.1431451005449835,858.4088053790289
nequip,dft/qsd/qsd_data.extxyz:494,qsd,coverage,CF3_20eV_4_98_O_F,0,C,90.98935305260655,64.24401767395517,0.5561733411446477,0.3689970780372108,556.3689257571481
nequip,dft/qsd/qsd_data.extxyz:264,qsd,coverage,CF3_10eV_19_59_Si_C,97,Si,90.39358158425811,69.8315469878732,0.5609997821746454,0.5609997821746454,566.2888445433182
nequip,dft/qsd/qsd_data.extxyz:492,qsd,coverage,CF3_20eV_4_98_O_F,77,Si,85.95631376544776,55.18918298639892,0.5493169745238172,0.5493169745238172,979.2339012491237
nequip,dft/qsd/qsd_data.extxyz:552,qsd,coverage,CF3_30eV_9_36_Si_F,8,F,85.85827316740927,64.26057145020854,0.6000394122888936,1.2595609813740645,860.3803598397693
nequip,dft/qsd/qsd_data.extxyz:552,qsd,coverage,CF3_30eV_9_36_Si_F,24,F,83.54103885074295,61.51779307692311,0.6000394122888936,1.2595609813740645,853.988431348398
nequip,dft/qsd/qsd_data.extxyz:760,qsd,coverage,CF_10eV_4_54_Si_C,5,C,80.06741676555347,72.58140978596975,0.5609997821746454,0.5609997821746454,531.1707345454179
nequip,dft/qsd/qsd_data.extxyz:1080,qsd,coverage,CF_20eV_2_54_O_C,91,Si,77.7531726561528,56.92612297581394,0.7701740485760341,0.7701740485760341,261.4523822142049
nequip,dft/qsd/qsd_data.extxyz:518,qsd,coverage,CF3_30eV_9_36_C_F,24,F,77.33769615775022,71.67656225327357,0.6650026902953102,1.2595609813740645,336.5694117296524
nequip,dft/qsd/qsd_data.extxyz:285,qsd,coverage,CF3_10eV_19_68_O_C,0,C,74.86895988323931,50.98260825400109,0.4260027522211551,0.4260027522211551,1531.2497946450435
nequip,dft/qsd/qsd_data.extxyz:1329,qsd,coverage,CF_30eV_18_3_O_F,6,F,73.8357550924377,62.581879986595254,0.6150037903135221,0.6150037903135221,700.9679971883617
nequip,dft/qsd/qsd_data.extxyz:499,qsd,coverage,CF3_20eV_4_98_Si_C,77,Si,73.67316584517931,63.45941770856308,0.5609997821746454,0.5609997821746454,569.2063466136422
nequip,dft/qsd/qsd_data.extxyz:499,qsd,coverage,CF3_20eV_4_98_Si_C,0,C,73.6609629221157,67.96910034356574,0.5609997821746454,0.5609997821746454,563.7009934538258
nequip,dft/qsd/qsd_data.extxyz:1053,qsd,coverage,CF_20eV_2_52_Si_F,23,F,73.4430410106077,60.211878654175166,0.6209209216961524,1.240891345968694,747.4742031608879
nequip,dft/qsd/qsd_data.extxyz:1053,qsd,coverage,CF_20eV_2_52_Si_F,35,F,72.98395082165119,57.79993974806541,0.6209209216961524,1.240891345968694,741.2979395762751
nequip,dft/qsd/qsd_data.extxyz:493,qsd,coverage,CF3_20eV_4_98_O_F,55,O,72.22618745013463,57.97995502108506,0.6150037903135221,0.6150037903135221,714.6945425904689
nequip,dft/qsd/qsd_data.extxyz:792,qsd,coverage,CF_10eV_4_5_O_F,7,F,71.45543595605442,56.01527078106585,0.6149951300620208,0.6149951300620208,701.9340904585197
nequip,dft/qsd/qsd_data.extxyz:285,qsd,coverage,CF3_10eV_19_68_O_C,55,O,70.57389677884288,50.5514674927997,0.4260027522211551,0.4260027522211551,1580.217574018741
nequip,dft/qsd/qsd_data.extxyz:760,qsd,coverage,CF_10eV_4_54_Si_C,83,Si,70.14727400475101,63.33419832764605,0.5609997821746454,0.5609997821746454,568.4240202636066
nequip,dft/qsd/qsd_data.extxyz:1149,qsd,coverage,CF_20eV_2_76_C_F,44,F,70.12739865985922,62.63569493938246,0.6650026902953103,1.2835795392962583,409.1953366771744
nequip,dft/qsd/qsd_data.extxyz:1216,qsd,coverage,CF_20eV_2_79_Si_C,91,Si,69.81091205847503,61.5035681187681,0.5609997821746454,0.5609997821746454,563.7659780222391
nequip,dft/qsd/qsd_data.extxyz:553,qsd,coverage,CF3_30eV_9_36_Si_F,24,F,69.72737230754908,56.85048803506447,0.6428305821909834,1.1760035724860711,618.0876108168479
nequip,dft/qsd/qsd_data.extxyz:553,qsd,coverage,CF3_30eV_9_36_Si_F,8,F,68.29214438701116,50.65819318116013,0.6428305821909834,1.1760035724860711,646.4032306697471
nequip,dft/qsd/qsd_data.extxyz:1216,qsd,coverage,CF_20eV_2_79_Si_C,28,C,67.78846822665648,60.84659813468619,0.5609997821746454,0.5609997821746454,559.0641519784771
nequip,dft/qsd/qsd_data.extxyz:1009,qsd,coverage,CF_20eV_2_32_O_F,26,F,66.36281080436177,54.897250798124674,0.6150037903135221,0.6150037903135221,695.4203129070529
nequip,dft/qsd/qsd_data.extxyz:1323,qsd,coverage,CF_30eV_18_3_O_C,2,C,65.699178579115,57.76381236824636,0.4260027522211551,0.4260027522211551,1563.1984179111905
nequip,dft/qsd/qsd_data.extxyz:1054,qsd,coverage,CF_20eV_2_52_Si_F,23,F,64.309090261195,50.03431365313378,0.6567079818305845,1.1759949122338913,590.4023205237845
nequip,dft/qsd/qsd_data.extxyz:1054,qsd,coverage,CF_20eV_2_52_Si_F,35,F,62.918223167340784,44.53129492741721,0.6567079818305845,1.1759949122338913,561.1006315376816
nequip,dft/qsd/qsd_data.extxyz:1329,qsd,coverage,CF_30eV_18_3_O_F,56,O,62.272685181443975,52.7350106428687,0.6150037903135221,0.6150037903135221,701.6440825015285
nequip,dft/qsd/qsd_data.extxyz:1323,qsd,coverage,CF_30eV_18_3_O_C,56,O,61.422035928538264,53.28184844767702,0.4260027522211551,0.4260027522211551,1573.2692062087924
nequip,dft/qsd/qsd_data.extxyz:453,qsd,coverage,CF3_20eV_4_78_O_C,0,C,60.657459267142826,48.340605794829116,0.42600275222115597,0.42600275222115597,1561.0508805806357
nequip,dft/qsd/qsd_data.extxyz:1189,qsd,coverage,CF_20eV_2_79_C_C,8,C,60.31391995701752,56.42695388479967,0.45600209221011195,1.306619940839722,856.6196803221644
nequip,dft/qsd/qsd_data.extxyz:1149,qsd,coverage,CF_20eV_2_76_C_F,29,C,59.8338989838901,54.711526953600924,0.6650026902953103,1.2835795392962583,415.1708150362324
nequip,dft/qsd/qsd_data.extxyz:514,qsd,coverage,CF3_30eV_9_36_C_C,22,F,59.8198377841264,51.64478725334411,0.8273596473118567,1.2530260676059377,207.40945720618862
nequip,dft/qsd/qsd_data.extxyz:1080,qsd,coverage,CF_20eV_2_54_O_C,18,C,58.42934551360596,44.77885682428072,0.7701740485760341,0.7701740485760341,241.73075434228488
nequip,dft/qsd/qsd_data.extxyz:578,qsd,coverage,CF3_30eV_9_9_O_F,11,F,58.380519827683415,51.89604461090744,0.6150037903135221,0.6150037903135221,696.0774924359102
nequip,dft/qsd/qsd_data.extxyz:335,qsd,coverage,CF3_20eV_4_36_C_C,2,C,57.85190196666993,48.86028162052605,0.4560020922101124,1.177375005934813,839.409590148321
nequip,dft/qsd/qsd_data.extxyz:518,qsd,coverage,CF3_30eV_9_36_C_F,0,C,57.192859870353864,53.25209105224263,0.6650026902953102,1.2595609813740645,423.73952037180067
nequip,dft/qsd/qsd_data.extxyz:635,qsd,coverage,CF_10eV_4_37_C_F,22,F,55.144059522079026,46.66829434149466,0.6650026902953086,1.371796809662423,357.408962569883
nequip,dft/qsd/qsd_data.extxyz:578,qsd,coverage,CF3_30eV_9_9_O_F,12,O,54.7600064795046,46.19190957068747,0.6150037903135221,0.6150037903135221,702.8546712677955
nequip,dft/qsd/qsd_data.extxyz:15,qsd,coverage,CF3_10eV_19_10_O_F,3,F,54.50127939861469,48.56432477684359,0.6149951300620208,0.6149951300620208,694.4679031467529
nequip,dft/qsd/qsd_data.extxyz:1009,qsd,coverage,CF_20eV_2_32_O_F,67,O,53.88203918667066,46.41164299299771,0.6150037903135221,0.6150037903135221,690.2837428564111
nequip,dft/qsd/qsd_data.extxyz:453,qsd,coverage,CF3_20eV_4_78_O_C,53,O,52.30533376904718,44.232433994992334,0.42600275222115597,0.42600275222115597,1567.5587258552246
nequip,dft/qsd/qsd_data.extxyz:792,qsd,coverage,CF_10eV_4_5_O_F,66,O,50.91229954333624,41.058088862041245,0.6149951300620208,0.6149951300620208,687.8219118330854
nequip,dft/qsd/qsd_data.extxyz:520,qsd,coverage,CF3_30eV_9_36_C_F,41,O,50.17922101108475,36.8342414528979,1.2583719668285684,1.2583719668285684,67.00963405128986
nequip,dft/qsd/qsd_data.extxyz:240,qsd,coverage,CF3_10eV_19_59_C_F,7,F,48.944379249250744,36.46078859438131,1.0704813602300602,1.351081189344298,120.5030658168264
nequip,dft/qsd/qsd_data.extxyz:535,qsd,coverage,CF3_30eV_9_36_O_C,1,C,48.93342107586306,43.429909259767555,0.4260027522211551,0.4260027522211551,1552.337192664157
nequip,dft/qsd/qsd_data.extxyz:15,qsd,coverage,CF3_10eV_19_10_O_F,45,O,48.50262244578863,41.20684960885342,0.6149951300620208,0.6149951300620208,692.771731180982
nequip,dft/qsd/qsd_data.extxyz:235,qsd,coverage,CF3_10eV_19_59_C_C,7,F,48.43108353187177,33.37215311949678,0.9419873866459163,1.351081189344298,116.68738207647624
nequip,dft/qsd/qsd_data.extxyz:1189,qsd,coverage,CF_20eV_2_79_C_C,28,C,47.693969896933076,42.14244081193988,0.45600209221011195,1.306619940839722,856.2017088337293
nequip,dft/qsd/qsd_data.extxyz:239,qsd,coverage,CF3_10eV_19_59_C_F,10,F,47.07073063454854,32.79949174479776,0.6650026902953101,1.351081189344298,353.25037831728116
nequip,dft/qsd/qsd_data.extxyz:635,qsd,coverage,CF_10eV_4_37_C_F,6,C,46.934461170945255,39.07305480106811,0.6650026902953086,1.371796809662423,420.5750718713087
nequip,dft/qsd/qsd_data.extxyz:556,qsd,coverage,CF3_30eV_9_36_Si_F,8,F,45.43741911686702,37.12453084938733,0.5860915705757931,0.33599607200085,670.7946863006727
nequip,dft/qsd/qsd_data.extxyz:535,qsd,coverage,CF3_30eV_9_36_O_C,57,O,45.41086690099589,32.98188641267234,0.4260027522211551,0.4260027522211551,1564.421723481063
nequip,dft/qsd/qsd_data.extxyz:519,qsd,coverage,CF3_30eV_9_36_C_F,41,O,45.1242137322972,32.715503138280496,1.261979962955038,1.2595609813740645,60.28929840410134
nequip,dft/qsd/qsd_data.extxyz:793,qsd,coverage,CF_10eV_4_5_O_F,0,C,44.799767887897524,36.90560566024155,1.1995447063782159,0.3689970780372108,57.507825305342465
nequip,dft/qsd/qsd_data.extxyz:437,qsd,coverage,CF3_20eV_4_50_C_F,2,C,44.37698689948238,40.89073913233818,0.6650026902953106,0.7854789447209897,434.2430965749385
nequip,dft/qsd/qsd_data.extxyz:239,qsd,coverage,CF3_10eV_19_59_C_F,0,C,43.36137413807154,32.69451352458691,0.6650026902953101,1.351081189344298,415.72589514073167
nequip,dft/qsd/qsd_data.extxyz:1056,qsd,coverage,CF_20eV_2_52_Si_F,23,F,42.34951763753813,37.2683827053701,0.6709299078890433,0.5040027682463658,374.84435897536144
nequip,dft/qsd/qsd_data.extxyz:241,qsd,coverage,CF3_10eV_19_59_C_F,9,F,41.151603034532044,38.793111238953486,1.3054439022033841,1.351081189344298,50.03049210385331
nequip,dft/qsd/qsd_data.extxyz:584,qsd,coverage,CF3_30eV_9_9_Si_C,6,F,40.96535847343394,30.21686154265602,0.7122775082789018,0.9349967502082542,259.14884698686626
nequip,dft/qsd/qsd_data.extxyz:437,qsd,coverage,CF3_20eV_4_50_C_F,19,F,40.63620185957696,33.98596924782055,0.6650026902953106,0.7854789447209897,371.8981522953188
nequip,dft/qsd/qsd_data.extxyz:335,qsd,coverage,CF3_20eV_4_36_C_C,3,C,38.774146160458926,31.451846987919907,0.4560020922101124,1.177375005934813,824.3492998456037
nequip,dft/qsd/qsd_data.extxyz:636,qsd,coverage,CF_10eV_4_37_C_F,21,F,38.5066887483806,30.84898818670049,1.0649850818203976,1.371796809662423,122.13575066503277
nequip,dft/qsd/qsd_data.extxyz:287,qsd,coverage,CF3_10eV_19_68_O_C,8,F,36.18424233093711,28.48802667288588,0.8807018130445733,0.14200380417439368,199.61159369598872
nequip,dft/qsd/qsd_data.extxyz:555,qsd,coverage,CF3_30eV_9_36_Si_F,8,F,35.06238673918451,31.132807452252028,0.6502719977055755,0.5040027682463689,430.82352340903196
nequip,dft/qsd/qsd_data.extxyz:583,qsd,coverage,CF3_30eV_9_9_Si_C,11,F,33.34412442977347,29.399231613631763,1.1262217596015458,1.309002378492874,85.80533778923697
nequip,dft/qsd/qsd_data.extxyz:232,qsd,coverage,CF3_10eV_19_59_C_C,1,C,33.013922042461886,28.253411421797644,0.7600006002629206,1.351081189344298,192.86983382543212
nequip,dft/qsd/qsd_data.extxyz:305,qsd,coverage,CF3_10eV_19_68_Si_F,0,C,32.44064491620416,29.7564211739272,1.2605995675471267,0.16799803600042348,44.377993050161315
nequip,dft/qsd/qsd_data.extxyz:513,qsd,coverage,CF3_30eV_9_36_C_C,22,F,32.40300961485474,30.778993361562183,0.9062379381266269,1.2595609813740645,139.8518245335617
nequip,dft/qsd/qsd_data.extxyz:554,qsd,coverage,CF3_30eV_9_36_Si_F,24,F,32.357522484711424,26.472863679966572,0.8399988402372951,0.8399988402372951,125.87164663268528
nequip,dft/qsd/qsd_data.extxyz:584,qsd,coverage,CF3_30eV_9_9_Si_C,0,C,32.284082160480175,22.87686094436495,0.7122775082789018,0.9349967502082542,171.72046159746245
nequip,dft/qsd/qsd_data.extxyz:554,qsd,coverage,CF3_30eV_9_36_Si_F,8,F,32.03708283876745,24.840269926895985,0.8549472565603087,0.8399988402372951,165.02729794515218
nequip,dft/qsd/qsd_data.extxyz:501,qsd,coverage,CF3_20eV_4_98_Si_C,11,F,30.87311725517593,24.895241191364143,1.2969237527703779,0.18700281414994824,33.48448463771287
nequip,dft/qsd/qsd_data.extxyz:1306,qsd,coverage,CF_30eV_18_3_C_F,6,F,30.729982273372407,25.733157071156143,0.6650026902953101,1.1431451005449835,391.0058163473293
nequip,dft/qsd/qsd_data.extxyz:1055,qsd,coverage,CF_20eV_2_52_Si_F,35,F,30.194466830085826,25.762155847407797,0.8399988402372951,0.8399988402372951,130.1769414809841
nequip,dft/qsd/qsd_data.extxyz:507,qsd,coverage,CF3_20eV_4_98_Si_F,0,C,29.72719032638719,26.03603917062314,1.2940494818205373,0.16799803600042348,44.25764055486387
nequip,dft/qsd/qsd_data.extxyz:234,qsd,coverage,CF3_10eV_19_59_C_C,7,F,29.45031083703885,23.874173991104776,1.0158913242566865,1.351081189344298,90.73681030725902
nequip,dft/qsd/qsd_data.extxyz:1306,qsd,coverage,CF_30eV_18_3_C_F,1,C,29.005068466392128,25.59917702494397,0.6650026902953101,1.1431451005449835,395.06459691366274
nequip,dft/qsd/qsd_data.extxyz:1325,qsd,coverage,CF_30eV_18_3_O_C,6,F,28.767277171777266,25.27889247263353,1.2969237527703763,0.14200380417439765,33.02591275638098
nequip,dft/qsd/qsd_data.extxyz:733,qsd,coverage,CF_10eV_4_54_C_C,3,C,28.0468990822842,23.71989431340978,0.4560020922101122,1.5765943405644969,860.0410215535346
nequip,dft/qsd/qsd_data.extxyz:1055,qsd,coverage,CF_20eV_2_52_Si_F,23,F,28.02188251432176,23.0707323093213,0.8625454171230645,0.8399988402372951,158.01488340863497
nequip,dft/qsd/qsd_data.extxyz:1082,qsd,coverage,CF_20eV_2_54_O_C,23,F,27.772595782162046,26.92920121693092,1.1388144555633293,0.4259940919778134,65.49606422273227
nequip,dft/qsd/qsd_data.extxyz:510,qsd,coverage,CF3_30eV_9_36_C_C,22,F,27.219496321471677,21.323582853273592,0.738212920504646,1.2595609813740645,278.23223015536905
nequip,dft/qsd/qsd_data.extxyz:511,qsd,coverage,CF3_30eV_9_36_C_C,1,C,27.183977809030132,22.200379637059882,0.7600006002629206,1.2595609813740645,173.0270525476695
nequip,dft/qsd/qsd_data.extxyz:1311,qsd,coverage,CF_30eV_18_3_F_C,3,F,27.13948414955634,23.51821292610373,0.6650026902953101,1.1431451005449835,386.79242236492627
nequip,dft/qsd/qsd_data.extxyz:537,qsd,coverage,CF3_30eV_9_36_O_C,24,F,26.8292974547755,24.451759476291475,1.2969237527703763,0.14200380417439676,34.10165110623873
nequip,dft/qsd/qsd_data.extxyz:284,qsd,coverage,CF3_10eV_19_68_O_C,55,O,26.200257640075908,21.040918022018758,0.7100017002796539,0.7100017002796539,297.1405146403562
nequip,dft/qsd/qsd_data.extxyz:337,qsd,coverage,CF3_20eV_4_36_C_C,16,F,25.949575442744372,20.57261137219945,1.1665717316564812,1.1665717316564812,59.51917830978188
nequip,dft/qsd/qsd_data.extxyz:245,qsd,coverage,CF3_10eV_19_59_F_C,0,C,25.81346808101076,16.200488800139162,1.351081189344298,1.351081189344298,32.33274591690836
nequip,dft/qsd/qsd_data.extxyz:1081,qsd,coverage,CF_20eV_2_54_O_C,49,O,25.806105596524947,23.38240787133327,0.7100017002796531,0.7100017002796531,295.2471240670747
nequip,dft/qsd/qsd_data.extxyz:436,qsd,coverage,CF3_20eV_4_50_C_F,68,O,25.10335781981459,17.06091067391185,0.7443924818266237,0.7443924818266237,321.48801219610885
nequip,dft/qsd/qsd_data.extxyz:1081,qsd,coverage,CF_20eV_2_54_O_C,91,Si,24.923803500955568,18.412362958523403,0.8189007336057286,0.7100017002796531,295.62605075913143
nequip,dft/qsd/qsd_data.extxyz:512,qsd,coverage,CF3_30eV_9_36_C_C,22,F,24.761537009741943,20.613606543464215,0.9634305639743845,1.2595609813740645,98.6577831034602
nequip,dft/qsd/qsd_data.extxyz:455,qsd,coverage,CF3_20eV_4_78_O_C,14,F,24.479126976043506,20.53596253973981,1.2969237527703779,0.14200380417439765,32.92295720981051
nequip,dft/qsd/qsd_data.extxyz:438,qsd,coverage,CF3_20eV_4_50_C_F,68,O,24.338920875870354,17.324808759061682,0.9062880214920636,0.9062880214920636,146.2592814228938
nequip,dft/qsd/qsd_data.extxyz:523,qsd,coverage,CF3_30eV_9_36_F_C,8,F,24.295065299298997,20.97225928924803,0.6650026902953101,1.2595609813740645,387.47029758317336
nequip,dft/qsd/qsd_data.extxyz:637,qsd,coverage,CF_10eV_4_37_C_F,0,C,24.193642223564222,23.12823314989254,1.3119552237405057,1.371796809662423,39.294328473651625
nequip,dft/qsd/qsd_data.extxyz:492,qsd,coverage,CF3_20eV_4_98_O_F,9,F,23.53421540095871,17.214871777528053,1.287735669887264,0.5493169745238172,49.16359012661647
nequip,dft/qsd/qsd_data.extxyz:1079,qsd,coverage,CF_20eV_2_54_O_C,23,F,23.000648712483596,21.175217981513768,0.8676839228082998,0.6129488966463679,166.2574589114751
nequip,dft/qsd/qsd_data.extxyz:1151,qsd,coverage,CF_20eV_2_76_C_F,7,C,22.783673331687762,21.63426385942707,1.1525610906585384,1.2835795392962583,55.90469459157452
nequip,dft/qsd/qsd_data.extxyz:264,qsd,coverage,CF3_10eV_19_59_Si_C,10,F,22.767457511825814,19.595507078378695,0.8115826726218338,0.5609997821746454,233.9089135440614
nequip,dft/qsd/qsd_data.extxyz:263,qsd,coverage,CF3_10eV_19_59_Si_C,1,C,22.706542212406227,15.589056304722384,0.8491000714285685,0.9349967502082542,106.87729942485788
nequip,dft/qsd/qsd_data.extxyz:485,qsd,coverage,CF3_20eV_4_98_F_F,77,Si,22.537409861224646,18.227914220581646,1.60440257956038,1.5846581323742983,37.29800834128151
nequip,dft/qsd/qsd_data.extxyz:676,qsd,coverage,CF_10eV_4_39_F_C,14,F,22.32711741619619,15.056553193997615,0.6649940300483912,1.3097513380409276,397.7021878347667
nequip,dft/qsd/qsd_data.extxyz:233,qsd,coverage,CF3_10eV_19_59_C_C,9,F,22.28548194366209,21.098905343819187,1.2960077535647687,1.351081189344298,33.590275665896726
nequip,dft/qsd/qsd_data.extxyz:484,qsd,coverage,CF3_20eV_4_98_F_F,77,Si,21.788976075708927,18.167626150896844,1.60440257956038,1.5846581323742983,31.838305881257895
nequip,dft/qsd/qsd_data.extxyz:281,qsd,coverage,CF3_10eV_19_68_O_C,0,C,21.580835714262566,17.12544384025061,0.9999017656250059,0.9999017656250059,147.55158588199234
nequip,dft/qsd/qsd_data.extxyz:452,qsd,coverage,CF3_20eV_4_78_O_C,0,C,21.56509847433537,20.43812557380661,0.7100017002796539,0.7100017002796539,284.01322370790297
nequip,dft/qsd/qsd_data.extxyz:733,qsd,coverage,CF_10eV_4_54_C_C,5,C,21.44082365631881,17.419760149655758,0.4560020922101122,1.5765943405644969,857.6147953970806
nequip,dft/qsd/qsd_data.extxyz:1241,qsd,coverage,CF_30eV_18_12_F_F,81,Si,21.35819513674375,15.956533271313731,1.3170256669101028,1.1728677049437417,60.57270763869472
nequip,dft/qsd/qsd_data.extxyz:282,qsd,coverage,CF3_10eV_19_68_O_C,0,C,20.99532050432692,16.57455525388643,0.8793652029162854,0.8793652029162854,205.20292386628853
nequip,dft/qsd/qsd_data.extxyz:1311,qsd,coverage,CF_30eV_18_3_F_C,2,C,20.93214780685844,17.960063981158783,0.6650026902953101,1.1431451005449835,388.3428853812689
nequip,dft/qsd/qsd_data.extxyz:576,qsd,coverage,CF3_30eV_9_9_O_F,12,O,20.901967416092763,18.361498085478907,1.2299989203653803,1.2299989203653803,43.21399111528952
nequip,dft/qsd/qsd_data.extxyz:443,qsd,coverage,CF3_20eV_4_78_F_C,94,Si,20.842290960554003,18.246899336003757,1.5869049269883813,1.5805841200328443,38.26750207832199
nequip,dft/qsd/qsd_data.extxyz:1313,qsd,coverage,CF_30eV_18_3_F_C,99,Si,20.826792081518093,17.360283070183996,1.5912669656597522,1.1431451005449835,31.92239398076017
nequip,dft/qsd/qsd_data.extxyz:1242,qsd,coverage,CF_30eV_18_12_F_F,81,Si,20.57177410101311,16.30887117460926,1.2737035248047321,1.1728677049437417,70.86286334122528
nequip,dft/qsd/qsd_data.extxyz:284,qsd,coverage,CF3_10eV_19_68_O_C,0,C,20.570527818255997,16.130069520262587,0.7100017002796539,0.7100017002796539,214.81373379248797
nequip,dft/qsd/qsd_data.extxyz:282,qsd,coverage,CF3_10eV_19_68_O_C,3,F,20.31643775260261,16.1165382270596,1.020053257580212,0.8793652029162854,81.82658707643307
nequip,dft/qsd/qsd_data.extxyz:263,qsd,coverage,CF3_10eV_19_59_Si_C,10,F,20.103686068576515,16.73937330839017,1.0575780635962513,0.9349967502082542,82.84957197404773
nequip,dft/qsd/qsd_data.extxyz:336,qsd,coverage,CF3_20eV_4_36_C_C,16,F,20.006208471130112,15.700613040679272,1.1620822119798588,1.1620822119798588,61.18623380765046
nequip,dft/qsd/qsd_data.extxyz:1188,qsd,coverage,CF_20eV_2_79_C_C,8,C,19.970023418887248,19.083912261680354,0.7600006002629226,1.306619940839722,192.66843632890783
nequip,dft/qsd/qsd_data.extxyz:967,qsd,coverage,CF_10eV_4_98_F_F,98,Si,19.871891096472726,17.057401148666504,1.5897771367081623,1.2757015281404969,27.716060089408902
nequip,dft/qsd/qsd_data.extxyz:1150,qsd,coverage,CF_20eV_2_76_C_F,7,C,19.674709430209855,17.621008054697924,1.1368361103079017,1.2835795392962583,49.297505565597966
nequip,dft/qsd/qsd_data.extxyz:283,qsd,coverage,CF3_10eV_19_68_O_C,0,C,19.558063033377145,19.084303049346868,0.9537845550227787,0.9537845550227787,146.75822413336377
nequip,dft/qsd/qsd_data.extxyz:286,qsd,coverage,CF3_10eV_19_68_O_C,8,F,19.46861284349901,15.710173567011907,0.9034415298180617,0.28399894806143233,181.95372466649746
nequip,dft/qsd/qsd_data.extxyz:436,qsd,coverage,CF3_20eV_4_50_C_F,19,F,19.39198626562343,16.10816899431559,0.7443924818266237,0.7443924818266237,308.54266409283827
nequip,dft/qsd/qsd_data.extxyz:302,qsd,coverage,CF3_10eV_19_68_Si_F,8,F,19.382003917403512,17.653079797197634,0.8399988402372951,0.8399988402372951,228.66562432429728
nequip,dft/qsd/qsd_data.extxyz:303,qsd,coverage,CF3_10eV_19_68_Si_F,3,F,19.28178412770735,16.105693029065776,1.3137498326926627,0.5040027682463689,47.62493747685835
nequip,dft/qsd/qsd_data.extxyz:1078,qsd,coverage,CF_20eV_2_54_O_C,36,F,19.281757183953527,14.573303230303864,1.060494710689308,0.7219346193388984,76.09077796918679
nequip,dft/qsd/qsd_data.extxyz:1331,qsd,coverage,CF_30eV_18_3_O_F,99,Si,19.222839538718958,18.06195703026094,1.5912669656597522,0.2459980520248069,35.95029419614901
nequip,dft/qsd/qsd_data.extxyz:523,qsd,coverage,CF3_30eV_9_36_F_C,1,C,19.092366196558473,17.029213416435823,0.6650026902953101,1.2595609813740645,389.2415515197665
nequip,dft/qsd/qsd_data.extxyz:1072,qsd,coverage,CF_20eV_2_54_F_C,13,C,18.73815344881853,18.404045915318633,1.3485946376135427,1.228183400718312,29.149045491488895
nequip,dft/qsd/qsd_data.extxyz:441,qsd,coverage,CF3_20eV_4_78_F_C,13,F,18.435375264060898,14.605033686380835,0.6650026902953101,1.5805841200328443,392.535153007945
nequip,dft/qsd/qsd_data.extxyz:505,qsd,coverage,CF3_20eV_4_98_Si_F,10,F,18.37991250123111,14.00469359017174,1.3376865774164,0.5040027682463689,42.21297911768633
nequip,dft/qsd/qsd_data.extxyz:1081,qsd,coverage,CF_20eV_2_54_O_C,36,F,18.361089540823194,17.385187014320735,0.8189007336057286,0.7100017002796531,243.91202263358838
nequip,dft/qsd/qsd_data.extxyz:732,qsd,coverage,CF_10eV_4_54_C_C,3,C,18.033797382736022,14.382288952184894,0.7600006002629206,1.5765943405644969,200.58056789921173
nequip,dft/qsd/qsd_data.extxyz:634,qsd,coverage,CF_10eV_4_37_C_F,22,F,17.91051490680922,12.947721199194248,0.8608230354724489,1.371796809662423,141.83025891997008
nequip,dft/qsd/qsd_data.extxyz:1238,qsd,coverage,CF_30eV_18_12_F_F,6,F,17.739471459769014,15.572602345342837,1.1400009003943816,1.1728677049437417,64.60639521392399
nequip,dft/qsd/qsd_data.extxyz:452,qsd,coverage,CF3_20eV_4_78_O_C,53,O,17.68156517306794,11.760158352177285,0.7100017002796539,0.7100017002796539,290.44357889742406
nequip,dft/qsd/qsd_data.extxyz:534,qsd,coverage,CF3_30eV_9_36_O_C,57,O,17.547479338604916,13.434166802866116,0.7100017002796539,0.7100017002796539,295.64705305592497
nequip,dft/qsd/qsd_data.extxyz:506,qsd,coverage,CF3_20eV_4_98_Si_F,10,F,17.52323607114903,14.937080324743267,1.3579939367316796,0.3359960720008509,28.063010196122637
nequip,dft/qsd/qsd_data.extxyz:576,qsd,coverage,CF3_30eV_9_9_O_F,11,F,17.213635443159724,12.736307105368539,1.2299989203653803,1.2299989203653803,36.36731657738247
nequip,dft/qsd/qsd_data.extxyz:584,qsd,coverage,CF3_30eV_9_9_Si_C,11,F,17.19285084629737,12.168917543716645,0.7829336610467059,0.9349967502082542,264.88568811636526
nequip,dft/qsd/qsd_data.extxyz:302,qsd,coverage,CF3_10eV_19_68_Si_F,3,F,17.042944045727378,15.116760031338806,1.2116598348133854,0.8399988402372951,63.34579501585277
nequip,dft/qsd/qsd_data.extxyz:525,qsd,coverage,CF3_30eV_9_36_F_C,86,Si,17.038912499315604,15.715842084688052,1.583804590756069,1.2595609813740645,31.193074041228282
nequip,dft/qsd/qsd_data.extxyz:890,qsd,coverage,CF_10eV_4_93_O_C,74,O,16.938685926719515,14.511511690289167,1.42000340055931,0.31560720048820157,1.8632068454082065
nequip,dft/qsd/qsd_data.extxyz:1007,qsd,coverage,CF_20eV_2_32_O_F,67,O,16.73063780769332,13.429132937651083,1.2299989203653803,1.1673245965882841,37.96555057555934
nequip,dft/qsd/qsd_data.extxyz:442,qsd,coverage,CF3_20eV_4_78_F_C,94,Si,16.664970544016438,13.52384048459113,1.5869049269883813,1.5805841200328443,30.3794162278118
nequip,dft/qsd/qsd_data.extxyz:531,qsd,coverage,CF3_30eV_9_36_F_F,1,C,16.586615073084765,14.358142269709708,1.296932413042408,1.2595609813740645,9.756322109443547
nequip,dft/qsd/qsd_data.extxyz:1080,qsd,coverage,CF_20eV_2_54_O_C,36,F,16.457378598008084,10.696254709015506,0.8625882205316743,0.7701740485760341,139.88945705827922
nequip,dft/qsd/qsd_data.extxyz:231,qsd,coverage,CF3_10eV_19_59_C_C,1,C,16.413395863167306,13.246756980120594,0.8529916746955977,1.351081189344298,106.23140493206492
nequip,dft/qsd/qsd_data.extxyz:236,qsd,coverage,CF3_10eV_19_59_C_F,10,F,16.3574941551495,14.455795244594466,1.0907873102488865,1.351081189344298,63.30970981754174
nequip,dft/qsd/qsd_data.extxyz:662,qsd,coverage,CF_10eV_4_37_Si_F,86,Si,16.319149078515586,11.945081592227751,0.8399988402372921,0.8399988402372921,237.59042769570095
nequip,dft/qsd/qsd_data.extxyz:1190,qsd,coverage,CF_20eV_2_79_C_C,42,F,16.271264535334446,14.100070591946256,1.2969324130424043,1.306619940839722,24.63544804563883
nequip,dft/qsd/qsd_data.extxyz:732,qsd,coverage,CF_10eV_4_54_C_C,5,C,16.113168887039787,10.879939161220904,0.7600006002629206,1.5765943405644969,204.41309401272915
nequip,dft/qsd/qsd_data.extxyz:1308,qsd,coverage,CF_30eV_18_3_C_F,2,C,16.062437109145783,13.808202823034435,1.296932413042408,1.1431451005449835,25.1800180295467
nequip,dft/qsd/qsd_data.extxyz:281,qsd,coverage,CF3_10eV_19_68_O_C,3,F,15.975981423040057,14.991490046432801,1.1343130013360514,0.9999017656250059,64.05072106831805
nequip,dft/qsd/qsd_data.extxyz:1330,qsd,coverage,CF_30eV_18_3_O_F,99,Si,15.818841770502942,15.063979095405147,1.5912669656597522,0.3689970780372108,30.06377595319259
nequip,dft/qsd/qsd_data.extxyz:1188,qsd,coverage,CF_20eV_2_79_C_C,28,C,15.758586304787686,14.113189966751293,0.7600006002629226,1.306619940839722,197.8609161771275
nequip,dft/qsd/qsd_data.extxyz:1300,qsd,coverage,CF_30eV_18_3_C_C,1,C,15.566077806407185,14.510509593921142,0.7600006002629202,1.1431451005449835,176.91205205884864
nequip,dft/qsd/qsd_data.extxyz:517,qsd,coverage,CF3_30eV_9_36_C_F,22,F,15.54346093219247,13.220190146671797,0.7520752664461184,1.2595609813740645,327.61976346832813
nequip,dft/qsd/qsd_data.extxyz:239,qsd,coverage,CF3_10eV_19_59_C_F,9,F,15.512044635713758,15.252537406783091,1.3175829906688987,1.351081189344298,44.446122785865064
nequip,dft/qsd/qsd_data.extxyz:511,qsd,coverage,CF3_30eV_9_36_C_C,24,F,15.395757400851583,11.512867229581715,1.2282813286865513,1.2595609813740645,53.34561093088788
nequip,dft/qsd/qsd_data.extxyz:284,qsd,coverage,CF3_10eV_19_68_O_C,3,F,15.388012332859468,12.420833596392306,1.0615602923056233,0.7100017002796539,70.03979992090724
nequip,dft/qsd/qsd_data.extxyz:527,qsd,coverage,CF3_30eV_9_36_F_F,8,F,15.34988407027579,13.284908047180608,1.1400009003943834,1.2595609813740645,53.58853039617607
nequip,dft/qsd/qsd_data.extxyz:1294,qsd,coverage,CF_30eV_18_13_Si_C,79,Si,15.293022742222286,13.15784905882117,0.5609997821746454,0.5609997821746454,568.6297186330504
nequip,dft/qsd/qsd_data.extxyz:238,qsd,coverage,CF3_10eV_19_59_C_F,10,F,15.240409245665441,14.350886287188914,0.8609791469600192,1.351081189344298,132.51183707528594
nequip,dft/qsd/qsd_data.extxyz:231,qsd,coverage,CF3_10eV_19_59_C_C,9,F,15.226933640039759,14.072485070219393,1.3637624506489383,1.351081189344298,21.609425136182846
nequip,dft/qsd/qsd_data.extxyz:281,qsd,coverage,CF3_10eV_19_68_O_C,8,F,15.191555446353101,12.57550175459562,1.213504250383986,0.9999017656250059,55.453543820750504
nequip,dft/qsd/qsd_data.extxyz:510,qsd,coverage,CF3_30eV_9_36_C_C,0,C,15.147026819722603,10.832497772405429,1.0639991083172953,1.2595609813740645,52.919129251089366
nequip,dft/qsd/qsd_data.extxyz:454,qsd,coverage,CF3_20eV_4_78_O_C,74,Si,15.099104768240721,9.41303312061306,1.5871385579085397,0.28399894806143317,28.232412236266793
nequip,dft/qsd/qsd_data.extxyz:511,qsd,coverage,CF3_30eV_9_36_C_C,41,O,14.994184161405048,10.177549459073399,1.261979962955038,1.2595609813740645,19.591314104136483
nequip,dft/qsd/qsd_data.extxyz:554,qsd,coverage,CF3_30eV_9_36_Si_F,1,C,14.952719965977439,13.47747825172074,0.8665533448091944,0.8399988402372951,138.6627803374061
nequip,dft/qsd/qsd_data.extxyz:334,qsd,coverage,CF3_20eV_4_36_C_C,2,C,14.90480215059886,10.426072391113763,0.7600006002629206,1.2137258592037987,200.56144826824973
nequip,dft/qsd/qsd_data.extxyz:244,qsd,coverage,CF3_10eV_19_59_F_C,7,F,14.8238250646406,10.435002928265533,0.6650026902953101,1.351081189344298,386.2961775111404
nequip,dft/qsd/qsd_data.extxyz:1036,qsd,coverage,CF_20eV_2_52_F_F,13,C,14.793801800665756,10.907466056048507,1.320680631189843,1.240891345968694,22.113477358186614
nequip,dft/qsd/qsd_data.extxyz:285,qsd,coverage,CF3_10eV_19_68_O_C,3,F,14.579620224070071,12.624449029595176,1.2015792583928877,0.4260027522211551,56.22732061002437
nequip,dft/qsd/qsd_data.extxyz:676,qsd,coverage,CF_10eV_4_39_F_C,8,C,14.544414681770068,12.917143932078204,0.6649940300483912,1.3097513380409276,391.2932433441467
nequip,dft/qsd/qsd_data.extxyz:1238,qsd,coverage,CF_30eV_18_12_F_F,10,F,14.54063722168956,13.032140243582996,1.1400009003943816,1.1728677049437417,62.1310907922819
nequip,dft/qsd/qsd_data.extxyz:1300,qsd,coverage,CF_30eV_18_3_C_C,2,C,14.537299946106861,13.311336399119227,0.7600006002629202,1.1431451005449835,190.28902904488626
nequip,dft/qsd/qsd_data.extxyz:335,qsd,coverage,CF3_20eV_4_36_C_C,16,F,14.533175687363231,11.998881935259925,1.177375005934813,1.177375005934813,54.48830227419784
nequip,dft/qsd/qsd_data.extxyz:1055,qsd,coverage,CF_20eV_2_52_Si_F,17,C,14.482812813881376,11.35023833841582,0.884973240160402,0.8399988402372951,126.05544155531459
nequip,dft/qsd/qsd_data.extxyz:304,qsd,coverage,CF3_10eV_19_68_Si_F,3,F,14.475017537582413,13.594820119401426,1.3247067607587732,0.3359960720008509,32.127943317031374
nequip,dft/qsd/qsd_data.extxyz:504,qsd,coverage,CF3_20eV_4_98_Si_F,11,F,14.351656462424861,11.0557557240586,0.8399988402372951,0.8399988402372951,233.63475786090646
nequip,dft/qsd/qsd_data.extxyz:236,qsd,coverage,CF3_10eV_19_59_C_F,7,F,14.345552939175146,11.034676593224617,1.0907873102488865,1.351081189344298,61.15015449189153
nequip,dft/qsd/qsd_data.extxyz:232,qsd,coverage,CF3_10eV_19_59_C_C,9,F,14.157505854007596,13.900579192228989,1.338108351143508,1.351081189344298,21.656885689856217
nequip,dft/qsd/qsd_data.extxyz:517,qsd,coverage,CF3_30eV_9_36_C_F,24,F,14.139635033894152,10.131658641749112,0.7520752664461184,1.2595609813740645,273.4238609361351
nequip,dft/qsd/qsd_data.extxyz:517,qsd,coverage,CF3_30eV_9_36_C_F,0,C,14.132793141498956,10.26593839300994,0.9310003023092955,1.2595609813740645,90.84118185264674
nequip,dft/qsd/qsd_data.extxyz:1071,qsd,coverage,CF_20eV_2_54_F_C,32,F,14.123518276379691,11.950065380720986,0.665002690295311,1.228183400718312,383.07252682413446
nequip,dft/qsd/qsd_data.extxyz:633,qsd,coverage,CF_10eV_4_37_C_F,6,C,14.08548449221827,12.980963290963427,1.3119552237405057,1.371796809662423,33.61754802213412
nequip,dft/qsd/qsd_data.extxyz:237,qsd,coverage,CF3_10eV_19_59_C_F,0,C,14.069977667259426,10.417923197227223,1.3299967203343017,1.351081189344298,31.719437875881027
nequip,dft/qsd/qsd_data.extxyz:1312,qsd,coverage,CF_30eV_18_3_F_C,99,Si,13.996962132843844,11.405993361607973,1.5912669656597522,1.1431451005449835,23.148187047231968
nequip,dft/qsd/qsd_data.extxyz:283,qsd,coverage,CF3_10eV_19_68_O_C,8,F,13.902198592019658,11.37017246850975,0.9855757199221185,0.9537845550227787,84.43380027301428
nequip,dft/qsd/qsd_data.extxyz:1322,qsd,coverage,CF_30eV_18_3_O_C,56,O,13.837745929855014,12.196279139628729,0.7100017002796539,0.7100017002796539,297.1258337799793
nequip,dft/qsd/qsd_data.extxyz:677,qsd,coverage,CF_10eV_4_39_F_C,87,Si,13.797482816253677,11.385977249791022,1.5918814325508048,1.3097513380409276,29.981869677032588
nequip,dft/qsd/qsd_data.extxyz:231,qsd,coverage,CF3_10eV_19_59_C_C,7,F,13.750544951977066,8.96984909266602,0.8529916746955977,1.351081189344298,142.6702698243246
nequip,dft/qsd/qsd_data.extxyz:579,qsd,coverage,CF3_30eV_9_9_O_F,74,Si,13.595304340947335,9.731264016672931,1.5632503301135106,0.3689970780372108,30.912689746855904
nequip,dft/qsd/qsd_data.extxyz:1071,qsd,coverage,CF_20eV_2_54_F_C,18,C,13.582163380557631,11.926167995929745,0.665002690295311,1.228183400718312,389.593255700036
nequip,dft/qsd/qsd_data.extxyz:510,qsd,coverage,CF3_30eV_9_36_C_C,41,O,13.575153108373465,10.874162416176496,1.261979962955038,1.2595609813740645,19.335334395601514
nequip,dft/qsd/qsd_data.extxyz:1010,qsd,coverage,CF_20eV_2_32_O_F,86,Si,13.566608347323397,12.318861932499376,1.5804122771606146,0.3690057383022674,24.925552894608234
nequip,dft/qsd/qsd_data.extxyz:1307,qsd,coverage,CF_30eV_18_3_C_F,61,O,13.551816838969758,10.634850590698468,1.1431451005449835,1.1431451005449835,17.409462135894206
nequip,dft/qsd/qsd_data.extxyz:792,qsd,coverage,CF_10eV_4_5_O_F,0,C,13.507566185339806,9.433454086733594,1.1995447063782159,0.6149951300620208,36.20171162617213
nequip,dft/qsd/qsd_data.extxyz:244,qsd,coverage,CF3_10eV_19_59_F_C,0,C,13.502351717899925,9.697387609575753,1.351081189344298,1.351081189344298,26.086175340209014
nequip,dft/qsd/qsd_data.extxyz:232,qsd,coverage,CF3_10eV_19_59_C_C,10,F,13.47561853888519,9.727885465981835,1.2969287527848257,1.351081189344298,46.43590648902809
nequip,dft/qsd/qsd_data.extxyz:237,qsd,coverage,CF3_10eV_19_59_C_F,7,F,13.296578577925601,11.704401826511628,0.8979678739799112,1.351081189344298,133.71503293362093
nequip,dft/qsd/qsd_data.extxyz:580,qsd,coverage,CF3_30eV_9_9_O_F,74,Si,13.206422024196398,9.903038840098802,1.5746652375028796,0.2459980520248069,34.063062494768346
nequip,dft/qsd/qsd_data.extxyz:759,qsd,coverage,CF_10eV_4_54_Si_C,13,F,13.12866452420818,12.014430540204074,1.0087627268094315,0.9349967502082552,71.41345578428677
nequip,dft/qsd/qsd_data.extxyz:577,qsd,coverage,CF3_30eV_9_9_O_F,11,F,13.10005349932144,11.592920750678005,0.8610018423325219,0.8610018423325219,133.00140840963203
nequip,dft/qsd/qsd_data.extxyz:261,qsd,coverage,CF3_10eV_19_59_Si_C,1,C,13.060280420272017,10.494070813881663,0.8180039509073279,1.351081189344298,153.00450440938465
nequip,dft/qsd/qsd_data.extxyz:760,qsd,coverage,CF_10eV_4_54_Si_C,13,F,12.805087190517002,10.826954390767693,1.1078714277839263,0.5609997821746454,64.33304738956106
nequip,dft/qsd/qsd_data.extxyz:1007,qsd,coverage,CF_20eV_2_32_O_F,26,F,12.78331326241997,10.708941867790198,1.2299989203653803,1.1673245965882841,34.71150281668905
nequip,dft/qsd/qsd_data.extxyz:1327,qsd,coverage,CF_30eV_18_3_O_F,56,O,12.750849545784646,11.104921459600227,1.2299989203653803,1.1431451005449835,36.32952712299651
nequip,dft/qsd/qsd_data.extxyz:261,qsd,coverage,CF3_10eV_19_59_Si_C,4,F,12.616335234939225,9.478362696269954,0.8180039509073279,1.351081189344298,154.70595732240164
nequip,dft/qsd/qsd_data.extxyz:527,qsd,coverage,CF3_30eV_9_36_F_F,24,F,12.60437447390296,10.962823163232244,1.1400009003943834,1.2595609813740645,50.89039500627424
nequip,dft/qsd/qsd_data.extxyz:301,qsd,coverage,CF3_10eV_19_68_Si_F,8,F,12.473668915441273,8.842645534564404,1.1760035724860711,1.1760035724860711,65.55102626119722
nequip,dft/qsd/qsd_data.extxyz:536,qsd,coverage,CF3_30eV_9_36_O_C,73,Si,12.317767547098528,9.21521927024642,1.5878282996911222,0.28399894806143233,26.28606836283376
nequip,dft/qsd/qsd_data.extxyz:1293,qsd,coverage,CF_30eV_18_13_Si_C,79,Si,12.294665144443805,10.49260189320546,0.9350054104656303,0.9350054104656303,161.99257538459358
nequip,dft/qsd/qsd_data.extxyz:534,qsd,coverage,CF3_30eV_9_36_O_C,1,C,12.182989042625097,9.71812135475807,0.7100017002796539,0.7100017002796539,283.4217440248573
nequip,dft/qsd/qsd_data.extxyz:334,qsd,coverage,CF3_20eV_4_36_C_C,3,C,12.159299884222305,8.662442671185431,0.7600006002629206,1.2137258592037987,181.42374963829755
nequip,dft/qsd/qsd_data.extxyz:964,qsd,coverage,CF_10eV_4_98_F_F,15,F,12.061421474752681,11.08514460472933,1.1400009003943832,1.2757015281404969,51.24615769618902
nequip,dft/qsd/qsd_data.extxyz:515,qsd,coverage,CF3_30eV_9_36_C_F,24,F,11.995433424774724,9.805250534116183,0.9860679530843708,1.2595609813740645,69.0232529397647
nequip,dft/qsd/qsd_data.extxyz:1216,qsd,coverage,CF_20eV_2_79_Si_C,35,F,11.855864373581944,8.479453000801755,1.2827392765874133,0.5609997821746454,40.10914355861023
nequip,dft/qsd/qsd_data.extxyz:1310,qsd,coverage,CF_30eV_18_3_F_C,3,F,11.774382921301854,10.051648047011852,0.9310003023092962,1.1431451005449835,70.59770395390721
nequip,dft/qsd/qsd_data.extxyz:14,qsd,coverage,CF3_10eV_19_10_O_F,3,F,11.720156394652289,10.052986969129563,0.8609931820868285,0.8609931820868285,132.78548967123365
nequip,dft/qsd/qsd_data.extxyz:435,qsd,coverage,CF3_20eV_4_50_C_F,2,C,11.635426415277406,10.588814627056934,1.1803579210985107,0.8515661422344121,33.24260737440075
nequip,dft/qsd/qsd_data.extxyz:441,qsd,coverage,CF3_20eV_4_78_F_C,0,C,11.504995240157236,11.1443354064873,0.6650026902953101,1.5805841200328443,388.6080439555133
nequip,dft/qsd/qsd_data.extxyz:244,qsd,coverage,CF3_10eV_19_59_F_C,10,F,11.484597330606293,10.125277485284183,1.296928752784826,1.351081189344298,12.30974137411725
nequip,dft/qsd/qsd_data.extxyz:453,qsd,coverage,CF3_20eV_4_78_O_C,74,Si,11.47681921761369,7.582337329316767,1.5871385579085397,0.42600275222115597,21.69197950675392
nequip,dft/qsd/qsd_data.extxyz:582,qsd,coverage,CF3_30eV_9_9_Si_C,74,Si,11.384203121162143,8.5707065085689,1.5868292418845826,1.5826712245757153,20.63534135506755
nequip,dft/qsd/qsd_data.extxyz:518,qsd,coverage,CF3_30eV_9_36_C_F,22,F,11.349759914134207,10.64148738660964,0.8444329941445928,1.2595609813740645,193.95763581063554
nequip,dft/qsd/qsd_data.extxyz:1071,qsd,coverage,CF_20eV_2_54_F_C,13,C,11.33390903899492,11.102662726640284,1.3485946376135427,1.228183400718312,24.60382081853664
nequip,dft/qsd/qsd_data.extxyz:314,qsd,coverage,CF3_10eV_19_84_F_F,93,Si,11.246286385414669,7.773576171249545,1.5883613265563985,1.5883613265563985,17.820717574525332
nequip,dft/qsd/qsd_data.extxyz:504,qsd,coverage,CF3_20eV_4_98_Si_F,10,F,11.21377687258423,9.140288019306126,1.2406745432223554,0.8399988402372951,52.64871890638846
nequip,dft/qsd/qsd_data.extxyz:553,qsd,coverage,CF3_30eV_9_36_Si_F,1,C,11.163209366729172,9.458132693297362,1.1422503131538202,1.1760035724860711,43.98351587015106
nequip,dft/qsd/qsd_data.extxyz:1324,qsd,coverage,CF_30eV_18_3_O_C,78,Si,11.051815858976656,7.696879687158702,1.67830462324335,0.28399894806143233,25.754472151471578
nequip,dft/qsd/qsd_data.extxyz:311,qsd,coverage,CF3_10eV_19_84_F_F,3,F,10.954006093107033,9.4933140582865,1.1400009003943803,1.5883613265563985,49.32297890069468
nequip,dft/qsd/qsd_data.extxyz:533,qsd,coverage,CF3_30eV_9_36_O_C,57,O,10.89675716358272,7.668266896772636,0.9940006483398287,0.9940006483398287,58.925162582419496
nequip,dft/qsd/qsd_data.extxyz:481,qsd,coverage,CF3_20eV_4_98_F_F,9,F,10.818121760649248,9.687478322794313,1.1400009003943816,1.5846581323742983,48.95843828595766
nequip,dft/qsd/qsd_data.extxyz:634,qsd,coverage,CF_10eV_4_37_C_F,6,C,10.774103604358007,9.601515127209508,0.9310003023092951,1.371796809662423,90.6531472729174
nequip,dft/qsd/qsd_data.extxyz:759,qsd,coverage,CF_10eV_4_54_Si_C,5,C,10.71983769714166,9.610693967935674,0.9349967502082552,0.9349967502082552,164.66397490208809
nequip,dft/qsd/qsd_data.extxyz:516,qsd,coverage,CF3_30eV_9_36_C_F,24,F,10.717899053211664,9.153556789661366,0.7808793950412577,1.2595609813740645,256.242211279836
nequip,dft/qsd/qsd_data.extxyz:237,qsd,coverage,CF3_10eV_19_59_C_F,10,F,10.62995121392111,8.809930870296647,0.8979678739799112,1.351081189344298,119.57438644262719
nequip,dft/qsd/qsd_data.extxyz:662,qsd,coverage,CF_10eV_4_37_Si_F,22,F,10.600823758568854,8.199527192379605,0.8399988402372921,0.8399988402372921,244.100796659016
nequip,dft/qsd/qsd_data.extxyz:524,qsd,coverage,CF3_30eV_9_36_F_C,86,Si,10.579643242095463,9.882408724522232,1.583804590756069,1.2595609813740645,21.11224110873834
nequip,dft/qsd/qsd_data.extxyz:522,qsd,coverage,CF3_30eV_9_36_F_C,8,F,10.544872079930625,9.289911929474776,0.9310003023092971,1.2595609813740645,70.61479942361123
nequip,dft/qsd/qsd_data.extxyz:1215,qsd,coverage,CF_20eV_2_79_Si_C,28,C,10.44161513004877,9.594313941140186,0.9350054104656311,0.9350054104656311,180.0419755944665
nequip,dft/qsd/qsd_data.extxyz:230,qsd,coverage,CF3_10eV_19_59_C_C,9,F,10.430416668043753,7.92638024564668,1.3637624506489383,1.351081189344298,13.692702491126468
nequip,dft/qsd/qsd_data.extxyz:633,qsd,coverage,CF_10eV_4_37_C_F,22,F,10.371142543674617,9.145657795748235,0.904217267253839,1.371796809662423,119.92196613093267
nequip,dft/qsd/qsd_data.extxyz:508,qsd,coverage,CF3_30eV_9_36_C_C,14,F,10.31382736216733,7.489895597791602,1.2952587557318442,1.2595609813740645,36.76667651900207
nequip,dft/qsd/qsd_data.extxyz:451,qsd,coverage,CF3_20eV_4_78_O_C,0,C,10.302263762189927,7.5800882770846565,0.9940006483398287,0.9940006483398287,52.244014820203155
nequip,dft/qsd/qsd_data.extxyz:283,qsd,coverage,CF3_10eV_19_68_O_C,55,O,10.287882744437198,8.34851488268588,0.9940006483398287,0.9537845550227787,52.17211234315169
nequip,dft/qsd/qsd_data.extxyz:499,qsd,coverage,CF3_20eV_4_98_Si_C,9,F,10.263379498117722,9.178748527900249,1.5453202981259258,0.5609997821746454,10.483195732193307
nequip,dft/qsd/qsd_data.extxyz:533,qsd,coverage,CF3_30eV_9_36_O_C,1,C,10.245908624001835,7.684200661157789,0.9940006483398287,0.9940006483398287,51.0063465016808
nequip,dft/qsd/qsd_data.extxyz:581,qsd,coverage,CF3_30eV_9_9_Si_C,0,C,10.242236254872083,8.746038405129969,0.9628145148469637,1.5826712245757153,61.0059401028043
nequip,dft/qsd/qsd_data.extxyz:435,qsd,coverage,CF3_20eV_4_50_C_F,19,F,10.044781523779093,9.329917685766574,0.8515661422344121,0.8515661422344121,163.91428157581643
nequip,dft/qsd/qsd_data.extxyz:14,qsd,coverage,CF3_10eV_19_10_O_F,45,O,10.003044520916754,9.175717176176207,0.8609931820868285,0.8609931820868285,136.29528508336736
nequip,dft/qsd/qsd_data.extxyz:262,qsd,coverage,CF3_10eV_19_59_Si_C,1,C,9.915789648720692,7.82152208835123,0.7002969793594719,1.3090023784928708,308.4775407681505
nequip,dft/qsd/qsd_data.extxyz:1191,qsd,coverage,CF_20eV_2_79_C_C,19,C,9.828895653527658,8.255913181385932,1.3497893133744978,1.306619940839722,24.365418234358753
nequip,dft/qsd/qsd_data.extxyz:1149,qsd,coverage,CF_20eV_2_76_C_F,30,C,9.824843715656513,9.002697300378887,1.2969287527848226,1.2835795392962583,11.522888076834471
nequip,dft/qsd/qsd_data.extxyz:1054,qsd,coverage,CF_20eV_2_52_Si_F,17,C,9.747031435762826,8.754790969917877,1.1584415416411806,1.1759949122338913,41.64068551005072
nequip,dft/qsd/qsd_data.extxyz:436,qsd,coverage,CF3_20eV_4_50_C_F,2,C,9.737923207395262,7.461314562416092,0.9310003023092951,0.7443924818266237,90.37682295817254
nequip,dft/qsd/qsd_data.extxyz:1311,qsd,coverage,CF_30eV_18_3_F_C,6,F,9.684235482507518,8.44583721876445,1.2969237527703794,1.1431451005449835,10.387400586525677
nequip,dft/qsd/qsd_data.extxyz:1189,qsd,coverage,CF_20eV_2_79_C_C,42,F,9.621594450507574,8.28578305439798,1.2969287527848257,1.306619940839722,16.08167552301022
nequip,dft/qsd/qsd_data.extxyz:523,qsd,coverage,CF3_30eV_9_36_F_C,24,F,9.5535821407982,8.118381463222459,1.2969237527703794,1.2595609813740645,9.827934809915815
nequip,dft/qsd/qsd_data.extxyz:535,qsd,coverage,CF3_30eV_9_36_O_C,73,Si,9.531109553573852,6.468805915365457,1.5878282996911222,0.4260027522211551,21.910442592751657
nequip,dft/qsd/qsd_data.extxyz:1294,qsd,coverage,CF_30eV_18_13_Si_C,4,C,9.515127458666633,7.569942934815572,0.5609997821746454,0.5609997821746454,567.3725875336138
nequip,dft/qsd/qsd_data.extxyz:282,qsd,coverage,CF3_10eV_19_68_O_C,94,Si,9.30503271994636,8.305793943650585,0.8793652029162854,0.8793652029162854,208.63066583804056
nequip,dft/qsd/qsd_data.extxyz:229,qsd,coverage,CF3_10eV_19_59_C_C,1,C,9.2135540661993,6.851993214415843,1.2596691198485428,1.351081189344298,16.34597668919805
nequip,dft/qsd/qsd_data.extxyz:1033,qsd,coverage,CF_20eV_2_52_F_F,33,F,9.209218961792796,7.648600351888717,1.1400009003943818,1.240891345968694,46.310657978796065
nequip,dft/qsd/qsd_data.extxyz:16,qsd,coverage,CF3_10eV_19_10_O_F,91,Si,9.208308679595255,6.176732517040646,1.5801362450750878,0.3689970780372108,21.162530881103468
nequip,dft/qsd/qsd_data.extxyz:759,qsd,coverage,CF_10eV_4_54_Si_C,21,F,9.206635189326446,6.884425487718751,1.296932413042408,0.9349967502082552,40.93952707406202
nequip,dft/qsd/qsd_data.extxyz:503,qsd,coverage,CF3_20eV_4_98_Si_F,11,F,9.157630469127076,7.6774865698628005,1.1760035724860711,1.1760035724860711,64.18908101498772
nequip,dft/qsd/qsd_data.extxyz:758,qsd,coverage,CF_10eV_4_54_Si_C,83,Si,9.131953021934818,8.717228113461786,1.3090023784928768,1.3090023784928768,41.31695893316889
nequip,dft/qsd/qsd_data.extxyz:498,qsd,coverage,CF3_20eV_4_98_Si_C,0,C,9.129736688516653,8.062411889281393,0.9349967502082542,0.9349967502082542,178.984328427255
nequip,dft/qsd/qsd_data.extxyz:1293,qsd,coverage,CF_30eV_18_13_Si_C,4,C,9.060928108294986,7.7736683148195596,0.9350054104656303,0.9350054104656303,161.81741464342795
nequip,dft/qsd/qsd_data.extxyz:577,qsd,coverage,CF3_30eV_9_9_O_F,12,O,9.032344449798853,8.403274145264348,0.8610018423325219,0.8610018423325219,144.09372478011596
nequip,dft/qsd/qsd_data.extxyz:441,qsd,coverage,CF3_20eV_4_78_F_C,94,Si,9.012330702113996,6.715770095250445,1.5869049269883813,1.5805841200328443,20.69353618556797
nequip,dft/qsd/qsd_data.extxyz:230,qsd,coverage,CF3_10eV_19_59_C_C,1,C,8.899761593913182,8.843701299553658,0.9742908375839332,1.351081189344298,56.50427139390766
nequip,dft/qsd/qsd_data.extxyz:508,qsd,coverage,CF3_30eV_9_36_C_C,24,F,8.824797762735972,7.086070823409926,1.2952587557318442,1.2595609813740645,33.6751680106537
nequip,dft/qsd/qsd_data.extxyz:452,qsd,coverage,CF3_20eV_4_78_O_C,14,F,8.728739938995307,5.70259913102465,1.2969237527703779,0.7100017002796539,14.157905178476547
nequip,dft/qsd/qsd_data.extxyz:633,qsd,coverage,CF_10eV_4_37_C_F,21,F,8.67958635778076,7.962948620719597,0.904217267253839,1.371796809662423,126.77484417134775
nequip,dft/qsd/qsd_data.extxyz:509,qsd,coverage,CF3_30eV_9_36_C_C,1,C,8.638159736198695,6.866303771640673,0.8618053597535821,1.2595609813740645,113.41017895736805
nequip,dft/qsd/qsd_data.extxyz:301,qsd,coverage,CF3_10eV_19_68_Si_F,3,F,8.633150716635583,8.089935026753622,1.1983701939717966,1.1760035724860711,52.83300395244748
nequip,dft/qsd/qsd_data.extxyz:1323,qsd,coverage,CF_30eV_18_3_O_C,99,Si,8.56454644260672,7.8953174300583555,1.5912669656597522,0.4260027522211551,25.229956861188843
nequip,dft/qsd/qsd_data.extxyz:675,qsd,coverage,CF_10eV_4_39_F_C,14,F,8.556897348266139,8.093980959922554,0.9309916420677488,1.3097513380409276,75.25254453005209
nequip,dft/qsd/qsd_data.extxyz:1294,qsd,coverage,CF_30eV_18_13_Si_C,11,F,8.528000569940836,7.414774865751678,1.296937413023467,0.5609997821746454,3.833287005192411
nequip,dft/qsd/qsd_data.extxyz:516,qsd,coverage,CF3_30eV_9_36_C_F,0,C,8.490351956494232,7.774009189119834,1.2595609813740645,1.2595609813740645,31.230966211562603
nequip,dft/qsd/qsd_data.extxyz:534,qsd,coverage,CF3_30eV_9_36_O_C,24,F,8.439965809076801,7.884882980974134,1.2969237527703776,0.7100017002796539,15.0897602725376
nequip,dft/qsd/qsd_data.extxyz:632,qsd,coverage,CF_10eV_4_37_C_F,22,F,8.377404393308462,6.7303980317706475,1.1011827781526549,1.371796809662423,56.658299245402745
nequip,dft/qsd/qsd_data.extxyz:263,qsd,coverage,CF3_10eV_19_59_Si_C,97,Si,8.376131031930798,7.593839529319139,0.9349967502082542,0.9349967502082542,175.62699968410584
nequip,dft/qsd/qsd_data.extxyz:333,qsd,coverage,CF3_20eV_4_36_C_C,3,C,8.3310482503167,7.239225378015796,1.2338395236820714,1.2137258592037987,42.47560493479758
nequip,dft/etch/trj_CF2_30eV.extxyz:232,etch,prior_outlier,trj_CF2_30eV_case1,23,F,8.322453909693639,8.047315960452236,1.50406116896887,1.1676472069936201,10.420983411664468
nequip,dft/qsd/qsd_data.extxyz:676,qsd,coverage,CF_10eV_4_39_F_C,87,Si,8.298269329982077,7.0924146927769645,1.5918814325508048,1.3097513380409276,20.054489615516772
nequip,dft/etch/trj_CF2_30eV.extxyz:874,etch,prior_outlier,trj_CF2_30eV_case1,4,F,8.08418533308895,7.964789383538472,1.365357096147376,1.220040982918196,9.329127942569121
nequip,dft/qsd/qsd_data.extxyz:498,qsd,coverage,CF3_20eV_4_98_Si_C,9,F,8.029489269564008,7.4984549012565225,1.6002997778228927,0.9349967502082542,10.03269068994699
nequip,dft/qsd/qsd_data.extxyz:1215,qsd,coverage,CF_20eV_2_79_Si_C,33,F,7.993404507221338,7.312522740315565,1.5957894435357065,0.9350054104656311,9.557733449490732
nequip,dft/qsd/qsd_data.extxyz:1008,qsd,coverage,CF_20eV_2_32_O_F,67,O,7.962920598319121,6.29418236340517,0.861001842332521,0.861001842332521,139.03414486002313
nequip,dft/qsd/qsd_data.extxyz:791,qsd,coverage,CF_10eV_4_5_O_F,0,C,7.886857572482842,6.764627720926974,1.1995447063782159,0.8609931820868285,24.942704713053814
nequip,dft/qsd/qsd_data.extxyz:889,qsd,coverage,CF_10eV_4_93_O_C,24,F,7.886827774362666,5.6066326386700105,1.2969324130424065,0.35439412777302026,38.96334552077746
nequip,dft/qsd/qsd_data.extxyz:515,qsd,coverage,CF3_30eV_9_36_C_F,1,C,7.830300688437152,7.490192975717432,1.2969287527848257,1.2595609813740645,14.38115837152804
nequip,dft/qsd/qsd_data.extxyz:632,qsd,coverage,CF_10eV_4_37_C_F,21,F,7.764755123002736,5.463187204775082,1.1011827781526549,1.371796809662423,54.89743786005181
nequip,dft/etch/trj_CF2_30eV.extxyz:292,etch,prior_outlier,trj_CF2_30eV_case1,14,F,7.7361776359277865,6.613748152380795,1.89844673351664,1.0402403568406686,11.237348315979798
nequip,dft/qsd/qsd_data.extxyz:516,qsd,coverage,CF3_30eV_9_36_C_F,22,F,7.629281684566652,4.682014154327106,0.7808793950412577,1.2595609813740645,264.1910873674313
nequip,dft/qsd/qsd_data.extxyz:437,qsd,coverage,CF3_20eV_4_50_C_F,68,O,7.534617827253246,5.525246772192531,0.7854789447209897,0.7854789447209897,253.37747717208845
nequip,dft/qsd/qsd_data.extxyz:733,qsd,coverage,CF_10eV_4_54_C_C,21,F,7.436847445248704,6.56931197277166,1.2969374130234654,1.5765943405644969,9.429436766670902
nequip,dft/qsd/qsd_data.extxyz:440,qsd,coverage,CF3_20eV_4_78_F_C,13,F,7.406826235894924,6.908943450722774,0.9310003023092941,1.5805841200328443,72.62159825656562
nequip,dft/qsd/qsd_data.extxyz:1008,qsd,coverage,CF_20eV_2_32_O_F,26,F,7.371569302460662,6.317998538806918,0.861001842332521,0.861001842332521,135.47967771283328
nequip,dft/qsd/qsd_data.extxyz:1033,qsd,coverage,CF_20eV_2_52_F_F,17,C,7.351317323234569,6.350097755655737,1.2969374130234648,1.240891345968694,9.805703251818606
nequip,dft/qsd/qsd_data.extxyz:1327,qsd,coverage,CF_30eV_18_3_O_F,6,F,7.336808239725288,5.749671775540136,1.2299989203653803,1.1431451005449835,28.836563439612945
nequip,dft/qsd/qsd_data.extxyz:1310,qsd,coverage,CF_30eV_18_3_F_C,6,F,7.2699325139120115,6.301243449830794,1.2969237527703794,1.1431451005449835,6.045696478292803
nequip,dft/qsd/qsd_data.extxyz:581,qsd,coverage,CF3_30eV_9_9_Si_C,6,F,7.1803240011162535,6.533694413600422,0.9628145148469637,1.5826712245757153,57.047569373080734
nequip,dft/qsd/qsd_data.extxyz:483,qsd,coverage,CF3_20eV_4_98_F_F,77,Si,7.150244180600504,6.92800631480026,1.60440257956038,1.5846581323742983,22.059673185709258
nequip,dft/qsd/qsd_data.extxyz:551,qsd,coverage,CF3_30eV_9_36_Si_F,24,F,7.100181886573464,5.723252085711593,0.902713957962323,1.2595609813740645,114.20807724201083
nequip,dft/qsd/qsd_data.extxyz:1239,qsd,coverage,CF_30eV_18_12_F_F,10,F,7.0844606182665,6.5951630149031075,0.7980014963018561,1.1728677049437417,202.82070405962563
nequip,dft/qsd/qsd_data.extxyz:1215,qsd,coverage,CF_20eV_2_79_Si_C,37,F,7.080964908577009,6.882046747406896,1.5712368433498483,0.9350054104656311,11.181203812534008
nequip,dft/qsd/qsd_data.extxyz:500,qsd,coverage,CF3_20eV_4_98_Si_C,9,F,7.064110960910991,5.937273538128725,1.5512758624113248,0.37399696803583704,12.023765029280845
nequip,dft/FC/CF0.4_d2.3.extxyz:49,FC,coverage,dft/FC/CF0.4_d2.3.extxyz:melt,25,C,7.060715285666517,5.840703226407755,1.284426422805137,,14.012508561565484
nequip,dft/FC/CF0.4_d3.2.extxyz:7,FC,coverage,dft/FC/CF0.4_d3.2.extxyz:melt,36,C,7.03875265454914,6.725583539979013,1.1636443373124752,,6.773619970994387
nequip,dft/qsd/qsd_data.extxyz:530,qsd,coverage,CF3_30eV_9_36_F_F,86,Si,7.036439292959542,6.4520428805681185,1.583804590756069,1.2595609813740645,14.210955878348859
nequip,dft/qsd/qsd_data.extxyz:1009,qsd,coverage,CF_20eV_2_32_O_F,86,Si,7.022416786425782,6.271868143847618,1.5804122771606146,0.6150037903135221,16.966334988118117
nequip,dft/qsd/qsd_data.extxyz:230,qsd,coverage,CF3_10eV_19_59_C_C,7,F,6.9874554763139125,6.231772129618406,0.9742908375839332,1.351081189344298,65.1428096654325
nequip,dft/qsd/qsd_data.extxyz:522,qsd,coverage,CF3_30eV_9_36_F_C,24,F,6.9679257703255315,6.109688760113546,1.2969237527703794,1.2595609813740645,5.700195739306064
nequip,dft/qsd/qsd_data.extxyz:238,qsd,coverage,CF3_10eV_19_59_C_F,0,C,6.962489403228501,6.838620082633529,0.9310003023092951,1.351081189344298,87.82994661463597
nequip,dft/qsd/qsd_data.extxyz:515,qsd,coverage,CF3_30eV_9_36_C_F,22,F,6.883712297522778,4.584532308227354,0.9860679530843708,1.2595609813740645,73.46477290265855
nequip,dft/qsd/qsd_data.extxyz:243,qsd,coverage,CF3_10eV_19_59_F_C,7,F,6.8757847193497765,5.029060521581741,0.9310003023092971,1.351081189344298,66.82602096373867
nequip,dft/qsd/qsd_data.extxyz:1052,qsd,coverage,CF_20eV_2_52_Si_F,35,F,6.804897750611991,4.487135799942331,0.9207919359985732,1.240891345968694,102.09006023610897
nequip,dft/qsd/qsd_data.extxyz:635,qsd,coverage,CF_10eV_4_37_C_F,55,O,6.792102264907519,4.798133796146054,1.371796809662423,1.371796809662423,3.7122063213547274
nequip,dft/qsd/qsd_data.extxyz:262,qsd,coverage,CF3_10eV_19_59_Si_C,97,Si,6.769318096559274,4.93672005765724,1.3090023784928708,1.3090023784928708,44.54618408526834
nequip,dft/etch/trj_CF2_30eV.extxyz:232,etch,prior_outlier,trj_CF2_30eV_case1,97,O,6.710250390251853,6.553951592262139,1.1676472069936201,1.1676472069936201,2.817126252383624
nequip,dft/etch/trj_CF2_30eV.extxyz:339,etch,prior_outlier,trj_CF2_30eV_case1,27,F,6.6781040474927655,6.525714097546551,1.369854006819703,1.363121417922852,19.21783306359515
nequip,dft/qsd/qsd_data.extxyz:440,qsd,coverage,CF3_20eV_4_78_F_C,14,F,6.674534108596314,5.600689734579695,1.2969287527848257,1.5805841200328443,6.0389535881353655
nequip,dft/etch/trj_CF2_30eV.extxyz:650,etch,prior_outlier,trj_CF2_30eV_case1,25,F,6.656492120726698,4.765990300311614,1.2517587627015057,1.4723111084278335,6.43244300955228
nequip,dft/qsd/qsd_data.extxyz:243,qsd,coverage,CF3_10eV_19_59_F_C,10,F,6.650458999303795,5.759964992968807,1.2969374130234643,1.351081189344298,6.40623435896393
nequip,dft/FC/CF0.4_d3.2.extxyz:21,FC,coverage,dft/FC/CF0.4_d3.2.extxyz:melt,29,C,6.649497537487018,4.767893560976308,1.4706686538737719,,2.8298977291331573
nequip,dft/qsd/qsd_data.extxyz:435,qsd,coverage,CF3_20eV_4_50_C_F,3,C,6.621877743890266,5.292692301575132,1.2969374130234639,0.8515661422344121,7.958486571177022
nequip,dft/qsd/qsd_data.extxyz:508,qsd,coverage,CF3_30eV_9_36_C_C,1,C,6.612975148095169,5.066839196623333,1.1646177297293743,1.2595609813740645,21.084797937487142
nequip,dft/FC/CF0.4_d3.2.extxyz:49,FC,coverage,dft/FC/CF0.4_d3.2.extxyz:melt,9,C,6.611621530249246,5.9286499013197265,1.3448794550442058,,3.1055963785447074
nequip,dft/FC/CF0.4_d3.2.extxyz:7,FC,coverage,dft/FC/CF0.4_d3.2.extxyz:melt,27,C,6.6024283062141595,4.222310708747517,1.3765688685278339,,4.75974513513833
nequip,dft/qsd/qsd_data.extxyz:1329,qsd,coverage,CF_30eV_18_3_O_F,2,C,6.588672649610604,5.691026164483658,1.2969287527848266,0.6150037903135221,9.197522856885543
nequip,dft/qsd/qsd_data.extxyz:791,qsd,coverage,CF_10eV_4_5_O_F,66,O,6.584811041511874,6.031123543694676,0.8609931820868285,0.8609931820868285,132.92873242580478
nequip,dft/qsd/qsd_data.extxyz:1239,qsd,coverage,CF_30eV_18_12_F_F,6,F,6.584330233641143,5.018332230292174,0.7980014963018561,1.1728677049437417,238.3513004392854
nequip,dft/qsd/qsd_data.extxyz:302,qsd,coverage,CF3_10eV_19_68_Si_F,0,C,6.583599081292711,5.035203984746515,1.2969374130234639,0.8399988402372951,9.331395331533756
nequip,dft/qsd/qsd_data.extxyz:966,qsd,coverage,CF_10eV_4_98_F_F,98,Si,6.581703181427863,5.852141705512134,1.5897771367081623,1.2757015281404969,18.49268102578823
nequip,dft/qsd/qsd_data.extxyz:1322,qsd,coverage,CF_30eV_18_3_O_C,6,F,6.5651252973704635,4.502493642999349,1.2969287527848241,0.7100017002796539,10.549129519120761
nequip,dft/qsd/qsd_data.extxyz:532,qsd,coverage,CF3_30eV_9_36_O_C,1,C,6.544554057170096,5.890439576156959,1.296932413042408,1.2595609813740645,7.071591712028134
nequip,dft/qsd/qsd_data.extxyz:1305,qsd,coverage,CF_30eV_18_3_C_F,1,C,6.533984948122346,5.3909886922365935,0.9310003023092955,1.1431451005449835,63.88176962344585
nequip,dft/qsd/qsd_data.extxyz:451,qsd,coverage,CF3_20eV_4_78_O_C,53,O,6.4759197881271815,4.5107463373162915,0.9940006483398287,0.9940006483398287,50.94656727182525
nequip,dft/qsd/qsd_data.extxyz:434,qsd,coverage,CF3_20eV_4_50_C_F,68,O,6.464452759483605,5.868763904978651,1.1020955498957439,1.1020955498957439,35.1972953087148
nequip,dft/qsd/qsd_data.extxyz:450,qsd,coverage,CF3_20eV_4_78_O_C,0,C,6.397388422236204,5.478054504122735,1.2969324130424063,1.5805841200328443,7.029591161560962
nequip,dft/qsd/qsd_data.extxyz:1322,qsd,coverage,CF_30eV_18_3_O_C,2,C,6.371158221191007,6.110536899492502,0.7100017002796539,0.7100017002796539,288.9274962841489
nequip,dft/qsd/qsd_data.extxyz:260,qsd,coverage,CF3_10eV_19_59_Si_C,1,C,6.35083299628988,5.089420013551971,1.215436785398564,1.351081189344298,18.504197604622444
nequip,dft/qsd/qsd_data.extxyz:964,qsd,coverage,CF_10eV_4_98_F_F,22,F,6.332949766474958,5.626354000166046,1.1400009003943832,1.2757015281404969,44.76563003644508
nequip,dft/qsd/qsd_data.extxyz:1034,qsd,coverage,CF_20eV_2_52_F_F,17,C,6.322276260452532,5.422546535304741,1.2969374130234668,1.240891345968694,12.824397055605148
nequip,dft/qsd/qsd_data.extxyz:509,qsd,coverage,CF3_30eV_9_36_C_C,41,O,6.2913141150464265,5.211549458763324,1.261979962955038,1.2595609813740645,8.394689776026926
nequip,dft/FC/CF0.4_d2.3.extxyz:0,FC,coverage,dft/FC/CF0.4_d2.3.extxyz:melt,6,C,6.290049567633686,5.180803101890392,1.2983798321754685,,5.642170204087962
nequip,dft/etch/trj_CF2_30eV.extxyz:292,etch,prior_outlier,trj_CF2_30eV_case1,102,O,6.270704320531052,5.062350664374342,1.5111254084290935,1.0402403568406686,9.885078000884869
nequip,dft/qsd/qsd_data.extxyz:661,qsd,coverage,CF_10eV_4_37_Si_F,22,F,6.268070655260635,6.156837161564816,1.1760035724860711,1.1760035724860711,56.19394994212866
nequip,dft/etch/trj_CF2_30eV.extxyz:339,etch,prior_outlier,trj_CF2_30eV_case1,102,O,6.263750288944427,6.106169634122153,1.4711560080426538,1.363121417922852,18.098467245488333
nequip,dft/qsd/qsd_data.extxyz:481,qsd,coverage,CF3_20eV_4_98_F_F,11,F,6.250165347954942,4.927794152402171,1.1400009003943816,1.5846581323742983,42.51947394737885
nequip,dft/qsd/qsd_data.extxyz:581,qsd,coverage,CF3_30eV_9_9_Si_C,11,F,6.225858817374413,5.347034238837294,1.2969287527848257,1.5826712245757153,6.350301735640914
nequip,dft/qsd/qsd_data.extxyz:675,qsd,coverage,CF_10eV_4_39_F_C,8,C,6.199548493140751,5.430682729724332,0.9309916420677488,1.3097513380409276,71.40741861520243
nequip,dft/qsd/qsd_data.extxyz:333,qsd,coverage,CF3_20eV_4_36_C_C,102,Si,6.169368520431203,4.664902477475323,1.2338395236820714,1.2137258592037987,51.56796943250486
nequip,dft/qsd/qsd_data.extxyz:791,qsd,coverage,CF_10eV_4_5_O_F,7,F,6.157068205727138,5.563957098045396,0.8609931820868285,0.8609931820868285,139.48134659637188
nequip,dft/etch/trj_CF2_30eV.extxyz:282,etch,prior_outlier,trj_CF2_30eV_case1,11,F,6.127991670349124,4.485095506523449,1.2218837915284744,1.536847422485394,9.681110097161637
nequip,dft/etch/trj_CF2_30eV.extxyz:292,etch,prior_outlier,trj_CF2_30eV_case1,147,Si,6.103121730962468,4.4662829623219045,1.5515798400340202,1.0402403568406686,5.73762851093873
nequip,dft/etch/trj_CF2_30eV.extxyz:425,etch,prior_outlier,trj_CF2_30eV_case1,7,F,6.079964152052303,4.980428246318158,1.29201393181343,1.2781627439414756,6.934459793350452
nequip,dft/qsd/qsd_data.extxyz:311,qsd,coverage,CF3_10eV_19_84_F_F,0,C,6.078273472496957,5.2323022396870815,1.2969374130234668,1.5883613265563985,10.430131208560418
nequip,dft/qsd/qsd_data.extxyz:1305,qsd,coverage,CF_30eV_18_3_C_F,61,O,6.056692171476851,4.917644667908222,1.1431451005449835,1.1431451005449835,6.696234512388138
nequip,dft/qsd/qsd_data.extxyz:334,qsd,coverage,CF3_20eV_4_36_C_C,1,C,6.015160675909898,6.002149033467225,1.342733009462418,1.2137258592037987,12.227852561037896
nequip,dft/etch/trj_CF2_30eV.extxyz:163,etch,prior_outlier,trj_CF2_30eV_case1,22,F,6.0114545776457255,6.008174193701849,1.2146604463799762,1.1751170154499515,3.6876888034832875
nequip,dft/etch/trj_CF2_30eV.extxyz:95,etch,prior_outlier,trj_CF2_30eV_case1,93,O,6.010066595394537,5.187426136402607,1.2972663566130147,1.120981712607302,4.6865299449737865
nequip,dft/qsd/qsd_data.extxyz:758,qsd,coverage,CF_10eV_4_54_Si_C,21,F,6.007595725623237,5.742136610946691,1.2969324130424051,1.3090023784928768,12.592325968682871
nequip,dft/qsd/qsd_data.extxyz:238,qsd,coverage,CF3_10eV_19_59_C_F,9,F,6.0058225431929255,5.919767225404627,1.3637624506489383,1.351081189344298,29.102742628862405
nequip,dft/etch/trj_CF2_30eV.extxyz:344,etch,prior_outlier,trj_CF2_30eV_case1,148,Si,5.968081470404315,4.457410331344274,1.616477652180814,1.2782018619920732,5.146611451255088
nequip,dft/qsd/qsd_data.extxyz:503,qsd,coverage,CF3_20eV_4_98_Si_F,77,Si,5.963541226115225,4.288383452752377,1.1760035724860711,1.1760035724860711,56.45839161215708
nequip,dft/FC/CF0.2_d3.2.extxyz:126,FC,coverage,dft/FC/CF0.2_d3.2.extxyz:quench,98,C,5.963520474728861,5.068017680796135,1.44345822502766,,7.162706139602615
nequip,dft/qsd/qsd_data.extxyz:964,qsd,coverage,CF_10eV_4_98_F_F,4,C,5.961204411626789,5.16777511370498,1.2969287527848234,1.2757015281404969,10.349445431320898
nequip,dft/qsd/qsd_data.extxyz:229,qsd,coverage,CF3_10eV_19_59_C_C,7,F,5.942498989084481,4.325285844953334,1.2596691198485428,1.351081189344298,14.571747773821814
nequip,dft/FC/CF0.4_d3.2.extxyz:0,FC,coverage,dft/FC/CF0.4_d3.2.extxyz:melt,59,C,5.930764258281516,5.47992275645626,1.2526767307250508,,15.06672537002656
nequip,dft/FC/CF0.4_d2.3.extxyz:0,FC,coverage,dft/FC/CF0.4_d2.3.extxyz:melt,18,C,5.930037490952837,3.7703217782085323,1.3069283991099128,,11.869186235439985
nequip,dft/qsd/qsd_data.extxyz:312,qsd,coverage,CF3_10eV_19_84_F_F,7,F,5.899245497453321,5.01865443853589,0.7980014963018546,1.5883613265563985,211.34704326789182
nequip,dft/FC/CF0.4_d3.2.extxyz:114,FC,coverage,dft/FC/CF0.4_d3.2.extxyz:quench,15,C,5.895153108279162,5.70384353916774,1.3023870348709718,,12.705997632450986
nequip,dft/FC/CF0.4_d3.2.extxyz:35,FC,coverage,dft/FC/CF0.4_d3.2.extxyz:melt,94,C,5.870106070713201,5.009937448047951,1.314413175413272,,9.642170570641552
nequip,dft/FC/CF0.2_d3.2.extxyz:49,FC,coverage,dft/FC/CF0.2_d3.2.extxyz:melt,115,C,5.861979031841354,4.394669841688833,1.484483648290874,,5.328324050643411
nequip,dft/qsd/qsd_data.extxyz:675,qsd,coverage,CF_10eV_4_39_F_C,23,F,5.852037586781685,4.574889271196999,1.296932413042405,1.3097513380409276,6.124474735552347
nequip,dft/qsd/qsd_data.extxyz:576,qsd,coverage,CF3_30eV_9_9_O_F,0,C,5.8226504083463215,5.038720576728229,1.296932413042405,1.2299989203653803,10.580622116721162
nequip,dft/etch/trj_CF2_30eV.extxyz:425,etch,prior_outlier,trj_CF2_30eV_case1,17,F,5.815405929278382,4.3981289942682125,1.4319567032560727,1.2781627439414756,2.889914991272927
nequip,dft/qsd/qsd_data.extxyz:1320,qsd,coverage,CF_30eV_18_3_O_C,2,C,5.812507956903879,4.873095776210991,1.296932413042408,1.1431451005449835,6.603185700654344
nequip,dft/FC/CF0.4_d2.3.extxyz:21,FC,coverage,dft/FC/CF0.4_d2.3.extxyz:melt,89,C,5.781671690891914,4.817087777221495,1.304191705770283,,8.194262147144977
nequip,dft/qsd/qsd_data.extxyz:634,qsd,coverage,CF_10eV_4_37_C_F,21,F,5.774805386034041,4.075120702708233,0.8608230354724489,1.371796809662423,172.7005181627616
nequip,dft/FC/CF0.2_d3.2.extxyz:50,FC,coverage,dft/FC/CF0.2_d3.2.extxyz:quench,115,C,5.774118708187852,4.785045618616335,1.4037405625511794,,10.68005113514884
nequip,dft/qsd/qsd_data.extxyz:1214,qsd,coverage,CF_20eV_2_79_Si_C,37,F,5.7605395602087155,5.104737997698093,1.5849648368023814,1.306619940839722,9.775484116557347
nequip,dft/FC/CF0.4_d3.2.extxyz:28,FC,coverage,dft/FC/CF0.4_d3.2.extxyz:melt,18,C,5.723493008880116,3.963500879488903,1.3714940532135025,,9.044209190804136
nequip,dft/qsd/qsd_data.extxyz:1214,qsd,coverage,CF_20eV_2_79_Si_C,28,C,5.699828738611845,4.275391632801437,1.2075925885827565,1.306619940839722,43.91590299397048
nequip,dft/FC/CF0.2_d3.2.extxyz:35,FC,coverage,dft/FC/CF0.2_d3.2.extxyz:melt,90,C,5.68290987981273,4.700892739607932,1.4247792336358645,,7.304700252043611
nequip,dft/qsd/qsd_data.extxyz:262,qsd,coverage,CF3_10eV_19_59_Si_C,10,F,5.668465559061432,4.085454017259721,1.296928752784826,1.3090023784928708,38.73296579343397
nequip,dft/FC/CF0.4_d3.2.extxyz:63,FC,coverage,dft/FC/CF0.4_d3.2.extxyz:quench,68,C,5.6614886956316095,5.006673405536646,1.4115295599144368,,9.481832165259888
nequip,dft/qsd/qsd_data.extxyz:522,qsd,coverage,CF3_30eV_9_36_F_C,86,Si,5.640233886191645,5.15914920455539,1.583804590756069,1.2595609813740645,7.870557383933301
nequip,dft/FC/CF0.2_d3.2.extxyz:63,FC,coverage,dft/FC/CF0.2_d3.2.extxyz:quench,16,C,5.6361559884543,4.912210625119219,1.4049642524517927,,4.054003193208535
nequip,dft/FC/CF0.2_d3.2.extxyz:49,FC,coverage,dft/FC/CF0.2_d3.2.extxyz:melt,45,C,5.629800234308174,4.519124687368083,1.3971426953571586,,5.559246967606854
nequip,dft/qsd/qsd_data.extxyz:1327,qsd,coverage,CF_30eV_18_3_O_F,2,C,5.621005698140651,4.911945623024844,1.296932413042408,1.1431451005449835,12.143792334000487
nequip,dft/FC/CF0.2_d3.2.extxyz:42,FC,coverage,dft/FC/CF0.2_d3.2.extxyz:melt,94,C,5.614260814333374,3.8048945310803424,1.395067062366537,,2.2987644820220274
nequip,dft/FC/CF0.4_d3.2.extxyz:101,FC,coverage,dft/FC/CF0.4_d3.2.extxyz:quench,68,C,5.6036867760396145,3.7560519444436444,1.2697675636902996,,9.01932781178958
nequip,dft/FC/CF0.4_d3.2.extxyz:63,FC,coverage,dft/FC/CF0.4_d3.2.extxyz:quench,53,C,5.598809762436467,3.4664998129045235,1.368694766849059,,3.95542722541371
nequip,dft/FC/CF0.4_d3.2.extxyz:75,FC,coverage,dft/FC/CF0.4_d3.2.extxyz:quench,99,C,5.597582135296219,3.9574673083069905,1.3039104693574624,,9.683548102563957
nequip,dft/FC/CF0.4_d2.3.extxyz:126,FC,coverage,dft/FC/CF0.4_d2.3.extxyz:quench,17,C,5.580391494525291,5.346535534191197,1.3378603015262835,,9.696347873105884
nequip,dft/FC/CF0.2_d2.3.extxyz:14,FC,coverage,dft/FC/CF0.2_d2.3.extxyz:melt,13,C,5.56684167471878,5.396621554151106,1.366907513952572,,6.59334515694196
nequip,dft/FC/CF0.4_d2.3.extxyz:50,FC,coverage,dft/FC/CF0.4_d2.3.extxyz:quench,26,C,5.562263838712072,3.7820182709952777,1.3099688627597226,,3.121501881182358
nequip,dft/FC/CF0.2_d3.2.extxyz:28,FC,coverage,dft/FC/CF0.2_d3.2.extxyz:melt,68,C,5.54814981851496,4.6964288291752805,1.2938123843123461,,11.342191925012466
nequip,dft/qsd/qsd_data.extxyz:504,qsd,coverage,CF3_20eV_4_98_Si_F,77,Si,5.547194126670604,5.285468002674406,0.8399988402372951,0.8399988402372951,246.6425674733768
nequip,dft/FC/CF0.4_d2.3.extxyz:21,FC,coverage,dft/FC/CF0.4_d2.3.extxyz:melt,16,C,5.494784143031302,5.315164688216678,1.219270211889063,,16.471350750385714
nequip,dft/FC/CF0.2_d2.3.extxyz:7,FC,coverage,dft/FC/CF0.2_d2.3.extxyz:melt,45,C,5.491163344127947,4.314664540757276,1.3759174978537048,,5.966191881604044
nequip,dft/qsd/qsd_data.extxyz:480,qsd,coverage,CF3_20eV_4_98_F_F,11,F,5.488192334119858,4.907928991634034,1.2969287527848257,1.5846581323742983,20.93380607389046
nequip,dft/FC/CF0.4_d3.2.extxyz:7,FC,coverage,dft/FC/CF0.4_d3.2.extxyz:melt,41,C,5.456535018819345,4.546367592197506,1.3765688685278339,,5.595937347810999
nequip,dft/qsd/qsd_data.extxyz:311,qsd,coverage,CF3_10eV_19_84_F_F,7,F,5.437479492586332,4.761593580841279,1.1400009003943803,1.5883613265563985,43.49416653771268
nequip,dft/FC/CF0.4_d3.2.extxyz:63,FC,coverage,dft/FC/CF0.4_d3.2.extxyz:quench,55,C,5.424922499506777,4.61650674542364,1.284407210311435,,8.803687691164198
nequip,dft/FC/CF0.4_d3.2.extxyz:49,FC,coverage,dft/FC/CF0.4_d3.2.extxyz:melt,24,C,5.411645292623022,4.829530009961366,1.3139511806698774,,10.58064554313762
nequip,dft/FC/CF0.2_d3.2.extxyz:28,FC,coverage,dft/FC/CF0.2_d3.2.extxyz:melt,115,C,5.40158938091725,5.1510348634344645,1.3961803886675963,,11.034770970373648
nequip,dft/FC/CF0.2_d3.2.extxyz:7,FC,coverage,dft/FC/CF0.2_d3.2.extxyz:melt,117,C,5.399525862889194,5.197367573758827,1.4049098055747211,,5.646775283648713
nequip,dft/FC/CF0.2_d3.2.extxyz:14,FC,coverage,dft/FC/CF0.2_d3.2.extxyz:melt,120,F,5.386492956163936,3.993549653820798,1.3555335766231371,,8.37650536445796
nequip,dft/qsd/qsd_data.extxyz:1299,qsd,coverage,CF_30eV_18_3_C_C,1,C,5.371838455377437,5.038053983118374,1.1431451005449835,1.1431451005449835,3.5949869574892754
nequip,dft/etch/trj_CF2_30eV.extxyz:146,etch,prior_outlier,trj_CF2_30eV_case1,19,F,5.371135569572574,5.014109604029768,1.3577186748365808,1.2147839314050886,5.407846491370294
nequip,dft/FC/CF0.2_d3.2.extxyz:49,FC,coverage,dft/FC/CF0.2_d3.2.extxyz:melt,8,C,5.3683202849895295,5.1861019972907165,1.3251864029017533,,5.22145920443414
nequip,dft/FC/CF0.4_d2.3.extxyz:63,FC,coverage,dft/FC/CF0.4_d2.3.extxyz:quench,11,C,5.351692074445409,4.295845565670154,1.2624705079723646,,6.932708589170325
nequip,dft/qsd/qsd_data.extxyz:481,qsd,coverage,CF3_20eV_4_98_F_F,0,C,5.340763377327498,4.65672715537622,1.2969287527848257,1.5846581323742983,9.834378294507182
nequip,dft/FC/CF0.2_d2.3.extxyz:21,FC,coverage,dft/FC/CF0.2_d2.3.extxyz:melt,91,C,5.336980580977621,3.7176491829960394,1.2679526529803864,,13.799635510621505
nequip,dft/qsd/qsd_data.extxyz:1070,qsd,coverage,CF_20eV_2_54_F_C,32,F,5.31858929732701,4.634203835383381,0.9310003023092941,1.228183400718312,64.12315613304344
nequip,dft/FC/CF0.4_d3.2.extxyz:50,FC,coverage,dft/FC/CF0.4_d3.2.extxyz:quench,7,C,5.3143961228632115,4.204788340307271,1.3788526876356293,,8.993168385090208
nequip,dft/FC/CF0.4_d3.2.extxyz:14,FC,coverage,dft/FC/CF0.4_d3.2.extxyz:melt,77,C,5.309534215053067,4.941871470381132,1.2653724041016108,,11.277365823987443
nequip,dft/FC/CF0.4_d3.2.extxyz:49,FC,coverage,dft/FC/CF0.4_d3.2.extxyz:melt,44,C,5.296013634176333,3.328098862451643,1.293916782245632,,17.92955575704401
nequip,dft/FC/CF0.2_d3.2.extxyz:126,FC,coverage,dft/FC/CF0.2_d3.2.extxyz:quench,103,C,5.2914118867311535,4.155568965372324,1.328076553554049,,9.020355410943129
nequip,dft/FC/CF0.4_d3.2.extxyz:75,FC,coverage,dft/FC/CF0.4_d3.2.extxyz:quench,18,C,5.290135723312474,5.159568541324614,1.3254871058218554,,11.28053560202941
nequip,dft/FC/CF0.2_d3.2.extxyz:63,FC,coverage,dft/FC/CF0.2_d3.2.extxyz:quench,10,C,5.278222613697471,4.288771532391988,1.4049642524517927,,5.9665158316029805
nequip,dft/FC/CF0.2_d3.2.extxyz:28,FC,coverage,dft/FC/CF0.2_d3.2.extxyz:melt,107,C,5.276137296306704,4.092040906131539,1.4349982634832699,,4.234335382910522
nequip,dft/etch/trj_CF2_30eV.extxyz:644,etch,prior_outlier,trj_CF2_30eV_case1,149,Si,5.273512863434456,5.240564645869936,1.5824348327814317,1.1374532957444887,2.778637769577388
nequip,dft/qsd/qsd_data.extxyz:1296,qsd,coverage,CF_30eV_18_13_Si_F,11,F,5.271530138267,4.856930590764314,1.1760035724860711,1.1698880128456748,37.90285258092079
nequip,dft/FC/CF0.2_d2.3.extxyz:42,FC,coverage,dft/FC/CF0.2_d2.3.extxyz:melt,4,C,5.241005070653999,4.259174676287815,1.2850683183784417,,8.33659973758996
nequip,dft/FC/CF0.4_d2.3.extxyz:139,FC,coverage,dft/FC/CF0.4_d2.3.extxyz:quench,43,C,5.23982619327008,3.7242116094229143,1.3331163007779936,,10.478815686668462
nequip,dft/qsd/qsd_data.extxyz:1310,qsd,coverage,CF_30eV_18_3_F_C,99,Si,5.229691438892598,4.558167583447624,1.5912669656597522,1.1431451005449835,8.26478807999467
nequip,dft/FC/CF0.4_d3.2.extxyz:0,FC,coverage,dft/FC/CF0.4_d3.2.extxyz:melt,90,C,5.217297354800118,4.284759957799626,1.3271717235535119,,8.133050413907995
nequip,dft/FC/CF0.2_d3.2.extxyz:7,FC,coverage,dft/FC/CF0.2_d3.2.extxyz:melt,81,C,5.215770152250177,3.819146604184283,1.2529723536056172,,8.385702186710066
nequip,dft/FC/CF0.2_d3.2.extxyz:42,FC,coverage,dft/FC/CF0.2_d3.2.extxyz:melt,45,C,5.205127318347275,3.725181322667072,1.2742504159701113,,11.787077911114823
nequip,dft/FC/CF0.2_d3.2.extxyz:14,FC,coverage,dft/FC/CF0.2_d3.2.extxyz:melt,48,C,5.194814425225309,4.462081912722786,1.278700151951192,,16.223265312583283
nequip,dft/qsd/qsd_data.extxyz:498,qsd,coverage,CF3_20eV_4_98_Si_C,1,F,5.193251490541767,5.036939997228337,1.60440257956038,0.9349967502082542,6.952858894662396
nequip,dft/FC/CF0.2_d2.3.extxyz:35,FC,coverage,dft/FC/CF0.2_d2.3.extxyz:melt,89,C,5.187490342734813,4.240037497222689,1.3028178825146677,,7.03871754149014
nequip,dft/FC/CF0.2_d3.2.extxyz:35,FC,coverage,dft/FC/CF0.2_d3.2.extxyz:melt,82,C,5.181758544195816,4.382623484071104,1.3854927055022705,,7.191013878618926
nequip,dft/qsd/qsd_data.extxyz:312,qsd,coverage,CF3_10eV_19_84_F_F,0,C,5.179805265248502,4.372019191855341,1.2969374130234679,1.5883613265563985,13.537786670402403
nequip,dft/FC/CF0.4_d3.2.extxyz:28,FC,coverage,dft/FC/CF0.4_d3.2.extxyz:melt,60,C,5.1767414708027735,3.65510106936307,1.3288134912770864,,5.520308677598201
nequip,dft/FC/CF0.4_d3.2.extxyz:75,FC,coverage,dft/FC/CF0.4_d3.2.extxyz:quench,54,C,5.166571754763969,5.088828297138155,1.3518421585356746,,7.69302911831393
nequip,dft/FC/CF0.4_d3.2.extxyz:35,FC,coverage,dft/FC/CF0.4_d3.2.extxyz:melt,10,C,5.161574152137322,5.020755752852171,1.1669533283726485,,15.854140426705259
nequip,dft/FC/CF0.2_d3.2.extxyz:101,FC,coverage,dft/FC/CF0.2_d3.2.extxyz:quench,2,C,5.159226670814608,4.144776211322663,1.489898392575816,,6.516795061295085
nequip,dft/qsd/qsd_data.extxyz:497,qsd,coverage,CF3_20eV_4_98_Si_C,0,C,5.154957933745613,3.3714470148086164,1.2520691250486138,1.309002378492874,44.73442746000868
nequip,dft/qsd/qsd_data.extxyz:1034,qsd,coverage,CF_20eV_2_52_F_F,35,F,5.153802539880566,4.745656523108323,0.798001496301855,1.240891345968694,212.08988567385555
nequip,dft/FC/CF0.4_d3.2.extxyz:21,FC,coverage,dft/FC/CF0.4_d3.2.extxyz:melt,31,C,5.148832322112528,5.085278640534292,1.180264914330677,,7.391080401521891
nequip,dft/FC/CF0.4_d2.3.extxyz:21,FC,coverage,dft/FC/CF0.4_d2.3.extxyz:melt,7,C,5.14434933203616,3.4531240883642855,1.2988014086937,,8.991234255280306
nequip,dft/qsd/qsd_data.extxyz:1035,qsd,coverage,CF_20eV_2_52_F_F,13,C,5.14194775912605,3.988332310428067,1.320680631189843,1.240891345968694,15.978101049889627
nequip,dft/FC/CF0.4_d3.2.extxyz:101,FC,coverage,dft/FC/CF0.4_d3.2.extxyz:quench,18,C,5.140730261966132,4.813692517098714,1.3910740965527324,,8.987052370100722
nequip,dft/FC/CF0.4_d3.2.extxyz:139,FC,coverage,dft/FC/CF0.4_d3.2.extxyz:quench,23,C,5.1304556430167185,4.197893745739568,1.3416335746022463,,3.4082908015310256
nequip,dft/FC/CF0.2_d2.3.extxyz:139,FC,coverage,dft/FC/CF0.2_d2.3.extxyz:quench,39,C,5.119591908989856,4.983897284341976,1.354810512581003,,9.993419494931151
nequip,dft/qsd/qsd_data.extxyz:661,qsd,coverage,CF_10eV_4_37_Si_F,7,C,5.097721700608577,4.022553798573383,1.2969287527848226,1.1760035724860711,5.947418779072061
nequip,dft/FC/CF0.4_d3.2.extxyz:101,FC,coverage,dft/FC/CF0.4_d3.2.extxyz:quench,77,C,5.086714923681499,4.407742279174162,1.3661361253916102,,6.947694859653093
nequip,dft/FC/CF0.2_d3.2.extxyz:14,FC,coverage,dft/FC/CF0.2_d3.2.extxyz:melt,33,C,5.083140005289816,4.657692302787118,1.2601191931596734,,13.180746284843966
nequip,dft/FC/CF0.4_d2.3.extxyz:0,FC,coverage,dft/FC/CF0.4_d2.3.extxyz:melt,62,C,5.081320858451964,4.2100890737285965,1.1522525376409456,,3.4293431676707424
nequip,dft/etch/trj_CF2_30eV.extxyz:232,etch,prior_outlier,trj_CF2_30eV_case1,24,F,5.077599522783484,3.7565169265365674,1.5408114745159434,1.1676472069936201,5.69058896131288
nequip,dft/FC/CF0.4_d2.3.extxyz:63,FC,coverage,dft/FC/CF0.4_d2.3.extxyz:quench,7,C,5.077248557841196,4.067397430920678,1.353108536016659,,8.575199992176334
nequip,dft/FC/CF0.2_d2.3.extxyz:21,FC,coverage,dft/FC/CF0.2_d2.3.extxyz:melt,36,C,5.075592872692023,4.986873710946409,1.2963677421935487,,11.760561767685122
nequip,dft/FC/CF0.2_d3.2.extxyz:35,FC,coverage,dft/FC/CF0.2_d3.2.extxyz:melt,26,C,5.069259765928877,3.6983700063817064,1.4434485562365404,,8.295216108029374
nequip,dft/etch/trj_CF2_30eV.extxyz:95,etch,prior_outlier,trj_CF2_30eV_case1,10,F,5.062119573997378,4.585818222179558,1.3604778572251754,1.120981712607302,4.822747616430078
nequip,dft/FC/CF0.4_d2.3.extxyz:75,FC,coverage,dft/FC/CF0.4_d2.3.extxyz:quench,40,C,5.05869803831138,3.8033680911632866,1.3791024121869988,,8.009509358331195
nequip,dft/FC/CF0.2_d2.3.extxyz:139,FC,coverage,dft/FC/CF0.2_d2.3.extxyz:quench,17,C,5.054613560407557,3.8322476036400763,1.3093964145742876,,9.655014911034419
nequip,dft/qsd/qsd_data.extxyz:528,qsd,coverage,CF3_30eV_9_36_F_F,1,C,5.047599776434773,4.36646584960684,1.2969237527703763,1.2595609813740645,13.204700560612384
nequip,dft/FC/CF0.2_d2.3.extxyz:101,FC,coverage,dft/FC/CF0.2_d2.3.extxyz:quench,117,C,5.0256985900948985,3.8739540838440587,1.3709429231736823,,4.482407647918806
nequip,dft/qsd/qsd_data.extxyz:551,qsd,coverage,CF3_30eV_9_36_Si_F,8,F,5.01654479068298,3.6518500227894037,0.902713957962323,1.2595609813740645,116.56666897971292
nequip,dft/FC/CF0.2_d2.3.extxyz:101,FC,coverage,dft/FC/CF0.2_d2.3.extxyz:quench,100,C,4.997361965700262,4.6364353816488855,1.3434425145870585,,11.04357404906763
nequip,dft/FC/CF0.4_d3.2.extxyz:114,FC,coverage,dft/FC/CF0.4_d3.2.extxyz:quench,79,C,4.988569203696795,3.3402584965753164,1.2768045253407099,,11.21207155982591
nequip,dft/FC/CF0.4_d3.2.extxyz:21,FC,coverage,dft/FC/CF0.4_d3.2.extxyz:melt,64,C,4.978205545148746,3.5110219895645356,1.3151869354836565,,11.511882709283046
nequip,dft/FC/CF0.2_d2.3.extxyz:139,FC,coverage,dft/FC/CF0.2_d2.3.extxyz:quench,5,C,4.964756213410658,4.109012636300649,1.31324341439262,,10.3843895839887
nequip,dft/FC/CF0.2_d2.3.extxyz:101,FC,coverage,dft/FC/CF0.2_d2.3.extxyz:quench,17,C,4.961134903406094,4.710912595173172,1.3435291185158578,,5.885474469793663
nequip,dft/qsd/qsd_data.extxyz:1148,qsd,coverage,CF_20eV_2_76_C_F,44,F,4.958734372383801,3.627475938942709,0.931000302309297,1.2835795392962583,78.34208107308775
nequip,dft/FC/CF0.2_d3.2.extxyz:126,FC,coverage,dft/FC/CF0.2_d3.2.extxyz:quench,115,C,4.9488322031763134,4.622195535465195,1.4343718598884434,,6.44937238303612
nequip,dft/FC/CF0.4_d2.3.extxyz:101,FC,coverage,dft/FC/CF0.4_d2.3.extxyz:quench,95,C,4.94249393344985,4.09777377519915,1.3888450939179633,,9.168509336793305
nequip,dft/qsd/qsd_data.extxyz:965,qsd,coverage,CF_10eV_4_98_F_F,4,C,4.941709510800618,4.139592759258004,1.2969374130234639,1.2757015281404969,13.50947178811496
nequip,dft/FC/CF0.4_d3.2.extxyz:28,FC,coverage,dft/FC/CF0.4_d3.2.extxyz:melt,44,C,4.933184756989534,4.199015682469488,1.3685241888253201,,4.770012305308342
nequip,dft/FC/CF0.2_d3.2.extxyz:0,FC,coverage,dft/FC/CF0.2_d3.2.extxyz:melt,37,C,4.931942964142158,4.6437376992381285,1.3713932470498418,,7.9596403675843295
nequip,dft/qsd/qsd_data.extxyz:1007,qsd,coverage,CF_20eV_2_32_O_F,8,C,4.92980502363935,4.268878805718966,1.2969374130234639,1.1673245965882841,9.000449216720796
nequip,dft/FC/CF0.2_d3.2.extxyz:101,FC,coverage,dft/FC/CF0.2_d3.2.extxyz:quench,25,C,4.928181351618504,3.968854055311401,1.5022073885614275,,8.840519256200622
nequip,dft/FC/CF0.2_d3.2.extxyz:0,FC,coverage,dft/FC/CF0.2_d3.2.extxyz:melt,29,C,4.922778775877375,3.5614157189981466,1.3923640848930283,,6.144694199614493
nequip,dft/FC/CF0.4_d2.3.extxyz:126,FC,coverage,dft/FC/CF0.4_d2.3.extxyz:quench,68,C,4.916093030735101,3.4264681117427385,1.2092036475714087,,20.22222959365495
nequip,dft/FC/CF0.4_d3.2.extxyz:50,FC,coverage,dft/FC/CF0.4_d3.2.extxyz:quench,88,C,4.915591218889619,4.796341915422149,1.273584330619688,,12.23507062895274
nequip,dft/FC/CF0.4_d3.2.extxyz:14,FC,coverage,dft/FC/CF0.4_d3.2.extxyz:melt,90,C,4.915111470642739,3.2714548744004626,1.4315774582257155,,7.584463646905626
nequip,dft/qsd/qsd_data.extxyz:1147,qsd,coverage,CF_20eV_2_76_C_F,44,F,4.9117784359964185,4.151690676216831,1.2969237527703763,1.2835795392962583,10.755784377337806
nequip,dft/FC/CF0.4_d3.2.extxyz:50,FC,coverage,dft/FC/CF0.4_d3.2.extxyz:quench,91,C,4.905724481682961,4.579642284542495,1.435617943395805,,7.1109868107056
nequip,dft/qsd/qsd_data.extxyz:1321,qsd,coverage,CF_30eV_18_3_O_C,56,O,4.9002800008409375,4.4098868919922865,0.9940006483398287,0.9940006483398287,52.87968603540656
nequip,dft/FC/CF0.4_d3.2.extxyz:42,FC,coverage,dft/FC/CF0.4_d3.2.extxyz:melt,67,C,4.870539421293025,3.68088421187596,1.3469630343867616,,6.579234169202142
nequip,dft/FC/CF0.4_d2.3.extxyz:49,FC,coverage,dft/FC/CF0.4_d2.3.extxyz:melt,66,C,4.862896246375117,3.5145299849587968,1.3823281006930523,,7.841034517636114
nequip,dft/qsd/qsd_data.extxyz:333,qsd,coverage,CF3_20eV_4_36_C_C,16,F,4.862625312734831,3.214988212549377,1.296928752784825,1.2137258592037987,2.393651574123101
nequip,dft/etch/trj_CF2_30eV.extxyz:282,etch,prior_outlier,trj_CF2_30eV_case1,148,Si,4.853229915274475,3.332105420593394,1.545703723227709,1.536847422485394,6.514889107102668
nequip,dft/FC/CF0.2_d3.2.extxyz:50,FC,coverage,dft/FC/CF0.2_d3.2.extxyz:quench,77,C,4.851739835290526,4.830740396013744,1.3095155604268314,,8.929733344670712
nequip,dft/FC/CF0.2_d3.2.extxyz:0,FC,coverage,dft/FC/CF0.2_d3.2.extxyz:melt,88,C,4.849473845573191,4.780722463508243,1.3403395331780679,,9.703433257634641
nequip,dft/FC/CF0.2_d2.3.extxyz:49,FC,coverage,dft/FC/CF0.2_d2.3.extxyz:melt,47,C,4.847170988949006,4.390432469407435,1.3383801640042337,,6.271243733652919
nequip,dft/FC/CF0.2_d2.3.extxyz:42,FC,coverage,dft/FC/CF0.2_d2.3.extxyz:melt,45,C,4.843736282912525,4.051243008815378,1.300112596239264,,13.722579861187727
nequip,dft/FC/CF0.2_d3.2.extxyz:7,FC,coverage,dft/FC/CF0.2_d3.2.extxyz:melt,69,C,4.841588063992121,4.2868045106179595,1.3701308844707185,,5.833177377977289
nequip,dft/FC/CF0.4_d2.3.extxyz:126,FC,coverage,dft/FC/CF0.4_d2.3.extxyz:quench,49,C,4.834164463042399,3.8401246802757125,1.2972129291677617,,8.484382549045392
nequip,dft/FC/CF0.4_d2.3.extxyz:139,FC,coverage,dft/FC/CF0.4_d2.3.extxyz:quench,40,C,4.786226618912607,4.523284197886894,1.4011358380970784,,4.523265318229852
nequip,dft/FC/CF0.2_d2.3.extxyz:63,FC,coverage,dft/FC/CF0.2_d2.3.extxyz:quench,97,C,4.777701028123878,3.960804428031583,1.4857467881843132,,9.114098899310946
nequip,dft/qsd/qsd_data.extxyz:732,qsd,coverage,CF_10eV_4_54_C_C,1,C,4.775961362186923,4.678801162146905,1.3368896942156447,1.5765943405644969,5.1957519830613546
nequip,dft/FC/CF0.4_d2.3.extxyz:35,FC,coverage,dft/FC/CF0.4_d2.3.extxyz:melt,5,C,4.756815263244433,3.8378354509706814,1.3772599239068857,,7.55546233345346
nequip,dft/qsd/qsd_data.extxyz:790,qsd,coverage,CF_10eV_4_5_O_F,66,O,4.755304313882714,3.189375775896468,1.1995447063782159,1.1995447063782159,12.49387011517512
nequip,dft/qsd/qsd_data.extxyz:1240,qsd,coverage,CF_30eV_18_12_F_F,81,Si,4.754514367042635,4.356235125683288,1.3049180825630395,1.1728677049437417,51.587250278711444
nequip,dft/FC/CF0.2_d2.3.extxyz:14,FC,coverage,dft/FC/CF0.2_d2.3.extxyz:melt,35,C,4.750255158440366,3.8195147809747847,1.3055658929751495,,8.50029498272407
nequip,dft/FC/CF0.2_d2.3.extxyz:0,FC,coverage,dft/FC/CF0.2_d2.3.extxyz:melt,74,C,4.7494851972201575,4.657386294942989,1.2868630800904963,,10.795243469607806
nequip,dft/FC/CF0.4_d2.3.extxyz:63,FC,coverage,dft/FC/CF0.4_d2.3.extxyz:quench,93,C,4.749449275595456,4.497690404708606,1.3065382859592525,,9.720506005107397
nequip,dft/FC/CF0.2_d2.3.extxyz:0,FC,coverage,dft/FC/CF0.2_d2.3.extxyz:melt,87,C,4.7462629293977034,3.993766039557664,1.337117499848087,,8.409276236268434
nequip,dft/FC/CF0.2_d3.2.extxyz:21,FC,coverage,dft/FC/CF0.2_d3.2.extxyz:melt,25,C,4.738687368583427,3.458592340677899,1.4712167820209228,,7.894621895212145
nequip,dft/FC/CF0.4_d2.3.extxyz:28,FC,coverage,dft/FC/CF0.4_d2.3.extxyz:melt,43,C,4.737587118698705,3.7516150200962315,1.1161107637237446,,26.85402304779204
nequip,dft/FC/CF0.2_d2.3.extxyz:35,FC,coverage,dft/FC/CF0.2_d2.3.extxyz:melt,100,C,4.723526428360636,3.715829359372141,1.350668341411786,,5.590053504373818
nequip,dft/FC/CF0.2_d3.2.extxyz:50,FC,coverage,dft/FC/CF0.2_d3.2.extxyz:quench,110,C,4.714539182596636,4.368702974815804,1.3784549048119068,,8.912487894388468
nequip,dft/FC/CF0.4_d3.2.extxyz:0,FC,coverage,dft/FC/CF0.4_d3.2.extxyz:melt,31,C,4.709178610743774,3.705490638044602,1.2718127826453085,,9.720501372200202
nequip,dft/FC/CF0.4_d3.2.extxyz:14,FC,coverage,dft/FC/CF0.4_d3.2.extxyz:melt,37,C,4.6934052057959,3.001540753592059,1.4041092858107593,,7.930783491965974
nequip,dft/FC/CF0.2_d3.2.extxyz:203,FC,coverage,dft/FC/CF0.2_d3.2.extxyz:anneal,89,C,4.677756121613037,3.5777647627192986,1.3264767183327397,,6.095120113918429
nequip,dft/FC/CF0.2_d2.3.extxyz:50,FC,coverage,dft/FC/CF0.2_d2.3.extxyz:quench,96,C,4.672861530027355,3.4693795442537354,1.4098039712314618,,8.204335532482324
nequip,dft/qsd/qsd_data.extxyz:1148,qsd,coverage,CF_20eV_2_76_C_F,7,C,4.660206281971025,4.408122702782153,1.2256370302826205,1.2835795392962583,23.328004204710826
nequip,dft/qsd/qsd_data.extxyz:503,qsd,coverage,CF3_20eV_4_98_Si_F,10,F,4.65872717465468,4.231846971978115,1.2308271746675081,1.1760035724860711,44.80434649251421
nequip,dft/FC/CF0.2_d3.2.extxyz:21,FC,coverage,dft/FC/CF0.2_d3.2.extxyz:melt,14,C,4.654263134271387,4.406987527447715,1.3182601505014102,,11.484248414109171
nequip,dft/qsd/qsd_data.extxyz:15,qsd,coverage,CF3_10eV_19_10_O_F,91,Si,4.6508845349021115,3.26049909821655,1.5801362450750878,0.6149951300620208,13.69788132098081
nequip,dft/FC/CF0.4_d3.2.extxyz:114,FC,coverage,dft/FC/CF0.4_d3.2.extxyz:quench,43,C,4.640923856176697,4.3579172204501955,1.3530713663735563,,5.15506059863616
nequip,dft/FC/CF0.4_d3.2.extxyz:42,FC,coverage,dft/FC/CF0.4_d3.2.extxyz:melt,56,C,4.637423577245814,3.5042570536921875,1.3056993319290615,,8.702099551891026
nequip,dft/FC/CF0.4_d3.2.extxyz:35,FC,coverage,dft/FC/CF0.4_d3.2.extxyz:melt,77,C,4.636280344902762,3.982691521761782,1.2805377277925079,,11.285169013922877
nequip,dft/FC/CF0.4_d2.3.extxyz:101,FC,coverage,dft/FC/CF0.4_d2.3.extxyz:quench,70,C,4.6147731037605055,3.479614875686959,1.230843600543952,,10.644298628191292
nequip,dft/qsd/qsd_data.extxyz:301,qsd,coverage,CF3_10eV_19_68_Si_F,94,Si,4.596975833358053,3.925261081534039,1.1760035724860711,1.1760035724860711,54.23917592133403
nequip,dft/qsd/qsd_data.extxyz:578,qsd,coverage,CF3_30eV_9_9_O_F,74,Si,4.594490234523828,3.2995037768783035,1.5693625502413389,0.6150037903135221,22.291137485617664
nequip,dft/FC/CF0.4_d2.3.extxyz:14,FC,coverage,dft/FC/CF0.4_d2.3.extxyz:melt,8,C,4.565979081812442,4.1841278468874235,1.244214905593082,,10.455309164544728
nequip,dft/FC/CF0.4_d2.3.extxyz:101,FC,coverage,dft/FC/CF0.4_d2.3.extxyz:quench,82,C,4.561859293520655,3.8678959710753613,1.2741333890531237,,10.711304119866359
nequip,dft/etch/trj_CF2_30eV.extxyz:644,etch,prior_outlier,trj_CF2_30eV_case1,20,F,4.56084417270477,4.020265560271239,1.7675123761942937,1.1374532957444887,3.113573948411857
nequip,dft/qsd/qsd_data.extxyz:528,qsd,coverage,CF3_30eV_9_36_F_F,24,F,4.556487065546828,4.05542531220982,0.7980014963018576,1.2595609813740645,212.51638768930718
nequip,dft/FC/CF0.2_d3.2.extxyz:42,FC,coverage,dft/FC/CF0.2_d3.2.extxyz:melt,59,C,4.549810648264963,4.353394235150743,1.38759294791376,,6.92262160209967
nequip,dft/FC/CF0.4_d2.3.extxyz:7,FC,coverage,dft/FC/CF0.4_d2.3.extxyz:melt,16,C,4.542056793692807,3.771957221446484,1.3388285832771873,,9.786556222164515
nequip,dft/FC/CF0.4_d2.3.extxyz:28,FC,coverage,dft/FC/CF0.4_d2.3.extxyz:melt,9,C,4.538515455323742,4.25463741524946,1.2623721946003095,,8.589224079952798
nequip,dft/FC/CF0.4_d2.3.extxyz:7,FC,coverage,dft/FC/CF0.4_d2.3.extxyz:melt,37,C,4.532356358672668,4.48164822262185,1.2818893889099787,,10.979497054073287
nequip,dft/qsd/qsd_data.extxyz:1187,qsd,coverage,CF_20eV_2_79_C_C,28,C,4.524054347635744,4.139429552488807,1.2969287527848263,1.306619940839722,2.8702562538038308
nequip,dft/qsd/qsd_data.extxyz:482,qsd,coverage,CF3_20eV_4_98_F_F,0,C,4.522280534123601,4.018941338921791,1.2969287527848257,1.5846581323742983,13.54677400086098
nequip,dft/FC/CF0.2_d2.3.extxyz:0,FC,coverage,dft/FC/CF0.2_d2.3.extxyz:melt,99,C,4.518297435881219,4.2589501619307875,1.533444810982953,,4.469702360215611
nequip,dft/FC/CF0.2_d2.3.extxyz:75,FC,coverage,dft/FC/CF0.2_d2.3.extxyz:quench,23,C,4.517630519950185,4.402434716751417,1.4424473207711952,,8.961113705048776
nequip,dft/FC/CF0.2_d2.3.extxyz:21,FC,coverage,dft/FC/CF0.2_d2.3.extxyz:melt,27,C,4.517150193687123,3.37692326374904,1.2924915872066634,,10.390607485752168
nequip,dft/qsd/qsd_data.extxyz:663,qsd,coverage,CF_10eV_4_37_Si_F,17,F,4.514141118388966,3.460341818926887,1.5067679822719886,0.5040027682463658,20.264851022548527
nequip,dft/qsd/qsd_data.extxyz:1052,qsd,coverage,CF_20eV_2_52_Si_F,17,C,4.514105517489542,3.1261080005255932,1.296932413042405,1.240891345968694,12.760390673834832
nequip,dft/FC/CF0.2_d2.3.extxyz:14,FC,coverage,dft/FC/CF0.2_d2.3.extxyz:melt,68,C,4.512541117110419,3.7974622819744326,1.335569530537441,,9.201999033700721
nequip,dft/qsd/qsd_data.extxyz:434,qsd,coverage,CF3_20eV_4_50_C_F,3,C,4.507239689584124,3.7079629158738374,1.2969287527848257,1.1020955498957439,11.73399536632911
nequip,dft/qsd/qsd_data.extxyz:1298,qsd,coverage,CF_30eV_18_13_Si_F,50,O,4.500121110403418,3.8438440536068743,1.6432028873209754,0.5040027682463658,2.681724562891946
nequip,dft/FC/CF0.2_d3.2.extxyz:63,FC,coverage,dft/FC/CF0.2_d3.2.extxyz:quench,41,C,4.499057825836404,3.4399640240041958,1.316214807468751,,9.484877058677514
nequip,dft/FC/CF0.4_d2.3.extxyz:50,FC,coverage,dft/FC/CF0.4_d2.3.extxyz:quench,68,C,4.491269319603151,4.075735886222821,1.3799223196252746,,8.24098631028125
nequip,dft/FC/CF0.2_d2.3.extxyz:42,FC,coverage,dft/FC/CF0.2_d2.3.extxyz:melt,63,C,4.485283622087349,3.540800674384915,1.3398835171983505,,8.972615445084504
nequip,dft/FC/CF0.4_d2.3.extxyz:42,FC,coverage,dft/FC/CF0.4_d2.3.extxyz:melt,16,C,4.4682640096522706,4.011923156737818,1.3520065873730052,,1.4100609319745725
nequip,dft/qsd/qsd_data.extxyz:434,qsd,coverage,CF3_20eV_4_50_C_F,2,C,4.466323967921245,3.8706636448970304,1.1803579210985107,1.1020955498957439,17.64301993410428
nequip,dft/qsd/qsd_data.extxyz:480,qsd,coverage,CF3_20eV_4_98_F_F,9,F,4.4564229575042456,4.322542977215278,1.4820003044871484,1.5846581323742983,18.098247416193676
nequip,dft/FC/CF0.4_d2.3.extxyz:49,FC,coverage,dft/FC/CF0.4_d2.3.extxyz:melt,59,C,4.44904621433171,3.9593826210221863,1.3531951791444075,,8.612935990583061
nequip,dft/FC/CF0.2_d2.3.extxyz:35,FC,coverage,dft/FC/CF0.2_d2.3.extxyz:melt,97,C,4.444517860251952,4.059101534086178,1.1822284176080364,,13.018135558624707
nequip,dft/FC/CF0.4_d2.3.extxyz:75,FC,coverage,dft/FC/CF0.4_d2.3.extxyz:quench,83,C,4.4438896475376195,3.195383679077173,1.260916665829801,,9.235973826129436
nequip,dft/qsd/qsd_data.extxyz:527,qsd,coverage,CF3_30eV_9_36_F_F,1,C,4.440083625095557,3.826813625401211,1.2969237527703763,1.2595609813740645,8.699620029994989
nequip,dft/FC/CF0.2_d3.2.extxyz:21,FC,coverage,dft/FC/CF0.2_d3.2.extxyz:melt,78,C,4.431683458379094,3.262956570618762,1.370113269989018,,6.681787047794175
nequip,dft/FC/CF0.4_d2.3.extxyz:50,FC,coverage,dft/FC/CF0.4_d2.3.extxyz:quench,31,C,4.421256636393195,4.412100012881641,1.5007877307933994,,7.018894649323781
nequip,dft/etch/trj_CF2_30eV.extxyz:146,etch,prior_outlier,trj_CF2_30eV_case1,104,O,4.420592705932416,4.219825878640591,1.2403628501370072,1.2147839314050886,3.0646493176996614
nequip,dft/FC/CF0.2_d2.3.extxyz:49,FC,coverage,dft/FC/CF0.2_d2.3.extxyz:melt,16,C,4.411142395606091,3.6294571779029274,1.3267611443285496,,5.981875124716496
nequip,dft/FC/CF0.2_d3.2.extxyz:88,FC,coverage,dft/FC/CF0.2_d3.2.extxyz:quench,98,C,4.410111198558988,3.753925290370133,1.3905335845278968,,4.762636865172171
nequip,dft/FC/CF0.2_d2.3.extxyz:49,FC,coverage,dft/FC/CF0.2_d2.3.extxyz:melt,105,C,4.404843380152254,4.023986486120698,1.2268818497720149,,16.518872348706434
nequip,dft/FC/CF0.4_d2.3.extxyz:28,FC,coverage,dft/FC/CF0.4_d2.3.extxyz:melt,40,C,4.40357007275389,2.8116509393929086,1.2091025298542721,,12.930314723141894
nequip,dft/FC/CF0.4_d2.3.extxyz:7,FC,coverage,dft/FC/CF0.4_d2.3.extxyz:melt,86,C,4.401869693571783,3.8652918735389687,1.3102639137593615,,7.570919482977349
nequip,dft/qsd/qsd_data.extxyz:260,qsd,coverage,CF3_10eV_19_59_Si_C,4,F,4.3864163243775165,3.0684646111811906,1.215436785398564,1.351081189344298,16.300964860520406
nequip,dft/FC/CF0.2_d2.3.extxyz:28,FC,coverage,dft/FC/CF0.2_d2.3.extxyz:melt,116,C,4.382045065580565,2.9721117627367963,1.2864496519102484,,13.587886041034345
nequip,dft/FC/CF0.2_d2.3.extxyz:88,FC,coverage,dft/FC/CF0.2_d2.3.extxyz:quench,115,C,4.380523128161864,3.67493241183138,1.4132292287877433,,5.82660655148861
nequip,dft/FC/CF0.4_d2.3.extxyz:75,FC,coverage,dft/FC/CF0.4_d2.3.extxyz:quench,4,C,4.379416567688059,3.9153435942941544,1.3916199892930547,,7.755919002641917
nequip,dft/FC/CF0.4_d2.3.extxyz:14,FC,coverage,dft/FC/CF0.4_d2.3.extxyz:melt,62,C,4.3791215065068805,3.9188904723618148,1.244214905593082,,10.596381276147296
nequip,dft/qsd/qsd_data.extxyz:1188,qsd,coverage,CF_20eV_2_79_C_C,19,C,4.379009712481625,3.169347869411407,1.358331819733308,1.306619940839722,14.8733533570561
nequip,dft/qsd/qsd_data.extxyz:497,qsd,coverage,CF3_20eV_4_98_Si_C,1,F,4.359740613811714,3.5426795583445547,1.60440257956038,1.309002378492874,6.562658957185646
nequip,dft/FC/CF0.4_d2.3.extxyz:88,FC,coverage,dft/FC/CF0.4_d2.3.extxyz:quench,53,C,4.356492019296361,4.192485520639694,1.2644151257004164,,10.514752827892865
nequip,dft/FC/CF0.4_d2.3.extxyz:42,FC,coverage,dft/FC/CF0.4_d2.3.extxyz:melt,56,C,4.343376703255639,4.263621612308922,1.212921025129007,,16.327287078649075
nequip,dft/FC/CF0.4_d2.3.extxyz:35,FC,coverage,dft/FC/CF0.4_d2.3.extxyz:melt,56,C,4.337111826773653,2.778991125308849,1.2979940974827278,,10.542045893637201
nequip,dft/qsd/qsd_data.extxyz:532,qsd,coverage,CF3_30eV_9_36_O_C,57,O,4.336661765023476,4.103735207744171,1.6723832575399697,1.2595609813740645,6.818384517660617
nequip,dft/etch/trj_CF2_30eV.extxyz:874,etch,prior_outlier,trj_CF2_30eV_case1,94,O,4.336345316375779,3.5820816681368566,1.2714558584551798,1.220040982918196,5.801877441008385
nequip,dft/etch/trj_CF2_30eV.extxyz:339,etch,prior_outlier,trj_CF2_30eV_case1,1,C,4.3321362274719215,3.5145132247689506,1.369854006819703,1.363121417922852,6.595208955821567
nequip,dft/FC/CF0.4_d3.2.extxyz:139,FC,coverage,dft/FC/CF0.4_d3.2.extxyz:quench,52,C,4.32279303281407,3.3968353549548698,1.3345773387481144,,2.214921859383983
nequip,dft/FC/CF0.4_d2.3.extxyz:35,FC,coverage,dft/FC/CF0.4_d2.3.extxyz:melt,50,C,4.321046675850836,3.5463603082907813,1.4374161580767066,,6.673206333952068
nequip,dft/qsd/qsd_data.extxyz:1301,qsd,coverage,CF_30eV_18_3_C_C,61,O,4.310079978033083,3.963663968545573,1.1431451005449835,1.1431451005449835,20.5075352550217
nequip,dft/FC/CF0.4_d3.2.extxyz:42,FC,coverage,dft/FC/CF0.4_d3.2.extxyz:melt,79,C,4.28935883589653,3.3557098482632766,1.3424676854956326,,8.677705742251002
nequip,dft/qsd/qsd_data.extxyz:1033,qsd,coverage,CF_20eV_2_52_F_F,35,F,4.25022376950631,3.9291636199376896,1.1400009003943818,1.240891345968694,40.63109171841542
nequip,dft/FC/CF0.2_d3.2.extxyz:101,FC,coverage,dft/FC/CF0.2_d3.2.extxyz:quench,31,C,4.237748043419239,3.4588536857620475,1.2790392652690523,,13.028448083496476
nequip,dft/etch/trj_CF2_30eV.extxyz:163,etch,prior_outlier,trj_CF2_30eV_case1,27,F,4.234144234211233,3.8951770200037883,1.416227382873245,1.1751170154499515,5.175842727662424
nequip,dft/FC/CF0.2_d2.3.extxyz:63,FC,coverage,dft/FC/CF0.2_d2.3.extxyz:quench,110,C,4.208087422978336,3.7260764534270434,1.3529241537499441,,6.106268728595066
nequip,dft/FC/CF0.2_d2.3.extxyz:28,FC,coverage,dft/FC/CF0.2_d2.3.extxyz:melt,51,C,4.200462164929972,3.763144796017656,1.3671102848709755,,4.20228972730082
nequip,dft/FC/CF0.2_d2.3.extxyz:7,FC,coverage,dft/FC/CF0.2_d2.3.extxyz:melt,99,C,4.1898666168598275,4.103355222538621,1.3279532430021779,,5.7438019179358015
nequip,dft/FC/CF0.4_d2.3.extxyz:14,FC,coverage,dft/FC/CF0.4_d2.3.extxyz:melt,10,C,4.1795185574091205,3.263194089799315,1.2887883167533765,,11.65795214074363
nequip,dft/FC/CF0.2_d2.3.extxyz:88,FC,coverage,dft/FC/CF0.2_d2.3.extxyz:quench,71,C,4.170989265273441,3.6211254394069003,1.3355641312194633,,7.72088155124465
nequip,dft/qsd/qsd_data.extxyz:1034,qsd,coverage,CF_20eV_2_52_F_F,33,F,4.155503382584737,3.1718494229198004,0.798001496301855,1.240891345968694,218.40638116313212
nequip,dft/FC/CF0.2_d3.2.extxyz:88,FC,coverage,dft/FC/CF0.2_d3.2.extxyz:quench,9,C,4.144151679295224,3.7672181184642386,1.4653581251694068,,6.839461491253533
nequip,dft/FC/CF0.4_d3.2.extxyz:126,FC,coverage,dft/FC/CF0.4_d3.2.extxyz:quench,13,C,4.143046933145689,3.8804733108152027,1.3787684474921815,,7.126423249779233
nequip,dft/qsd/qsd_data.extxyz:757,qsd,coverage,CF_10eV_4_54_Si_C,5,C,4.141635382092604,3.0895660320724527,1.296932413042405,1.5765943405644969,9.596770063612704
nequip,dft/qsd/qsd_data.extxyz:1296,qsd,coverage,CF_30eV_18_13_Si_F,4,C,4.127589514650173,3.6067345783832536,1.2969287527848234,1.1698880128456748,10.635602992635913
nequip,dft/qsd/qsd_data.extxyz:1070,qsd,coverage,CF_20eV_2_54_F_C,36,F,4.074374185291534,3.674719689393299,1.2969324130424065,1.228183400718312,4.0143541140043935
nequip,dft/qsd/qsd_data.extxyz:1239,qsd,coverage,CF_30eV_18_12_F_F,81,Si,4.0665000715453425,3.616095352892735,1.2320083599554026,1.1728677049437417,54.1368535380926
nequip,dft/FC/CF0.2_d3.2.extxyz:88,FC,coverage,dft/FC/CF0.2_d3.2.extxyz:quench,103,C,4.054062762025219,3.999326386471581,1.3840125966189754,,8.499885374386704
nequip,dft/qsd/qsd_data.extxyz:1302,qsd,coverage,CF_30eV_18_3_C_C,61,O,4.04751830771742,3.129521869743222,1.1431451005449835,1.1431451005449835,23.528590989443053
nequip,dft/FC/CF0.2_d2.3.extxyz:63,FC,coverage,dft/FC/CF0.2_d2.3.extxyz:quench,54,C,4.039357891468041,3.5554731047712913,1.3708459394420898,,6.51602794587623
nequip,dft/qsd/qsd_data.extxyz:509,qsd,coverage,CF3_30eV_9_36_C_C,22,F,4.037778646380211,2.9176799729850416,0.8618053597535821,1.2595609813740645,116.20771811429434
nequip,dft/qsd/qsd_data.extxyz:1306,qsd,coverage,CF_30eV_18_3_C_F,2,C,4.034897524289629,3.3402101794297163,1.2969237527703794,1.1431451005449835,9.923116945265786
nequip,dft/qsd/qsd_data.extxyz:482,qsd,coverage,CF3_20eV_4_98_F_F,9,F,4.0261113341334385,4.01126846422892,0.7980014963018561,1.5846581323742983,224.01820339502348
nequip,dft/qsd/qsd_data.extxyz:551,qsd,coverage,CF3_30eV_9_36_Si_F,1,C,4.0242355104186665,3.5633995208436984,1.2969287527848226,1.2595609813740645,12.304546326943631
nequip,dft/FC/CF0.4_d2.3.extxyz:88,FC,coverage,dft/FC/CF0.4_d2.3.extxyz:quench,52,C,4.021455963935365,3.7153749803026113,1.2839708424259484,,8.408664737935089
nequip,dft/etch/trj_CF2_30eV.extxyz:425,etch,prior_outlier,trj_CF2_30eV_case1,4,F,4.019398276519864,3.86775381443798,1.308930861428516,1.2781627439414756,5.344108099554967
nequip,dft/FC/CF0.2_d2.3.extxyz:28,FC,coverage,dft/FC/CF0.2_d2.3.extxyz:melt,103,C,4.01460260337539,2.8849959834920167,1.2577345993889182,,12.185053144530926
nequip,dft/qsd/qsd_data.extxyz:533,qsd,coverage,CF3_30eV_9_36_O_C,86,Si,3.9992523573415024,3.431922750153598,1.583804590756069,0.9940006483398287,10.114062830851013
nequip,dft/etch/trj_CF2_30eV.extxyz:344,etch,prior_outlier,trj_CF2_30eV_case1,25,F,3.9716474258474563,3.390243823992834,1.739252713092607,1.2782018619920732,3.698563768628709
nequip,dft/FC/CF0.2_d2.3.extxyz:88,FC,coverage,dft/FC/CF0.2_d2.3.extxyz:quench,11,C,3.966828057386366,3.9054275236549545,1.3019436191709701,,8.872814570152642
nequip,dft/FC/CF0.2_d2.3.extxyz:7,FC,coverage,dft/FC/CF0.2_d2.3.extxyz:melt,18,C,3.9369897246218954,3.227549050160916,1.5381341980292507,,8.501000728910627
nequip,dft/qsd/qsd_data.extxyz:662,qsd,coverage,CF_10eV_4_37_Si_F,4,C,3.9336620203370725,3.5908030189017204,1.321640130784473,0.8399988402372921,9.027981192762311
nequip,dft/FC/CF0.2_d3.2.extxyz:140,FC,coverage,dft/FC/CF0.2_d3.2.extxyz:anneal,55,C,3.917651136962215,3.0302565022747823,1.3841674557952688,,3.1425953201495735
nequip,dft/qsd/qsd_data.extxyz:632,qsd,coverage,CF_10eV_4_37_C_F,6,C,3.908489702543355,3.6030582460386062,1.3119552237405057,1.371796809662423,13.927308657704472
nequip,dft/FC/CF0.4_d3.2.extxyz:139,FC,coverage,dft/FC/CF0.4_d3.2.extxyz:quench,32,C,3.8976884413897093,3.7449490370306244,1.3380872683797567,,4.068297132377747
nequip,dft/FC/CF0.2_d3.2.extxyz:114,FC,coverage,dft/FC/CF0.2_d3.2.extxyz:quench,94,C,3.8952478378060604,3.809331140939686,1.4190677189619956,,2.706362498561122
nequip,dft/FC/CF0.4_d2.3.extxyz:42,FC,coverage,dft/FC/CF0.4_d2.3.extxyz:melt,10,C,3.8950990014834064,3.515543186610489,1.3604002746985908,,6.393867864784507
nequip,dft/etch/trj_CF2_30eV.extxyz:95,etch,prior_outlier,trj_CF2_30eV_case1,92,O,3.8923856717966854,2.746244282775395,1.3669674465765431,1.120981712607302,0.2552930033060052
nequip,dft/FC/CF0.4_d3.2.extxyz:203,FC,coverage,dft/FC/CF0.4_d3.2.extxyz:anneal,97,C,3.8772854254366353,3.6448387331852743,1.370996848012571,,6.025878487646511
nequip,dft/qsd/qsd_data.extxyz:482,qsd,coverage,CF3_20eV_4_98_F_F,77,Si,3.8556654765219003,3.7946197289141956,1.60440257956038,1.5846581323742983,18.25236146668532
nequip,dft/qsd/qsd_data.extxyz:242,qsd,coverage,CF3_10eV_19_59_F_C,7,F,3.8528772848644564,3.103029190087799,1.351924611285703,1.351081189344298,5.516313479040418
nequip,dft/etch/trj_CF2_30eV.extxyz:874,etch,prior_outlier,trj_CF2_30eV_case1,21,O,3.8438126342808134,3.6042341660297477,1.6149612998459129,1.220040982918196,3.3514913587729867
nequip,dft/etch/trj_CF2_30eV.extxyz:322,etch,coverage,trj_CF2_30eV_case1,148,Si,3.816181513141447,3.7591573416400546,1.5441826316857736,1.288293444833124,6.057936757409572
nequip,dft/FC/CF0.4_d3.2.extxyz:193,FC,coverage,dft/FC/CF0.4_d3.2.extxyz:anneal,74,C,3.804705025648328,2.7906129616879283,1.2864692889843892,,2.909522457823964
nequip,dft/qsd/qsd_data.extxyz:1187,qsd,coverage,CF_20eV_2_79_C_C,19,C,3.804146066945802,3.801271111188255,1.358331819733308,1.306619940839722,5.774725774864206
nequip,dft/qsd/qsd_data.extxyz:758,qsd,coverage,CF_10eV_4_54_Si_C,3,C,3.794650340480979,2.725626290253289,1.2365414523985843,1.3090023784928768,2.511290100383665
nequip,dft/FC/CF0.4_d2.3.extxyz:88,FC,coverage,dft/FC/CF0.4_d2.3.extxyz:quench,69,C,3.7836756129022624,3.6039109824041082,1.2820966362954085,,8.257457585775297
nequip,dft/qsd/qsd_data.extxyz:1321,qsd,coverage,CF_30eV_18_3_O_C,6,F,3.7816190975581234,3.0391523934556797,1.2969237527703763,0.9940006483398287,6.63656722442981
nequip,dft/qsd/qsd_data.extxyz:1053,qsd,coverage,CF_20eV_2_52_Si_F,90,Si,3.780756065522015,3.2822553543057413,1.5836279008971774,1.240891345968694,20.878233478393184
nequip,dft/FC/CF0.4_d3.2.extxyz:126,FC,coverage,dft/FC/CF0.4_d3.2.extxyz:quench,22,C,3.765818586354961,3.4911900818008648,1.325592504655937,,4.92849606674176
nequip,dft/qsd/qsd_data.extxyz:451,qsd,coverage,CF3_20eV_4_78_O_C,74,Si,3.7443705388203163,3.473176336543922,1.5871385579085397,0.9940006483398287,10.555152752395628
nequip,dft/qsd/qsd_data.extxyz:1303,qsd,coverage,CF_30eV_18_3_C_C,61,O,3.740934827450528,2.70210429566578,1.1431451005449835,1.1431451005449835,31.926171368202436
nequip,dft/etch/trj_CF2_30eV.extxyz:644,etch,prior_outlier,trj_CF2_30eV_case1,148,Si,3.7325958305493345,3.3552509285856487,1.619969135508452,1.1374532957444887,5.773829787611685
nequip,dft/qsd/qsd_data.extxyz:260,qsd,coverage,CF3_10eV_19_59_Si_C,10,F,3.725882117226541,3.120784642553343,1.296928752784826,1.351081189344298,5.004026934410525
nequip,dft/qsd/qsd_data.extxyz:1305,qsd,coverage,CF_30eV_18_3_C_F,2,C,3.718754854259957,3.3398798498545768,1.2969237527703794,1.1431451005449835,9.25722639419027
nequip,dft/qsd/qsd_data.extxyz:1320,qsd,coverage,CF_30eV_18_3_O_C,56,O,3.709502413820887,2.967256066652267,1.6346335506467506,1.1431451005449835,7.09372698303769
nequip,dft/FC/CF0.2_d2.3.extxyz:50,FC,coverage,dft/FC/CF0.2_d2.3.extxyz:quench,85,C,3.706769082272847,3.2056959868746735,1.478095693925126,,4.962321039226201
nequip,dft/qsd/qsd_data.extxyz:965,qsd,coverage,CF_10eV_4_98_F_F,98,Si,3.6989145994721744,2.9976529801363583,1.5897771367081623,1.2757015281404969,16.025710853983764
nequip,dft/qsd/qsd_data.extxyz:13,qsd,coverage,CF3_10eV_19_10_O_F,45,O,3.693876039543863,3.284774582203009,1.598995998400246,1.5801362450750878,12.67791484495262
nequip,dft/qsd/qsd_data.extxyz:1006,qsd,coverage,CF_20eV_2_32_O_F,67,O,3.6832223264012574,2.8877456121024707,1.5990046586548765,1.1673245965882841,13.563791425370598
nequip,dft/FC/CF0.4_d3.2.extxyz:126,FC,coverage,dft/FC/CF0.4_d3.2.extxyz:quench,86,C,3.6680840225030034,2.142603035082496,1.3769038171927621,,6.592347699090212
nequip,dft/qsd/qsd_data.extxyz:790,qsd,coverage,CF_10eV_4_5_O_F,7,F,3.6557898070265793,2.8766967851468976,1.296932413042405,1.1995447063782159,14.096949391903767
nequip,dft/qsd/qsd_data.extxyz:1214,qsd,coverage,CF_20eV_2_79_Si_C,91,Si,3.653740314993922,3.2530985327377913,1.309002378492874,1.306619940839722,39.86280484591833
nequip,dft/qsd/qsd_data.extxyz:963,qsd,coverage,CF_10eV_4_98_F_F,15,F,3.6533614191011723,3.483301122871554,1.48200030448715,1.2757015281404969,19.526192810617996
nequip,dft/FC/CF0.4_d3.2.extxyz:203,FC,coverage,dft/FC/CF0.4_d3.2.extxyz:anneal,102,C,3.6507441372532954,3.33238646539272,1.348514040379262,,3.055497943859724
nequip,dft/FC/CF0.2_d2.3.extxyz:75,FC,coverage,dft/FC/CF0.2_d2.3.extxyz:quench,37,C,3.6093387745733376,3.18819684289277,1.2501220657599805,,7.517905876775592
nequip,dft/FC/CF0.4_d3.2.extxyz:214,FC,coverage,dft/FC/CF0.4_d3.2.extxyz:anneal,102,C,3.606578186537165,3.591066813960512,1.3485636658682447,,3.71127384397177
nequip,dft/qsd/qsd_data.extxyz:552,qsd,coverage,CF3_30eV_9_36_Si_F,1,C,3.591118801789829,2.8506396948978265,1.296932413042405,1.2595609813740645,16.679607824911233
nequip,dft/FC/CF0.2_d3.2.extxyz:139,FC,coverage,dft/FC/CF0.2_d3.2.extxyz:quench,104,C,3.5555936919456372,2.95874957366006,1.367284232520803,,7.262080275668123
nequip,dft/FC/CF0.2_d2.3.extxyz:50,FC,coverage,dft/FC/CF0.2_d2.3.extxyz:quench,13,C,3.5444243246953824,3.495156529871143,1.3895039054311735,,5.313236628091581
nequip,dft/FC/CF0.4_d3.2.extxyz:140,FC,coverage,dft/FC/CF0.4_d3.2.extxyz:anneal,74,C,3.5414811371365054,2.7801643271288325,1.2984396023689369,,1.2774068502669775
nequip,dft/etch/trj_CF2_30eV.extxyz:282,etch,prior_outlier,trj_CF2_30eV_case1,20,F,3.5399322694554893,3.4787666453466106,1.3684297570573356,1.536847422485394,1.8948181485166329
nequip,dft/FC/CF0.2_d2.3.extxyz:75,FC,coverage,dft/FC/CF0.2_d2.3.extxyz:quench,102,C,3.5338801105585738,3.150559671469495,1.3537911231427098,,4.9093590296938965
nequip,dft/FC/CF0.2_d3.2.extxyz:114,FC,coverage,dft/FC/CF0.2_d3.2.extxyz:quench,98,C,3.521807327452304,3.175588626145214,1.352017750401229,,3.2318390785484663
nequip,dft/etch/trj_CF2_30eV.extxyz:163,etch,prior_outlier,trj_CF2_30eV_case1,107,O,3.507373847481441,3.0666398775429795,1.60231083126839,1.1751170154499515,4.873807502158451
nequip,dft/FC/CF0.2_d2.3.extxyz:126,FC,coverage,dft/FC/CF0.2_d2.3.extxyz:quench,95,C,3.496265686228908,2.7525804464569283,1.4919683012718468,,4.539991191362049
nequip,dft/mqa/mqa_SiC.extxyz:354,mqa,coverage,dft/mqa/mqa_SiC.extxyz:mqa_SiC,42,C,3.4960105644497657,3.1402711024929943,1.3248741032264162,1.5925064224046326,6.331349012127115
nequip,dft/FC/CF0.2_d3.2.extxyz:214,FC,coverage,dft/FC/CF0.2_d3.2.extxyz:anneal,71,C,3.4848155946091715,3.318157109759377,1.3425310745751842,,1.6583767167504493
nequip,dft/FC/CF0.4_d3.2.extxyz:203,FC,coverage,dft/FC/CF0.4_d3.2.extxyz:anneal,74,C,3.4789096282563565,2.9657940659612603,1.3168341887268877,,2.331609701137178
nequip,dft/FC/CF0.4_d2.3.extxyz:161,FC,coverage,dft/FC/CF0.4_d2.3.extxyz:anneal,57,C,3.478303171911374,2.9050251818681567,1.386324383432679,,4.228889689757939
nequip,dft/qsd/qsd_data.extxyz:440,qsd,coverage,CF3_20eV_4_78_F_C,0,C,3.477268040512933,3.1220940212650348,0.9310003023092941,1.5805841200328443,70.26455714846783
nequip,dft/FC/CF0.2_d3.2.extxyz:161,FC,coverage,dft/FC/CF0.2_d3.2.extxyz:anneal,16,C,3.449260751396036,3.0871831918981663,1.2876482214486988,,2.55861500437815
nequip,dft/qsd/qsd_data.extxyz:757,qsd,coverage,CF_10eV_4_54_Si_C,13,F,3.4451997770348894,3.27304758388034,1.4882650182679178,1.5765943405644969,9.066264484989613
nequip,dft/qsd/qsd_data.extxyz:450,qsd,coverage,CF3_20eV_4_78_O_C,53,O,3.4451221514563084,2.77018098491229,1.6206275244484771,1.5805841200328443,5.743558981717521
nequip,dft/FC/CF0.2_d3.2.extxyz:139,FC,coverage,dft/FC/CF0.2_d3.2.extxyz:quench,40,C,3.4358032586554472,2.4541220911671666,1.367284232520803,,6.967846069069408
nequip,dft/mqa/mqa_SiC.extxyz:177,mqa,coverage,dft/mqa/mqa_SiC.extxyz:mqa_SiC,45,C,3.4330115525120486,3.000059132319553,1.4744390854151959,1.6108935477554065,9.212735952490009
nequip,dft/qsd/qsd_data.extxyz:1148,qsd,coverage,CF_20eV_2_76_C_F,29,C,3.4318000828681288,2.7157118949458763,0.931000302309297,1.2835795392962583,82.23772523042418
nequip,dft/etch/trj_CF3_30eV.extxyz:161,etch,coverage,trj_CF3_30eV_case1,149,Si,3.4176652443323237,2.123430094742766,1.589308025525575,1.2038687636117167,4.12634282214881
nequip,dft/etch/trj_CF2_30eV.extxyz:709,etch,coverage,trj_CF2_30eV_case1,147,Si,3.409322394699709,2.390001809578396,1.5862534475927872,1.1512601791080939,10.120000218913091
nequip,dft/FC/CF0.2_d3.2.extxyz:182,FC,coverage,dft/FC/CF0.2_d3.2.extxyz:anneal,110,C,3.4059563163886555,2.418688256962215,1.4303867399762893,,4.914030751078589
nequip,dft/FC/CF0.2_d3.2.extxyz:114,FC,coverage,dft/FC/CF0.2_d3.2.extxyz:quench,99,C,3.3988018295997255,3.1836741138680464,1.422872700560385,,3.4740553459306027
nequip,dft/qsd/qsd_data.extxyz:965,qsd,coverage,CF_10eV_4_98_F_F,15,F,3.397585899095839,3.341726584317229,0.7979928360580717,1.2757015281404969,221.3436971177031
nequip,dft/etch/trj_CF2_30eV.extxyz:146,etch,prior_outlier,trj_CF2_30eV_case1,147,Si,3.396523117959281,3.2894479814806656,1.581960808616951,1.2147839314050886,5.394685580381956
nequip,dft/qsd/qsd_data.extxyz:497,qsd,coverage,CF3_20eV_4_98_Si_C,77,Si,3.383287816458395,3.3671005898919786,1.309002378492874,1.309002378492874,46.34463308245763
nequip,dft/qsd/qsd_data.extxyz:1008,qsd,coverage,CF_20eV_2_32_O_F,86,Si,3.3743588814052052,2.874868468330817,1.5804122771606146,0.861001842332521,11.990692840478653
nequip,dft/etch/trj_CF3_30eV.extxyz:741,etch,coverage,trj_CF3_30eV_case1,149,Si,3.3520831626686234,2.940426539192497,1.477362514753914,1.4182383438618476,8.921579220882814
nequip,dft/qsd/qsd_data.extxyz:1052,qsd,coverage,CF_20eV_2_52_Si_F,23,F,3.346178817349587,2.4452997962092695,0.9207919359985732,1.240891345968694,105.47544064241733
nequip,dft/FC/CF0.4_d3.2.extxyz:151,FC,coverage,dft/FC/CF0.4_d3.2.extxyz:anneal,33,C,3.3434201162062287,2.4636054190788985,1.373007527801651,,2.434252627433932
nequip,dft/etch/trj_CF2_30eV.extxyz:344,etch,prior_outlier,trj_CF2_30eV_case1,23,F,3.331311395531914,2.962381306961256,1.7001764614298132,1.2782018619920732,2.156936851672065
nequip,dft/FC/CF0.2_d3.2.extxyz:203,FC,coverage,dft/FC/CF0.2_d3.2.extxyz:anneal,115,C,3.329066312565321,2.906472074905496,1.3140405088761593,,2.0591739435280836
nequip,dft/FC/CF0.4_d2.3.extxyz:214,FC,coverage,dft/FC/CF0.4_d2.3.extxyz:anneal,5,C,3.324535708573146,2.434809845750836,1.3417120176103359,,4.075498101318537
nequip,dft/qsd/qsd_data.extxyz:674,qsd,coverage,CF_10eV_4_39_F_C,8,C,3.319918915903614,3.0552471287572254,1.296932413042408,1.3097513380409276,6.6864717275793515
nequip,dft/FC/CF0.2_d2.3.extxyz:126,FC,coverage,dft/FC/CF0.2_d2.3.extxyz:quench,78,C,3.315134157650257,3.137492772940244,1.4515908545798983,,4.778941245403317
nequip,dft/qsd/qsd_data.extxyz:13,qsd,coverage,CF3_10eV_19_10_O_F,3,F,3.30638525686365,2.8980824682076936,1.2969374130234639,1.5801362450750878,14.12115665256763
nequip,dft/FC/CF0.2_d3.2.extxyz:172,FC,coverage,dft/FC/CF0.2_d3.2.extxyz:anneal,10,C,3.301937982633752,2.3858309817663113,1.3516886166597197,,2.892967578980622
nequip,dft/qsd/qsd_data.extxyz:1238,qsd,coverage,CF_30eV_18_12_F_F,81,Si,3.288324564656395,2.175476338110329,1.1980603443065794,1.1728677049437417,48.62022548817505
nequip,dft/FC/CF0.4_d3.2.extxyz:214,FC,coverage,dft/FC/CF0.4_d3.2.extxyz:anneal,74,C,3.285709950752446,2.615277569514334,1.3079087306459873,,1.3312105115379012
nequip,dft/FC/CF0.2_d3.2.extxyz:203,FC,coverage,dft/FC/CF0.2_d3.2.extxyz:anneal,71,C,3.2718695210907636,2.8230758578839033,1.3522211599438898,,2.2701872025172283
nequip,dft/FC/CF0.2_d3.2.extxyz:193,FC,coverage,dft/FC/CF0.2_d3.2.extxyz:anneal,89,C,3.2651901660065863,2.3930050122247977,1.282308318235531,,1.9476007182690191
nequip,dft/FC/CF0.2_d3.2.extxyz:182,FC,coverage,dft/FC/CF0.2_d3.2.extxyz:anneal,72,C,3.2518610464001148,3.079793930634222,1.5392859328272956,,3.0210824593322507
nequip,dft/qsd/qsd_data.extxyz:1328,qsd,coverage,CF_30eV_18_3_O_F,56,O,3.239438338049581,2.6996569434788142,0.8610018423325219,0.8610018423325219,146.4384268246627
nequip,dft/FC/CF0.2_d3.2.extxyz:182,FC,coverage,dft/FC/CF0.2_d3.2.extxyz:anneal,99,C,3.228817702927519,2.795827581089623,1.4734208124632968,,2.0598695179930693
nequip,dft/etch/trj_CF2_30eV.extxyz:650,etch,prior_outlier,trj_CF2_30eV_case1,12,F,3.226196445911721,2.9448477430994506,1.523482851889053,1.4723111084278335,5.765026588962188
nequip,dft/FC/CF0.2_d3.2.extxyz:214,FC,coverage,dft/FC/CF0.2_d3.2.extxyz:anneal,36,C,3.224228995605261,2.6959991780097523,1.3158093529641726,,0.7288611618648644
nequip,dft/FC/CF0.4_d3.2.extxyz:151,FC,coverage,dft/FC/CF0.4_d3.2.extxyz:anneal,69,C,3.2206483321865953,2.303112689912167,1.370498819043636,,3.6386984662543833
nequip,dft/qsd/qsd_data.extxyz:1293,qsd,coverage,CF_30eV_18_13_Si_C,50,O,3.210145776876697,2.087375738340959,1.6432028873209754,0.9350054104656303,0.403995691011674
nequip,dft/FC/CF0.4_d2.3.extxyz:161,FC,coverage,dft/FC/CF0.4_d2.3.extxyz:anneal,102,C,3.167348656135515,2.942656357606409,1.3710594208129723,,1.8626468634996276
nequip,dft/FC/CF0.4_d3.2.extxyz:151,FC,coverage,dft/FC/CF0.4_d3.2.extxyz:anneal,101,C,3.164393848889351,2.3812038444738053,1.3692005656221442,,3.2413720124670973
nequip,dft/FC/CF0.4_d2.3.extxyz:172,FC,coverage,dft/FC/CF0.4_d2.3.extxyz:anneal,92,C,3.164033155440101,2.719799616919575,1.4466189657611985,,3.9269285314576328
nequip,dft/FC/CF0.4_d3.2.extxyz:88,FC,coverage,dft/FC/CF0.4_d3.2.extxyz:quench,99,C,3.1592818602998363,2.8859079103934295,1.472785189224824,,2.47699788021185
nequip,dft/qsd/qsd_data.extxyz:674,qsd,coverage,CF_10eV_4_39_F_C,14,F,3.1425384742441667,2.895641079800936,1.597508304829743,1.3097513380409276,7.245643084978034
nequip,dft/FC/CF0.2_d3.2.extxyz:139,FC,coverage,dft/FC/CF0.2_d3.2.extxyz:quench,10,C,3.140953253804832,2.897058251191055,1.3306269789127247,,3.57946924681146
nequip,dft/qsd/qsd_data.extxyz:229,qsd,coverage,CF3_10eV_19_59_C_C,9,F,3.1398493971364134,2.800898907330871,1.3637624506489383,1.351081189344298,3.2561106217863665
nequip,dft/FC/CF0.2_d2.3.extxyz:151,FC,coverage,dft/FC/CF0.2_d2.3.extxyz:anneal,44,C,3.1383108720582147,3.0232032247353,1.4027977244421246,,3.1342854796264175
nequip,dft/FC/CF0.4_d2.3.extxyz:139,FC,coverage,dft/FC/CF0.4_d2.3.extxyz:quench,65,C,3.1375646189050306,2.7462459903089402,1.376420549396151,,6.331570826144647
nequip,dft/qsd/qsd_data.extxyz:1326,qsd,coverage,CF_30eV_18_3_O_F,56,O,3.1334563999364984,2.5524971713668165,1.5989959984002489,1.1431451005449835,14.888110651451413
nequip,dft/FC/CF0.4_d3.2.extxyz:172,FC,coverage,dft/FC/CF0.4_d3.2.extxyz:anneal,100,C,3.1274386613821474,2.511185737351749,1.3214470545201573,,2.4026608618296503
nequip,dft/FC/CF0.4_d3.2.extxyz:182,FC,coverage,dft/FC/CF0.4_d3.2.extxyz:anneal,102,C,3.1270270247901077,2.398166086661968,1.318210451559233,,1.3122760436714525
nequip,dft/FC/CF0.4_d3.2.extxyz:161,FC,coverage,dft/FC/CF0.4_d3.2.extxyz:anneal,74,C,3.1220612761777757,2.1779135215802894,1.3384992538287055,,1.8989364356362748
nequip,dft/etch/trj_CF3_30eV.extxyz:709,etch,coverage,trj_CF3_30eV_case1,149,Si,3.119025838953607,2.41823873763657,1.6233915116200412,1.1506954418959003,4.204515366304302
nequip,dft/FC/CF0.2_d3.2.extxyz:172,FC,coverage,dft/FC/CF0.2_d3.2.extxyz:anneal,99,C,3.1180276138045953,2.8458370532409987,1.4430285625031816,,1.2319927038184926
nequip,dft/qsd/qsd_data.extxyz:313,qsd,coverage,CF3_10eV_19_84_F_F,0,C,3.110694162969767,2.6744800569470257,1.2969374130234668,1.5883613265563985,9.832556667247488
nequip,dft/FC/CF0.4_d2.3.extxyz:161,FC,coverage,dft/FC/CF0.4_d2.3.extxyz:anneal,1,C,3.10849549676985,1.956652041580437,1.4107020018061942,,3.7854661182934923
nequip,dft/qsd/qsd_data.extxyz:1070,qsd,coverage,CF_20eV_2_54_F_C,18,C,3.1048216285606207,2.550880750012098,0.9310003023092941,1.228183400718312,68.27742806347267
nequip,dft/FC/CF0.4_d3.2.extxyz:193,FC,coverage,dft/FC/CF0.4_d3.2.extxyz:anneal,3,C,3.1036220051411854,2.932856044572458,1.387848214611382,,4.319953595904821
nequip,dft/mqa/mqa_SiC.extxyz:177,mqa,coverage,dft/mqa/mqa_SiC.extxyz:mqa_SiC,36,C,3.0924247366490003,2.1918391770143515,1.3478490953367146,1.6108935477554065,5.72066306518344
nequip,dft/FC/CF0.4_d3.2.extxyz:140,FC,coverage,dft/FC/CF0.4_d3.2.extxyz:anneal,20,C,3.080045355916318,2.428228516107618,1.3786211932216903,,4.157236353567235
nequip,dft/etch/trj_CF3_30eV.extxyz:999,etch,coverage,trj_CF3_30eV_case1,149,Si,3.079470495803257,2.178373089016638,1.5047923444781297,1.146516463030514,5.378803589809448
nequip,dft/FC/CF0.4_d2.3.extxyz:193,FC,coverage,dft/FC/CF0.4_d2.3.extxyz:anneal,33,C,3.073894901933908,3.0274763975017573,1.3772545497557613,,2.489809836726291
nequip,dft/FC/CF0.2_d2.3.extxyz:114,FC,coverage,dft/FC/CF0.2_d2.3.extxyz:quench,43,C,3.070505429679176,2.7534438991976287,1.377979323320926,,4.835388807378472
nequip,dft/qsd/qsd_data.extxyz:1297,qsd,coverage,CF_30eV_18_13_Si_F,79,Si,3.067432115426246,2.9114837016242348,0.8399988402372951,0.8399988402372951,245.59557728677103
nequip,dft/FC/CF0.4_d3.2.extxyz:172,FC,coverage,dft/FC/CF0.4_d3.2.extxyz:anneal,74,C,3.0626296418667556,2.1393942423307237,1.3214470545201573,,2.9855010895260112
nequip,dft/qsd/qsd_data.extxyz:577,qsd,coverage,CF3_30eV_9_9_O_F,74,Si,3.054286472561174,2.507468224910464,1.5868292418845826,0.8610018423325219,17.74090851985323
nequip,dft/FC/CF0.4_d2.3.extxyz:151,FC,coverage,dft/FC/CF0.4_d2.3.extxyz:anneal,87,C,3.0456525784452446,2.4039367978418866,1.3241039253396998,,2.2665163814605442
nequip,dft/qsd/qsd_data.extxyz:1309,qsd,coverage,CF_30eV_18_3_F_C,3,F,3.036340388021211,2.6168331029882768,1.5912669656597522,1.1431451005449835,5.8790606098605585
nequip,dft/FC/CF0.2_d3.2.extxyz:161,FC,coverage,dft/FC/CF0.2_d3.2.extxyz:anneal,70,C,3.0355514552251357,2.2115087227656938,1.437147418082084,,3.189435311687948
nequip,dft/qsd/qsd_data.extxyz:731,qsd,coverage,CF_10eV_4_54_C_C,3,C,3.0355014333399413,2.5874502999267417,1.2365414523985843,1.5765943405644969,1.8886287571870761
nequip,dft/FC/CF0.2_d2.3.extxyz:161,FC,coverage,dft/FC/CF0.2_d2.3.extxyz:anneal,101,C,3.0328874046208223,2.433924404451586,1.3585910980865434,,5.0828907637608145
nequip,dft/FC/CF0.4_d3.2.extxyz:193,FC,coverage,dft/FC/CF0.4_d3.2.extxyz:anneal,101,C,3.024826792665967,2.188896153402877,1.3297447569364589,,1.641982149262896
nequip,dft/FC/CF0.2_d3.2.extxyz:75,FC,coverage,dft/FC/CF0.2_d3.2.extxyz:quench,16,C,3.0236782525168664,2.5895048256443975,1.3402428625439498,,0.5440737388819644
nequip,dft/FC/CF0.2_d2.3.extxyz:203,FC,coverage,dft/FC/CF0.2_d2.3.extxyz:anneal,65,C,3.0164777789672867,2.195900710009946,1.362212445472437,,2.7774301097899836
nequip,dft/FC/CF0.4_d3.2.extxyz:182,FC,coverage,dft/FC/CF0.4_d3.2.extxyz:anneal,74,C,3.0154043022916923,2.0144131822304607,1.3356869452832127,,3.3033664996804397
nequip,dft/etch/trj_CF2_30eV.extxyz:958,etch,prior_outlier,trj_CF2_30eV_case1,1,C,2.983130196565647,2.1966541018199104,1.2781627439414747,0.9210320298447815,4.321275419431744
nequip,dft/FC/CF0.4_d3.2.extxyz:214,FC,coverage,dft/FC/CF0.4_d3.2.extxyz:anneal,100,C,2.9729946801511025,2.5113652157066193,1.3441357173291688,,3.6458644254006485
nequip,dft/etch/trj_CF3_30eV.extxyz:580,etch,coverage,trj_CF3_30eV_case1,101,O,2.971427503282766,2.0558172194907227,1.4886235252742723,1.4886235252742723,0.5988857929739192
nequip,dft/etch/trj_CF2_30eV.extxyz:650,etch,prior_outlier,trj_CF2_30eV_case1,21,F,2.9660449161384275,2.562002267591749,1.5300000000000002,1.4723111084278335,4.162892547300014
nequip,dft/FC/CF0.2_d3.2.extxyz:214,FC,coverage,dft/FC/CF0.2_d3.2.extxyz:anneal,95,C,2.9395239477496196,2.426787518990934,1.386238454154618,,6.254082568075512
nequip,dft/FC/CF0.2_d2.3.extxyz:114,FC,coverage,dft/FC/CF0.2_d2.3.extxyz:quench,46,C,2.939270812058441,2.2922418096942496,1.3464876062927575,,5.102160620353694
nequip,dft/FC/CF0.2_d3.2.extxyz:193,FC,coverage,dft/FC/CF0.2_d3.2.extxyz:anneal,16,C,2.9356951655691153,2.6533664939914616,1.3361356992835722,,0.8761673464555729
nequip,dft/qsd/qsd_data.extxyz:1237,qsd,coverage,CF_30eV_18_12_F_F,10,F,2.932044149495601,1.7848086590028558,1.2596744670747282,1.1728677049437417,38.96893389886427
nequip,dft/FC/CF0.2_d2.3.extxyz:114,FC,coverage,dft/FC/CF0.2_d2.3.extxyz:quench,52,C,2.9306306127075605,2.4407249923000327,1.3849960324130888,,3.2117181397012406
nequip,dft/FC/CF0.2_d3.2.extxyz:161,FC,coverage,dft/FC/CF0.2_d3.2.extxyz:anneal,4,C,2.926681279796334,2.2247327942066755,1.4077585194201456,,3.1401948851814914
nequip,dft/FC/CF0.2_d2.3.extxyz:126,FC,coverage,dft/FC/CF0.2_d2.3.extxyz:quench,6,C,2.919899676465707,2.703325077083119,1.3492408466245007,,6.066097293641935
nequip,dft/FC/CF0.4_d2.3.extxyz:182,FC,coverage,dft/FC/CF0.4_d2.3.extxyz:anneal,102,C,2.914019614594271,2.5092854488349587,1.355140043906901,,1.9580174194089797
nequip,dft/FC/CF0.2_d3.2.extxyz:151,FC,coverage,dft/FC/CF0.2_d3.2.extxyz:anneal,16,C,2.9066881263197137,2.571772246210448,1.3297015630960205,,0.8740712402533332
nequip,dft/etch/trj_CF2_30eV.extxyz:483,etch,coverage,trj_CF2_30eV_case1,0,C,2.902236910021168,2.0941529782213495,1.2949517365523704,1.4659809002848585,4.417360403941703
nequip,dft/FC/CF0.2_d2.3.extxyz:193,FC,coverage,dft/FC/CF0.2_d2.3.extxyz:anneal,21,C,2.8982043617689586,2.862541549783276,1.38877252971824,,3.175671606634729
nequip,dft/qsd/qsd_data.extxyz:1069,qsd,coverage,CF_20eV_2_54_F_C,13,C,2.8906704230383067,2.4006417973136687,1.3485946376135427,1.228183400718312,2.551682104062926
nequip,dft/FC/CF0.4_d2.3.extxyz:182,FC,coverage,dft/FC/CF0.4_d2.3.extxyz:anneal,43,C,2.8890970613637266,2.7972592521161026,1.3828164740123685,,3.0818731937745265
nequip,dft/FC/CF0.2_d3.2.extxyz:140,FC,coverage,dft/FC/CF0.2_d3.2.extxyz:anneal,43,C,2.885327323196618,2.335516453945936,1.352612956798803,,1.5642303305884977
nequip,dft/FC/CF0.2_d2.3.extxyz:182,FC,coverage,dft/FC/CF0.2_d2.3.extxyz:anneal,101,C,2.878268292185306,2.7497147486520377,1.3583332622372173,,2.1820518900140757
nequip,dft/FC/CF0.2_d3.2.extxyz:193,FC,coverage,dft/FC/CF0.2_d3.2.extxyz:anneal,107,C,2.8714289691490475,2.775454204708029,1.43404552267353,,1.934692753859899
nequip,dft/FC/CF0.4_d3.2.extxyz:161,FC,coverage,dft/FC/CF0.4_d3.2.extxyz:anneal,64,C,2.8564315197052736,2.78414293506749,1.3233965929002538,,3.1822529786894695
nequip,dft/etch/trj_CF3_30eV.extxyz:709,etch,coverage,trj_CF3_30eV_case1,148,Si,2.853495089303991,2.5698963223977067,1.6275441622272495,1.1506954418959003,2.1157507792596935
nequip,dft/etch/trj_CF3_30eV.extxyz:580,etch,coverage,trj_CF3_30eV_case1,149,Si,2.8503840748798295,2.203365182545353,1.5111915828246263,1.4886235252742723,0.4560674031248013
nequip,dft/FC/CF0.4_d3.2.extxyz:161,FC,coverage,dft/FC/CF0.4_d3.2.extxyz:anneal,91,C,2.8479657599407857,2.837206830039916,1.4197691450021022,,3.7398992918930314
nequip,dft/FC/CF0.2_d3.2.extxyz:172,FC,coverage,dft/FC/CF0.2_d3.2.extxyz:anneal,16,C,2.8387974574749975,2.298371026826201,1.3516886166597197,,1.063419132709206
nequip,dft/FC/CF0.4_d2.3.extxyz:214,FC,coverage,dft/FC/CF0.4_d2.3.extxyz:anneal,33,C,2.8383481514660507,2.83085312675,1.331976421465688,,2.285632216006985
nequip,dft/etch/trj_CF2_30eV.extxyz:709,etch,coverage,trj_CF2_30eV_case1,149,Si,2.830947030009803,2.4536566380597797,1.639176622576103,1.1512601791080939,4.920602270796737
nequip,dft/FC/CF0.4_d2.3.extxyz:151,FC,coverage,dft/FC/CF0.4_d2.3.extxyz:anneal,51,C,2.829881834732343,2.5253910123125607,1.3241039253396998,,2.7034015596527645
nequip,dft/FC/CF0.2_d3.2.extxyz:140,FC,coverage,dft/FC/CF0.2_d3.2.extxyz:anneal,36,C,2.824538762713131,2.709506777232554,1.3074166249046526,,2.1638142419577053
nequip,dft/FC/CF0.4_d3.2.extxyz:172,FC,coverage,dft/FC/CF0.4_d3.2.extxyz:anneal,64,C,2.823887795658438,1.9372802419977884,1.3223742427164868,,1.6328079139880478
nequip,dft/qsd/qsd_data.extxyz:242,qsd,coverage,CF3_10eV_19_59_F_C,1,C,2.8226328661965976,2.411629897931291,1.296928752784826,1.351081189344298,6.79084171587455
nequip,dft/FC/CF0.2_d2.3.extxyz:161,FC,coverage,dft/FC/CF0.2_d2.3.extxyz:anneal,55,C,2.817475395462274,1.8778456984034233,1.4024430581714629,,3.159221550342268
nequip,dft/etch/trj_CF3_30eV.extxyz:741,etch,coverage,trj_CF3_30eV_case1,147,Si,2.815643172759975,2.731502635839689,1.5693629280698589,1.4182383438618476,3.763645999015051
nequip,dft/etch/trj_CF2_30eV.extxyz:32,etch,coverage,trj_CF2_30eV_case1,148,Si,2.811156868563697,2.0505723690719493,1.5609292104384491,1.1801694793545539,4.696362238526645
nequip,dft/qsd/qsd_data.extxyz:1297,qsd,coverage,CF_30eV_18_13_Si_F,11,F,2.7995456558186227,2.7794340037019367,0.8399988402372951,0.8399988402372951,233.40215973369445
nequip,dft/FC/CF0.4_d2.3.extxyz:193,FC,coverage,dft/FC/CF0.4_d2.3.extxyz:anneal,65,C,2.799117930396936,2.557922478032493,1.39760336079304,,2.882054137491695
nequip,dft/FC/CF0.4_d2.3.extxyz:140,FC,coverage,dft/FC/CF0.4_d2.3.extxyz:anneal,51,C,2.7944820311540943,2.2413380225841033,1.3704947735033504,,2.3596354259228267
nequip,dft/qsd/qsd_data.extxyz:502,qsd,coverage,CF3_20eV_4_98_Si_F,11,F,2.7942570807232774,2.5632159762192526,1.2969287527848257,1.5846581323742983,12.32588604014385
nequip,dft/FC/CF0.2_d2.3.extxyz:172,FC,coverage,dft/FC/CF0.2_d2.3.extxyz:anneal,99,C,2.783774237977967,2.060099225251504,1.4811998521806575,,3.838831530180245
nequip,dft/FC/CF0.4_d2.3.extxyz:203,FC,coverage,dft/FC/CF0.4_d2.3.extxyz:anneal,87,C,2.780440197920888,2.2344675387499855,1.348423269971266,,1.175846936297833
nequip,dft/etch/trj_CF2_30eV.extxyz:226,etch,coverage,trj_CF2_30eV_case1,1,C,2.771752750190022,2.5003874305452096,1.1734564329364785,1.1734564329364785,2.0506987240591927
nequip,dft/mqa/mqa_SiO2.extxyz:411,mqa,coverage,dft/mqa/mqa_SiO2.extxyz:mqa_SiO2,23,Si,2.7666039836704353,1.949286261504092,1.5136852307530795,,7.911666176129906
nequip,dft/FC/CF0.2_d2.3.extxyz:172,FC,coverage,dft/FC/CF0.2_d2.3.extxyz:anneal,113,C,2.7645981145234937,2.0380127096096383,1.3693622036919224,,6.3533160220043365
nequip,dft/qsd/qsd_data.extxyz:963,qsd,coverage,CF_10eV_4_98_F_F,22,F,2.763286420639925,2.4981049346889534,1.2969287527848226,1.2757015281404969,20.064360077567535
nequip,dft/FC/CF0.4_d3.2.extxyz:140,FC,coverage,dft/FC/CF0.4_d3.2.extxyz:anneal,102,C,2.760810013113266,1.9728903578782688,1.3467562895342262,,1.769910797909601
nequip,dft/FC/CF0.2_d3.2.extxyz:75,FC,coverage,dft/FC/CF0.2_d3.2.extxyz:quench,98,C,2.7523867214836737,2.5946558881613333,1.3422566120157504,,2.1213892363571567
nequip,dft/qsd/qsd_data.extxyz:529,qsd,coverage,CF3_30eV_9_36_F_F,1,C,2.7488579918921,2.529670195371205,1.2969374130234639,1.2595609813740645,9.742847769402383
nequip,dft/mqa/mqa_SiC.extxyz:354,mqa,coverage,dft/mqa/mqa_SiC.extxyz:mqa_SiC,43,C,2.748598355053466,2.4245622842074557,1.3572398876027776,1.5925064224046326,5.66632517116023
nequip,dft/FC/CF0.4_d2.3.extxyz:193,FC,coverage,dft/FC/CF0.4_d2.3.extxyz:anneal,5,C,2.7459261039453,2.260800991391346,1.3693217695633126,,2.974870817653432
nequip,dft/mqa/mqa_SiC.extxyz:177,mqa,coverage,dft/mqa/mqa_SiC.extxyz:mqa_SiC,41,C,2.73992762699801,2.19433594431667,1.5226412171946484,1.6108935477554065,3.9893222760675777
nequip,dft/qsd/qsd_data.extxyz:1321,qsd,coverage,CF_30eV_18_3_O_C,2,C,2.7234715335683015,1.7862476305237749,0.9940006483398287,0.9940006483398287,46.51981663934958
nequip,dft/FC/CF0.4_d3.2.extxyz:182,FC,coverage,dft/FC/CF0.4_d3.2.extxyz:anneal,22,C,2.7174364122264616,1.952465484467639,1.3783430553022704,,3.108148712493178
nequip,dft/FC/CF0.4_d2.3.extxyz:203,FC,coverage,dft/FC/CF0.4_d2.3.extxyz:anneal,26,C,2.7098644966098964,2.4252490917777423,1.4112744820905683,,3.6708600414235355
nequip,dft/qsd/qsd_data.extxyz:674,qsd,coverage,CF_10eV_4_39_F_C,87,Si,2.6864629235983326,2.3570608867510776,1.5918814325508048,1.3097513380409276,1.5728856453722246
nequip,dft/FC/CF0.4_d2.3.extxyz:203,FC,coverage,dft/FC/CF0.4_d2.3.extxyz:anneal,22,C,2.6842786617100534,2.2762286080222163,1.3592712831729148,,2.031429782079853
nequip,dft/FC/CF0.4_d3.2.extxyz:88,FC,coverage,dft/FC/CF0.4_d3.2.extxyz:quench,102,C,2.666818963719947,2.5215180058376627,1.2986659361437027,,0.9439295741717175
nequip,dft/qsd/qsd_data.extxyz:1328,qsd,coverage,CF_30eV_18_3_O_F,78,Si,2.6648088597791064,2.1196751172988133,1.67830462324335,0.8610018423325219,14.063401915445066
nequip,dft/FC/CF0.4_d3.2.extxyz:88,FC,coverage,dft/FC/CF0.4_d3.2.extxyz:quench,77,C,2.662754544999173,2.1218604355705075,1.3912419669489569,,2.30706676923881
nequip,dft/FC/CF0.2_d2.3.extxyz:140,FC,coverage,dft/FC/CF0.2_d2.3.extxyz:anneal,101,C,2.657037183928816,2.231466403378983,1.3565589893919094,,2.0963520289507676
nequip,dft/FC/CF0.2_d2.3.extxyz:172,FC,coverage,dft/FC/CF0.2_d2.3.extxyz:anneal,93,C,2.6541628739997836,2.331654391706988,1.3968229862799366,,4.135415847212224
nequip,dft/FC/CF0.2_d2.3.extxyz:193,FC,coverage,dft/FC/CF0.2_d2.3.extxyz:anneal,71,C,2.6502274611678276,2.258969193242178,1.4091678825068168,,3.984681961048335
nequip,dft/qsd/qsd_data.extxyz:439,qsd,coverage,CF3_20eV_4_78_F_C,0,C,2.6478065287295074,2.505235080918087,1.2969237527703763,1.5805841200328443,6.8483790043730055
nequip,dft/mqa/mqa_SiC.extxyz:265,mqa,coverage,dft/mqa/mqa_SiC.extxyz:mqa_SiC,48,C,2.6441697266248854,2.070579735441171,1.3628911423147485,1.6392847201604375,2.954261412410554
nequip,dft/qsd/qsd_data.extxyz:575,qsd,coverage,CF3_30eV_9_9_O_F,11,F,2.629052017022497,1.976480347949451,1.296932413042408,1.5826712245757153,17.515596426136597
nequip,dft/FC/CF0.2_d2.3.extxyz:151,FC,coverage,dft/FC/CF0.2_d2.3.extxyz:anneal,106,C,2.626228598149009,2.288581510647024,1.3809890580667168,,4.596169558358134
nequip,dft/etch/trj_CF2_30eV.extxyz:709,etch,coverage,trj_CF2_30eV_case1,2,C,2.625794308675923,2.444739833161634,1.3328540805354507,1.1512601791080939,3.2206352214716896
nequip,dft/qsd/qsd_data.extxyz:310,qsd,coverage,CF3_10eV_19_84_F_F,7,F,2.6253997305416346,2.3164061469324118,1.2969374130234668,1.5883613265563985,19.830884625310517
nequip,dft/etch/trj_CF2_30eV.extxyz:741,etch,coverage,trj_CF2_30eV_case1,3,C,2.62003535972184,2.2299446207138853,1.2500000000000002,1.165289663560095,4.302132279115206
nequip,dft/FC/CF0.2_d3.2.extxyz:75,FC,coverage,dft/FC/CF0.2_d3.2.extxyz:quench,71,C,2.6181695251201007,2.513222749359275,1.3577096694433608,,1.6497041531077625
nequip,dft/qsd/qsd_data.extxyz:261,qsd,coverage,CF3_10eV_19_59_Si_C,97,Si,2.6059538157550217,2.066973380763795,1.5878453386901403,1.351081189344298,12.675615383936119
nequip,dft/FC/CF0.4_d2.3.extxyz:214,FC,coverage,dft/FC/CF0.4_d2.3.extxyz:anneal,3,C,2.5976187510076643,2.3604587392318543,1.3403061368582914,,2.7585579342466238
nequip,dft/FC/CF0.2_d2.3.extxyz:151,FC,coverage,dft/FC/CF0.2_d2.3.extxyz:anneal,75,C,2.5968736611272,2.240320226883206,1.456373164885978,,3.265130753328724
nequip,dft/etch/trj_CF2_30eV.extxyz:105,etch,prior_outlier,trj_CF2_30eV_case1,102,O,2.5891381388388885,1.8292577719843817,1.4103900169811194,1.1836807001890333,2.9960510872148025
nequip,dft/FC/CF0.2_d3.2.extxyz:151,FC,coverage,dft/FC/CF0.2_d3.2.extxyz:anneal,101,C,2.578771085248756,2.3805063373258917,1.4891791237456964,,0.6438253876059875
nequip,dft/FC/CF0.4_d2.3.extxyz:172,FC,coverage,dft/FC/CF0.4_d2.3.extxyz:anneal,14,C,2.5767039084845718,2.30741750561144,1.362677118652838,,4.299600932156495
nequip,dft/etch/trj_CF2_30eV.extxyz:451,etch,coverage,trj_CF2_30eV_case1,0,C,2.5715497274738364,2.0705216776362265,1.2043670536842155,1.2043670536842155,2.590775327545598
nequip,dft/etch/trj_CF3_30eV.extxyz:645,etch,coverage,trj_CF3_30eV_case1,110,Si,2.5648673848485037,2.0960505382848176,1.6045871743224152,1.3470708964267615,6.623938561888236
nequip,dft/qsd/qsd_data.extxyz:236,qsd,coverage,CF3_10eV_19_59_C_F,9,F,2.562325469011989,1.9301084016473324,1.3637624506489383,1.351081189344298,2.949619135743969
nequip,dft/qsd/qsd_data.extxyz:731,qsd,coverage,CF_10eV_4_54_C_C,5,C,2.5562536494774695,2.290170321773027,1.2969374130234639,1.5765943405644969,1.2543939713136378
nequip,dft/etch/trj_CF2_30eV.extxyz:354,etch,coverage,trj_CF2_30eV_case1,109,Si,2.530298842332664,2.477218418646208,1.5601922958404846,1.3054884143492023,6.585593644589605
nequip,dft/qsd/qsd_data.extxyz:439,qsd,coverage,CF3_20eV_4_78_F_C,13,F,2.526954380128091,2.5205248979096995,1.5875793878102589,1.5805841200328443,6.15391502602839
nequip,dft/FC/CF0.4_d2.3.extxyz:151,FC,coverage,dft/FC/CF0.4_d2.3.extxyz:anneal,33,C,2.5122039424746907,2.2168432714329906,1.3670444891972386,,1.2821402684051384
nequip,dft/qsd/qsd_data.extxyz:1304,qsd,coverage,CF_30eV_18_3_C_F,6,F,2.5035119148968223,2.126565355424974,1.2969287527848257,1.1431451005449835,5.34663387418196
nequip,dft/qsd/qsd_data.extxyz:14,qsd,coverage,CF3_10eV_19_10_O_F,0,C,2.502359588322245,2.0231932889388258,1.2969374130234668,0.8609931820868285,12.065579963432011
nequip,dft/etch/trj_CF2_30eV.extxyz:0,etch,coverage,trj_CF2_30eV_case1,119,Si,2.502344671117233,2.165057877928608,1.5757220567092411,,3.023607241744371
nequip,dft/etch/trj_CF3_30eV.extxyz:0,etch,coverage,trj_CF3_30eV_case1,119,Si,2.494983090255313,2.158938263678971,1.5757220567092411,,3.0168242405975527
nequip,dft/FC/CF0.2_d2.3.extxyz:193,FC,coverage,dft/FC/CF0.2_d2.3.extxyz:anneal,115,C,2.4931726182158664,2.1995072187904348,1.4399007120631624,,3.6573873399171166
nequip,dft/FC/CF0.2_d3.2.extxyz:151,FC,coverage,dft/FC/CF0.2_d3.2.extxyz:anneal,98,C,2.4811131770012205,2.0222555027122313,1.3185208561869624,,0.25610546859643585
nequip,dft/etch/trj_CF2_30eV.extxyz:64,etch,coverage,trj_CF2_30eV_case1,0,C,2.4810067713300397,2.246475593624712,1.2161003248087714,1.1752021102772092,1.5521983240855532
nequip,dft/qsd/qsd_data.extxyz:310,qsd,coverage,CF3_10eV_19_84_F_F,3,F,2.480604906195364,2.1778421129946164,1.482000304487147,1.5883613265563985,18.607638377098745
nequip,dft/qsd/qsd_data.extxyz:1304,qsd,coverage,CF_30eV_18_3_C_F,1,C,2.480502279254824,2.283722012328619,1.1431451005449835,1.1431451005449835,8.029125016066322
nequip,dft/qsd/qsd_data.extxyz:496,qsd,coverage,CF3_20eV_4_98_Si_C,0,C,2.474056605864164,2.1207693743765215,1.2969237527703779,1.5846581323742983,4.492536261363507
nequip,dft/etch/trj_CF3_30eV.extxyz:902,etch,coverage,trj_CF3_30eV_case1,1,C,2.4713212690426305,1.7344171955795415,1.1160645142642944,1.3346909754696015,13.092928102533138
nequip,dft/etch/trj_CF3_30eV.extxyz:451,etch,coverage,trj_CF3_30eV_case1,148,Si,2.4678998234187786,2.3691841767443913,1.5758489775356017,1.303687079018582,2.773575606173735
nequip,dft/mqa/mqa_SiO2.extxyz:308,mqa,coverage,dft/mqa/mqa_SiO2.extxyz:mqa_SiO2,5,Si,2.450964845458329,1.965365681764186,1.4225921761603744,,11.542531913318282
nequip,dft/FC/CF0.4_d2.3.extxyz:114,FC,coverage,dft/FC/CF0.4_d2.3.extxyz:quench,33,C,2.445877856211944,2.320300229742307,1.3503730221210524,,0.9554536214960933
nequip,dft/FC/CF0.2_d2.3.extxyz:161,FC,coverage,dft/FC/CF0.2_d2.3.extxyz:anneal,65,C,2.4452816270183297,1.8932857542725965,1.352094237569313,,2.2714855167678265
nequip,dft/etch/trj_CF3_30eV.extxyz:548,etch,coverage,trj_CF3_30eV_case1,148,Si,2.445186392112392,2.207224506975758,1.5577547945681294,1.513803157613297,3.0789760997440365
nequip,dft/qsd/qsd_data.extxyz:521,qsd,coverage,CF3_30eV_9_36_F_C,8,F,2.437260372661204,2.148180062379194,1.5852502735845837,1.2595609813740645,5.688196970898072
nequip,dft/FC/CF0.2_d2.3.extxyz:214,FC,coverage,dft/FC/CF0.2_d2.3.extxyz:anneal,101,C,2.431976910661345,2.081266160257053,1.3376496441893906,,0.9595673311784849
nequip,dft/qsd/qsd_data.extxyz:1299,qsd,coverage,CF_30eV_18_3_C_C,2,C,2.4288864483938326,2.056780679850267,1.2969287527848241,1.1431451005449835,1.048260544004686
nequip,dft/qsd/qsd_data.extxyz:502,qsd,coverage,CF3_20eV_4_98_Si_F,0,C,2.428385952808145,2.1278820008791106,1.2969287527848257,1.5846581323742983,2.703521442862808
nequip,dft/etch/trj_CF2_30eV.extxyz:967,etch,coverage,trj_CF2_30eV_case1,113,Si,2.4233156583040207,2.353878934101957,1.5995624401691872,1.168332144554793,6.249539464531767
nequip,dft/mqa/mqa_SiO2.extxyz:308,mqa,coverage,dft/mqa/mqa_SiO2.extxyz:mqa_SiO2,8,Si,2.420167467583522,2.3441817849329505,1.596822714173368,,6.963560236097983
nequip,dft/qsd/qsd_data.extxyz:242,qsd,coverage,CF3_10eV_19_59_F_C,0,C,2.402476779980452,1.92375819632817,1.351081189344298,1.351081189344298,2.509012503893514
nequip,dft/etch/trj_CF3_30eV.extxyz:258,etch,coverage,trj_CF3_30eV_case1,109,Si,2.3963701827383836,2.378752552346807,1.6130406070524073,1.2060265337047962,4.059606097474236
nequip,dft/FC/CF0.2_d2.3.extxyz:182,FC,coverage,dft/FC/CF0.2_d2.3.extxyz:anneal,114,C,2.395672602056487,2.045661946446777,1.4303627225690065,,1.9094162975171236
nequip,dft/etch/trj_CF3_30eV.extxyz:741,etch,coverage,trj_CF3_30eV_case1,142,Si,2.3934785260742273,1.907330398054135,1.554927651050042,1.4182383438618476,2.07196350238753
nequip,dft/etch/trj_CF2_30eV.extxyz:161,etch,coverage,trj_CF2_30eV_case1,149,Si,2.38583459339918,2.350146856734596,1.4755338017138067,1.1903780911962376,10.196130262722912
nequip,dft/qsd/qsd_data.extxyz:1309,qsd,coverage,CF_30eV_18_3_F_C,99,Si,2.374108598830781,1.9088589842207244,1.5912669656597522,1.1431451005449835,1.6298171800652979
nequip,dft/FC/CF0.4_d2.3.extxyz:140,FC,coverage,dft/FC/CF0.4_d2.3.extxyz:anneal,87,C,2.371035258731721,2.1305891620570083,1.3704947735033504,,1.3108934428739814
nequip,dft/qsd/qsd_data.extxyz:1006,qsd,coverage,CF_20eV_2_32_O_F,6,C,2.367048876427189,2.058546578786695,1.2312916886749459,1.1673245965882841,0.14773214893515899
nequip,dft/etch/trj_CF2_30eV.extxyz:958,etch,prior_outlier,trj_CF2_30eV_case1,97,O,2.3600970660476093,2.2973508599488213,1.2781627439414747,0.9210320298447815,1.110273320364855
nequip,dft/etch/trj_CF3_30eV.extxyz:677,etch,coverage,trj_CF3_30eV_case1,1,C,2.3552175800064408,1.7008082903722137,1.317801198967431,1.2503999360204716,3.903204268797753
nequip,dft/qsd/qsd_data.extxyz:1069,qsd,coverage,CF_20eV_2_54_F_C,32,F,2.3482111965821697,2.343036918895788,1.366952996485248,1.228183400718312,4.91980975859057
nequip,dft/FC/CF0.4_d2.3.extxyz:182,FC,coverage,dft/FC/CF0.4_d2.3.extxyz:anneal,33,C,2.345641712182298,1.8366236371761222,1.3408919382600308,,1.6364103700640007
nequip,dft/qsd/qsd_data.extxyz:1299,qsd,coverage,CF_30eV_18_3_C_C,6,F,2.3405312925958515,1.8943602043116807,1.2969287527848241,1.1431451005449835,2.6521961065383155
nequip,dft/FC/CF0.4_d2.3.extxyz:172,FC,coverage,dft/FC/CF0.4_d2.3.extxyz:anneal,68,C,2.331456877952279,1.6180554816337982,1.398328039660221,,2.9943593849077303
nequip,dft/mqa/mqa_SiC.extxyz:265,mqa,coverage,dft/mqa/mqa_SiC.extxyz:mqa_SiC,42,C,2.311801994896274,1.7292674949322284,1.4212287229315934,1.6392847201604375,4.059247278509034
nequip,dft/FC/CF0.2_d2.3.extxyz:182,FC,coverage,dft/FC/CF0.2_d2.3.extxyz:anneal,24,C,2.304885179922033,2.2715578254010804,1.454362678598429,,2.258589104431791
nequip,dft/qsd/qsd_data.extxyz:575,qsd,coverage,CF3_30eV_9_9_O_F,6,F,2.2976758007714126,1.5388700436133167,1.5868292418845826,1.5826712245757153,11.461380341563313
nequip,dft/qsd/qsd_data.extxyz:1187,qsd,coverage,CF_20eV_2_79_C_C,41,F,2.291099945237243,1.986714049313277,1.358331819733308,1.306619940839722,1.8904384673715249
nequip,dft/FC/CF0.4_d2.3.extxyz:140,FC,coverage,dft/FC/CF0.4_d2.3.extxyz:anneal,5,C,2.2875170410957475,2.2109409793162342,1.328546558950795,,1.6155139068178894
nequip,dft/mqa/mqa_SiC.extxyz:442,mqa,coverage,dft/mqa/mqa_SiC.extxyz:mqa_SiC,42,C,2.2834283625327294,1.7573133939559669,1.534345350499685,1.676954091738948,2.215684663544206
nequip,dft/etch/trj_CF3_30eV.extxyz:806,etch,coverage,trj_CF3_30eV_case1,146,Si,2.2721011100134536,1.5955529437572105,1.5450889942006578,1.204740635987677,4.01660377406012
nequip,dft/etch/trj_CF3_30eV.extxyz:354,etch,coverage,trj_CF3_30eV_case1,143,Si,2.266568032679003,1.6269325590581736,1.5135719342006861,1.215606844337429,8.461504838977639
nequip,dft/FC/CF0.2_d2.3.extxyz:140,FC,coverage,dft/FC/CF0.2_d2.3.extxyz:anneal,103,C,2.2664276835521795,2.14601220668789,1.4617207161766577,,2.93915545653339
nequip,dft/etch/trj_CF3_30eV.extxyz:580,etch,coverage,trj_CF3_30eV_case1,16,F,2.266252298072986,1.778834568042497,1.4886235252742723,1.4886235252742723,0.6016940395491716
nequip,dft/FC/CF0.2_d2.3.extxyz:214,FC,coverage,dft/FC/CF0.2_d2.3.extxyz:anneal,99,C,2.2651236902838554,1.6679125060298703,1.5451730356824118,,0.29029704545861296
nequip,dft/etch/trj_CF3_30eV.extxyz:129,etch,coverage,trj_CF3_30eV_case1,2,C,2.2646686511373497,1.9039536476289256,1.3052202879207797,1.192476414861108,3.6771180609326377
nequip,dft/etch/trj_CF2_30eV.extxyz:193,etch,coverage,trj_CF2_30eV_case1,148,Si,2.25043929035335,1.9585085918240297,1.6302453803032235,1.2303657992645913,3.892944332375432
nequip,dft/etch/trj_CF2_30eV.extxyz:677,etch,coverage,trj_CF2_30eV_case1,148,Si,2.239192806161952,1.9724325642971339,1.5685024705112822,1.1622392180614114,1.2785797234079694
nequip,dft/etch/trj_CF3_30eV.extxyz:677,etch,coverage,trj_CF3_30eV_case1,118,Si,2.237238207220273,2.194742148216969,1.6141251500425857,1.2503999360204716,3.5657160505786214
nequip,dft/FC/CF0.4_d2.3.extxyz:114,FC,coverage,dft/FC/CF0.4_d2.3.extxyz:quench,49,C,2.2298166713405623,1.6163782419209451,1.4259227967881014,,1.6492697467185289
nequip,dft/FC/CF0.4_d2.3.extxyz:114,FC,coverage,dft/FC/CF0.4_d2.3.extxyz:quench,40,C,2.2266365832270005,1.8032083704005482,1.4345161934952144,,0.8965865805118878
nequip,dft/mqa/mqa_SiC.extxyz:442,mqa,coverage,dft/mqa/mqa_SiC.extxyz:mqa_SiC,50,C,2.2263439226087995,1.9856101226968446,1.4539261518385314,1.676954091738948,2.683344276406775
nequip,dft/etch/trj_CF2_30eV.extxyz:354,etch,coverage,trj_CF2_30eV_case1,138,Si,2.2260292967827526,1.740455022290392,1.5761345120261798,1.3054884143492023,3.9161501905154252
nequip,dft/FC/CF0.2_d2.3.extxyz:214,FC,coverage,dft/FC/CF0.2_d2.3.extxyz:anneal,135,F,2.2252831350194726,1.8052625398590036,1.375074071423063,,0.8716359035474617
nequip,dft/etch/trj_CF2_30eV.extxyz:258,etch,coverage,trj_CF2_30eV_case1,142,Si,2.2228251338395837,2.151106945152044,1.6012807374099018,1.5185519418182574,1.4624153157612239
nequip,dft/FC/CF0.2_d2.3.extxyz:203,FC,coverage,dft/FC/CF0.2_d2.3.extxyz:anneal,59,C,2.2227930817494124,2.1683781760625225,1.3687527150292695,,3.177069530641878
nequip,dft/etch/trj_CF2_30eV.extxyz:322,etch,coverage,trj_CF2_30eV_case1,1,C,2.2226785450214126,2.1123867201431583,1.288293444833124,1.288293444833124,9.035093759204715
nequip,dft/etch/trj_CF2_30eV.extxyz:97,etch,coverage,trj_CF2_30eV_case1,3,C,2.2141572634400704,2.109172567440985,1.224499897917513,1.1132385189167686,5.297759004389969
nequip,dft/mqa/mqa_SiC.extxyz:265,mqa,coverage,dft/mqa/mqa_SiC.extxyz:mqa_SiC,60,C,2.211876708303431,1.7774198215105144,1.3828220039108428,1.6392847201604375,5.270522630289524
nequip,dft/etch/trj_CF3_30eV.extxyz:677,etch,coverage,trj_CF3_30eV_case1,36,O,2.2113218892291715,2.126349325035939,1.6299079728622718,1.2503999360204716,3.749738894991357
nequip,dft/mqa/mqa_SiC.extxyz:354,mqa,coverage,dft/mqa/mqa_SiC.extxyz:mqa_SiC,47,C,2.2104991700622407,1.7059026726830815,1.5274260831870068,1.5925064224046326,3.885303070552669
nequip,dft/etch/trj_CF3_30eV.extxyz:97,etch,coverage,trj_CF3_30eV_case1,131,Si,2.17835390733678,1.4603323022591597,1.6260996279441193,1.1713667231059617,3.3099026123245676
nequip,dft/etch/trj_CF3_30eV.extxyz:419,etch,coverage,trj_CF3_30eV_case1,149,Si,2.1781812457607326,1.6979710501732368,1.503495926166747,1.5253851972534673,7.790949963414603
nequip,dft/qsd/qsd_data.extxyz:528,qsd,coverage,CF3_30eV_9_36_F_F,64,Si,2.1761010664978766,1.8300861310072287,1.5676324643550863,1.2595609813740645,5.220494027787887
nequip,dft/mqa/mqa_SiC.extxyz:442,mqa,coverage,dft/mqa/mqa_SiC.extxyz:mqa_SiC,51,C,2.172631285516723,2.152388054484267,1.4968183620934092,1.676954091738948,2.6804309047839676
nequip,dft/FC/CF0.2_d2.3.extxyz:140,FC,coverage,dft/FC/CF0.2_d2.3.extxyz:anneal,18,C,2.161903616213909,1.6819570457282487,1.416523375627808,,1.1009566487282774
nequip,dft/etch/trj_CF2_30eV.extxyz:105,etch,prior_outlier,trj_CF2_30eV_case1,1,C,2.1488850285683547,1.9663049876745728,1.1836807001890333,1.1836807001890333,3.4030473034527446
nequip,dft/etch/trj_CF2_30eV.extxyz:105,etch,prior_outlier,trj_CF2_30eV_case1,4,C,2.145054201902444,2.0181016536757266,1.2299593489217437,1.1836807001890333,5.905947758626214
nequip,dft/qsd/qsd_data.extxyz:1326,qsd,coverage,CF_30eV_18_3_O_F,6,F,2.1443926909853177,2.067999705084171,1.296932413042405,1.1431451005449835,15.20618412689288
nequip,dft/etch/trj_CF2_30eV.extxyz:806,etch,coverage,trj_CF2_30eV_case1,104,Si,2.1430486122262007,1.6249664602713256,1.6313184851524245,1.1416654501210053,6.896938757162195
nequip,dft/qsd/qsd_data.extxyz:790,qsd,coverage,CF_10eV_4_5_O_F,80,Si,2.1430226367110907,1.9421610240273834,1.6963797429526202,1.1995447063782159,0.2786937413111389
nequip,dft/etch/trj_CF2_30eV.extxyz:959,etch,prior_outlier,trj_CF2_30eV_case1,96,O,2.1362815306559106,1.9635677409272398,1.1719214990774764,0.9356815697661205,8.913435420859345
nequip,dft/etch/trj_CF2_30eV.extxyz:354,etch,coverage,trj_CF2_30eV_case1,1,C,2.132876097293013,1.5814441189643889,1.2979214151866036,1.3054884143492023,8.39423871242479
nequip,dft/etch/trj_CF3_30eV.extxyz:645,etch,coverage,trj_CF3_30eV_case1,1,C,2.127306226525622,1.5643442742241298,1.3318783728253856,1.3470708964267615,1.5105660183077072
nequip,dft/etch/trj_CF2_30eV.extxyz:838,etch,coverage,trj_CF2_30eV_case1,148,Si,2.126553794630509,2.100836107453485,1.5226293048539423,1.1536897329871678,0.7573698067793566
nequip,dft/etch/trj_CF2_30eV.extxyz:387,etch,coverage,trj_CF2_30eV_case1,106,Si,2.1204718411598735,1.947825940647264,1.5487737084545317,1.4711560080426516,7.3364400861151315
nequip,dft/qsd/qsd_data.extxyz:660,qsd,coverage,CF_10eV_4_37_Si_F,104,Si,2.1189578585336424,1.723427916987942,1.617582741562236,1.371796809662423,4.369747508515567
nequip,dft/etch/trj_CF3_30eV.extxyz:967,etch,coverage,trj_CF3_30eV_case1,1,C,2.109549521110428,1.418682271027877,1.2667280686871976,1.2922074136917818,9.134004158327661
nequip,dft/etch/trj_CF2_30eV.extxyz:902,etch,coverage,trj_CF2_30eV_case1,111,Si,2.108943008377313,1.3719114975242244,1.5901572249309162,1.386686698573258,6.039151362229465
nequip,dft/etch/trj_CF3_30eV.extxyz:129,etch,coverage,trj_CF3_30eV_case1,104,O,2.1081041347252416,2.001112790846903,1.361249426078855,1.192476414861108,0.5563395866635773
nequip,dft/etch/trj_CF3_30eV.extxyz:645,etch,coverage,trj_CF3_30eV_case1,0,C,2.1006247747820788,1.8782195838327067,1.3304886320446339,1.3470708964267615,1.5082847953639258
nequip,dft/FC/CF0.2_d2.3.extxyz:203,FC,coverage,dft/FC/CF0.2_d2.3.extxyz:anneal,113,C,2.0861443273587574,1.9112256303407142,1.4582701099933446,,2.3594391645221537
nequip,dft/qsd/qsd_data.extxyz:1292,qsd,coverage,CF_30eV_18_13_Si_C,4,C,2.0809145595542846,1.455048344659752,1.2969374130234665,1.1698880128456748,1.51429859029519
nequip,dft/etch/trj_CF2_30eV.extxyz:451,etch,coverage,trj_CF2_30eV_case1,1,C,2.0656829094898495,1.5326137367284107,1.3118688958886113,1.2043670536842155,3.703221339574641
nequip,dft/etch/trj_CF2_30eV.extxyz:193,etch,coverage,trj_CF2_30eV_case1,2,C,2.064295093313952,1.6508355805727046,1.2528766898621733,1.2303657992645913,3.9665042110102444
nequip,dft/qsd/qsd_data.extxyz:1237,qsd,coverage,CF_30eV_18_12_F_F,2,C,2.062064849691404,1.8713585064453877,1.2224060017441016,1.1728677049437417,0.01263744930751455
nequip,dft/qsd/qsd_data.extxyz:1213,qsd,coverage,CF_20eV_2_79_Si_C,28,C,2.060731084730228,1.86168584016661,1.2969374130234674,1.306619940839722,5.034218386609981
nequip,dft/qsd/qsd_data.extxyz:1237,qsd,coverage,CF_30eV_18_12_F_F,81,Si,2.042814615993575,1.4516327208252626,1.2596744670747282,1.1728677049437417,33.14599979240845
nequip,dft/qsd/qsd_data.extxyz:1297,qsd,coverage,CF_30eV_18_13_Si_F,68,Si,2.041514433463344,1.7770676912429195,1.6337861979463537,0.8399988402372951,1.0852282889581344
nequip,dft/etch/trj_CF3_30eV.extxyz:354,etch,coverage,trj_CF3_30eV_case1,148,Si,2.040756370362772,1.9397801977446245,1.562689988449405,1.215606844337429,3.825485657037679
nequip,dft/etch/trj_CF3_30eV.extxyz:773,etch,coverage,trj_CF3_30eV_case1,149,Si,2.0355234107710256,1.9463051281737678,1.720319737723194,1.2613088440187834,3.5997522484634965
nequip,dft/qsd/qsd_data.extxyz:1295,qsd,coverage,CF_30eV_18_13_Si_F,68,Si,2.03080572392164,1.7747744500497342,1.6337861979463537,1.1698880128456748,1.0929317989838159
nequip,dft/qsd/qsd_data.extxyz:1296,qsd,coverage,CF_30eV_18_13_Si_F,68,Si,2.0303571286569326,1.7695846136235445,1.6337861979463537,1.1698880128456748,1.0781680346147349
nequip,dft/etch/trj_CF3_30eV.extxyz:612,etch,coverage,trj_CF3_30eV_case1,1,C,2.023525714316727,1.7036056306010248,1.360183811107892,1.4515164484083547,2.424132251587153
nequip,dft/qsd/qsd_data.extxyz:1328,qsd,coverage,CF_30eV_18_3_O_F,99,Si,2.0210245489864667,1.73040982587656,1.5912669656597522,0.8610018423325219,14.052790314452073
nequip,dft/etch/trj_CF2_30eV.extxyz:226,etch,coverage,trj_CF2_30eV_case1,105,O,2.020110426272057,1.6953277141045238,1.1734564329364785,1.1734564329364785,1.571126274210956
nequip,dft/qsd/qsd_data.extxyz:1320,qsd,coverage,CF_30eV_18_3_O_C,3,F,2.012047521309334,1.620830759064356,1.5912669656597522,1.1431451005449835,2.118282620099122
nequip,dft/qsd/qsd_data.extxyz:731,qsd,coverage,CF_10eV_4_54_C_C,21,F,1.998382430508969,1.7176874091258647,1.2969374130234639,1.5765943405644969,0.9971778317060603
nequip,dft/etch/trj_CF3_30eV.extxyz:387,etch,coverage,trj_CF3_30eV_case1,109,Si,1.9957625876608873,1.9287047284594547,1.6117692142487396,1.1555950847939753,5.728109300448186
nequip,dft/qsd/qsd_data.extxyz:532,qsd,coverage,CF3_30eV_9_36_O_C,73,Si,1.9898431227564237,1.5520237448560947,1.5878282996911222,1.2595609813740645,0.8674820611574628
nequip,dft/etch/trj_CF2_30eV.extxyz:0,etch,coverage,trj_CF2_30eV_case1,148,Si,1.9834566463993797,1.6414074542333674,1.5667801377347113,,6.742446445005032
nequip,dft/qsd/qsd_data.extxyz:243,qsd,coverage,CF3_10eV_19_59_F_C,1,C,1.9800772257651098,1.910048307399275,0.9310003023092971,1.351081189344298,68.61091648429557
nequip,dft/etch/trj_CF3_30eV.extxyz:0,etch,coverage,trj_CF3_30eV_case1,148,Si,1.977030330238508,1.6367923255058043,1.5667801377347113,,6.73626913631047
nequip,dft/qsd/qsd_data.extxyz:1292,qsd,coverage,CF_30eV_18_13_Si_C,68,Si,1.976734635077439,1.7465842604647994,1.6337861979463537,1.1698880128456748,1.0923943202163768
nequip,dft/qsd/qsd_data.extxyz:1213,qsd,coverage,CF_20eV_2_79_Si_C,23,C,1.9703898368074826,1.9601433595233484,1.2584399079415751,1.306619940839722,0.09066248278643156
nequip,dft/etch/trj_CF2_30eV.extxyz:902,etch,coverage,trj_CF2_30eV_case1,109,Si,1.9578715442280803,1.7458500869594125,1.6167560112769026,1.386686698573258,4.826408012564831
nequip,dft/qsd/qsd_data.extxyz:1006,qsd,coverage,CF_20eV_2_32_O_F,0,C,1.9521788284775616,1.938743411301876,1.2367867728108992,1.1673245965882841,0.02704999550831756
nequip,dft/etch/trj_CF3_30eV.extxyz:709,etch,coverage,trj_CF3_30eV_case1,2,C,1.9504550011705826,1.949821107855609,1.1506954418959003,1.1506954418959003,2.065285209263844
nequip,dft/qsd/qsd_data.extxyz:521,qsd,coverage,CF3_30eV_9_36_F_C,1,C,1.9482749004680895,1.7304104286705835,1.296928752784826,1.2595609813740645,6.265140990665573
nequip,dft/qsd/qsd_data.extxyz:521,qsd,coverage,CF3_30eV_9_36_F_C,86,Si,1.9436258487695668,1.729841072329584,1.583804590756069,1.2595609813740645,1.9212915646465532
nequip,dft/etch/trj_CF2_30eV.extxyz:741,etch,coverage,trj_CF2_30eV_case1,2,C,1.934457249581147,1.7664366027989216,1.22922739962954,1.165289663560095,9.208410118889038
nequip,dft/etch/trj_CF2_30eV.extxyz:226,etch,coverage,trj_CF2_30eV_case1,109,Si,1.9232116338545069,1.8627665602991317,1.6379560433662446,1.1734564329364785,6.544933885993731
nequip,dft/etch/trj_CF3_30eV.extxyz:838,etch,coverage,trj_CF3_30eV_case1,148,Si,1.9190761214771215,1.53662549785428,1.4876491521860926,1.4765838953476356,5.622565604233711
nequip,dft/etch/trj_CF2_30eV.extxyz:161,etch,coverage,trj_CF2_30eV_case1,110,Si,1.919021634602911,1.8806033339160857,1.6044313634431362,1.1903780911962376,6.084282005390201
nequip,dft/etch/trj_CF2_30eV.extxyz:838,etch,coverage,trj_CF2_30eV_case1,133,Si,1.9154771189938042,1.6402553259416246,1.5914144651849813,1.1536897329871678,2.6118818210227275
nequip,dft/etch/trj_CF2_30eV.extxyz:32,etch,coverage,trj_CF2_30eV_case1,104,Si,1.915183063674658,1.128443241765786,1.6298466185503504,1.1801694793545539,5.799757365185978
nequip,dft/mqa/mqa_SiO2.extxyz:308,mqa,coverage,dft/mqa/mqa_SiO2.extxyz:mqa_SiO2,29,Si,1.909577202403329,1.5077857375200132,1.4546093657522616,,10.050752164203583
nequip,dft/etch/trj_CF3_30eV.extxyz:97,etch,coverage,trj_CF3_30eV_case1,141,Si,1.9079123798507958,1.533537710181873,1.5797784654817908,1.1713667231059617,2.97308164237328
nequip,dft/etch/trj_CF2_30eV.extxyz:902,etch,coverage,trj_CF2_30eV_case1,23,O,1.9066060005659244,1.7597768315756213,1.4984658821608188,1.386686698573258,1.5189355854689823
nequip,dft/etch/trj_CF2_30eV.extxyz:193,etch,coverage,trj_CF2_30eV_case1,149,Si,1.905783638394751,1.4737321887547354,1.5166080574756253,1.2303657992645913,6.697784042805427
nequip,dft/etch/trj_CF3_30eV.extxyz:451,etch,coverage,trj_CF3_30eV_case1,0,C,1.904331301533014,1.8007126387657968,1.303687079018582,1.303687079018582,2.9098769498049224
nequip,dft/etch/trj_CF2_30eV.extxyz:290,etch,coverage,trj_CF2_30eV_case1,104,Si,1.902796377456173,1.606874538090734,1.6240997506311001,1.1039021695784448,5.648398240115688
nequip,dft/etch/trj_CF3_30eV.extxyz:612,etch,coverage,trj_CF3_30eV_case1,101,O,1.9021083303745072,1.4448976409648768,1.4360362112425986,1.4515164484083547,1.8168313508644658
nequip,dft/etch/trj_CF3_30eV.extxyz:354,etch,coverage,trj_CF3_30eV_case1,107,Si,1.9014977387603855,1.4855133564007312,1.6336768346279489,1.215606844337429,5.727080523366944
nequip,dft/etch/trj_CF2_30eV.extxyz:838,etch,coverage,trj_CF2_30eV_case1,15,F,1.8989662805903829,1.7512003530557536,1.57,1.1536897329871678,1.1431895653687538
nequip,dft/qsd/qsd_data.extxyz:757,qsd,coverage,CF_10eV_4_54_Si_C,2,C,1.8943176409411577,1.669184429875859,1.3794577496248308,1.5765943405644969,0.517831516632582
nequip,dft/etch/trj_CF2_30eV.extxyz:612,etch,coverage,trj_CF2_30eV_case1,2,C,1.889807969783676,1.420840233722469,1.2195900950729293,1.2195900950729293,4.3742821412085435
nequip,dft/etch/trj_CF3_30eV.extxyz:612,etch,coverage,trj_CF3_30eV_case1,0,C,1.8744160350254155,1.5888844600362793,1.298845641329253,1.4515164484083547,1.911483414654179
nequip,dft/qsd/qsd_data.extxyz:526,qsd,coverage,CF3_30eV_9_36_F_F,24,F,1.8674283205561764,1.6563355644985123,1.2969287527848226,1.2595609813740645,19.409793686057615
nequip,dft/qsd/qsd_data.extxyz:1213,qsd,coverage,CF_20eV_2_79_Si_C,20,C,1.8662631342386728,1.7418588928207612,1.2584399079415751,1.306619940839722,0.07277080228360822
nequip,dft/qsd/qsd_data.extxyz:661,qsd,coverage,CF_10eV_4_37_Si_F,104,Si,1.8597945490144536,1.4417998596541288,1.617582741562236,1.1760035724860711,4.109851167691356
nequip,dft/etch/trj_CF2_30eV.extxyz:741,etch,coverage,trj_CF2_30eV_case1,30,F,1.859686465303597,1.8022795205948094,1.2500000000000002,1.165289663560095,5.127717862328426
nequip,dft/mqa/mqa_SiO2.extxyz:205,mqa,coverage,dft/mqa/mqa_SiO2.extxyz:mqa_SiO2,2,Si,1.8591674749848934,1.4253396462648098,1.5400619785904708,,6.53951979531846
nequip,dft/etch/trj_CF2_30eV.extxyz:322,etch,coverage,trj_CF2_30eV_case1,104,O,1.857126475064254,1.7992116091129193,1.5441826316857736,1.288293444833124,3.1105844333634476
nequip,dft/etch/trj_CF2_30eV.extxyz:870,etch,coverage,trj_CF2_30eV_case1,148,Si,1.856317575994874,1.331887036671512,1.5231874474272689,1.3112970677920375,6.209903901461439
nequip,dft/etch/trj_CF2_30eV.extxyz:677,etch,coverage,trj_CF2_30eV_case1,149,Si,1.8559343878114682,1.7928936969570852,1.5587494987970338,1.1622392180614114,1.800025141520529
nequip,dft/etch/trj_CF3_30eV.extxyz:451,etch,coverage,trj_CF3_30eV_case1,149,Si,1.851935061185629,1.6471813001464346,1.6036520819679072,1.303687079018582,3.8571317433924914
nequip,dft/etch/trj_CF2_30eV.extxyz:935,etch,coverage,trj_CF2_30eV_case1,1,C,1.850687937881064,1.7411947894994504,1.2434629065637615,1.3411562175973366,6.98711736334699
nequip,dft/etch/trj_CF2_30eV.extxyz:645,etch,coverage,trj_CF2_30eV_case1,148,Si,1.8454105574360582,1.5364931945540703,1.573817016047292,1.142716062720741,2.659749496478193
nequip,dft/mqa/mqa_SiO2.extxyz:411,mqa,coverage,dft/mqa/mqa_SiO2.extxyz:mqa_SiO2,21,Si,1.844978251235202,1.696523001633432,1.558238997169561,,7.772714779789942
nequip,dft/qsd/qsd_data.extxyz:1147,qsd,coverage,CF_20eV_2_76_C_F,29,C,1.8377485763035084,1.5927327113488419,1.2274080878420173,1.2835795392962583,8.030225400642625
nequip,dft/qsd/qsd_data.extxyz:660,qsd,coverage,CF_10eV_4_37_Si_F,7,C,1.8360177543141618,1.7545398211749184,1.2969374130234668,1.371796809662423,1.4317605147139658
nequip,dft/etch/trj_CF2_30eV.extxyz:516,etch,coverage,trj_CF2_30eV_case1,0,C,1.824335547204548,1.6273775986947223,1.310190825796002,1.2709838708654015,3.1201881537357647
nequip,dft/etch/trj_CF2_30eV.extxyz:967,etch,coverage,trj_CF2_30eV_case1,1,C,1.8188785809036991,1.3774712590086873,1.234584950499559,1.168332144554793,3.910113422054787
nequip,dft/etch/trj_CF2_30eV.extxyz:870,etch,coverage,trj_CF2_30eV_case1,149,Si,1.816685443203983,1.359073720191489,1.5962769183321541,1.3112970677920375,3.964396231327792
nequip,dft/qsd/qsd_data.extxyz:1292,qsd,coverage,CF_30eV_18_13_Si_C,79,Si,1.8145710690572756,1.2859104160616384,1.6759474050518417,1.1698880128456748,1.2774433925986701
nequip,dft/etch/trj_CF3_30eV.extxyz:387,etch,coverage,trj_CF3_30eV_case1,108,Si,1.8135390000877203,1.572559735222474,1.5350895739337196,1.1555950847939753,6.181026396067
nequip,dft/etch/trj_CF2_30eV.extxyz:612,etch,coverage,trj_CF2_30eV_case1,135,Si,1.8117294964696937,1.2836864981293774,1.574484042472326,1.2195900950729293,3.904572348921966
nequip,dft/etch/trj_CF3_30eV.extxyz:902,etch,coverage,trj_CF3_30eV_case1,110,Si,1.8058519838571547,1.4868025811826324,1.6104036761011196,1.3346909754696015,1.90043819549124
nequip,dft/etch/trj_CF3_30eV.extxyz:870,etch,coverage,trj_CF3_30eV_case1,0,C,1.8057515784208846,1.7983974071745352,1.3563922736435794,1.3563922736435794,1.1924108684799044
nequip,dft/qsd/qsd_data.extxyz:439,qsd,coverage,CF3_20eV_4_78_F_C,94,Si,1.80388183862108,1.6639107519583,1.5869049269883813,1.5805841200328443,3.0905057511627443
nequip,dft/mqa/mqa_SiC.extxyz:531,mqa,coverage,dft/mqa/mqa_SiC.extxyz:mqa_SiC,25,Si,1.7849929693917113,1.7795277915105812,1.8445836299284453,1.6381236183817145,2.1228148189201526
nequip,dft/etch/trj_CF2_30eV.extxyz:516,etch,coverage,trj_CF2_30eV_case1,145,Si,1.7817686081908064,1.6245080480763514,1.569808905567808,1.2709838708654015,3.2219096871652066
nequip,dft/etch/trj_CF2_30eV.extxyz:258,etch,coverage,trj_CF2_30eV_case1,106,Si,1.7776235450011095,1.7530688012256288,1.6364901466247848,1.5185519418182574,4.921545860512325
nequip,dft/mqa/mqa_SiO2.extxyz:411,mqa,coverage,dft/mqa/mqa_SiO2.extxyz:mqa_SiO2,0,Si,1.7662247974492737,1.4994446741910281,1.6179553713560821,,4.141025607789693
nequip,dft/etch/trj_CF3_30eV.extxyz:548,etch,coverage,trj_CF3_30eV_case1,103,O,1.7657455089978578,1.677941642099828,1.7672577627499617,1.513803157613297,2.5011069461376496
nequip,dft/etch/trj_CF3_30eV.extxyz:129,etch,coverage,trj_CF3_30eV_case1,142,Si,1.7563951543578042,1.240445404122266,1.6431068133265074,1.192476414861108,2.4054937008668302
nequip,dft/etch/trj_CF3_30eV.extxyz:419,etch,coverage,trj_CF3_30eV_case1,106,Si,1.7558184212607975,1.7228003761667279,1.5973415414368963,1.5253851972534673,5.734322430248321
nequip,dft/etch/trj_CF3_30eV.extxyz:548,etch,coverage,trj_CF3_30eV_case1,104,O,1.7529343013674894,1.4840721661055443,1.5929218436571215,1.513803157613297,1.5022524134249209
nequip,dft/qsd/qsd_data.extxyz:1295,qsd,coverage,CF_30eV_18_13_Si_F,1,C,1.7519755542816802,1.7029582685959046,1.3278432755788607,1.1698880128456748,0.03965299697374714
nequip,dft/etch/trj_CF3_30eV.extxyz:97,etch,coverage,trj_CF3_30eV_case1,133,Si,1.7438618775696801,1.1975842105774848,1.534568343215774,1.1713667231059617,4.364788240929106
nequip,dft/mqa/mqa_SiC.extxyz:531,mqa,coverage,dft/mqa/mqa_SiC.extxyz:mqa_SiC,14,Si,1.7431253433259695,1.6571216182827904,1.6781086785128065,1.6381236183817145,5.249388862120047
nequip,dft/mqa/mqa_SiC.extxyz:531,mqa,coverage,dft/mqa/mqa_SiC.extxyz:mqa_SiC,42,C,1.7417321953567346,1.2341999653356674,1.5301540360903443,1.6381236183817145,4.244883170795752
nequip,dft/qsd/qsd_data.extxyz:1032,qsd,coverage,CF_20eV_2_52_F_F,5,C,1.7381276194799382,1.5749818922017884,1.3863807621285005,1.240891345968694,0.12506605433529916
nequip,dft/qsd/qsd_data.extxyz:660,qsd,coverage,CF_10eV_4_37_Si_F,22,F,1.7330478227305939,1.5903946999195313,1.2969374130234668,1.371796809662423,1.5679417750790368
nequip,dft/etch/trj_CF2_30eV.extxyz:97,etch,coverage,trj_CF2_30eV_case1,92,O,1.7219569403435222,1.1784925666459876,1.2482387592123585,1.1132385189167686,2.178183241031158
nequip,dft/etch/trj_CF3_30eV.extxyz:290,etch,coverage,trj_CF3_30eV_case1,110,Si,1.7202950153845182,1.6908869892120837,1.5723231220076865,1.313811249761548,4.772430317648755
nequip,dft/etch/trj_CF2_30eV.extxyz:806,etch,coverage,trj_CF2_30eV_case1,133,Si,1.718793158104204,1.27030214808345,1.5108275877809498,1.1416654501210053,5.011068291600704
nequip,dft/etch/trj_CF2_30eV.extxyz:32,etch,coverage,trj_CF2_30eV_case1,145,Si,1.7181946233904692,1.2914290831205586,1.528005235593122,1.1801694793545539,3.264735333616188
nequip,dft/etch/trj_CF2_30eV.extxyz:161,etch,coverage,trj_CF2_30eV_case1,2,C,1.713162555013317,1.2762508533501835,1.1903780911962376,1.1903780911962376,3.3159441773529603
nequip,dft/qsd/qsd_data.extxyz:1300,qsd,coverage,CF_30eV_18_3_C_C,61,O,1.7087757799578758,1.4880817493314602,1.1431451005449835,1.1431451005449835,15.014075932511663
nequip,dft/etch/trj_CF2_30eV.extxyz:97,etch,coverage,trj_CF2_30eV_case1,110,Si,1.6983908338672524,1.6229461659406386,1.6424980974113792,1.1132385189167686,3.315725677233417
nequip,dft/qsd/qsd_data.extxyz:1032,qsd,coverage,CF_20eV_2_52_F_F,17,C,1.693087389407064,1.4726910097628814,1.2969374130234639,1.240891345968694,0.17702739004176726
nequip,dft/etch/trj_CF3_30eV.extxyz:64,etch,coverage,trj_CF3_30eV_case1,147,Si,1.690008116589081,1.6798837277086769,1.496829983665478,1.3714955340794934,4.520385332416143
nequip,dft/qsd/qsd_data.extxyz:496,qsd,coverage,CF3_20eV_4_98_Si_C,77,Si,1.6868189869641275,1.3183079576194205,1.60440257956038,1.5846581323742983,5.246378808106979
nequip,dft/qsd/qsd_data.extxyz:1147,qsd,coverage,CF_20eV_2_76_C_F,9,C,1.676732803887808,1.4609899000707975,1.2268905665135739,1.2835795392962583,0.15854095824423417
nequip,dft/mqa/mqa_SiC.extxyz:619,mqa,coverage,dft/mqa/mqa_SiC.extxyz:mqa_SiC,51,C,1.6755141488187872,1.5744441727166958,1.532914073554027,1.7157911518605296,2.2137934970633553
nequip,dft/etch/trj_CF3_30eV.extxyz:806,etch,coverage,trj_CF3_30eV_case1,107,Si,1.6751753342839304,1.2027441235963297,1.5677691156544695,1.204740635987677,5.759698107922238
nequip,dft/mqa/mqa_SiC.extxyz:88,mqa,coverage,dft/mqa/mqa_SiC.extxyz:mqa_SiC,35,C,1.6667795719015415,1.3982233866184268,1.5177278258633862,1.693863354229024,0.820953045167627
nequip,dft/etch/trj_CF2_30eV.extxyz:64,etch,coverage,trj_CF2_30eV_case1,109,Si,1.6656791067894006,1.479042714554485,1.583571911849916,1.1752021102772092,4.303233991166876
nequip,dft/mqa/mqa_SiC.extxyz:0,mqa,coverage,dft/mqa/mqa_SiC.extxyz:mqa_SiC,11,Si,1.663278495752936,1.2442427449031745,1.8245719560762739,1.7216500923939175,1.438368995308575
nequip,dft/etch/trj_CF2_30eV.extxyz:387,etch,coverage,trj_CF2_30eV_case1,0,C,1.662510359402753,1.353195394406704,1.3020752666416797,1.4711560080426516,4.1799687999005455
nequip,dft/etch/trj_CF2_30eV.extxyz:451,etch,coverage,trj_CF2_30eV_case1,112,Si,1.6593806591165836,1.4969257667496025,1.6156113394006626,1.2043670536842155,5.082602536287684
nequip,dft/etch/trj_CF2_30eV.extxyz:935,etch,coverage,trj_CF2_30eV_case1,132,Si,1.6511304462911083,1.3768019334570805,1.6462685078686292,1.3411562175973366,4.4819067933307135
nequip,dft/qsd/qsd_data.extxyz:1295,qsd,coverage,CF_30eV_18_13_Si_F,40,O,1.6507022682254222,1.1427973248740515,1.6771698854320032,1.1698880128456748,2.7093473906572045
nequip,dft/etch/trj_CF2_30eV.extxyz:967,etch,coverage,trj_CF2_30eV_case1,112,Si,1.6495424231826523,1.2210429819520012,1.6100310556011024,1.168332144554793,5.852191153234231
nequip,dft/qsd/qsd_data.extxyz:963,qsd,coverage,CF_10eV_4_98_F_F,98,Si,1.6433309663984899,1.4348589010970065,1.5897771367081623,1.2757015281404969,1.652514971374541
nequip,dft/etch/trj_CF2_30eV.extxyz:483,etch,coverage,trj_CF2_30eV_case1,143,Si,1.6430191524367683,1.1103545876618386,1.5140013210033867,1.4659809002848585,5.128308806074572
nequip,dft/etch/trj_CF3_30eV.extxyz:193,etch,coverage,trj_CF3_30eV_case1,108,Si,1.6424293773890588,1.5513783945808157,1.5818343781824953,1.1910499569707416,4.68527031659946
nequip,dft/etch/trj_CF2_30eV.extxyz:419,etch,coverage,trj_CF2_30eV_case1,108,Si,1.636554299373704,1.1351616746540207,1.6381391882254657,1.3802898246382913,6.560088191709774
nequip,dft/etch/trj_CF2_30eV.extxyz:516,etch,coverage,trj_CF2_30eV_case1,107,Si,1.634814872878361,1.1827944427002377,1.577022510936354,1.2709838708654015,3.733635926899274
nequip,dft/etch/trj_CF3_30eV.extxyz:64,etch,coverage,trj_CF3_30eV_case1,114,Si,1.6296355513250067,1.2544946311290324,1.5958070058750842,1.3714955340794934,3.5929616676843352
nequip,dft/etch/trj_CF2_30eV.extxyz:806,etch,coverage,trj_CF2_30eV_case1,146,Si,1.6294306964290024,1.624860201063464,1.5457684173251816,1.1416654501210053,2.1614464737138417
nequip,dft/qsd/qsd_data.extxyz:526,qsd,coverage,CF3_30eV_9_36_F_F,64,Si,1.6262887417448335,1.3037199019016894,1.5676324643550863,1.2595609813740645,4.858769754725778
nequip,dft/etch/trj_CF2_30eV.extxyz:64,etch,coverage,trj_CF2_30eV_case1,7,F,1.6216870841700934,1.6046712729956787,1.3880922159568503,1.1752021102772092,3.2624877255260283
nequip,dft/mqa/mqa_SiC.extxyz:0,mqa,coverage,dft/mqa/mqa_SiC.extxyz:mqa_SiC,1,Si,1.6170048226918798,1.4859967785143318,1.8404483644481853,1.7216500923939175,1.9505500777754976
nequip,dft/etch/trj_CF3_30eV.extxyz:419,etch,coverage,trj_CF3_30eV_case1,109,Si,1.6167667005122257,1.2019029395121823,1.5386682553429134,1.5253851972534673,6.961423882652528
nequip,dft/qsd/qsd_data.extxyz:300,qsd,coverage,CF3_10eV_19_68_Si_F,0,C,1.6161646498918179,1.417748976788507,1.2969287527848266,1.5810876823882984,1.4537360463037987
nequip,dft/etch/trj_CF3_30eV.extxyz:226,etch,coverage,trj_CF3_30eV_case1,108,Si,1.6152185793042306,1.4638044963968793,1.6704789732289365,1.0592922165295118,5.7987396690940525
nequip,dft/etch/trj_CF2_30eV.extxyz:959,etch,prior_outlier,trj_CF2_30eV_case1,0,C,1.6141171399413818,1.2679479009674381,1.187055179846329,0.9356815697661205,1.9342434198016547
nequip,dft/qsd/qsd_data.extxyz:1326,qsd,coverage,CF_30eV_18_3_O_F,99,Si,1.6103461125376828,1.5195442063761684,1.5912669656597522,1.1431451005449835,1.9886191141440335
nequip,dft/etch/trj_CF3_30eV.extxyz:258,etch,coverage,trj_CF3_30eV_case1,1,C,1.6100676867483825,1.3379204008841823,1.2403225386970937,1.2060265337047962,6.554203633699978
nequip,dft/etch/trj_CF3_30eV.extxyz:322,etch,coverage,trj_CF3_30eV_case1,1,C,1.608659974268776,1.3355117357609223,1.3358892169637422,1.3100381673829193,2.9174516255914167
nequip,dft/etch/trj_CF3_30eV.extxyz:838,etch,coverage,trj_CF3_30eV_case1,145,Si,1.6061240570313808,1.169022987066839,1.5938946012832855,1.4765838953476356,6.83091796193557
nequip,dft/mqa/mqa_SiC.extxyz:88,mqa,coverage,dft/mqa/mqa_SiC.extxyz:mqa_SiC,43,C,1.6057835438733976,1.515902784315355,1.461808343388421,1.693863354229024,2.4595355238766117
nequip,dft/qsd/qsd_data.extxyz:502,qsd,coverage,CF3_20eV_4_98_Si_F,65,Si,1.6025685345646246,1.4539853655145545,1.6219203518052294,1.5846581323742983,0.04813097024785601
nequip,dft/etch/trj_CF3_30eV.extxyz:322,etch,coverage,trj_CF3_30eV_case1,144,Si,1.5977998762821959,1.4505410298851484,1.5272524349301253,1.3100381673829193,4.207558957272376
nequip,dft/etch/trj_CF2_30eV.extxyz:999,etch,coverage,trj_CF2_30eV_case1,113,Si,1.5972937181828706,1.5118270343794293,1.6337992532744041,1.1717508267545613,0.6153801586580444
nequip,dft/etch/trj_CF2_30eV.extxyz:645,etch,coverage,trj_CF2_30eV_case1,142,Si,1.5960519353739386,1.4611770652397018,1.5807909412695902,1.142716062720741,4.595348637273237
nequip,dft/qsd/qsd_data.extxyz:496,qsd,coverage,CF3_20eV_4_98_Si_C,65,Si,1.5959103934463124,1.4494747224720093,1.6219203518052294,1.5846581323742983,0.05503021025763939
nequip,dft/qsd/qsd_data.extxyz:480,qsd,coverage,CF3_20eV_4_98_F_F,77,Si,1.5944396971187444,1.56875118491311,1.60440257956038,1.5846581323742983,4.2586834477859465
nequip,dft/etch/trj_CF3_30eV.extxyz:999,etch,coverage,trj_CF3_30eV_case1,110,Si,1.5925177538033044,1.4505362847499095,1.6201851746019655,1.146516463030514,2.182693501733122
nequip,dft/etch/trj_CF3_30eV.extxyz:387,etch,coverage,trj_CF3_30eV_case1,148,Si,1.591344626052293,1.5354253458473597,1.4870440477672482,1.1555950847939753,2.0523999414724217
nequip,dft/qsd/qsd_data.extxyz:575,qsd,coverage,CF3_30eV_9_9_O_F,74,Si,1.5904621815298277,1.2494652068315641,1.5868292418845826,1.5826712245757153,3.7815470044135373
nequip,dft/mqa/mqa_SiC.extxyz:619,mqa,coverage,dft/mqa/mqa_SiC.extxyz:mqa_SiC,35,C,1.589974482387422,1.2308500202611092,1.5503333960474444,1.7157911518605296,1.4381764846398373
nequip,dft/etch/trj_CF3_30eV.extxyz:161,etch,coverage,trj_CF3_30eV_case1,107,O,1.5894391937947698,1.215173070087778,1.6412190591142928,1.2038687636117167,0.3842472856963338
nequip,dft/etch/trj_CF2_30eV.extxyz:959,etch,prior_outlier,trj_CF2_30eV_case1,23,O,1.5891468375034619,1.5836313346336874,1.4485164824743977,0.9356815697661205,0.40606546836316926
nequip,dft/etch/trj_CF3_30eV.extxyz:516,etch,coverage,trj_CF3_30eV_case1,148,Si,1.5819608311968703,1.5601473200841087,1.6053660018824356,1.5355455056754266,3.5167983951897215
nequip,dft/etch/trj_CF3_30eV.extxyz:258,etch,coverage,trj_CF3_30eV_case1,49,O,1.5806734025115452,1.4780268715810383,1.5703821191035001,1.2060265337047962,3.594941212977759
nequip,dft/etch/trj_CF2_30eV.extxyz:935,etch,coverage,trj_CF2_30eV_case1,111,Si,1.5744367165007935,1.2462052557678065,1.62471535968612,1.3411562175973366,5.599090265144598
nequip,dft/mqa/mqa_SiC.extxyz:619,mqa,coverage,dft/mqa/mqa_SiC.extxyz:mqa_SiC,20,Si,1.5726341800557473,1.1340169928163955,1.8343663495527236,1.7157911518605296,1.434683059835865
nequip,dft/etch/trj_CF2_30eV.extxyz:612,etch,coverage,trj_CF2_30eV_case1,106,Si,1.5705485913475499,1.1061330484162109,1.6267144801716131,1.2195900950729293,0.9202785578220325
nequip,dft/etch/trj_CF3_30eV.extxyz:483,etch,coverage,trj_CF3_30eV_case1,0,C,1.5660564775486492,1.2561256680686494,1.240806189539687,1.240806189539687,3.4566311582355733
nequip,dft/etch/trj_CF3_30eV.extxyz:483,etch,coverage,trj_CF3_30eV_case1,107,Si,1.5537919162564868,1.406343319476934,1.5939259706774322,1.240806189539687,3.9647334429052097
nequip,dft/etch/trj_CF3_30eV.extxyz:902,etch,coverage,trj_CF3_30eV_case1,19,F,1.5534516065244233,1.186924758867896,1.1160645142642944,1.3346909754696015,11.903232420370108
nequip,dft/etch/trj_CF2_30eV.extxyz:870,etch,coverage,trj_CF2_30eV_case1,109,Si,1.5514559930087413,1.2757430160471595,1.597435444705044,1.3112970677920375,2.035677209944887
nequip,dft/etch/trj_CF2_30eV.extxyz:387,etch,coverage,trj_CF2_30eV_case1,108,Si,1.540750284817218,1.0421003871956245,1.6243768035772956,1.4711560080426516,5.865686487658286
nequip,dft/etch/trj_CF3_30eV.extxyz:64,etch,coverage,trj_CF3_30eV_case1,98,O,1.539743973179049,1.4972813376758263,1.5654392354863187,1.3714955340794934,3.3024371277747284
nequip,dft/mqa/mqa_SiO2.extxyz:205,mqa,coverage,dft/mqa/mqa_SiO2.extxyz:mqa_SiO2,27,Si,1.5369808909807443,1.325447352076123,1.581115460236855,,4.02263874841689
nequip,dft/etch/trj_CF2_30eV.extxyz:999,etch,coverage,trj_CF2_30eV_case1,123,Si,1.5368130439021561,1.4760747212146295,1.6091301998284666,1.1717508267545613,1.5409869654585011
nequip,dft/etch/trj_CF2_30eV.extxyz:958,etch,prior_outlier,trj_CF2_30eV_case1,98,O,1.5310864284752517,1.3954550697359984,1.321589951535651,0.9210320298447815,1.2164740926386388
nequip,dft/etch/trj_CF3_30eV.extxyz:322,etch,coverage,trj_CF3_30eV_case1,98,O,1.5245478954763383,1.32094274927691,1.5272524349301253,1.3100381673829193,3.849216997824882
nequip,dft/etch/trj_CF3_30eV.extxyz:935,etch,coverage,trj_CF3_30eV_case1,105,Si,1.521167725050269,1.372032222715705,1.6127616066858694,1.4882540105774957,6.087931565757043
nequip,dft/etch/trj_CF3_30eV.extxyz:290,etch,coverage,trj_CF3_30eV_case1,81,O,1.5197875106868655,1.248186410623279,1.57534123287623,1.313811249761548,1.308208505465394
nequip,dft/qsd/qsd_data.extxyz:450,qsd,coverage,CF3_20eV_4_78_O_C,94,Si,1.519434840051679,1.1886226442492676,1.5869049269883813,1.5805841200328443,2.428082485085916
nequip,dft/qsd/qsd_data.extxyz:1069,qsd,coverage,CF_20eV_2_54_F_C,92,Si,1.5087812217592513,1.4705767708970645,1.617582741562236,1.228183400718312,2.4290739915741555
nequip,dft/mqa/mqa_SiO2.extxyz:616,mqa,coverage,dft/mqa/mqa_SiO2.extxyz:mqa_SiO2,26,Si,1.5072838212331099,1.0867270704374823,1.547308252870126,,7.459778398650057
nequip,dft/etch/trj_CF3_30eV.extxyz:193,etch,coverage,trj_CF3_30eV_case1,109,Si,1.4966043294707048,1.375092090333955,1.6489087300393546,1.1910499569707416,3.788488613088074
nequip,dft/etch/trj_CF2_30eV.extxyz:548,etch,coverage,trj_CF2_30eV_case1,146,Si,1.4922343304929722,1.3923321997779439,1.5384732691860468,1.198916177220076,4.171799825284166
nequip,dft/etch/trj_CF3_30eV.extxyz:290,etch,coverage,trj_CF3_30eV_case1,2,C,1.4892770056170548,1.0760517134544543,1.3304134695650072,1.313811249761548,0.5414722823497062
nequip,dft/etch/trj_CF3_30eV.extxyz:999,etch,coverage,trj_CF3_30eV_case1,68,O,1.4858803392611986,1.2078132022123926,1.185580026822319,1.146516463030514,1.7287331581557055
nequip,dft/etch/trj_CF2_30eV.extxyz:419,etch,coverage,trj_CF2_30eV_case1,111,Si,1.4783014499623313,1.1641346017349905,1.5562454819211526,1.3802898246382913,5.2965403260243376
nequip,dft/etch/trj_CF2_30eV.extxyz:258,etch,coverage,trj_CF2_30eV_case1,109,Si,1.476958401611552,1.0793029632027848,1.6352675622050328,1.5185519418182574,6.528992485090023
nequip,dft/qsd/qsd_data.extxyz:526,qsd,coverage,CF3_30eV_9_36_F_F,8,F,1.473478477590383,1.2635207706188005,1.48200030448715,1.2595609813740645,18.371123274315565
nequip,dft/etch/trj_CF3_30eV.extxyz:161,etch,coverage,trj_CF3_30eV_case1,145,Si,1.4715924172883752,1.356715529321796,1.6305213890041417,1.2038687636117167,3.0774372035609434
nequip,dft/etch/trj_CF3_30eV.extxyz:32,etch,coverage,trj_CF3_30eV_case1,108,Si,1.464199613043377,1.4466488526154309,1.5667801377347113,1.2120231020900523,3.7746789554939637
nequip,dft/etch/trj_CF3_30eV.extxyz:935,etch,coverage,trj_CF3_30eV_case1,108,Si,1.4545325377999105,1.3938155813932844,1.6226521500309306,1.4882540105774957,1.8754849775695352
nequip,dft/qsd/qsd_data.extxyz:1032,qsd,coverage,CF_20eV_2_52_F_F,35,F,1.45442008047773,1.3617691012559003,1.2969374130234639,1.240891345968694,19.125803427490936
nequip,dft/etch/trj_CF2_30eV.extxyz:0,etch,coverage,trj_CF2_30eV_case1,116,Si,1.4535185427177022,1.195937809727795,1.5961829469080289,,3.155183338584463
nequip,dft/qsd/qsd_data.extxyz:1309,qsd,coverage,CF_30eV_18_3_F_C,2,C,1.452416782709646,1.2473422527015172,1.2969287527848257,1.1431451005449835,5.984501386472644
nequip,dft/etch/trj_CF2_30eV.extxyz:645,etch,coverage,trj_CF2_30eV_case1,112,Si,1.452400520753066,1.118468574399293,1.6063934760823697,1.142716062720741,4.649080806830098
nequip,dft/etch/trj_CF3_30eV.extxyz:0,etch,coverage,trj_CF3_30eV_case1,116,Si,1.452236904678313,1.1948276542268663,1.5961829469080289,,3.155672463295581
nequip,dft/etch/trj_CF3_30eV.extxyz:806,etch,coverage,trj_CF3_30eV_case1,98,O,1.449477920700335,1.0648966325840827,1.6170343224557722,1.204740635987677,0.16213035289852423
nequip,dft/mqa/mqa_SiC.extxyz:88,mqa,coverage,dft/mqa/mqa_SiC.extxyz:mqa_SiC,20,Si,1.4474022493537164,1.3001996004395011,1.8053746274233178,1.693863354229024,1.3258123205412597
nequip,dft/etch/trj_CF3_30eV.extxyz:483,etch,coverage,trj_CF3_30eV_case1,137,Si,1.4356795421288322,1.3203958033422087,1.5586211855354677,1.240806189539687,3.399994503061733
nequip,dft/mqa/mqa_SiO2.extxyz:205,mqa,coverage,dft/mqa/mqa_SiO2.extxyz:mqa_SiO2,5,Si,1.4351383192001699,1.330601716832789,1.718109032250282,,3.227692684187576
nequip,dft/etch/trj_CF3_30eV.extxyz:193,etch,coverage,trj_CF3_30eV_case1,2,C,1.4309255512329468,1.0934266559588521,1.351628647225266,1.1910499569707416,1.4484525562754895
nequip,dft/qsd/qsd_data.extxyz:300,qsd,coverage,CF3_10eV_19_68_Si_F,8,F,1.4259700744132495,1.3175853406970166,1.2969287527848266,1.5810876823882984,13.157857558797708
nequip,dft/mqa/mqa_SiC.extxyz:0,mqa,coverage,dft/mqa/mqa_SiC.extxyz:mqa_SiC,35,C,1.4218344084576031,1.233809720034231,1.4883762277926857,1.7216500923939175,1.7541902576647723
nequip,dft/mqa/mqa_SiO2.extxyz:616,mqa,coverage,dft/mqa/mqa_SiO2.extxyz:mqa_SiO2,29,Si,1.4029789855208021,1.1456030613278854,1.4557369410027352,,7.965705363617273
nequip,dft/etch/trj_CF3_30eV.extxyz:516,etch,coverage,trj_CF3_30eV_case1,142,Si,1.4004854116924894,1.267875688912071,1.562497999998721,1.5355455056754266,5.040510738942831
nequip,dft/etch/trj_CF2_30eV.extxyz:290,etch,coverage,trj_CF2_30eV_case1,146,Si,1.40022575658424,1.1020335926627842,1.5640332477284498,1.1039021695784448,6.881355337429829
nequip,dft/etch/trj_CF3_30eV.extxyz:516,etch,coverage,trj_CF3_30eV_case1,22,F,1.3974852176766617,1.1395371112049921,1.3212494087037443,1.5355455056754266,3.5633841420047605
nequip,dft/etch/trj_CF3_30eV.extxyz:773,etch,coverage,trj_CF3_30eV_case1,106,Si,1.3948584129573725,0.9914401047726198,1.6400914608643016,1.2613088440187834,5.7233720207431915
nequip,dft/etch/trj_CF3_30eV.extxyz:226,etch,coverage,trj_CF3_30eV_case1,3,C,1.3834933774735152,1.3699327105107129,1.0592922165295118,1.0592922165295118,16.75924983956758
nequip,dft/etch/trj_CF2_30eV.extxyz:999,etch,coverage,trj_CF2_30eV_case1,117,Si,1.3742657326099266,1.3736734565032238,1.5847397262642222,1.1717508267545613,2.8116349962683636
nequip,dft/etch/trj_CF3_30eV.extxyz:32,etch,coverage,trj_CF3_30eV_case1,2,F,1.3675202553876915,1.2988126954885104,1.2879052760199405,1.2120231020900523,1.4506975761191578
nequip,dft/etch/trj_CF3_30eV.extxyz:226,etch,coverage,trj_CF3_30eV_case1,110,Si,1.3654633012660933,1.196479915247139,1.5593909067324978,1.0592922165295118,3.529826934676543
nequip,dft/etch/trj_CF2_30eV.extxyz:580,etch,coverage,trj_CF2_30eV_case1,111,Si,1.363342034530734,1.1111868386734822,1.6162920528171885,1.165160933090357,2.323461343725994
nequip,dft/etch/trj_CF3_30eV.extxyz:838,etch,coverage,trj_CF3_30eV_case1,104,Si,1.3580578922411222,1.2932346650497335,1.565726668355624,1.4765838953476356,4.8768619732211
nequip,dft/etch/trj_CF2_30eV.extxyz:483,etch,coverage,trj_CF2_30eV_case1,144,Si,1.3577336069327526,0.9483266690249765,1.6172507535938887,1.4659809002848585,4.1164061277816115
nequip,dft/etch/trj_CF2_30eV.extxyz:290,etch,coverage,trj_CF2_30eV_case1,147,Si,1.357408726632429,1.2439247295719453,1.5728318409798296,1.1039021695784448,3.3302420921449536
nequip,dft/etch/trj_CF2_30eV.extxyz:580,etch,coverage,trj_CF2_30eV_case1,86,O,1.3546883536914751,1.1871302141219517,1.5990309565483714,1.165160933090357,2.5856003969229278
nequip,dft/etch/trj_CF3_30eV.extxyz:32,etch,coverage,trj_CF3_30eV_case1,1,C,1.3511451424360967,0.9584646353765134,1.2956465567430073,1.2120231020900523,1.5025928335470657
nequip,dft/mqa/mqa_SiO2.extxyz:514,mqa,coverage,dft/mqa/mqa_SiO2.extxyz:mqa_SiO2,29,Si,1.3511092586264977,1.322962702891176,1.5703577317923454,,6.537254289861531
nequip,dft/qsd/qsd_data.extxyz:312,qsd,coverage,CF3_10eV_19_84_F_F,93,Si,1.3459024967227664,1.0400482779118985,1.5883613265563985,1.5883613265563985,10.784917256011795
nequip,dft/etch/trj_CF2_30eV.extxyz:129,etch,coverage,trj_CF2_30eV_case1,108,Si,1.3440161202599543,1.0984861076362107,1.5992810884894493,1.2054044964243331,2.310733815078881
nequip,dft/etch/trj_CF2_30eV.extxyz:677,etch,coverage,trj_CF2_30eV_case1,1,C,1.327076080181625,1.0183101567988688,1.3336416310238681,1.1622392180614114,0.7430441620845964
nequip,dft/qsd/qsd_data.extxyz:300,qsd,coverage,CF3_10eV_19_68_Si_F,82,Si,1.3269044430534356,1.1024605233056226,1.6307054026402212,1.5810876823882984,0.09128355903447236
nequip,dft/qsd/qsd_data.extxyz:1304,qsd,coverage,CF_30eV_18_3_C_F,0,C,1.3181622577559138,0.9216774336428422,1.209242086515351,1.1431451005449835,0.011771850831538769
nequip,dft/etch/trj_CF2_30eV.extxyz:419,etch,coverage,trj_CF2_30eV_case1,149,Si,1.3106743236268283,1.0227271670140352,1.620493751916373,1.3802898246382913,1.544304758595919
nequip,dft/etch/trj_CF3_30eV.extxyz:967,etch,coverage,trj_CF3_30eV_case1,123,Si,1.2986778346544057,0.7946216271749877,1.5707959765672939,1.2922074136917818,3.3201953034652942
nequip,dft/mqa/mqa_SiO2.extxyz:514,mqa,coverage,dft/mqa/mqa_SiO2.extxyz:mqa_SiO2,4,Si,1.2937459644910578,1.2540460276994745,1.5945047481765082,,6.204688111954299
nequip,dft/etch/trj_CF2_30eV.extxyz:548,etch,coverage,trj_CF2_30eV_case1,110,Si,1.2889871891055689,1.0813648273683543,1.6110555545976672,1.198916177220076,1.615432828540079
nequip,dft/etch/trj_CF3_30eV.extxyz:870,etch,coverage,trj_CF3_30eV_case1,139,Si,1.2858596333707182,1.0983241729763846,1.5751507864328425,1.3563922736435794,1.2917722868203205
nequip,dft/etch/trj_CF3_30eV.extxyz:870,etch,coverage,trj_CF3_30eV_case1,143,Si,1.283157543347209,1.1192679540218136,1.604898750700492,1.3563922736435794,2.3811389450504565
nequip,dft/etch/trj_CF3_30eV.extxyz:935,etch,coverage,trj_CF3_30eV_case1,109,Si,1.2795119320837638,1.050553665592573,1.628772543972915,1.4882540105774957,1.4534220963157949
nequip,dft/etch/trj_CF2_30eV.extxyz:548,etch,coverage,trj_CF2_30eV_case1,10,F,1.2723853568108134,1.1103471176925945,1.347219358530747,1.198916177220076,0.7061492705129702
nequip,dft/etch/trj_CF2_30eV.extxyz:129,etch,coverage,trj_CF2_30eV_case1,148,Si,1.2687558252399365,1.0125069413068135,1.5769273921141733,1.2054044964243331,1.8871959489348211
nequip,dft/etch/trj_CF2_30eV.extxyz:129,etch,coverage,trj_CF2_30eV_case1,3,C,1.2618066485310337,0.9340083319277523,1.303034918948842,1.2054044964243331,1.6326622729018394
nequip,dft/etch/trj_CF3_30eV.extxyz:773,etch,coverage,trj_CF3_30eV_case1,136,Si,1.249406935964537,1.2303496619312217,1.6297852619286999,1.2613088440187834,3.7103252102901974
nequip,dft/etch/trj_CF2_30eV.extxyz:773,etch,coverage,trj_CF2_30eV_case1,116,Si,1.2473465048534567,0.9533921420657002,1.626345596729058,1.3949551964131324,1.9159819861400054
nequip,dft/mqa/mqa_Si.extxyz:88,mqa,coverage,dft/mqa/mqa_Si.extxyz:mqa_Si,41,Si,1.2398297283009094,1.0901402587022508,2.269401436235504,,1.5459207859295379
nequip,dft/mqa/mqa_Si.extxyz:531,mqa,coverage,dft/mqa/mqa_Si.extxyz:mqa_Si,19,Si,1.2241066747602096,1.209863206846681,2.4340303034912973,,1.3593722190161899
nequip,dft/etch/trj_CF2_30eV.extxyz:773,etch,coverage,trj_CF2_30eV_case1,143,Si,1.2152295225853988,0.9069067977342518,1.6162611175178336,1.3949551964131324,3.252416219136936
nequip,dft/etch/trj_CF2_30eV.extxyz:580,etch,coverage,trj_CF2_30eV_case1,0,C,1.206163014741056,1.0979639038827496,1.3986064492915784,1.165160933090357,4.399941575305517
nequip,dft/mqa/mqa_SiO2.extxyz:616,mqa,coverage,dft/mqa/mqa_SiO2.extxyz:mqa_SiO2,25,Si,1.20384368453173,1.0681019798381173,1.545403122910006,,4.028899354789221
nequip,dft/mqa/mqa_Si.extxyz:177,mqa,coverage,dft/mqa/mqa_Si.extxyz:mqa_Si,57,Si,1.2033975720985568,1.01109718363266,2.155076064333455,,3.2084689470973533
nequip,dft/etch/trj_CF2_30eV.extxyz:773,etch,coverage,trj_CF2_30eV_case1,146,Si,1.2015075784534368,1.1606693797359942,1.566588650539765,1.3949551964131324,2.91777647813005
nequip,dft/qsd/qsd_data.extxyz:13,qsd,coverage,CF3_10eV_19_10_O_F,96,Si,1.200220652143564,1.0900340473756822,1.617582741562236,1.5801362450750878,1.9348096912846493
nequip,dft/qsd/qsd_data.extxyz:310,qsd,coverage,CF3_10eV_19_84_F_F,98,Si,1.1907723398010177,1.03481082723551,1.617582741562236,1.5883613265563985,1.8763682648576745
nequip,dft/mqa/mqa_Si.extxyz:442,mqa,coverage,dft/mqa/mqa_Si.extxyz:mqa_Si,58,Si,1.1543330012186437,1.103422408514819,2.292971926147375,,2.1098837962101133
nequip,dft/mqa/mqa_Si.extxyz:442,mqa,coverage,dft/mqa/mqa_Si.extxyz:mqa_Si,22,Si,1.1491553326024389,1.1478915359175466,2.190151182133325,,2.2619795740627278
nequip,dft/mqa/mqa_Si.extxyz:442,mqa,coverage,dft/mqa/mqa_Si.extxyz:mqa_Si,12,Si,1.1451325740059182,0.7959243528899013,2.3331892629188915,,2.2128216774891736
nequip,dft/mqa/mqa_SiO2.extxyz:514,mqa,coverage,dft/mqa/mqa_SiO2.extxyz:mqa_SiO2,31,Si,1.1443344234498967,1.0421210153506966,1.555269481986963,,5.429152175134622
nequip,dft/etch/trj_CF3_30eV.extxyz:967,etch,coverage,trj_CF3_30eV_case1,110,Si,1.1402215893766454,0.8385745359802972,1.5955249919697279,1.2922074136917818,4.212565777911011
nequip,dft/mqa/mqa_Si.extxyz:354,mqa,coverage,dft/mqa/mqa_Si.extxyz:mqa_Si,13,Si,1.127797077459853,0.923688277896114,2.135434205097409,,3.425901059762964
nequip,dft/mqa/mqa_Si.extxyz:265,mqa,coverage,dft/mqa/mqa_Si.extxyz:mqa_Si,26,Si,1.1148915134427,0.9131025116731193,2.1678110111584905,,4.20815783758024
nequip,dft/mqa/mqa_Si.extxyz:354,mqa,coverage,dft/mqa/mqa_Si.extxyz:mqa_Si,3,Si,1.0902950093547976,0.8559258656400857,2.2788881189957526,,1.8707456501582465
nequip,dft/mqa/mqa_Si.extxyz:354,mqa,coverage,dft/mqa/mqa_Si.extxyz:mqa_Si,2,Si,1.0801208663662438,0.8734530668832181,2.2899186660883837,,2.081930662843746
nequip,dft/mqa/mqa_Si.extxyz:265,mqa,coverage,dft/mqa/mqa_Si.extxyz:mqa_Si,45,Si,1.0293287427080102,0.8497092077978438,2.274767789767689,,0.5970795489790284
nequip,dft/mqa/mqa_Si.extxyz:265,mqa,coverage,dft/mqa/mqa_Si.extxyz:mqa_Si,10,Si,1.0241103355019825,0.6974250594132123,2.247930423867201,,1.9003678611063701
nequip,dft/mqa/mqa_Si.extxyz:531,mqa,coverage,dft/mqa/mqa_Si.extxyz:mqa_Si,51,Si,0.997106170974364,0.9965288567657091,2.319230375059795,,1.4893336349931805
nequip,dft/mqa/mqa_Si.extxyz:531,mqa,coverage,dft/mqa/mqa_Si.extxyz:mqa_Si,50,Si,0.9965351598251158,0.864718775713063,2.228291694662079,,1.5764965419146977
nequip,dft/mqa/mqa_Si.extxyz:177,mqa,coverage,dft/mqa/mqa_Si.extxyz:mqa_Si,10,Si,0.9949900337174038,0.8225880592541519,2.1637455689151626,,2.877057114263462
nequip,dft/mqa/mqa_Si.extxyz:88,mqa,coverage,dft/mqa/mqa_Si.extxyz:mqa_Si,4,Si,0.991091988533405,0.826958534325503,2.2689736258713977,,1.871691286700881
nequip,dft/mqa/mqa_Si.extxyz:177,mqa,coverage,dft/mqa/mqa_Si.extxyz:mqa_Si,50,Si,0.9706399809234031,0.6711439190029962,2.0567457883511033,,4.888013880015072
nequip,dft/mqa/mqa_Si.extxyz:0,mqa,coverage,dft/mqa/mqa_Si.extxyz:mqa_Si,41,Si,0.8997234071620535,0.828073372652365,2.2581008995614,,1.3388561787204778
nequip,dft/mqa/mqa_Si.extxyz:88,mqa,coverage,dft/mqa/mqa_Si.extxyz:mqa_Si,30,Si,0.7801350383081641,0.5891154562855645,2.2557170698028597,,1.096419438283087
nequip,dft/mqa/mqa_Si.extxyz:0,mqa,coverage,dft/mqa/mqa_Si.extxyz:mqa_Si,36,Si,0.7759098993062392,0.7161169021121092,2.326506313122748,,0.8738446655115542
nequip,dft/mqa/mqa_Si.extxyz:619,mqa,coverage,dft/mqa/mqa_Si.extxyz:mqa_Si,41,Si,0.752595084287701,0.5652571203018406,2.2624228036550043,,0.9770223976501254
nequip,dft/mqa/mqa_Si.extxyz:619,mqa,coverage,dft/mqa/mqa_Si.extxyz:mqa_Si,38,Si,0.7523521087504699,0.6036181325751766,2.294843098520805,,1.3826182067476183
nequip,dft/mqa/mqa_Si.extxyz:0,mqa,coverage,dft/mqa/mqa_Si.extxyz:mqa_Si,25,Si,0.7440787049612549,0.5828908002453004,2.258719180996167,,1.858582501915371
nequip,dft/mqa/mqa_SiO2.extxyz:719,mqa,coverage,dft/mqa/mqa_SiO2.extxyz:mqa_SiO2,30,Si,0.6763767304139926,0.4903041449191088,1.59415738536068,,2.194659446935902
nequip,dft/mqa/mqa_Si.extxyz:619,mqa,coverage,dft/mqa/mqa_Si.extxyz:mqa_Si,36,Si,0.6593781046287791,0.4733515767278432,2.3280010255367154,,0.7325854891956297
nequip,dft/mqa/mqa_SiO2.extxyz:103,mqa,coverage,dft/mqa/mqa_SiO2.extxyz:mqa_SiO2,29,Si,0.6178695169790948,0.5532004820795815,1.5814173284114474,,3.148628554998192
nequip,dft/mqa/mqa_SiO2.extxyz:103,mqa,coverage,dft/mqa/mqa_SiO2.extxyz:mqa_SiO2,5,Si,0.5752150058389363,0.47482148855840156,1.6102979304774634,,1.6058739658584669
nequip,dft/mqa/mqa_SiO2.extxyz:103,mqa,coverage,dft/mqa/mqa_SiO2.extxyz:mqa_SiO2,20,Si,0.5384461004799305,0.4858889223306041,1.6197116719342375,,1.3556823336862511
nequip,dft/mqa/mqa_SiO2.extxyz:0,mqa,coverage,dft/mqa/mqa_SiO2.extxyz:mqa_SiO2,25,Si,0.5281849540781305,0.4772365834484529,1.569666014826084,,2.3688498059467595
nequip,dft/mqa/mqa_SiO2.extxyz:719,mqa,coverage,dft/mqa/mqa_SiO2.extxyz:mqa_SiO2,28,Si,0.4926869143504924,0.3842033734297047,1.594026637330289,,2.1667172147481546
nequip,dft/mqa/mqa_SiO2.extxyz:0,mqa,coverage,dft/mqa/mqa_SiO2.extxyz:mqa_SiO2,22,Si,0.48337574693464275,0.3649475772349573,1.601681143207857,,2.394835940866305
nequip,dft/mqa/mqa_SiO2.extxyz:0,mqa,coverage,dft/mqa/mqa_SiO2.extxyz:mqa_SiO2,6,Si,0.4832630437693703,0.41909379744408204,1.586227748654021,,3.0894819841426493
nequip,dft/mqa/mqa_SiO2.extxyz:719,mqa,coverage,dft/mqa/mqa_SiO2.extxyz:mqa_SiO2,9,Si,0.4615211425164029,0.28597939070477096,1.5951461320205111,,2.3645109108824176
deepmd,dft/qsd/qsd_data.extxyz:305,qsd,coverage,CF3_10eV_19_68_Si_F,94,Si,53664.3673991638,51970.178142146324,0.16799803600042348,0.16799803600042348,14202.376193848659
deepmd,dft/qsd/qsd_data.extxyz:305,qsd,coverage,CF3_10eV_19_68_Si_F,8,F,53104.009394105335,51745.41711241552,0.16799803600042348,0.16799803600042348,14158.024675184808
deepmd,dft/qsd/qsd_data.extxyz:1191,qsd,coverage,CF_20eV_2_79_C_C,28,C,41756.600475498424,31996.525265236574,0.1520035841682699,1.306619940839722,9796.431443318852
deepmd,dft/qsd/qsd_data.extxyz:557,qsd,coverage,CF3_30eV_9_36_Si_F,24,F,40091.244904766194,34856.202418165165,0.16799803600042348,0.16799803600042348,14166.276684657876
deepmd,dft/qsd/qsd_data.extxyz:1191,qsd,coverage,CF_20eV_2_79_C_C,8,C,39621.62719664481,28823.855011213134,0.1520035841682699,1.306619940839722,9821.755187743991
deepmd,dft/qsd/qsd_data.extxyz:557,qsd,coverage,CF3_30eV_9_36_Si_F,86,Si,39024.488620585194,34367.52336165338,0.16799803600042348,0.16799803600042348,14221.76107774001
deepmd,dft/qsd/qsd_data.extxyz:235,qsd,coverage,CF3_10eV_19_59_C_C,1,C,27368.376261629288,24895.503349355422,0.15200358416826942,1.351081189344298,9764.83657990417
deepmd,dft/qsd/qsd_data.extxyz:235,qsd,coverage,CF3_10eV_19_59_C_C,0,C,27073.38118293889,24805.60243549534,0.15200358416826942,1.351081189344298,9815.25497684163
deepmd,dft/qsd/qsd_data.extxyz:507,qsd,coverage,CF3_20eV_4_98_Si_F,11,F,17701.685189391847,13193.19880846161,0.16799803600042348,0.16799803600042348,14156.928977167785
deepmd,dft/qsd/qsd_data.extxyz:507,qsd,coverage,CF3_20eV_4_98_Si_F,77,Si,17647.260565711345,13181.744667695832,0.16799803600042348,0.16799803600042348,14206.254884449567
deepmd,dft/qsd/qsd_data.extxyz:455,qsd,coverage,CF3_20eV_4_78_O_C,53,O,17334.528122723168,15213.283416366501,0.14200380417439765,0.14200380417439765,16952.567675157425
deepmd,dft/qsd/qsd_data.extxyz:455,qsd,coverage,CF3_20eV_4_78_O_C,0,C,17155.8176260904,15045.934442544341,0.14200380417439765,0.14200380417439765,16932.072149019194
deepmd,dft/qsd/qsd_data.extxyz:485,qsd,coverage,CF3_20eV_4_98_F_F,9,F,14021.066191404529,12099.741302144637,0.22799671598512103,1.5846581323742983,13139.830810893927
deepmd,dft/qsd/qsd_data.extxyz:485,qsd,coverage,CF3_20eV_4_98_F_F,11,F,13981.87182067721,12110.604287142523,0.22799671598512103,1.5846581323742983,13146.178143974406
deepmd,dft/qsd/qsd_data.extxyz:580,qsd,coverage,CF3_30eV_9_9_O_F,12,O,13534.986569922732,11653.342430534783,0.2459980520248069,0.2459980520248069,9569.244316391734
deepmd,dft/qsd/qsd_data.extxyz:580,qsd,coverage,CF3_30eV_9_9_O_F,11,F,13529.905454503989,11694.241501916857,0.2459980520248069,0.2459980520248069,9565.370771530066
deepmd,dft/qsd/qsd_data.extxyz:531,qsd,coverage,CF3_30eV_9_36_F_F,8,F,13260.164152398624,11492.587209553254,0.22799671598512125,1.2595609813740645,13116.405258759598
deepmd,dft/qsd/qsd_data.extxyz:531,qsd,coverage,CF3_30eV_9_36_F_F,24,F,13179.178005088117,11421.49350604414,0.22799671598512125,1.2595609813740645,13128.756034906111
deepmd,dft/qsd/qsd_data.extxyz:1325,qsd,coverage,CF_30eV_18_3_O_C,56,O,12919.566079428057,12095.281870090459,0.14200380417439765,0.14200380417439765,16962.363819786486
deepmd,dft/qsd/qsd_data.extxyz:1242,qsd,coverage,CF_30eV_18_12_F_F,10,F,12819.755960783641,11150.50979029098,0.22799671598512256,1.1728677049437417,13087.676357886428
deepmd,dft/qsd/qsd_data.extxyz:1242,qsd,coverage,CF_30eV_18_12_F_F,6,F,12718.24565298587,11053.099371460816,0.22799671598512256,1.1728677049437417,13129.019998209023
deepmd,dft/qsd/qsd_data.extxyz:1325,qsd,coverage,CF_30eV_18_3_O_C,2,C,12454.075561499976,11759.94093833481,0.14200380417439765,0.14200380417439765,16927.629267463693
deepmd,dft/qsd/qsd_data.extxyz:891,qsd,coverage,CF_10eV_4_93_O_C,101,Si,11381.469326616874,10244.270640325256,0.28426472345333376,0.28426472345333376,4693.382314169258
deepmd,dft/qsd/qsd_data.extxyz:501,qsd,coverage,CF3_20eV_4_98_Si_C,0,C,11298.842331494494,9801.430570858764,0.18700281414994824,0.18700281414994824,6575.251001513402
deepmd,dft/qsd/qsd_data.extxyz:891,qsd,coverage,CF_10eV_4_93_O_C,24,F,11283.546700541177,10143.702458292111,0.28426472345333376,0.28426472345333376,4697.791940749309
deepmd,dft/qsd/qsd_data.extxyz:501,qsd,coverage,CF3_20eV_4_98_Si_C,77,Si,10457.051849135822,9178.5457117621,0.18700281414994824,0.18700281414994824,6602.13686531144
deepmd,dft/qsd/qsd_data.extxyz:495,qsd,coverage,CF3_20eV_4_98_O_F,55,O,9098.837343742376,7920.425834704965,0.24599805202480998,0.24599805202480998,9572.328487441599
deepmd,dft/qsd/qsd_data.extxyz:557,qsd,coverage,CF3_30eV_9_36_Si_F,10,F,9084.108881364165,8897.373772884537,1.5878282996911222,0.16799803600042348,0.35666553549509095
deepmd,dft/qsd/qsd_data.extxyz:495,qsd,coverage,CF3_20eV_4_98_O_F,11,F,9011.337640226307,7854.314119831017,0.24599805202480998,0.24599805202480998,9541.431188826153
deepmd,dft/qsd/qsd_data.extxyz:337,qsd,coverage,CF3_20eV_4_36_C_C,2,C,8163.762540301649,7570.449516452465,0.15200358416826834,1.1665717316564812,9812.90725325597
deepmd,dft/qsd/qsd_data.extxyz:337,qsd,coverage,CF3_20eV_4_36_C_C,3,C,8126.923096051741,7528.288367048577,0.15200358416826834,1.1665717316564812,9773.390131773007
deepmd,dft/qsd/qsd_data.extxyz:1303,qsd,coverage,CF_30eV_18_3_C_C,2,C,8114.385778161057,7575.607427156219,0.1520035841682699,1.1431451005449835,9808.000219595704
deepmd,dft/qsd/qsd_data.extxyz:1331,qsd,coverage,CF_30eV_18_3_O_F,6,F,7939.316929422134,6963.2804381667265,0.2459980520248069,0.2459980520248069,9559.222477880861
deepmd,dft/qsd/qsd_data.extxyz:1331,qsd,coverage,CF_30eV_18_3_O_F,56,O,7795.728761139146,6812.937895936671,0.2459980520248069,0.2459980520248069,9575.588596455544
deepmd,dft/qsd/qsd_data.extxyz:241,qsd,coverage,CF3_10eV_19_59_C_F,0,C,7350.823625531041,6400.941744467836,0.2659976120193556,1.351081189344298,5450.0814566146055
deepmd,dft/qsd/qsd_data.extxyz:892,qsd,coverage,CF_10eV_4_93_O_C,101,Si,7279.021855564839,7162.405996736141,0.2583964142553063,0.2583964142553063,5812.068987951986
deepmd,dft/qsd/qsd_data.extxyz:587,qsd,coverage,CF3_30eV_9_9_Si_C,74,Si,7222.190191325316,6601.497268999192,0.18700281414994824,0.18700281414994824,6626.210205031232
deepmd,dft/qsd/qsd_data.extxyz:892,qsd,coverage,CF_10eV_4_93_O_C,24,F,7208.57192653187,7062.92605008299,0.2583964142553063,0.2583964142553063,5792.035865902312
deepmd,dft/qsd/qsd_data.extxyz:1303,qsd,coverage,CF_30eV_18_3_C_C,1,C,7193.500309096202,6991.074772950715,0.1520035841682699,1.1431451005449835,9807.626837162818
deepmd,dft/qsd/qsd_data.extxyz:241,qsd,coverage,CF3_10eV_19_59_C_F,10,F,7180.209645249051,6265.485645519093,0.2659976120193556,1.351081189344298,5377.645718840272
deepmd,dft/qsd/qsd_data.extxyz:587,qsd,coverage,CF3_30eV_9_9_Si_C,0,C,5913.413625062279,5356.877256632135,0.18700281414994824,0.18700281414994824,6588.169436292455
deepmd,dft/qsd/qsd_data.extxyz:1313,qsd,coverage,CF_30eV_18_3_F_C,2,C,5767.693569684475,4993.006720942846,0.26599761201935673,1.1431451005449835,5434.491682327661
deepmd,dft/qsd/qsd_data.extxyz:1313,qsd,coverage,CF_30eV_18_3_F_C,3,F,5751.199080036637,4977.62336543709,0.26599761201935673,1.1431451005449835,5416.036215353973
deepmd,dft/qsd/qsd_data.extxyz:530,qsd,coverage,CF3_30eV_9_36_F_F,24,F,5489.77371052158,4756.036088850298,0.34199940409304797,1.2595609813740645,5175.574325601571
deepmd,dft/qsd/qsd_data.extxyz:530,qsd,coverage,CF3_30eV_9_36_F_F,8,F,5465.649608714521,4736.401222250016,0.34199940409304797,1.2595609813740645,5168.393602760053
deepmd,dft/qsd/qsd_data.extxyz:967,qsd,coverage,CF_10eV_4_98_F_F,22,F,5448.390137298388,4726.0679789886135,0.34199940409304797,1.2757015281404969,5184.242216858611
deepmd,dft/qsd/qsd_data.extxyz:967,qsd,coverage,CF_10eV_4_98_F_F,15,F,5440.811910067971,4721.372538300743,0.34199940409304797,1.2757015281404969,5174.978181213362
deepmd,dft/qsd/qsd_data.extxyz:314,qsd,coverage,CF3_10eV_19_84_F_F,3,F,5394.273595928967,4685.7207350419985,0.34199940409304797,1.5883613265563985,5175.2189393585895
deepmd,dft/qsd/qsd_data.extxyz:314,qsd,coverage,CF3_10eV_19_84_F_F,7,F,5373.0524963682565,4663.507653776457,0.34199940409304797,1.5883613265563985,5182.683166911945
deepmd,dft/qsd/qsd_data.extxyz:443,qsd,coverage,CF3_20eV_4_78_F_C,13,F,5332.831709698187,4650.615884377793,0.2659976120193576,1.5805841200328443,5431.333491505344
deepmd,dft/qsd/qsd_data.extxyz:484,qsd,coverage,CF3_20eV_4_98_F_F,11,F,5323.17367904056,4625.786850962316,0.3419994040930478,1.5846581323742983,5186.9474828431485
deepmd,dft/qsd/qsd_data.extxyz:484,qsd,coverage,CF3_20eV_4_98_F_F,9,F,5317.127420589507,4619.3885414199485,0.3419994040930478,1.5846581323742983,5180.569069106722
deepmd,dft/qsd/qsd_data.extxyz:1036,qsd,coverage,CF_20eV_2_52_F_F,33,F,5293.7709030879305,4582.865016434606,0.34199940409304835,1.240891345968694,5164.615533390064
deepmd,dft/qsd/qsd_data.extxyz:1036,qsd,coverage,CF_20eV_2_52_F_F,35,F,5293.483270213693,4585.322572469788,0.34199940409304835,1.240891345968694,5170.805247338305
deepmd,dft/qsd/qsd_data.extxyz:443,qsd,coverage,CF3_20eV_4_78_F_C,0,C,5283.365668915525,4592.994051366411,0.2659976120193576,1.5805841200328443,5437.577976664926
deepmd,dft/qsd/qsd_data.extxyz:637,qsd,coverage,CF_10eV_4_37_C_F,22,F,5264.82626260278,4473.459150057389,0.2659976120193556,1.371796809662423,5372.109329565543
deepmd,dft/qsd/qsd_data.extxyz:637,qsd,coverage,CF_10eV_4_37_C_F,6,C,5233.724640099279,4433.304003227896,0.2659976120193556,1.371796809662423,5439.388602071535
deepmd,dft/qsd/qsd_data.extxyz:1241,qsd,coverage,CF_30eV_18_12_F_F,6,F,5187.999366596251,4502.7674689515,0.34199940409304924,1.1728677049437417,5200.558566285034
deepmd,dft/qsd/qsd_data.extxyz:1241,qsd,coverage,CF_30eV_18_12_F_F,10,F,5142.104840192452,4457.958286884808,0.34199940409304924,1.1728677049437417,5160.104072387678
deepmd,dft/qsd/qsd_data.extxyz:892,qsd,coverage,CF_10eV_4_93_O_C,7,C,5106.446820290551,4431.015442358177,0.28399894806143233,0.2583964142553063,3959.138487212039
deepmd,dft/qsd/qsd_data.extxyz:287,qsd,coverage,CF3_10eV_19_68_O_C,55,O,5080.496511440976,4503.243108303346,0.14200380417439368,0.14200380417439368,16952.116011186696
deepmd,dft/qsd/qsd_data.extxyz:520,qsd,coverage,CF3_30eV_9_36_C_F,0,C,5013.892141415895,4265.642248385994,0.265997612019356,1.2583719668285684,5441.688447463053
deepmd,dft/qsd/qsd_data.extxyz:1151,qsd,coverage,CF_20eV_2_76_C_F,29,C,4812.636001624175,3894.448531668231,0.2659976120193572,1.2835795392962583,5457.754794598999
deepmd,dft/qsd/qsd_data.extxyz:1151,qsd,coverage,CF_20eV_2_76_C_F,44,F,4808.95943685713,3907.623169283007,0.2659976120193572,1.2835795392962583,5433.818945571184
deepmd,dft/qsd/qsd_data.extxyz:520,qsd,coverage,CF3_30eV_9_36_C_F,24,F,4638.444963340704,4040.0088382602216,0.265997612019356,1.2583719668285684,5358.084420670951
deepmd,dft/qsd/qsd_data.extxyz:287,qsd,coverage,CF3_10eV_19_68_O_C,0,C,4598.3963108581065,3801.584579046723,0.14200380417439368,0.14200380417439368,16920.99801824394
deepmd,dft/qsd/qsd_data.extxyz:587,qsd,coverage,CF3_30eV_9_9_Si_C,11,F,4491.851917912452,3951.738309438995,0.3760967404804245,0.18700281414994824,4046.0968115027426
deepmd,dft/qsd/qsd_data.extxyz:525,qsd,coverage,CF3_30eV_9_36_F_C,1,C,4367.921825611606,3781.9738197514307,0.26599761201935673,1.2595609813740645,5432.504615088556
deepmd,dft/qsd/qsd_data.extxyz:525,qsd,coverage,CF3_30eV_9_36_F_C,8,F,4307.091654238733,3722.1815311940272,0.26599761201935673,1.2595609813740645,5414.84378165137
deepmd,dft/qsd/qsd_data.extxyz:537,qsd,coverage,CF3_30eV_9_36_O_C,57,O,4288.685824553498,3118.920945091064,0.14200380417439676,0.14200380417439676,16962.88182976534
deepmd,dft/qsd/qsd_data.extxyz:1330,qsd,coverage,CF_30eV_18_3_O_F,56,O,3996.022263670436,3456.074197521096,0.3689970780372108,0.3689970780372108,3687.7895859299283
deepmd,dft/qsd/qsd_data.extxyz:1330,qsd,coverage,CF_30eV_18_3_O_F,6,F,3966.1437887239363,3428.7819259537177,0.3689970780372108,0.3689970780372108,3681.5972492084675
deepmd,dft/qsd/qsd_data.extxyz:16,qsd,coverage,CF3_10eV_19_10_O_F,3,F,3879.8255088225055,3356.1835451209886,0.3689970780372108,0.3689970780372108,3696.5279656525545
deepmd,dft/qsd/qsd_data.extxyz:16,qsd,coverage,CF3_10eV_19_10_O_F,45,O,3876.8636860011984,3345.6976434316134,0.3689970780372108,0.3689970780372108,3681.5727737091684
deepmd,dft/qsd/qsd_data.extxyz:1010,qsd,coverage,CF_20eV_2_32_O_F,67,O,3837.3194053947987,3320.0379164439696,0.3690057383022674,0.3690057383022674,3682.8091734811233
deepmd,dft/qsd/qsd_data.extxyz:1010,qsd,coverage,CF_20eV_2_32_O_F,26,F,3831.7699722115563,3310.208169811628,0.3690057383022674,0.3690057383022674,3692.5470256604062
deepmd,dft/qsd/qsd_data.extxyz:579,qsd,coverage,CF3_30eV_9_9_O_F,12,O,3830.3975509216566,3306.1847341444313,0.3689970780372108,0.3689970780372108,3689.734793330255
deepmd,dft/qsd/qsd_data.extxyz:793,qsd,coverage,CF_10eV_4_5_O_F,66,O,3801.339435633884,3274.298244807576,0.3689970780372108,0.3689970780372108,3684.179785555412
deepmd,dft/qsd/qsd_data.extxyz:579,qsd,coverage,CF3_30eV_9_9_O_F,11,F,3797.4602596624327,3288.021004309498,0.3689970780372108,0.3689970780372108,3685.5119819166057
deepmd,dft/qsd/qsd_data.extxyz:793,qsd,coverage,CF_10eV_4_5_O_F,7,F,3786.843485216435,3258.9305536772667,0.3689970780372108,0.3689970780372108,3699.190379054556
deepmd,dft/qsd/qsd_data.extxyz:537,qsd,coverage,CF3_30eV_9_36_O_C,1,C,3780.542383884168,2760.060564096557,0.14200380417439676,0.14200380417439676,16927.231580034142
deepmd,dft/qsd/qsd_data.extxyz:494,qsd,coverage,CF3_20eV_4_98_O_F,11,F,3635.396652298317,3134.8541540548217,0.3689970780372108,0.3689970780372108,3658.727133308576
deepmd,dft/qsd/qsd_data.extxyz:494,qsd,coverage,CF3_20eV_4_98_O_F,55,O,3599.29742707159,3116.9200032942285,0.3689970780372108,0.3689970780372108,3710.25760642555
deepmd,dft/qsd/qsd_data.extxyz:1324,qsd,coverage,CF_30eV_18_3_O_C,2,C,3571.441072181146,3102.503009794797,0.28399894806143233,0.28399894806143233,3939.2802990632968
deepmd,dft/qsd/qsd_data.extxyz:1324,qsd,coverage,CF_30eV_18_3_O_C,56,O,3555.1061273477994,3088.4635791544133,0.28399894806143233,0.28399894806143233,3956.4841627052847
deepmd,dft/qsd/qsd_data.extxyz:536,qsd,coverage,CF3_30eV_9_36_O_C,57,O,3419.874448600059,2885.832666088482,0.28399894806143233,0.28399894806143233,3952.3800161234094
deepmd,dft/qsd/qsd_data.extxyz:536,qsd,coverage,CF3_30eV_9_36_O_C,1,C,3404.716007359137,2907.5132149634424,0.28399894806143233,0.28399894806143233,3933.5909215509264
deepmd,dft/qsd/qsd_data.extxyz:586,qsd,coverage,CF3_30eV_9_9_Si_C,11,F,3395.826620843789,2411.861839729599,0.39297717541862315,0.37399696803583704,3591.6286681488086
deepmd,dft/qsd/qsd_data.extxyz:586,qsd,coverage,CF3_30eV_9_9_Si_C,6,F,3378.8207111242364,2215.707553478092,0.39297717541862315,0.37399696803583704,3576.900533678926
deepmd,dft/qsd/qsd_data.extxyz:556,qsd,coverage,CF3_30eV_9_36_Si_F,86,Si,3236.079450639774,2802.8332876583604,0.33599607200085,0.33599607200085,3260.805332579422
deepmd,dft/qsd/qsd_data.extxyz:556,qsd,coverage,CF3_30eV_9_36_Si_F,24,F,3136.828807278254,2710.2057954333477,0.33599607200085,0.33599607200085,3194.6599849424747
deepmd,dft/qsd/qsd_data.extxyz:305,qsd,coverage,CF3_10eV_19_68_Si_F,55,O,2836.864501660907,2179.14595955587,1.616659931278066,0.16799803600042348,1.786671895478014
deepmd,dft/qsd/qsd_data.extxyz:438,qsd,coverage,CF3_20eV_4_50_C_F,2,C,2784.3264384623362,2436.6544451724876,0.398996418029034,0.9062880214920636,2209.6203819177003
deepmd,dft/qsd/qsd_data.extxyz:454,qsd,coverage,CF3_20eV_4_78_O_C,0,C,2774.4078271723984,2440.0777230126514,0.28399894806143317,0.28399894806143317,3946.5789849909515
deepmd,dft/qsd/qsd_data.extxyz:454,qsd,coverage,CF3_20eV_4_78_O_C,53,O,2774.237693582836,2450.618547900199,0.28399894806143317,0.28399894806143317,3951.898504510178
deepmd,dft/qsd/qsd_data.extxyz:438,qsd,coverage,CF3_20eV_4_50_C_F,19,F,2661.9288132272,2295.3057779009996,0.398996418029034,0.9062880214920636,2094.1618815367465
deepmd,dft/qsd/qsd_data.extxyz:519,qsd,coverage,CF3_30eV_9_36_C_F,0,C,2614.726739147577,2269.1643458418434,0.398996418029034,1.2595609813740645,2145.890125431513
deepmd,dft/qsd/qsd_data.extxyz:636,qsd,coverage,CF_10eV_4_37_C_F,6,C,2582.787730713285,2250.680185227488,0.398996418029034,1.371796809662423,2156.4514337288974
deepmd,dft/qsd/qsd_data.extxyz:1191,qsd,coverage,CF_20eV_2_79_C_C,19,C,2579.8827975985914,2520.403821342041,1.3497893133744978,1.306619940839722,24.365418234358753
deepmd,dft/qsd/qsd_data.extxyz:519,qsd,coverage,CF3_30eV_9_36_C_F,24,F,2552.790566335467,2203.742057256008,0.398996418029034,1.2595609813740645,2038.4381579956564
deepmd,dft/qsd/qsd_data.extxyz:636,qsd,coverage,CF_10eV_4_37_C_F,22,F,2534.995427253715,2192.674816726662,0.398996418029034,1.371796809662423,2086.952500883393
deepmd,dft/qsd/qsd_data.extxyz:1150,qsd,coverage,CF_20eV_2_76_C_F,29,C,2489.361561733099,2142.780100815598,0.3989964180290342,1.2835795392962583,2168.9770393890685
deepmd,dft/qsd/qsd_data.extxyz:1150,qsd,coverage,CF_20eV_2_76_C_F,44,F,2470.661017572907,2147.385783114073,0.3989964180290342,1.2835795392962583,2154.3610476111025
deepmd,dft/qsd/qsd_data.extxyz:245,qsd,coverage,CF3_10eV_19_59_F_C,1,C,2399.228124024735,2080.5704781665686,0.3989964180290336,1.351081189344298,2125.608186483432
deepmd,dft/qsd/qsd_data.extxyz:1307,qsd,coverage,CF_30eV_18_3_C_F,1,C,2393.4602234647537,2073.1678150859625,0.39899641802903446,1.1431451005449835,2147.854781392286
deepmd,dft/qsd/qsd_data.extxyz:240,qsd,coverage,CF3_10eV_19_59_C_F,0,C,2378.7898212936516,2045.7905342940503,0.398996418029034,1.351081189344298,2149.9543726367333
deepmd,dft/qsd/qsd_data.extxyz:245,qsd,coverage,CF3_10eV_19_59_F_C,7,F,2378.0025949884875,2063.567773176548,0.3989964180290336,1.351081189344298,2111.6244908992494
deepmd,dft/qsd/qsd_data.extxyz:1307,qsd,coverage,CF_30eV_18_3_C_F,6,F,2357.092571278099,2044.41985117549,0.39899641802903446,1.1431451005449835,2147.8369806308206
deepmd,dft/qsd/qsd_data.extxyz:240,qsd,coverage,CF3_10eV_19_59_C_F,10,F,2318.1326301919325,1999.6599059685125,0.398996418029034,1.351081189344298,2068.59670628798
deepmd,dft/qsd/qsd_data.extxyz:890,qsd,coverage,CF_10eV_4_93_O_C,101,Si,2224.295208210856,1896.5532773954783,0.31560720048820157,0.31560720048820157,2199.7287761958714
deepmd,dft/qsd/qsd_data.extxyz:1072,qsd,coverage,CF_20eV_2_54_F_C,18,C,2223.1660692133178,1929.88049284871,0.39900507828848464,1.228183400718312,2127.823971699323
deepmd,dft/qsd/qsd_data.extxyz:1072,qsd,coverage,CF_20eV_2_54_F_C,32,F,2197.3563106854785,1897.8419513299682,0.39900507828848464,1.228183400718312,2118.0740626248707
deepmd,dft/qsd/qsd_data.extxyz:890,qsd,coverage,CF_10eV_4_93_O_C,7,C,2176.0870570995307,1835.0721805580388,0.31560720048820157,0.31560720048820157,2218.712329193478
deepmd,dft/qsd/qsd_data.extxyz:891,qsd,coverage,CF_10eV_4_93_O_C,74,O,2166.1743642806236,1866.232153078629,0.4260027522211551,0.28426472345333376,1595.46611753932
deepmd,dft/qsd/qsd_data.extxyz:442,qsd,coverage,CF3_20eV_4_78_F_C,13,F,2134.7152821838235,1850.496604785982,0.39899641802903446,1.5805841200328443,2145.8379955313403
deepmd,dft/qsd/qsd_data.extxyz:442,qsd,coverage,CF3_20eV_4_78_F_C,0,C,2129.7990457281844,1860.0022287997774,0.39899641802903446,1.5805841200328443,2147.2772003017244
deepmd,dft/qsd/qsd_data.extxyz:677,qsd,coverage,CF_10eV_4_39_F_C,14,F,2120.3729079696627,1832.2960336542196,0.3989964180290336,1.3097513380409276,2150.6612483402478
deepmd,dft/qsd/qsd_data.extxyz:677,qsd,coverage,CF_10eV_4_39_F_C,8,C,2113.6325256451096,1834.4863318641621,0.3989964180290336,1.3097513380409276,2148.476204075509
deepmd,dft/qsd/qsd_data.extxyz:1323,qsd,coverage,CF_30eV_18_3_O_C,56,O,2109.262101142207,1818.2893524802691,0.4260027522211551,0.4260027522211551,1573.2692062087924
deepmd,dft/qsd/qsd_data.extxyz:1312,qsd,coverage,CF_30eV_18_3_F_C,2,C,2108.430152489947,1825.6617476320046,0.3989964180290366,1.1431451005449835,2133.3631863660244
deepmd,dft/qsd/qsd_data.extxyz:1312,qsd,coverage,CF_30eV_18_3_F_C,3,F,2101.691192126941,1819.4331453755128,0.3989964180290366,1.1431451005449835,2124.2379016403906
deepmd,dft/qsd/qsd_data.extxyz:1323,qsd,coverage,CF_30eV_18_3_O_C,2,C,2083.4224105764342,1800.035862676219,0.4260027522211551,0.4260027522211551,1563.1984179111905
deepmd,dft/qsd/qsd_data.extxyz:524,qsd,coverage,CF3_30eV_9_36_F_C,1,C,1984.829245042481,1715.647217985734,0.39899641802903446,1.2595609813740645,2132.9974868861245
deepmd,dft/qsd/qsd_data.extxyz:524,qsd,coverage,CF3_30eV_9_36_F_C,8,F,1973.0668373795877,1701.981518708825,0.39899641802903446,1.2595609813740645,2123.9697096233594
deepmd,dft/qsd/qsd_data.extxyz:1082,qsd,coverage,CF_20eV_2_54_O_C,49,O,1968.6829312909451,1713.909081464598,0.4259940919778134,0.4259940919778134,1588.3198960923557
deepmd,dft/qsd/qsd_data.extxyz:514,qsd,coverage,CF3_30eV_9_36_C_C,0,C,1943.231070097342,1705.0232451152642,0.15200358416826865,1.2530260676059377,9812.817069303404
deepmd,dft/qsd/qsd_data.extxyz:453,qsd,coverage,CF3_20eV_4_78_O_C,53,O,1937.1017529971327,1674.4996798602888,0.42600275222115597,0.42600275222115597,1567.5587258552246
deepmd,dft/qsd/qsd_data.extxyz:514,qsd,coverage,CF3_30eV_9_36_C_C,1,C,1934.1592585378378,1634.1750568219613,0.15200358416826865,1.2530260676059377,9752.70503209175
deepmd,dft/qsd/qsd_data.extxyz:453,qsd,coverage,CF3_20eV_4_78_O_C,0,C,1933.4014419287148,1669.004893278178,0.42600275222115597,0.42600275222115597,1561.0508805806357
deepmd,dft/qsd/qsd_data.extxyz:513,qsd,coverage,CF3_30eV_9_36_C_C,0,C,1913.2632903591225,1707.0294126932297,0.30399850805554945,1.2595609813740645,2238.0887271267416
deepmd,dft/qsd/qsd_data.extxyz:1082,qsd,coverage,CF_20eV_2_54_O_C,18,C,1911.2998317023398,1666.4141414784665,0.4259940919778134,0.4259940919778134,1514.4328017784278
deepmd,dft/qsd/qsd_data.extxyz:585,qsd,coverage,CF3_30eV_9_9_Si_C,11,F,1901.7595043183435,1696.0610040985823,0.48717419841366866,0.5609997821746454,1886.4303890567182
deepmd,dft/qsd/qsd_data.extxyz:535,qsd,coverage,CF3_30eV_9_36_O_C,57,O,1875.100668380994,1623.6677059816436,0.4260027522211551,0.4260027522211551,1564.421723481063
deepmd,dft/qsd/qsd_data.extxyz:585,qsd,coverage,CF3_30eV_9_9_Si_C,6,F,1854.5433555770219,1610.6506281679574,0.48717419841366866,0.5609997821746454,1844.8413244382891
deepmd,dft/qsd/qsd_data.extxyz:535,qsd,coverage,CF3_30eV_9_36_O_C,1,C,1853.846637837134,1607.7702880948304,0.4260027522211551,0.4260027522211551,1552.337192664157
deepmd,dft/qsd/qsd_data.extxyz:285,qsd,coverage,CF3_10eV_19_68_O_C,55,O,1791.3063117970382,1539.2204374744274,0.4260027522211551,0.4260027522211551,1580.217574018741
deepmd,dft/qsd/qsd_data.extxyz:285,qsd,coverage,CF3_10eV_19_68_O_C,0,C,1769.919917414705,1519.9948138813204,0.4260027522211551,0.4260027522211551,1531.2497946450435
deepmd,dft/qsd/qsd_data.extxyz:513,qsd,coverage,CF3_30eV_9_36_C_C,1,C,1755.0984778588677,1526.8528831258564,0.30399850805554945,1.2595609813740645,2167.7673275545585
deepmd,dft/qsd/qsd_data.extxyz:234,qsd,coverage,CF3_10eV_19_59_C_C,0,C,1725.141508546884,1627.8811798559627,0.30399850805554984,1.351081189344298,2224.209619175428
deepmd,dft/qsd/qsd_data.extxyz:889,qsd,coverage,CF_10eV_4_93_O_C,101,Si,1699.4284605925336,1184.1004629596616,0.35439412777302026,0.35439412777302026,1727.4174045097677
deepmd,dft/qsd/qsd_data.extxyz:286,qsd,coverage,CF3_10eV_19_68_O_C,0,C,1696.517805520608,1402.183821318351,0.28399894806143233,0.28399894806143233,3932.75633242396
deepmd,dft/qsd/qsd_data.extxyz:583,qsd,coverage,CF3_30eV_9_9_Si_C,6,F,1692.9745516989926,1518.2522941805548,0.43889183496620243,1.309002378492874,1675.926886297437
deepmd,dft/qsd/qsd_data.extxyz:583,qsd,coverage,CF3_30eV_9_9_Si_C,0,C,1689.968073353055,1515.0956882338915,0.43889183496620243,1.309002378492874,1672.7831739847124
deepmd,dft/qsd/qsd_data.extxyz:889,qsd,coverage,CF_10eV_4_93_O_C,7,C,1650.5534931747925,1185.73227697091,0.35439412777302026,0.35439412777302026,1711.9142720281982
deepmd,dft/qsd/qsd_data.extxyz:234,qsd,coverage,CF3_10eV_19_59_C_C,1,C,1636.785481304094,1536.294091591173,0.30399850805554984,1.351081189344298,2167.0634110387723
deepmd,dft/qsd/qsd_data.extxyz:286,qsd,coverage,CF3_10eV_19_68_O_C,55,O,1626.658457850877,1319.1815953111882,0.28399894806143233,0.28399894806143233,3961.12576211913
deepmd,dft/qsd/qsd_data.extxyz:303,qsd,coverage,CF3_10eV_19_68_Si_F,94,Si,1578.6253416141135,1366.182013619418,0.5040027682463689,0.5040027682463689,1202.4826591195272
deepmd,dft/qsd/qsd_data.extxyz:1056,qsd,coverage,CF_20eV_2_52_Si_F,90,Si,1577.9033418364686,1361.6708283355665,0.5040027682463658,0.5040027682463658,1241.0350955258255
deepmd,dft/qsd/qsd_data.extxyz:233,qsd,coverage,CF3_10eV_19_59_C_C,0,C,1575.3609929003715,1355.6618871802787,0.45600209221011195,1.351081189344298,841.6151220278094
deepmd,dft/qsd/qsd_data.extxyz:303,qsd,coverage,CF3_10eV_19_68_Si_F,8,F,1564.8032111467955,1351.5477871488715,0.5040027682463689,0.5040027682463689,1171.8643398426807
deepmd,dft/qsd/qsd_data.extxyz:304,qsd,coverage,CF3_10eV_19_68_Si_F,8,F,1543.7345049098053,1418.52155819588,0.3359960720008509,0.3359960720008509,3194.5709146901377
deepmd,dft/qsd/qsd_data.extxyz:233,qsd,coverage,CF3_10eV_19_59_C_C,1,C,1531.286047969849,1318.786790206215,0.45600209221011195,1.351081189344298,786.2998723056916
deepmd,dft/qsd/qsd_data.extxyz:663,qsd,coverage,CF_10eV_4_37_Si_F,86,Si,1524.9329351408528,1321.2436414723834,0.5040027682463658,0.5040027682463658,1200.952397566229
deepmd,dft/qsd/qsd_data.extxyz:663,qsd,coverage,CF_10eV_4_37_Si_F,22,F,1517.6653746343484,1313.1007249294555,0.5040027682463658,0.5040027682463658,1188.0502588772238
deepmd,dft/qsd/qsd_data.extxyz:1056,qsd,coverage,CF_20eV_2_52_Si_F,35,F,1508.1470822489384,1306.005541890909,0.5040027682463658,0.5040027682463658,1134.9367757912737
deepmd,dft/qsd/qsd_data.extxyz:505,qsd,coverage,CF3_20eV_4_98_Si_F,77,Si,1466.1372846961756,1272.2656419980983,0.5040027682463689,0.5040027682463689,1200.9309391482004
deepmd,dft/qsd/qsd_data.extxyz:555,qsd,coverage,CF3_30eV_9_36_Si_F,86,Si,1462.216306957435,1264.7868360436648,0.5040027682463689,0.5040027682463689,1236.0517615741874
deepmd,dft/qsd/qsd_data.extxyz:582,qsd,coverage,CF3_30eV_9_9_Si_C,0,C,1462.1931363324607,1313.9456567577586,0.4950738942824572,1.5826712245757153,1183.9219045612458
deepmd,dft/qsd/qsd_data.extxyz:582,qsd,coverage,CF3_30eV_9_9_Si_C,6,F,1458.2078195661704,1308.9044642438685,0.4950738942824572,1.5826712245757153,1181.6118251426674
deepmd,dft/qsd/qsd_data.extxyz:505,qsd,coverage,CF3_20eV_4_98_Si_F,11,F,1450.0412906834215,1258.3843142205455,0.5040027682463689,0.5040027682463689,1168.7988506096194
deepmd,dft/qsd/qsd_data.extxyz:1298,qsd,coverage,CF_30eV_18_13_Si_F,79,Si,1446.6932242622706,1254.667167561916,0.5040027682463658,0.5040027682463658,1207.2079657925824
deepmd,dft/qsd/qsd_data.extxyz:1298,qsd,coverage,CF_30eV_18_13_Si_F,11,F,1413.265218207013,1225.1400114054245,0.5040027682463658,0.5040027682463658,1187.1047086718263
deepmd,dft/qsd/qsd_data.extxyz:304,qsd,coverage,CF3_10eV_19_68_Si_F,94,Si,1405.9513428737278,1307.2174007623967,0.3359960720008509,0.3359960720008509,3232.3955095431384
deepmd,dft/qsd/qsd_data.extxyz:555,qsd,coverage,CF3_30eV_9_36_Si_F,24,F,1360.1490003366791,1167.5103216847826,0.5040027682463689,0.5040027682463689,1129.6824817037884
deepmd,dft/qsd/qsd_data.extxyz:335,qsd,coverage,CF3_20eV_4_36_C_C,2,C,1220.7330736957726,1058.2643778440374,0.4560020922101124,1.177375005934813,839.409590148321
deepmd,dft/qsd/qsd_data.extxyz:335,qsd,coverage,CF3_20eV_4_36_C_C,3,C,1197.4755544516602,1037.9172536795725,0.4560020922101124,1.177375005934813,824.3492998456037
deepmd,dft/qsd/qsd_data.extxyz:492,qsd,coverage,CF3_20eV_4_98_O_F,77,Si,1164.082319632593,753.5431499532313,0.5493169745238172,0.5493169745238172,979.2339012491237
deepmd,dft/qsd/qsd_data.extxyz:492,qsd,coverage,CF3_20eV_4_98_O_F,11,F,1151.024700214448,742.4718995299128,0.5493169745238172,0.5493169745238172,946.2226488828996
deepmd,dft/qsd/qsd_data.extxyz:1301,qsd,coverage,CF_30eV_18_3_C_C,2,C,1105.8332303935374,953.8465346686919,0.45600209221011195,1.1431451005449835,858.4088053790289
deepmd,dft/qsd/qsd_data.extxyz:1301,qsd,coverage,CF_30eV_18_3_C_C,1,C,1084.0528827946562,935.2624222950952,0.45600209221011195,1.1431451005449835,846.2945668810478
deepmd,dft/qsd/qsd_data.extxyz:1189,qsd,coverage,CF_20eV_2_79_C_C,28,C,1060.0319329305978,905.6406051559782,0.45600209221011195,1.306619940839722,856.2017088337293
deepmd,dft/qsd/qsd_data.extxyz:1189,qsd,coverage,CF_20eV_2_79_C_C,8,C,1057.5250778694285,891.6589424571772,0.45600209221011195,1.306619940839722,856.6196803221644
deepmd,dft/qsd/qsd_data.extxyz:512,qsd,coverage,CF3_30eV_9_36_C_C,0,C,1053.3662625558331,916.8734117330756,0.4560020922101128,1.2595609813740645,894.6784974794854
deepmd,dft/qsd/qsd_data.extxyz:1240,qsd,coverage,CF_30eV_18_12_F_F,6,F,1051.9240401689435,914.0415331140837,0.5699961200745152,1.1728677049437417,1065.2668364308502
deepmd,dft/qsd/qsd_data.extxyz:733,qsd,coverage,CF_10eV_4_54_C_C,5,C,1023.1135887047961,882.9111140149532,0.4560020922101122,1.5765943405644969,857.6147953970806
deepmd,dft/qsd/qsd_data.extxyz:1240,qsd,coverage,CF_30eV_18_12_F_F,10,F,1017.5335348761456,878.1438211279844,0.5699961200745152,1.1728677049437417,1027.9532819717772
deepmd,dft/qsd/qsd_data.extxyz:733,qsd,coverage,CF_10eV_4_54_C_C,3,C,1016.9431028377364,875.0858213281643,0.4560020922101122,1.5765943405644969,860.0410215535346
deepmd,dft/qsd/qsd_data.extxyz:512,qsd,coverage,CF3_30eV_9_36_C_C,1,C,994.599475173732,859.7477941891043,0.4560020922101128,1.2595609813740645,814.175493578601
deepmd,dft/qsd/qsd_data.extxyz:483,qsd,coverage,CF3_20eV_4_98_F_F,11,F,975.1291724781161,844.9838959355127,0.5699961200745137,1.5846581323742983,1044.8785714548362
deepmd,dft/qsd/qsd_data.extxyz:483,qsd,coverage,CF3_20eV_4_98_F_F,9,F,960.7932622411872,824.494045792277,0.5699961200745137,1.5846581323742983,1045.5178197769087
deepmd,dft/qsd/qsd_data.extxyz:1035,qsd,coverage,CF_20eV_2_52_F_F,35,F,953.9887303904139,823.4732576674114,0.5700047803308312,1.240891345968694,1036.408609505801
deepmd,dft/qsd/qsd_data.extxyz:1035,qsd,coverage,CF_20eV_2_52_F_F,33,F,952.2587935060038,819.0841539103485,0.5700047803308312,1.240891345968694,1037.279627660636
deepmd,dft/qsd/qsd_data.extxyz:529,qsd,coverage,CF3_30eV_9_36_F_F,8,F,945.2308904498996,816.989877023738,0.569996120074517,1.2595609813740645,1040.508051946955
deepmd,dft/qsd/qsd_data.extxyz:529,qsd,coverage,CF3_30eV_9_36_F_F,24,F,938.7579502034907,812.4629802381255,0.569996120074517,1.2595609813740645,1037.0142381411183
deepmd,dft/qsd/qsd_data.extxyz:966,qsd,coverage,CF_10eV_4_98_F_F,15,F,936.6778234058442,806.9808778777644,0.5699961200745167,1.2757015281404969,1042.1152573103416
deepmd,dft/qsd/qsd_data.extxyz:966,qsd,coverage,CF_10eV_4_98_F_F,22,F,934.6943047962601,811.1648902472723,0.5699961200745167,1.2757015281404969,1042.6055071250446
deepmd,dft/qsd/qsd_data.extxyz:313,qsd,coverage,CF3_10eV_19_84_F_F,3,F,930.2630341125646,804.2506212273469,0.5699961200745138,1.5883613265563985,1040.3996401431414
deepmd,dft/qsd/qsd_data.extxyz:500,qsd,coverage,CF3_20eV_4_98_Si_C,77,Si,924.243460481646,788.0440990831958,0.37399696803583704,0.37399696803583704,1535.147389291157
deepmd,dft/qsd/qsd_data.extxyz:313,qsd,coverage,CF3_10eV_19_84_F_F,7,F,923.8874785982108,799.2368511951389,0.5699961200745138,1.5883613265563985,1038.3576217873022
deepmd,dft/qsd/qsd_data.extxyz:501,qsd,coverage,CF3_20eV_4_98_Si_C,76,Si,894.923970582298,651.8616926495171,1.6192542435639936,0.18700281414994824,0.9892102663913269
deepmd,dft/qsd/qsd_data.extxyz:500,qsd,coverage,CF3_20eV_4_98_Si_C,0,C,861.5021295893673,750.9980998752828,0.37399696803583704,0.37399696803583704,1523.4250629227197
deepmd,dft/qsd/qsd_data.extxyz:506,qsd,coverage,CF3_20eV_4_98_Si_F,11,F,857.5996064041071,803.8972501188737,0.3359960720008509,0.3359960720008509,3192.1694986354846
deepmd,dft/qsd/qsd_data.extxyz:336,qsd,coverage,CF3_20eV_4_36_C_C,3,C,851.8415590985215,780.8831760669709,0.30399850805554834,1.1620822119798588,2179.4864491551143
deepmd,dft/qsd/qsd_data.extxyz:1308,qsd,coverage,CF_30eV_18_3_C_F,6,F,819.0839175332536,561.3775559887326,0.2659976120193552,1.1431451005449835,5454.535154531627
deepmd,dft/qsd/qsd_data.extxyz:514,qsd,coverage,CF3_30eV_9_36_C_C,22,F,793.7575294439415,498.8007428890991,0.8273596473118567,1.2530260676059377,207.40945720618862
deepmd,dft/qsd/qsd_data.extxyz:287,qsd,coverage,CF3_10eV_19_68_O_C,97,Si,781.381406849319,588.3080666151266,1.616659931278066,0.14200380417439368,35.372703393956094
deepmd,dft/qsd/qsd_data.extxyz:506,qsd,coverage,CF3_20eV_4_98_Si_F,77,Si,764.3934783031839,727.8017627403333,0.3359960720008509,0.3359960720008509,3233.446762116105
deepmd,dft/qsd/qsd_data.extxyz:1303,qsd,coverage,CF_30eV_18_3_C_C,6,F,725.0809136678599,643.3328321539879,1.2969237527703779,1.1431451005449835,26.584688672970707
deepmd,dft/qsd/qsd_data.extxyz:552,qsd,coverage,CF3_30eV_9_36_Si_F,8,F,721.0079744054276,559.0042102561383,0.6000394122888936,1.2595609813740645,860.3803598397693
deepmd,dft/qsd/qsd_data.extxyz:552,qsd,coverage,CF3_30eV_9_36_Si_F,24,F,716.5071764605173,552.65945323877,0.6000394122888936,1.2595609813740645,853.988431348398
deepmd,dft/qsd/qsd_data.extxyz:235,qsd,coverage,CF3_10eV_19_59_C_C,49,O,694.2808599928833,599.8221892147789,1.6284934344049407,1.351081189344298,0.14272301659508183
deepmd,dft/qsd/qsd_data.extxyz:336,qsd,coverage,CF3_20eV_4_36_C_C,2,C,670.2829411622029,590.2816650576631,0.30399850805554834,1.1620822119798588,2210.3044218497585
deepmd,dft/qsd/qsd_data.extxyz:1329,qsd,coverage,CF_30eV_18_3_O_F,56,O,655.0779212455712,567.4991973226164,0.6150037903135221,0.6150037903135221,701.6440825015285
deepmd,dft/qsd/qsd_data.extxyz:1329,qsd,coverage,CF_30eV_18_3_O_F,6,F,653.7995564117825,564.1797995435875,0.6150037903135221,0.6150037903135221,700.9679971883617
deepmd,dft/qsd/qsd_data.extxyz:1294,qsd,coverage,CF_30eV_18_13_Si_C,79,Si,644.3320784749757,557.1201975369302,0.5609997821746454,0.5609997821746454,568.6297186330504
deepmd,dft/qsd/qsd_data.extxyz:15,qsd,coverage,CF3_10eV_19_10_O_F,3,F,643.127574728223,555.7743764425445,0.6149951300620208,0.6149951300620208,694.4679031467529
deepmd,dft/qsd/qsd_data.extxyz:1294,qsd,coverage,CF_30eV_18_13_Si_C,4,C,638.6603787962225,552.273849130941,0.5609997821746454,0.5609997821746454,567.3725875336138
deepmd,dft/qsd/qsd_data.extxyz:578,qsd,coverage,CF3_30eV_9_9_O_F,11,F,633.2441741932803,550.2615807218588,0.6150037903135221,0.6150037903135221,696.0774924359102
deepmd,dft/qsd/qsd_data.extxyz:15,qsd,coverage,CF3_10eV_19_10_O_F,45,O,630.4461826033609,540.4279462858995,0.6149951300620208,0.6149951300620208,692.771731180982
deepmd,dft/qsd/qsd_data.extxyz:578,qsd,coverage,CF3_30eV_9_9_O_F,12,O,630.1453342846013,543.2628205523284,0.6150037903135221,0.6150037903135221,702.8546712677955
deepmd,dft/qsd/qsd_data.extxyz:493,qsd,coverage,CF3_20eV_4_98_O_F,55,O,630.0229451294978,542.0815903048356,0.6150037903135221,0.6150037903135221,714.6945425904689
deepmd,dft/qsd/qsd_data.extxyz:1009,qsd,coverage,CF_20eV_2_32_O_F,26,F,618.9333076148107,533.5378860529125,0.6150037903135221,0.6150037903135221,695.4203129070529
deepmd,dft/qsd/qsd_data.extxyz:1053,qsd,coverage,CF_20eV_2_52_Si_F,23,F,618.2376454135323,526.6247714317186,0.6209209216961524,1.240891345968694,747.4742031608879
deepmd,dft/qsd/qsd_data.extxyz:1053,qsd,coverage,CF_20eV_2_52_Si_F,35,F,614.5373541528725,521.8329462449632,0.6209209216961524,1.240891345968694,741.2979395762751
deepmd,dft/qsd/qsd_data.extxyz:507,qsd,coverage,CF3_20eV_4_98_Si_F,10,F,610.729780855867,536.8570323259011,1.2940494818205373,0.16799803600042348,20.44834325901847
deepmd,dft/qsd/qsd_data.extxyz:792,qsd,coverage,CF_10eV_4_5_O_F,7,F,610.5311466384134,524.2031092372521,0.6149951300620208,0.6149951300620208,701.9340904585197
deepmd,dft/qsd/qsd_data.extxyz:1009,qsd,coverage,CF_20eV_2_32_O_F,67,O,607.2186008175261,529.0348348547118,0.6150037903135221,0.6150037903135221,690.2837428564111
deepmd,dft/qsd/qsd_data.extxyz:553,qsd,coverage,CF3_30eV_9_36_Si_F,8,F,602.2520451199806,436.91171161368305,0.6428305821909834,1.1760035724860711,646.4032306697471
deepmd,dft/qsd/qsd_data.extxyz:792,qsd,coverage,CF_10eV_4_5_O_F,66,O,598.6100066439928,519.5175047642241,0.6149951300620208,0.6149951300620208,687.8219118330854
deepmd,dft/qsd/qsd_data.extxyz:553,qsd,coverage,CF3_30eV_9_36_Si_F,24,F,582.5897404959674,428.7247527671384,0.6428305821909834,1.1760035724860711,618.0876108168479
deepmd,dft/qsd/qsd_data.extxyz:1308,qsd,coverage,CF_30eV_18_3_C_F,1,C,580.9212209246774,377.53771466575955,0.2659976120193552,1.1431451005449835,5446.691362156314
deepmd,dft/qsd/qsd_data.extxyz:760,qsd,coverage,CF_10eV_4_54_Si_C,83,Si,573.9849142733905,496.45744390775883,0.5609997821746454,0.5609997821746454,568.4240202636066
deepmd,dft/qsd/qsd_data.extxyz:337,qsd,coverage,CF3_20eV_4_36_C_C,1,C,571.8447311463669,415.9825450537491,1.342733009462418,1.1665717316564812,20.48100890795092
deepmd,dft/qsd/qsd_data.extxyz:264,qsd,coverage,CF3_10eV_19_59_Si_C,97,Si,569.5244818595875,497.72778306000765,0.5609997821746454,0.5609997821746454,566.2888445433182
deepmd,dft/qsd/qsd_data.extxyz:493,qsd,coverage,CF3_20eV_4_98_O_F,11,F,566.1186096757218,489.4460861071601,0.6150037903135221,0.6150037903135221,630.5278946625072
deepmd,dft/qsd/qsd_data.extxyz:1190,qsd,coverage,CF_20eV_2_79_C_C,28,C,561.7348181136076,456.94159535028075,0.30399850805555184,1.306619940839722,2218.5670873418476
deepmd,dft/qsd/qsd_data.extxyz:494,qsd,coverage,CF3_20eV_4_98_O_F,0,C,556.7465641635839,348.7463388311799,0.5561733411446477,0.3689970780372108,556.3689257571481
deepmd,dft/qsd/qsd_data.extxyz:556,qsd,coverage,CF3_30eV_9_36_Si_F,1,C,553.6408587386479,426.6850559410361,0.5860915705757931,0.33599607200085,668.4830874038036
deepmd,dft/qsd/qsd_data.extxyz:1216,qsd,coverage,CF_20eV_2_79_Si_C,91,Si,548.0095232586604,468.89165573876886,0.5609997821746454,0.5609997821746454,563.7659780222391
deepmd,dft/qsd/qsd_data.extxyz:1216,qsd,coverage,CF_20eV_2_79_Si_C,28,C,547.8994510666896,470.10451225637104,0.5609997821746454,0.5609997821746454,559.0641519784771
deepmd,dft/qsd/qsd_data.extxyz:760,qsd,coverage,CF_10eV_4_54_Si_C,5,C,539.8548967491046,473.456589206231,0.5609997821746454,0.5609997821746454,531.1707345454179
deepmd,dft/qsd/qsd_data.extxyz:1082,qsd,coverage,CF_20eV_2_54_O_C,36,F,538.2259132396126,398.455678065742,0.6647358024057372,0.4259940919778134,561.1576139323253
deepmd,dft/qsd/qsd_data.extxyz:1054,qsd,coverage,CF_20eV_2_52_Si_F,23,F,516.1648414608086,417.68891448885967,0.6567079818305845,1.1759949122338913,590.4023205237845
deepmd,dft/qsd/qsd_data.extxyz:264,qsd,coverage,CF3_10eV_19_59_Si_C,1,C,504.52341309323026,440.4821105962704,0.5609997821746454,0.5609997821746454,513.1895238401719
deepmd,dft/qsd/qsd_data.extxyz:1054,qsd,coverage,CF_20eV_2_52_Si_F,35,F,496.20175292467,408.20803485080575,0.6567079818305845,1.1759949122338913,561.1006315376816
deepmd,dft/qsd/qsd_data.extxyz:1079,qsd,coverage,CF_20eV_2_54_O_C,91,Si,482.5199519160958,377.9024156324134,0.6129488966463679,0.6129488966463679,439.25978427700807
deepmd,dft/qsd/qsd_data.extxyz:1325,qsd,coverage,CF_30eV_18_3_O_C,6,F,471.96781150664884,406.4077163254824,1.2969237527703763,0.14200380417439765,33.02591275638098
deepmd,dft/qsd/qsd_data.extxyz:1079,qsd,coverage,CF_20eV_2_54_O_C,18,C,469.8763114239752,376.6240524936762,0.6129488966463679,0.6129488966463679,431.11675899518866
deepmd,dft/qsd/qsd_data.extxyz:585,qsd,coverage,CF3_30eV_9_9_Si_C,74,Si,468.4033625063244,402.7632563733756,0.5609997821746454,0.5609997821746454,555.0400742050467
deepmd,dft/qsd/qsd_data.extxyz:520,qsd,coverage,CF3_30eV_9_36_C_F,41,O,426.63962729415044,319.28536480261374,1.2583719668285684,1.2583719668285684,67.00963405128986
deepmd,dft/qsd/qsd_data.extxyz:1190,qsd,coverage,CF_20eV_2_79_C_C,8,C,423.31259809945846,399.71767816421516,0.30399850805555184,1.306619940839722,2232.2540314791354
deepmd,dft/qsd/qsd_data.extxyz:495,qsd,coverage,CF3_20eV_4_98_O_F,77,Si,422.7982310561325,339.74171656440217,0.5498191872788732,0.24599805202480998,597.1881075401944
deepmd,dft/qsd/qsd_data.extxyz:437,qsd,coverage,CF3_20eV_4_50_C_F,2,C,414.1591508339461,368.3292852684877,0.6650026902953106,0.7854789447209897,434.2430965749385
deepmd,dft/qsd/qsd_data.extxyz:239,qsd,coverage,CF3_10eV_19_59_C_F,0,C,409.14432300111775,351.0889330544678,0.6650026902953101,1.351081189344298,415.72589514073167
deepmd,dft/qsd/qsd_data.extxyz:499,qsd,coverage,CF3_20eV_4_98_Si_C,77,Si,404.20138724472974,348.77436628705635,0.5609997821746454,0.5609997821746454,569.2063466136422
deepmd,dft/qsd/qsd_data.extxyz:555,qsd,coverage,CF3_30eV_9_36_Si_F,1,C,399.350912317399,277.7122879619451,0.6502719977055755,0.5040027682463689,440.33268597212555
deepmd,dft/qsd/qsd_data.extxyz:499,qsd,coverage,CF3_20eV_4_98_Si_C,0,C,391.08452318481517,330.896055310792,0.5609997821746454,0.5609997821746454,563.7009934538258
deepmd,dft/qsd/qsd_data.extxyz:518,qsd,coverage,CF3_30eV_9_36_C_F,0,C,387.05405577879156,341.6380406683813,0.6650026902953102,1.2595609813740645,423.73952037180067
deepmd,dft/qsd/qsd_data.extxyz:635,qsd,coverage,CF_10eV_4_37_C_F,6,C,383.46822528991555,336.55258120221407,0.6650026902953086,1.371796809662423,420.5750718713087
deepmd,dft/qsd/qsd_data.extxyz:493,qsd,coverage,CF3_20eV_4_98_O_F,0,C,379.3227559737165,307.32049203236085,0.6435350280287782,0.6150037903135221,384.1720118440588
deepmd,dft/qsd/qsd_data.extxyz:586,qsd,coverage,CF3_30eV_9_9_Si_C,0,C,377.14346335233085,334.9179960529003,0.37399696803583704,0.37399696803583704,1456.079734331104
deepmd,dft/qsd/qsd_data.extxyz:239,qsd,coverage,CF3_10eV_19_59_C_F,10,F,371.0298738462984,322.8165335710725,0.6650026902953101,1.351081189344298,353.25037831728116
deepmd,dft/qsd/qsd_data.extxyz:1149,qsd,coverage,CF_20eV_2_76_C_F,29,C,366.89453030111315,318.167896064839,0.6650026902953103,1.2835795392962583,415.1708150362324
deepmd,dft/qsd/qsd_data.extxyz:1149,qsd,coverage,CF_20eV_2_76_C_F,44,F,363.5237378757544,322.6435304691623,0.6650026902953103,1.2835795392962583,409.1953366771744
deepmd,dft/qsd/qsd_data.extxyz:437,qsd,coverage,CF3_20eV_4_50_C_F,19,F,354.3616771645782,257.69885628417086,0.6650026902953106,0.7854789447209897,371.8981522953188
deepmd,dft/qsd/qsd_data.extxyz:635,qsd,coverage,CF_10eV_4_37_C_F,22,F,343.5282935078318,282.7746511898189,0.6650026902953086,1.371796809662423,357.408962569883
deepmd,dft/qsd/qsd_data.extxyz:1302,qsd,coverage,CF_30eV_18_3_C_C,1,C,338.49925477057803,278.5928814097547,0.3039985080555494,1.1431451005449835,2223.619641297594
deepmd,dft/qsd/qsd_data.extxyz:1302,qsd,coverage,CF_30eV_18_3_C_C,2,C,324.7728064830424,256.1297907876358,0.3039985080555494,1.1431451005449835,2227.5281917776824
deepmd,dft/qsd/qsd_data.extxyz:518,qsd,coverage,CF3_30eV_9_36_C_F,24,F,324.5242219972888,240.07404053047998,0.6650026902953102,1.2595609813740645,336.5694117296524
deepmd,dft/qsd/qsd_data.extxyz:1056,qsd,coverage,CF_20eV_2_52_Si_F,17,C,310.29661346966543,230.9226303435815,0.6709299078890433,0.5040027682463658,380.3873767108638
deepmd,dft/qsd/qsd_data.extxyz:1306,qsd,coverage,CF_30eV_18_3_C_F,6,F,295.4594173855714,257.1136669410736,0.6650026902953101,1.1431451005449835,391.0058163473293
deepmd,dft/qsd/qsd_data.extxyz:1306,qsd,coverage,CF_30eV_18_3_C_F,1,C,293.3641934834651,257.37817296481717,0.6650026902953101,1.1431451005449835,395.06459691366274
deepmd,dft/qsd/qsd_data.extxyz:676,qsd,coverage,CF_10eV_4_39_F_C,14,F,278.15412114545217,238.33803332168407,0.6649940300483912,1.3097513380409276,397.7021878347667
deepmd,dft/qsd/qsd_data.extxyz:517,qsd,coverage,CF3_30eV_9_36_C_F,22,F,277.92596912003785,175.11266947201133,0.7520752664461184,1.2595609813740645,327.61976346832813
deepmd,dft/qsd/qsd_data.extxyz:1190,qsd,coverage,CF_20eV_2_79_C_C,26,C,275.3752785909922,215.69318073077392,1.4003169084532263,1.306619940839722,9.451164815545964
deepmd,dft/qsd/qsd_data.extxyz:436,qsd,coverage,CF3_20eV_4_50_C_F,68,O,270.2029615127044,186.6641346775191,0.7443924818266237,0.7443924818266237,321.48801219610885
deepmd,dft/qsd/qsd_data.extxyz:676,qsd,coverage,CF_10eV_4_39_F_C,8,C,269.4301731457328,235.04563289303206,0.6649940300483912,1.3097513380409276,391.2932433441467
deepmd,dft/qsd/qsd_data.extxyz:1078,qsd,coverage,CF_20eV_2_54_O_C,91,Si,264.21042752459914,194.2802884212072,0.7219346193388984,0.7219346193388984,285.34158474506097
deepmd,dft/qsd/qsd_data.extxyz:517,qsd,coverage,CF3_30eV_9_36_C_F,24,F,262.5856791964735,166.8540631277933,0.7520752664461184,1.2595609813740645,273.4238609361351
deepmd,dft/qsd/qsd_data.extxyz:1071,qsd,coverage,CF_20eV_2_54_F_C,32,F,262.28666860244505,218.22405795923868,0.665002690295311,1.228183400718312,383.07252682413446
deepmd,dft/qsd/qsd_data.extxyz:436,qsd,coverage,CF3_20eV_4_50_C_F,19,F,261.9495338309468,181.11230751870178,0.7443924818266237,0.7443924818266237,308.54266409283827
deepmd,dft/qsd/qsd_data.extxyz:441,qsd,coverage,CF3_20eV_4_78_F_C,13,F,261.1817297232878,221.00942417591858,0.6650026902953101,1.5805841200328443,392.535153007945
deepmd,dft/qsd/qsd_data.extxyz:1071,qsd,coverage,CF_20eV_2_54_F_C,18,C,257.936778963257,219.21577639602276,0.665002690295311,1.228183400718312,389.593255700036
deepmd,dft/qsd/qsd_data.extxyz:441,qsd,coverage,CF3_20eV_4_78_F_C,0,C,255.23601271286984,223.5336008390281,0.6650026902953101,1.5805841200328443,388.6080439555133
deepmd,dft/qsd/qsd_data.extxyz:1081,qsd,coverage,CF_20eV_2_54_O_C,91,Si,252.9202111641365,192.7337035375309,0.8189007336057286,0.7100017002796531,295.62605075913143
deepmd,dft/qsd/qsd_data.extxyz:1078,qsd,coverage,CF_20eV_2_54_O_C,18,C,251.76045571776928,183.9271357625921,0.7219346193388984,0.7219346193388984,238.9226302114728
deepmd,dft/qsd/qsd_data.extxyz:1080,qsd,coverage,CF_20eV_2_54_O_C,18,C,242.04717912654155,186.91494062634683,0.7701740485760341,0.7701740485760341,241.73075434228488
deepmd,dft/qsd/qsd_data.extxyz:262,qsd,coverage,CF3_10eV_19_59_Si_C,4,F,241.18198950210007,192.4085373099046,0.7002969793594719,1.3090023784928708,340.59778783917955
deepmd,dft/qsd/qsd_data.extxyz:1080,qsd,coverage,CF_20eV_2_54_O_C,91,Si,234.02710485374,164.49964809978866,0.7701740485760341,0.7701740485760341,261.4523822142049
deepmd,dft/qsd/qsd_data.extxyz:262,qsd,coverage,CF3_10eV_19_59_Si_C,1,C,230.26753759681762,185.24899301897597,0.7002969793594719,1.3090023784928708,308.4775407681505
deepmd,dft/qsd/qsd_data.extxyz:584,qsd,coverage,CF3_30eV_9_9_Si_C,6,F,225.10249239530046,196.3679477660026,0.7122775082789018,0.9349967502082542,259.14884698686626
deepmd,dft/qsd/qsd_data.extxyz:1081,qsd,coverage,CF_20eV_2_54_O_C,36,F,223.82223031984086,144.6714401262443,0.8189007336057286,0.7100017002796531,243.91202263358838
deepmd,dft/qsd/qsd_data.extxyz:244,qsd,coverage,CF3_10eV_19_59_F_C,7,F,223.7896656758538,193.62479369579074,0.6650026902953101,1.351081189344298,386.2961775111404
deepmd,dft/qsd/qsd_data.extxyz:1081,qsd,coverage,CF_20eV_2_54_O_C,49,O,222.6897716281352,193.55293217972877,0.7100017002796531,0.7100017002796531,295.2471240670747
deepmd,dft/qsd/qsd_data.extxyz:244,qsd,coverage,CF3_10eV_19_59_F_C,1,C,219.80401123811632,190.08202089899328,0.6650026902953101,1.351081189344298,392.52233221854
deepmd,dft/qsd/qsd_data.extxyz:584,qsd,coverage,CF3_30eV_9_9_Si_C,11,F,217.0457483929505,209.82233324786256,0.7829336610467059,0.9349967502082542,264.88568811636526
deepmd,dft/qsd/qsd_data.extxyz:286,qsd,coverage,CF3_10eV_19_68_O_C,94,Si,215.9614644743254,157.51291550632192,0.9034415298180617,0.28399894806143233,188.81724921618257
deepmd,dft/qsd/qsd_data.extxyz:1331,qsd,coverage,CF_30eV_18_3_O_F,2,C,211.86080482751234,183.68199764758347,1.296932413042405,0.2459980520248069,14.393469293537468
deepmd,dft/qsd/qsd_data.extxyz:284,qsd,coverage,CF3_10eV_19_68_O_C,55,O,211.28813683203168,173.76279245802164,0.7100017002796539,0.7100017002796539,297.1405146403562
deepmd,dft/qsd/qsd_data.extxyz:437,qsd,coverage,CF3_20eV_4_50_C_F,68,O,208.19916898066776,139.02396760399367,0.7854789447209897,0.7854789447209897,253.37747717208845
deepmd,dft/qsd/qsd_data.extxyz:584,qsd,coverage,CF3_30eV_9_9_Si_C,0,C,206.52873318417548,170.28868045139527,0.7122775082789018,0.9349967502082542,171.72046159746245
deepmd,dft/qsd/qsd_data.extxyz:1311,qsd,coverage,CF_30eV_18_3_F_C,3,F,205.7428145269062,178.2502161380262,0.6650026902953101,1.1431451005449835,386.79242236492627
deepmd,dft/qsd/qsd_data.extxyz:516,qsd,coverage,CF3_30eV_9_36_C_F,22,F,205.7171530078447,161.48241254605787,0.7808793950412577,1.2595609813740645,264.1910873674313
deepmd,dft/qsd/qsd_data.extxyz:1322,qsd,coverage,CF_30eV_18_3_O_C,56,O,204.07035060863095,177.4186947743462,0.7100017002796539,0.7100017002796539,297.1258337799793
deepmd,dft/qsd/qsd_data.extxyz:516,qsd,coverage,CF3_30eV_9_36_C_F,24,F,201.2008587853924,159.741579829135,0.7808793950412577,1.2595609813740645,256.242211279836
deepmd,dft/qsd/qsd_data.extxyz:1322,qsd,coverage,CF_30eV_18_3_O_C,2,C,200.5231074500004,173.1739780812106,0.7100017002796539,0.7100017002796539,288.9274962841489
deepmd,dft/qsd/qsd_data.extxyz:1311,qsd,coverage,CF_30eV_18_3_F_C,2,C,198.087802829148,171.40235163130546,0.6650026902953101,1.1431451005449835,388.3428853812689
deepmd,dft/qsd/qsd_data.extxyz:513,qsd,coverage,CF3_30eV_9_36_C_C,22,F,196.9634214920848,171.2948315236969,0.9062379381266269,1.2595609813740645,139.8518245335617
deepmd,dft/qsd/qsd_data.extxyz:523,qsd,coverage,CF3_30eV_9_36_F_C,8,F,192.80477178829014,166.67921869389733,0.6650026902953101,1.2595609813740645,387.47029758317336
deepmd,dft/qsd/qsd_data.extxyz:302,qsd,coverage,CF3_10eV_19_68_Si_F,94,Si,192.5615900828748,167.10666266211823,0.8399988402372951,0.8399988402372951,242.95471779115198
deepmd,dft/qsd/qsd_data.extxyz:554,qsd,coverage,CF3_30eV_9_36_Si_F,86,Si,191.56259133217537,168.03412995643902,0.8399988402372951,0.8399988402372951,251.76033242783976
deepmd,dft/qsd/qsd_data.extxyz:504,qsd,coverage,CF3_20eV_4_98_Si_F,77,Si,189.8346228894741,163.88768549858455,0.8399988402372951,0.8399988402372951,246.6425674733768
deepmd,dft/qsd/qsd_data.extxyz:264,qsd,coverage,CF3_10eV_19_59_Si_C,10,F,189.66947846608193,135.15870121395469,0.8115826726218338,0.5609997821746454,233.9089135440614
deepmd,dft/qsd/qsd_data.extxyz:537,qsd,coverage,CF3_30eV_9_36_O_C,10,F,187.15367249618268,131.38018745906066,1.5878282996911222,0.14200380417439676,1.9782208991133927
deepmd,dft/qsd/qsd_data.extxyz:504,qsd,coverage,CF3_20eV_4_98_Si_F,11,F,186.88265027017906,160.9584537331715,0.8399988402372951,0.8399988402372951,233.63475786090646
deepmd,dft/qsd/qsd_data.extxyz:302,qsd,coverage,CF3_10eV_19_68_Si_F,8,F,185.5825948740349,160.97532092324496,0.8399988402372951,0.8399988402372951,228.66562432429728
deepmd,dft/qsd/qsd_data.extxyz:523,qsd,coverage,CF3_30eV_9_36_F_C,1,C,185.02637895310195,160.67289133634284,0.6650026902953101,1.2595609813740645,389.2415515197665
deepmd,dft/qsd/qsd_data.extxyz:580,qsd,coverage,CF3_30eV_9_9_O_F,95,Si,183.46733473367746,122.80051644899856,1.6145274647710401,0.2459980520248069,25.5016218069552
deepmd,dft/qsd/qsd_data.extxyz:452,qsd,coverage,CF3_20eV_4_78_O_C,53,O,182.11478563492452,158.45544560776878,0.7100017002796539,0.7100017002796539,290.44357889742406
deepmd,dft/qsd/qsd_data.extxyz:1055,qsd,coverage,CF_20eV_2_52_Si_F,90,Si,181.90163063969848,154.66567237437152,0.8399988402372951,0.8399988402372951,252.32386497032385
deepmd,dft/qsd/qsd_data.extxyz:534,qsd,coverage,CF3_30eV_9_36_O_C,57,O,176.67070810399835,150.04070345422267,0.7100017002796539,0.7100017002796539,295.64705305592497
deepmd,dft/qsd/qsd_data.extxyz:452,qsd,coverage,CF3_20eV_4_78_O_C,0,C,174.31174333016858,150.6491221594491,0.7100017002796539,0.7100017002796539,284.01322370790297
deepmd,dft/qsd/qsd_data.extxyz:534,qsd,coverage,CF3_30eV_9_36_O_C,1,C,170.3801360785974,149.65263904727937,0.7100017002796539,0.7100017002796539,283.4217440248573
deepmd,dft/qsd/qsd_data.extxyz:1297,qsd,coverage,CF_30eV_18_13_Si_F,79,Si,168.28875063833084,147.1203744625834,0.8399988402372951,0.8399988402372951,245.59557728677103
deepmd,dft/qsd/qsd_data.extxyz:1239,qsd,coverage,CF_30eV_18_12_F_F,6,F,167.4939580087086,146.1372216851495,0.7980014963018561,1.1728677049437417,238.3513004392854
deepmd,dft/qsd/qsd_data.extxyz:284,qsd,coverage,CF3_10eV_19_68_O_C,0,C,167.19120859092973,141.12631471520035,0.7100017002796539,0.7100017002796539,214.81373379248797
deepmd,dft/qsd/qsd_data.extxyz:1297,qsd,coverage,CF_30eV_18_13_Si_F,11,F,164.99530048362098,143.69178566390673,0.8399988402372951,0.8399988402372951,233.40215973369445
deepmd,dft/qsd/qsd_data.extxyz:455,qsd,coverage,CF3_20eV_4_78_O_C,14,F,163.81299667020707,141.0753675435562,1.2969237527703779,0.14200380417439765,32.92295720981051
deepmd,dft/qsd/qsd_data.extxyz:510,qsd,coverage,CF3_30eV_9_36_C_C,22,F,162.91926422314808,103.68198757458006,0.738212920504646,1.2595609813740645,278.23223015536905
deepmd,dft/qsd/qsd_data.extxyz:1308,qsd,coverage,CF_30eV_18_3_C_F,2,C,162.88081818658983,139.87764865095997,1.296932413042408,1.1431451005449835,25.1800180295467
deepmd,dft/qsd/qsd_data.extxyz:282,qsd,coverage,CF3_10eV_19_68_O_C,94,Si,160.86183082051988,116.33897330153036,0.8793652029162854,0.8793652029162854,208.63066583804056
deepmd,dft/qsd/qsd_data.extxyz:282,qsd,coverage,CF3_10eV_19_68_O_C,0,C,160.67235071854125,112.57615036685306,0.8793652029162854,0.8793652029162854,205.20292386628853
deepmd,dft/qsd/qsd_data.extxyz:662,qsd,coverage,CF_10eV_4_37_Si_F,22,F,158.75440910484278,135.46002093015562,0.8399988402372921,0.8399988402372921,244.100796659016
deepmd,dft/qsd/qsd_data.extxyz:554,qsd,coverage,CF3_30eV_9_36_Si_F,8,F,155.65171243892976,113.65182944997862,0.8549472565603087,0.8399988402372951,165.02729794515218
deepmd,dft/qsd/qsd_data.extxyz:662,qsd,coverage,CF_10eV_4_37_Si_F,86,Si,155.01818067740118,134.26750903812166,0.8399988402372921,0.8399988402372921,237.59042769570095
deepmd,dft/qsd/qsd_data.extxyz:637,qsd,coverage,CF_10eV_4_37_C_F,55,O,153.26667880867078,116.54063382087219,1.371796809662423,1.371796809662423,17.09079222763597
deepmd,dft/qsd/qsd_data.extxyz:510,qsd,coverage,CF3_30eV_9_36_C_C,1,C,145.51707509007875,101.0545553351516,0.738212920504646,1.2595609813740645,229.53629498012313
deepmd,dft/qsd/qsd_data.extxyz:1055,qsd,coverage,CF_20eV_2_52_Si_F,23,F,143.62186243287576,105.697418934453,0.8625454171230645,0.8399988402372951,158.01488340863497
deepmd,dft/qsd/qsd_data.extxyz:1239,qsd,coverage,CF_30eV_18_12_F_F,10,F,141.01446365659265,117.95927529723608,0.7980014963018561,1.1728677049437417,202.82070405962563
deepmd,dft/qsd/qsd_data.extxyz:1034,qsd,coverage,CF_20eV_2_52_F_F,33,F,140.41677260663212,119.95326788037488,0.798001496301855,1.240891345968694,218.40638116313212
deepmd,dft/qsd/qsd_data.extxyz:312,qsd,coverage,CF3_10eV_19_84_F_F,3,F,139.81608733353596,120.47130661950231,0.7980014963018546,1.5883613265563985,217.87439513937042
deepmd,dft/qsd/qsd_data.extxyz:528,qsd,coverage,CF3_30eV_9_36_F_F,8,F,138.01673450523302,118.77054628592586,0.7980014963018576,1.2595609813740645,217.05839393837573
deepmd,dft/qsd/qsd_data.extxyz:965,qsd,coverage,CF_10eV_4_98_F_F,15,F,134.91918553607542,115.54469322795808,0.7979928360580717,1.2757015281404969,221.3436971177031
deepmd,dft/qsd/qsd_data.extxyz:518,qsd,coverage,CF3_30eV_9_36_C_F,22,F,133.5069729002225,95.31058165041276,0.8444329941445928,1.2595609813740645,193.95763581063554
deepmd,dft/qsd/qsd_data.extxyz:482,qsd,coverage,CF3_20eV_4_98_F_F,9,F,132.55677180928473,114.33208454141129,0.7980014963018561,1.5846581323742983,224.01820339502348
deepmd,dft/qsd/qsd_data.extxyz:528,qsd,coverage,CF3_30eV_9_36_F_F,24,F,131.30515156311697,113.24171140300083,0.7980014963018576,1.2595609813740645,212.51638768930718
deepmd,dft/qsd/qsd_data.extxyz:1034,qsd,coverage,CF_20eV_2_52_F_F,35,F,131.14756475751778,112.42247070040591,0.798001496301855,1.240891345968694,212.08988567385555
deepmd,dft/qsd/qsd_data.extxyz:312,qsd,coverage,CF3_10eV_19_84_F_F,7,F,130.86552919191055,113.1539433536756,0.7980014963018546,1.5883613265563985,211.34704326789182
deepmd,dft/qsd/qsd_data.extxyz:965,qsd,coverage,CF_10eV_4_98_F_F,22,F,125.03262554488362,108.21077815478219,0.7979928360580717,1.2757015281404969,214.9887647102567
deepmd,dft/qsd/qsd_data.extxyz:304,qsd,coverage,CF3_10eV_19_68_Si_F,0,C,124.58073300392164,111.1501310118866,1.2969374130234639,0.3359960720008509,31.399364175916272
deepmd,dft/qsd/qsd_data.extxyz:232,qsd,coverage,CF3_10eV_19_59_C_C,0,C,123.19252436570589,106.0217286572178,0.7600006002629206,1.351081189344298,224.5816464639329
deepmd,dft/qsd/qsd_data.extxyz:482,qsd,coverage,CF3_20eV_4_98_F_F,11,F,122.71282075342391,106.94294097398972,0.7980014963018561,1.5846581323742983,217.11574851107306
deepmd,dft/qsd/qsd_data.extxyz:438,qsd,coverage,CF3_20eV_4_50_C_F,68,O,120.23731013225215,99.76702972138759,0.9062880214920636,0.9062880214920636,146.2592814228938
deepmd,dft/qsd/qsd_data.extxyz:511,qsd,coverage,CF3_30eV_9_36_C_C,0,C,115.26567474288996,105.09768573168915,0.7600006002629206,1.2595609813740645,214.1220543795623
deepmd,dft/qsd/qsd_data.extxyz:511,qsd,coverage,CF3_30eV_9_36_C_C,22,F,110.5664198758975,83.34473736709906,0.8025978388333725,1.2595609813740645,194.44264324370647
deepmd,dft/qsd/qsd_data.extxyz:336,qsd,coverage,CF3_20eV_4_36_C_C,102,Si,110.3127547767434,79.1929651624614,1.1620822119798588,1.1620822119798588,56.679961381680066
deepmd,dft/qsd/qsd_data.extxyz:485,qsd,coverage,CF3_20eV_4_98_F_F,0,C,106.54264362250386,91.30622633367486,1.2969374130234639,1.5846581323742983,8.516182275133911
deepmd,dft/qsd/qsd_data.extxyz:506,qsd,coverage,CF3_20eV_4_98_Si_F,10,F,105.53559416752478,97.7515921579485,1.3579939367316796,0.3359960720008509,28.063010196122637
deepmd,dft/qsd/qsd_data.extxyz:238,qsd,coverage,CF3_10eV_19_59_C_F,7,F,105.01004334902775,103.3207845540897,0.8609791469600192,1.351081189344298,175.41953952712254
deepmd,dft/qsd/qsd_data.extxyz:232,qsd,coverage,CF3_10eV_19_59_C_C,1,C,104.92644471495173,89.11727975391827,0.7600006002629206,1.351081189344298,192.86983382543212
deepmd,dft/qsd/qsd_data.extxyz:554,qsd,coverage,CF3_30eV_9_36_Si_F,24,F,99.25382424980242,71.34598192498592,0.8399988402372951,0.8399988402372951,125.87164663268528
deepmd,dft/qsd/qsd_data.extxyz:241,qsd,coverage,CF3_10eV_19_59_C_F,7,F,98.25236985093288,78.49886133189773,0.9957554116348057,1.351081189344298,95.50867912230713
deepmd,dft/qsd/qsd_data.extxyz:634,qsd,coverage,CF_10eV_4_37_C_F,21,F,98.24637371817136,67.57893182433682,0.8608230354724489,1.371796809662423,172.7005181627616
deepmd,dft/qsd/qsd_data.extxyz:238,qsd,coverage,CF3_10eV_19_59_C_F,10,F,95.33003922226123,94.59580236779603,0.8609791469600192,1.351081189344298,132.51183707528594
deepmd,dft/qsd/qsd_data.extxyz:519,qsd,coverage,CF3_30eV_9_36_C_F,22,F,94.69953296149822,77.70942426377309,0.9644619284347093,1.2595609813740645,156.94820603693032
deepmd,dft/qsd/qsd_data.extxyz:1055,qsd,coverage,CF_20eV_2_52_Si_F,35,F,93.40433695103894,71.5145583503685,0.8399988402372951,0.8399988402372951,130.1769414809841
deepmd,dft/qsd/qsd_data.extxyz:531,qsd,coverage,CF3_30eV_9_36_F_F,1,C,91.39926303118855,78.99645054287284,1.296932413042408,1.2595609813740645,9.756322109443547
deepmd,dft/qsd/qsd_data.extxyz:1080,qsd,coverage,CF_20eV_2_54_O_C,23,F,91.02159476415527,88.99807487724556,0.8625882205316743,0.7701740485760341,162.46613027233286
deepmd,dft/qsd/qsd_data.extxyz:525,qsd,coverage,CF3_30eV_9_36_F_C,86,Si,90.53993779460406,82.95331599526239,1.583804590756069,1.2595609813740645,31.193074041228282
deepmd,dft/qsd/qsd_data.extxyz:511,qsd,coverage,CF3_30eV_9_36_C_C,1,C,89.10130008942409,73.10181163811677,0.7600006002629206,1.2595609813740645,173.0270525476695
deepmd,dft/qsd/qsd_data.extxyz:634,qsd,coverage,CF_10eV_4_37_C_F,22,F,88.13506763366924,60.40964216619949,0.8608230354724489,1.371796809662423,141.83025891997008
deepmd,dft/qsd/qsd_data.extxyz:263,qsd,coverage,CF3_10eV_19_59_Si_C,97,Si,87.79944959847944,77.00560694579968,0.9349967502082542,0.9349967502082542,175.62699968410584
deepmd,dft/qsd/qsd_data.extxyz:636,qsd,coverage,CF_10eV_4_37_C_F,21,F,85.3571138748351,72.60721120343244,1.0649850818203976,1.371796809662423,122.13575066503277
deepmd,dft/qsd/qsd_data.extxyz:1079,qsd,coverage,CF_20eV_2_54_O_C,23,F,84.35433326747436,79.69039312225186,0.8676839228082998,0.6129488966463679,166.2574589114751
deepmd,dft/qsd/qsd_data.extxyz:283,qsd,coverage,CF3_10eV_19_68_O_C,94,Si,82.75168938072822,61.337799725951484,0.9537845550227787,0.9537845550227787,170.8366988484523
deepmd,dft/qsd/qsd_data.extxyz:240,qsd,coverage,CF3_10eV_19_59_C_F,7,F,82.6586769015672,64.62914038256687,1.0704813602300602,1.351081189344298,120.5030658168264
deepmd,dft/qsd/qsd_data.extxyz:263,qsd,coverage,CF3_10eV_19_59_Si_C,4,F,81.19758896312028,56.43771327573633,0.8491000714285685,0.9349967502082542,140.5600923081754
deepmd,dft/qsd/qsd_data.extxyz:1215,qsd,coverage,CF_20eV_2_79_Si_C,28,C,78.92879793453623,67.43142780787886,0.9350054104656311,0.9350054104656311,180.0419755944665
deepmd,dft/qsd/qsd_data.extxyz:283,qsd,coverage,CF3_10eV_19_68_O_C,0,C,78.41260057665511,60.26552222575283,0.9537845550227787,0.9537845550227787,146.75822413336377
deepmd,dft/qsd/qsd_data.extxyz:239,qsd,coverage,CF3_10eV_19_59_C_F,7,F,77.84128140017081,71.29215131363075,0.9353062464775922,1.351081189344298,137.67283795204406
deepmd,dft/qsd/qsd_data.extxyz:1242,qsd,coverage,CF_30eV_18_12_F_F,4,C,76.25279417717458,68.33710484231084,1.2737035248047321,1.1728677049437417,45.021923443054895
deepmd,dft/qsd/qsd_data.extxyz:334,qsd,coverage,CF3_20eV_4_36_C_C,2,C,75.801884672803,66.33377132454123,0.7600006002629206,1.2137258592037987,200.56144826824973
deepmd,dft/qsd/qsd_data.extxyz:498,qsd,coverage,CF3_20eV_4_98_Si_C,0,C,74.55931660882771,62.87001433122322,0.9349967502082542,0.9349967502082542,178.984328427255
deepmd,dft/qsd/qsd_data.extxyz:1151,qsd,coverage,CF_20eV_2_76_C_F,7,C,74.35716666390127,64.03291371346546,1.1525610906585384,1.2835795392962583,55.90469459157452
deepmd,dft/qsd/qsd_data.extxyz:1215,qsd,coverage,CF_20eV_2_79_Si_C,91,Si,73.20701542832583,62.61805289272462,0.9350054104656311,0.9350054104656311,175.86963461697837
deepmd,dft/qsd/qsd_data.extxyz:635,qsd,coverage,CF_10eV_4_37_C_F,21,F,72.76581655257337,51.22249261006961,0.9310431839608722,1.371796809662423,135.53861516706544
deepmd,dft/qsd/qsd_data.extxyz:334,qsd,coverage,CF3_20eV_4_36_C_C,3,C,72.2850870310871,62.07118837881532,0.7600006002629206,1.2137258592037987,181.42374963829755
deepmd,dft/qsd/qsd_data.extxyz:234,qsd,coverage,CF3_10eV_19_59_C_C,10,F,69.95047597308059,52.90541781466198,1.0158913242566865,1.351081189344298,76.49327883482826
deepmd,dft/qsd/qsd_data.extxyz:759,qsd,coverage,CF_10eV_4_54_Si_C,83,Si,69.45466829171795,58.463550499690285,0.9349967502082552,0.9349967502082552,174.3109307118413
deepmd,dft/qsd/qsd_data.extxyz:759,qsd,coverage,CF_10eV_4_54_Si_C,5,C,68.71489442733075,61.80133617609488,0.9349967502082552,0.9349967502082552,164.66397490208809
deepmd,dft/qsd/qsd_data.extxyz:498,qsd,coverage,CF3_20eV_4_98_Si_C,77,Si,67.48519034798642,57.943025256446106,0.9349967502082542,0.9349967502082542,179.7859671663171
deepmd,dft/qsd/qsd_data.extxyz:890,qsd,coverage,CF_10eV_4_93_O_C,74,O,64.57114392499473,53.32063304328129,1.42000340055931,0.31560720048820157,1.8632068454082065
deepmd,dft/qsd/qsd_data.extxyz:454,qsd,coverage,CF3_20eV_4_78_O_C,14,F,63.767442616121706,53.80068271707583,1.296937413023467,0.28399894806143317,19.045979399676302
deepmd,dft/qsd/qsd_data.extxyz:285,qsd,coverage,CF3_10eV_19_68_O_C,8,F,59.85417753466456,53.60498729716528,0.947145868860759,0.4260027522211551,154.5507457430014
deepmd,dft/qsd/qsd_data.extxyz:512,qsd,coverage,CF3_30eV_9_36_C_C,22,F,55.8146313090848,49.75296088531429,0.9634305639743845,1.2595609813740645,98.6577831034602
deepmd,dft/qsd/qsd_data.extxyz:263,qsd,coverage,CF3_10eV_19_59_Si_C,1,C,55.66761619931897,41.27722106033802,0.8491000714285685,0.9349967502082542,106.87729942485788
deepmd,dft/qsd/qsd_data.extxyz:583,qsd,coverage,CF3_30eV_9_9_Si_C,11,F,52.04941181127581,47.52882707615002,1.1262217596015458,1.309002378492874,85.80533778923697
deepmd,dft/qsd/qsd_data.extxyz:281,qsd,coverage,CF3_10eV_19_68_O_C,94,Si,51.57935867431776,39.34038407568896,0.9999017656250059,0.9999017656250059,154.33929360601184
deepmd,dft/qsd/qsd_data.extxyz:281,qsd,coverage,CF3_10eV_19_68_O_C,0,C,51.52995295355286,39.34909798447838,0.9999017656250059,0.9999017656250059,147.55158588199234
deepmd,dft/qsd/qsd_data.extxyz:732,qsd,coverage,CF_10eV_4_54_C_C,5,C,50.6090360614951,44.571367507567885,0.7600006002629206,1.5765943405644969,204.41309401272915
deepmd,dft/qsd/qsd_data.extxyz:793,qsd,coverage,CF_10eV_4_5_O_F,2,C,49.466614764141184,43.58410470628506,1.296932413042405,0.3689970780372108,9.389100210621091
deepmd,dft/qsd/qsd_data.extxyz:553,qsd,coverage,CF3_30eV_9_36_Si_F,86,Si,48.54792613817615,42.43384634568191,1.1760035724860711,1.1760035724860711,63.10793854007175
deepmd,dft/qsd/qsd_data.extxyz:536,qsd,coverage,CF3_30eV_9_36_O_C,73,Si,46.44511243721364,39.871590796305895,1.5878282996911222,0.28399894806143233,26.28606836283376
deepmd,dft/qsd/qsd_data.extxyz:732,qsd,coverage,CF_10eV_4_54_C_C,3,C,45.457281650969136,39.95752781563044,0.7600006002629206,1.5765943405644969,200.58056789921173
deepmd,dft/qsd/qsd_data.extxyz:1054,qsd,coverage,CF_20eV_2_52_Si_F,90,Si,44.692667930508975,38.03920628796503,1.1759949122338913,1.1759949122338913,63.46076953051755
deepmd,dft/qsd/qsd_data.extxyz:1188,qsd,coverage,CF_20eV_2_79_C_C,28,C,43.8935504025666,40.18472482349776,0.7600006002629226,1.306619940839722,197.8609161771275
deepmd,dft/qsd/qsd_data.extxyz:1293,qsd,coverage,CF_30eV_18_13_Si_C,4,C,43.60247742647117,37.83108321949592,0.9350054104656303,0.9350054104656303,161.81741464342795
deepmd,dft/qsd/qsd_data.extxyz:237,qsd,coverage,CF3_10eV_19_59_C_F,7,F,43.33702499702847,42.070263586783426,0.8979678739799112,1.351081189344298,133.71503293362093
deepmd,dft/qsd/qsd_data.extxyz:1188,qsd,coverage,CF_20eV_2_79_C_C,8,C,41.730244942221496,36.21039379730797,0.7600006002629226,1.306619940839722,192.66843632890783
deepmd,dft/qsd/qsd_data.extxyz:1293,qsd,coverage,CF_30eV_18_13_Si_C,79,Si,40.936581350708316,35.46638787912096,0.9350054104656303,0.9350054104656303,161.99257538459358
deepmd,dft/qsd/qsd_data.extxyz:237,qsd,coverage,CF3_10eV_19_59_C_F,10,F,39.86370886936836,37.31907676849997,0.8979678739799112,1.351081189344298,119.57438644262719
deepmd,dft/qsd/qsd_data.extxyz:436,qsd,coverage,CF3_20eV_4_50_C_F,2,C,39.810031166999956,36.65770683717588,0.9310003023092951,0.7443924818266237,90.37682295817254
deepmd,dft/qsd/qsd_data.extxyz:1300,qsd,coverage,CF_30eV_18_3_C_C,2,C,39.80711895961173,34.61651668932353,0.7600006002629202,1.1431451005449835,190.28902904488626
deepmd,dft/qsd/qsd_data.extxyz:1330,qsd,coverage,CF_30eV_18_3_O_F,2,C,39.52740711150847,34.10561676343914,1.296932413042405,0.3689970780372108,9.152010688719773
deepmd,dft/qsd/qsd_data.extxyz:1150,qsd,coverage,CF_20eV_2_76_C_F,7,C,39.0112639647056,34.03453888380205,1.1368361103079017,1.2835795392962583,49.297505565597966
deepmd,dft/qsd/qsd_data.extxyz:233,qsd,coverage,CF3_10eV_19_59_C_C,7,F,38.667468542393166,27.894549681105374,1.0387378662107205,1.351081189344298,85.55949566997526
deepmd,dft/qsd/qsd_data.extxyz:314,qsd,coverage,CF3_10eV_19_84_F_F,93,Si,36.79722063894542,28.889480371112924,1.5883613265563985,1.5883613265563985,17.820717574525332
deepmd,dft/qsd/qsd_data.extxyz:1300,qsd,coverage,CF_30eV_18_3_C_C,1,C,36.081076627028864,31.970637613952192,0.7600006002629202,1.1431451005449835,176.91205205884864
deepmd,dft/qsd/qsd_data.extxyz:1323,qsd,coverage,CF_30eV_18_3_O_C,6,F,35.437426594430896,29.472191440895536,1.2969237527703763,0.4260027522211551,13.494227632325535
deepmd,dft/qsd/qsd_data.extxyz:492,qsd,coverage,CF3_20eV_4_98_O_F,9,F,35.10031884937746,27.27262190034697,1.287735669887264,0.5493169745238172,49.16359012661647
deepmd,dft/qsd/qsd_data.extxyz:517,qsd,coverage,CF3_30eV_9_36_C_F,0,C,35.04354060294844,31.747180330176676,0.9310003023092955,1.2595609813740645,90.84118185264674
deepmd,dft/qsd/qsd_data.extxyz:443,qsd,coverage,CF3_20eV_4_78_F_C,14,F,34.88616503575898,32.135372026955125,1.2969374130234654,1.5805841200328443,14.455872218240586
deepmd,dft/qsd/qsd_data.extxyz:435,qsd,coverage,CF3_20eV_4_50_C_F,19,F,34.709931234963285,27.38170526130105,0.8515661422344121,0.8515661422344121,163.91428157581643
deepmd,dft/qsd/qsd_data.extxyz:16,qsd,coverage,CF3_10eV_19_10_O_F,91,Si,34.03890029779685,25.971428033333687,1.5801362450750878,0.3689970780372108,21.162530881103468
deepmd,dft/qsd/qsd_data.extxyz:1298,qsd,coverage,CF_30eV_18_13_Si_F,4,C,33.64707565179159,29.0006460917061,1.2969374130234668,0.5040027682463658,19.792850260138078
deepmd,dft/qsd/qsd_data.extxyz:435,qsd,coverage,CF3_20eV_4_50_C_F,68,O,33.31120897855238,25.73675062856853,0.8515661422344121,0.8515661422344121,157.74387035655852
deepmd,dft/qsd/qsd_data.extxyz:1307,qsd,coverage,CF_30eV_18_3_C_F,2,C,33.16399327527346,28.80032572803372,1.296932413042405,1.1431451005449835,15.84847095787685
deepmd,dft/qsd/qsd_data.extxyz:1302,qsd,coverage,CF_30eV_18_3_C_C,61,O,32.85229177116387,23.1521084956007,1.1431451005449835,1.1431451005449835,23.528590989443053
deepmd,dft/qsd/qsd_data.extxyz:1328,qsd,coverage,CF_30eV_18_3_O_F,56,O,32.17977329861619,27.50154906908763,0.8610018423325219,0.8610018423325219,146.4384268246627
deepmd,dft/qsd/qsd_data.extxyz:284,qsd,coverage,CF3_10eV_19_68_O_C,94,Si,31.98380054010571,21.874154783566933,1.0862004251057924,0.7100017002796539,127.8539123490062
deepmd,dft/qsd/qsd_data.extxyz:1240,qsd,coverage,CF_30eV_18_12_F_F,81,Si,30.301610504122284,23.39264086894576,1.3049180825630395,1.1728677049437417,51.587250278711444
deepmd,dft/qsd/qsd_data.extxyz:1241,qsd,coverage,CF_30eV_18_12_F_F,81,Si,30.074029448897704,23.529375083585695,1.3170256669101028,1.1728677049437417,60.57270763869472
deepmd,dft/qsd/qsd_data.extxyz:232,qsd,coverage,CF3_10eV_19_59_C_C,7,F,29.865273254354957,25.57265957523694,0.9004834718083394,1.351081189344298,115.35899161448356
deepmd,dft/qsd/qsd_data.extxyz:442,qsd,coverage,CF3_20eV_4_78_F_C,94,Si,29.720084753855733,26.733577307422756,1.5869049269883813,1.5805841200328443,30.3794162278118
deepmd,dft/qsd/qsd_data.extxyz:577,qsd,coverage,CF3_30eV_9_9_O_F,12,O,29.346421496501883,25.231065002140085,0.8610018423325219,0.8610018423325219,144.09372478011596
deepmd,dft/qsd/qsd_data.extxyz:889,qsd,coverage,CF_10eV_4_93_O_C,9,F,29.024428881547877,24.3570701341659,1.2734835503845354,0.35439412777302026,33.9801626211033
deepmd,dft/qsd/qsd_data.extxyz:792,qsd,coverage,CF_10eV_4_5_O_F,0,C,28.930684091466276,24.528648379478454,1.1995447063782159,0.6149951300620208,36.20171162617213
deepmd,dft/qsd/qsd_data.extxyz:677,qsd,coverage,CF_10eV_4_39_F_C,87,Si,28.78312081975375,21.604381161812217,1.5918814325508048,1.3097513380409276,29.981869677032588
deepmd,dft/qsd/qsd_data.extxyz:1072,qsd,coverage,CF_20eV_2_54_F_C,13,C,28.406114483379284,27.75938559019931,1.3485946376135427,1.228183400718312,29.149045491488895
deepmd,dft/qsd/qsd_data.extxyz:1328,qsd,coverage,CF_30eV_18_3_O_F,6,F,28.10494774822519,24.170915520402247,0.8610018423325219,0.8610018423325219,140.80698788489383
deepmd,dft/qsd/qsd_data.extxyz:335,qsd,coverage,CF3_20eV_4_36_C_C,16,F,27.9161349038695,23.735002492877307,1.177375005934813,1.177375005934813,54.48830227419784
deepmd,dft/qsd/qsd_data.extxyz:303,qsd,coverage,CF3_10eV_19_68_Si_F,3,F,26.84627295925747,25.241472348525882,1.3137498326926627,0.5040027682463689,47.62493747685835
deepmd,dft/qsd/qsd_data.extxyz:582,qsd,coverage,CF3_30eV_9_9_Si_C,74,Si,26.34054335106218,22.955852730121812,1.5868292418845826,1.5826712245757153,20.63534135506755
deepmd,dft/qsd/qsd_data.extxyz:633,qsd,coverage,CF_10eV_4_37_C_F,21,F,26.049697589977157,18.383174136899413,0.904217267253839,1.371796809662423,126.77484417134775
deepmd,dft/qsd/qsd_data.extxyz:579,qsd,coverage,CF3_30eV_9_9_O_F,74,Si,25.998216904238248,18.380134125508047,1.5632503301135106,0.3689970780372108,30.912689746855904
deepmd,dft/qsd/qsd_data.extxyz:505,qsd,coverage,CF3_20eV_4_98_Si_F,10,F,25.767923184162782,22.121675778361485,1.3376865774164,0.5040027682463689,42.21297911768633
deepmd,dft/qsd/qsd_data.extxyz:238,qsd,coverage,CF3_10eV_19_59_C_F,0,C,25.719874546229775,22.12276349489599,0.9310003023092951,1.351081189344298,87.82994661463597
deepmd,dft/qsd/qsd_data.extxyz:524,qsd,coverage,CF3_30eV_9_36_F_C,86,Si,25.587901812952296,23.163791745767682,1.583804590756069,1.2595609813740645,21.11224110873834
deepmd,dft/qsd/qsd_data.extxyz:760,qsd,coverage,CF_10eV_4_54_Si_C,21,F,25.510961703164565,21.49773312120962,1.1078714277839263,0.5609997821746454,60.108363925419205
deepmd,dft/qsd/qsd_data.extxyz:535,qsd,coverage,CF3_30eV_9_36_O_C,24,F,25.417269759516252,22.918441650610834,1.2969287527848228,0.4260027522211551,14.671366998236019
deepmd,dft/qsd/qsd_data.extxyz:483,qsd,coverage,CF3_20eV_4_98_F_F,77,Si,24.896907518500335,20.89792046238129,1.60440257956038,1.5846581323742983,22.059673185709258
deepmd,dft/qsd/qsd_data.extxyz:500,qsd,coverage,CF3_20eV_4_98_Si_C,55,O,24.761967539214297,19.90770029103864,1.6292554287465169,0.37399696803583704,1.5526861914530572
deepmd,dft/qsd/qsd_data.extxyz:634,qsd,coverage,CF_10eV_4_37_C_F,6,C,24.709213272917808,21.94402418701027,0.9310003023092951,1.371796809662423,90.6531472729174
deepmd,dft/qsd/qsd_data.extxyz:633,qsd,coverage,CF_10eV_4_37_C_F,22,F,24.64973236631749,18.777943877424136,0.904217267253839,1.371796809662423,119.92196613093267
deepmd,dft/qsd/qsd_data.extxyz:577,qsd,coverage,CF3_30eV_9_9_O_F,11,F,23.41798525402539,20.717266869408363,0.8610018423325219,0.8610018423325219,133.00140840963203
deepmd,dft/qsd/qsd_data.extxyz:530,qsd,coverage,CF3_30eV_9_36_F_F,1,C,23.387019615087866,20.064123715171338,1.2969374130234668,1.2595609813740645,8.572363205213252
deepmd,dft/qsd/qsd_data.extxyz:791,qsd,coverage,CF_10eV_4_5_O_F,7,F,23.306737253377,20.180124710150537,0.8609931820868285,0.8609931820868285,139.48134659637188
deepmd,dft/qsd/qsd_data.extxyz:1008,qsd,coverage,CF_20eV_2_32_O_F,67,O,23.186635419405977,19.972647747094655,0.861001842332521,0.861001842332521,139.03414486002313
deepmd,dft/qsd/qsd_data.extxyz:231,qsd,coverage,CF3_10eV_19_59_C_C,7,F,22.366108033065643,21.766913714135853,0.8529916746955977,1.351081189344298,142.6702698243246
deepmd,dft/qsd/qsd_data.extxyz:262,qsd,coverage,CF3_10eV_19_59_Si_C,97,Si,22.3009205650059,20.482065497685845,1.3090023784928708,1.3090023784928708,44.54618408526834
deepmd,dft/qsd/qsd_data.extxyz:791,qsd,coverage,CF_10eV_4_5_O_F,66,O,21.966852675871007,17.830169500336254,0.8609931820868285,0.8609931820868285,132.92873242580478
deepmd,dft/qsd/qsd_data.extxyz:1010,qsd,coverage,CF_20eV_2_32_O_F,86,Si,21.926823770727292,20.268829674456327,1.5804122771606146,0.3690057383022674,24.925552894608234
deepmd,dft/qsd/qsd_data.extxyz:499,qsd,coverage,CF3_20eV_4_98_Si_C,10,F,21.707175403857022,19.942814209225325,1.3157015109058745,0.5609997821746454,28.45927153959962
deepmd,dft/qsd/qsd_data.extxyz:261,qsd,coverage,CF3_10eV_19_59_Si_C,1,C,21.668352765442112,15.643385931211682,0.8180039509073279,1.351081189344298,153.00450440938465
deepmd,dft/qsd/qsd_data.extxyz:552,qsd,coverage,CF3_30eV_9_36_Si_F,86,Si,21.66144760749173,19.83560893704778,1.583804590756069,1.2595609813740645,21.14569899530796
deepmd,dft/qsd/qsd_data.extxyz:1078,qsd,coverage,CF_20eV_2_54_O_C,36,F,21.646758303000162,18.60474024981579,1.060494710689308,0.7219346193388984,76.09077796918679
deepmd,dft/qsd/qsd_data.extxyz:1239,qsd,coverage,CF_30eV_18_12_F_F,81,Si,21.473324368898616,16.709976227448124,1.2320083599554026,1.1728677049437417,54.1368535380926
deepmd,dft/qsd/qsd_data.extxyz:261,qsd,coverage,CF3_10eV_19_59_Si_C,4,F,21.029426581257486,15.134630124849679,0.8180039509073279,1.351081189344298,154.70595732240164
deepmd,dft/qsd/qsd_data.extxyz:244,qsd,coverage,CF3_10eV_19_59_F_C,0,C,20.813648352063733,14.191115449127032,1.351081189344298,1.351081189344298,26.086175340209014
deepmd,dft/qsd/qsd_data.extxyz:231,qsd,coverage,CF3_10eV_19_59_C_C,1,C,20.71447328030095,19.710266531703382,0.8529916746955977,1.351081189344298,106.23140493206492
deepmd,dft/qsd/qsd_data.extxyz:510,qsd,coverage,CF3_30eV_9_36_C_C,0,C,19.573967412108086,18.593214744045675,1.0639991083172953,1.2595609813740645,52.919129251089366
deepmd,dft/qsd/qsd_data.extxyz:441,qsd,coverage,CF3_20eV_4_78_F_C,94,Si,19.4112150488953,16.452689547017993,1.5869049269883813,1.5805841200328443,20.69353618556797
deepmd,dft/qsd/qsd_data.extxyz:453,qsd,coverage,CF3_20eV_4_78_O_C,74,Si,19.29892172429017,11.763464079425246,1.5871385579085397,0.42600275222115597,21.69197950675392
deepmd,dft/qsd/qsd_data.extxyz:1053,qsd,coverage,CF_20eV_2_52_Si_F,90,Si,19.07080133349474,15.19060257342326,1.5836279008971774,1.240891345968694,20.878233478393184
deepmd,dft/qsd/qsd_data.extxyz:1008,qsd,coverage,CF_20eV_2_32_O_F,26,F,18.953195794310297,16.580141772151748,0.861001842332521,0.861001842332521,135.47967771283328
deepmd,dft/qsd/qsd_data.extxyz:676,qsd,coverage,CF_10eV_4_39_F_C,87,Si,18.795340649080263,14.985836030912996,1.5918814325508048,1.3097513380409276,20.054489615516772
deepmd,dft/qsd/qsd_data.extxyz:966,qsd,coverage,CF_10eV_4_98_F_F,98,Si,18.49342425976695,17.013578994057358,1.5897771367081623,1.2757015281404969,18.49268102578823
deepmd,dft/qsd/qsd_data.extxyz:1189,qsd,coverage,CF_20eV_2_79_C_C,19,C,17.991598630196663,17.633379757133483,1.325880192626769,1.306619940839722,19.734075489683928
deepmd,dft/qsd/qsd_data.extxyz:1216,qsd,coverage,CF_20eV_2_79_Si_C,35,F,17.59618425700806,12.7573650074877,1.2827392765874133,0.5609997821746454,40.10914355861023
deepmd,dft/qsd/qsd_data.extxyz:14,qsd,coverage,CF3_10eV_19_10_O_F,45,O,17.530549308547027,14.91188154655731,0.8609931820868285,0.8609931820868285,136.29528508336736
deepmd,dft/qsd/qsd_data.extxyz:1149,qsd,coverage,CF_20eV_2_76_C_F,7,C,17.469503568937164,11.848184027686298,1.1517557992908036,1.2835795392962583,33.78911615862571
deepmd,dft/qsd/qsd_data.extxyz:302,qsd,coverage,CF3_10eV_19_68_Si_F,3,F,17.343188221784832,16.521013716530327,1.2116598348133854,0.8399988402372951,63.34579501585277
deepmd,dft/qsd/qsd_data.extxyz:283,qsd,coverage,CF3_10eV_19_68_O_C,3,F,17.045707266517645,13.904437930201652,0.9855757199221185,0.9537845550227787,84.85271205123864
deepmd,dft/qsd/qsd_data.extxyz:1301,qsd,coverage,CF_30eV_18_3_C_C,6,F,16.97968942105249,14.42226775696859,1.2969237527703779,1.1431451005449835,6.700351076526513
deepmd,dft/qsd/qsd_data.extxyz:282,qsd,coverage,CF3_10eV_19_68_O_C,3,F,16.663013436732353,13.644522785787942,1.020053257580212,0.8793652029162854,81.82658707643307
deepmd,dft/qsd/qsd_data.extxyz:1329,qsd,coverage,CF_30eV_18_3_O_F,99,Si,16.205362996893072,15.116808887228107,1.5912669656597522,0.6150037903135221,19.71611653418451
deepmd,dft/qsd/qsd_data.extxyz:1312,qsd,coverage,CF_30eV_18_3_F_C,99,Si,16.113813084807926,13.08512599990626,1.5912669656597522,1.1431451005449835,23.148187047231968
deepmd,dft/qsd/qsd_data.extxyz:663,qsd,coverage,CF_10eV_4_37_Si_F,17,F,15.911307541723504,12.595566485948613,1.5067679822719886,0.5040027682463658,20.264851022548527
deepmd,dft/qsd/qsd_data.extxyz:1311,qsd,coverage,CF_30eV_18_3_F_C,6,F,14.908798217737843,12.909604871859575,1.2969237527703794,1.1431451005449835,10.387400586525677
deepmd,dft/qsd/qsd_data.extxyz:523,qsd,coverage,CF3_30eV_9_36_F_C,24,F,14.207849536019127,12.29496245398961,1.2969237527703794,1.2595609813740645,9.827934809915815
deepmd,dft/qsd/qsd_data.extxyz:1009,qsd,coverage,CF_20eV_2_32_O_F,86,Si,14.041776863809602,13.346055061353601,1.5804122771606146,0.6150037903135221,16.966334988118117
deepmd,dft/qsd/qsd_data.extxyz:245,qsd,coverage,CF3_10eV_19_59_F_C,10,F,13.965485288007269,11.587657051854938,1.2969374130234674,1.351081189344298,13.572437438172482
deepmd,dft/qsd/qsd_data.extxyz:313,qsd,coverage,CF3_10eV_19_84_F_F,0,C,13.418056656948616,11.600787089794718,1.2969374130234668,1.5883613265563985,9.832556667247488
deepmd,dft/qsd/qsd_data.extxyz:551,qsd,coverage,CF3_30eV_9_36_Si_F,8,F,13.332548127417322,9.401118511616858,0.902713957962323,1.2595609813740645,116.56666897971292
deepmd,dft/qsd/qsd_data.extxyz:1071,qsd,coverage,CF_20eV_2_54_F_C,13,C,13.231396088462082,12.499873638224756,1.3485946376135427,1.228183400718312,24.60382081853664
deepmd,dft/qsd/qsd_data.extxyz:551,qsd,coverage,CF3_30eV_9_36_Si_F,24,F,13.076641607818681,9.210497250790482,0.902713957962323,1.2595609813740645,114.20807724201083
deepmd,dft/qsd/qsd_data.extxyz:504,qsd,coverage,CF3_20eV_4_98_Si_F,10,F,13.06304108596189,11.812756768384872,1.2406745432223554,0.8399988402372951,52.64871890638846
deepmd,dft/qsd/qsd_data.extxyz:529,qsd,coverage,CF3_30eV_9_36_F_F,1,C,13.044549878797364,11.2449440104945,1.2969374130234639,1.2595609813740645,9.742847769402383
deepmd,dft/qsd/qsd_data.extxyz:15,qsd,coverage,CF3_10eV_19_10_O_F,70,Si,13.01636093128749,10.895066729449153,1.6398737519699498,0.6149951300620208,13.365886926217616
deepmd,dft/qsd/qsd_data.extxyz:14,qsd,coverage,CF3_10eV_19_10_O_F,3,F,12.755481040354194,10.76992557180047,0.8609931820868285,0.8609931820868285,132.78548967123365
deepmd,dft/qsd/qsd_data.extxyz:503,qsd,coverage,CF3_20eV_4_98_Si_F,11,F,12.626480889270637,9.916742282679941,1.1760035724860711,1.1760035724860711,64.18908101498772
deepmd,dft/qsd/qsd_data.extxyz:1313,qsd,coverage,CF_30eV_18_3_F_C,99,Si,12.58136699085731,10.614676649106372,1.5912669656597522,1.1431451005449835,31.92239398076017
deepmd,dft/qsd/qsd_data.extxyz:578,qsd,coverage,CF3_30eV_9_9_O_F,74,Si,12.491286293818396,9.775251321360841,1.5693625502413389,0.6150037903135221,22.291137485617664
deepmd,dft/qsd/qsd_data.extxyz:759,qsd,coverage,CF_10eV_4_54_Si_C,13,F,12.186993836017464,9.717272863619435,1.0087627268094315,0.9349967502082552,71.41345578428677
deepmd,dft/qsd/qsd_data.extxyz:516,qsd,coverage,CF3_30eV_9_36_C_F,0,C,12.09977882530511,11.628043856638431,1.2595609813740645,1.2595609813740645,31.230966211562603
deepmd,dft/qsd/qsd_data.extxyz:482,qsd,coverage,CF3_20eV_4_98_F_F,0,C,11.923315383957155,10.564332300993142,1.2969287527848257,1.5846581323742983,13.54677400086098
deepmd,dft/qsd/qsd_data.extxyz:1324,qsd,coverage,CF_30eV_18_3_O_C,99,Si,11.546654192990058,10.478395790075233,1.5912669656597522,0.28399894806143233,29.115236114077007
deepmd,dft/qsd/qsd_data.extxyz:965,qsd,coverage,CF_10eV_4_98_F_F,4,C,11.16861605531268,9.778857588928222,1.2969374130234639,1.2757015281404969,13.50947178811496
deepmd,dft/qsd/qsd_data.extxyz:1035,qsd,coverage,CF_20eV_2_52_F_F,13,C,11.10753979195472,8.554600542986535,1.320680631189843,1.240891345968694,15.978101049889627
deepmd,dft/qsd/qsd_data.extxyz:509,qsd,coverage,CF3_30eV_9_36_C_C,1,C,10.526181160803858,9.326972954179581,0.8618053597535821,1.2595609813740645,113.41017895736805
deepmd,dft/qsd/qsd_data.extxyz:967,qsd,coverage,CF_10eV_4_98_F_F,98,Si,10.455365827537477,7.743907497347742,1.5897771367081623,1.2757015281404969,27.716060089408902
deepmd,dft/qsd/qsd_data.extxyz:312,qsd,coverage,CF3_10eV_19_84_F_F,0,C,10.388931199143432,8.981312763839721,1.2969374130234679,1.5883613265563985,13.537786670402403
deepmd,dft/qsd/qsd_data.extxyz:452,qsd,coverage,CF3_20eV_4_78_O_C,94,Si,10.30100517495843,9.643367248192757,1.5666275710902067,0.7100017002796539,22.183122448996173
deepmd,dft/qsd/qsd_data.extxyz:1238,qsd,coverage,CF_30eV_18_12_F_F,10,F,10.073580598811612,6.625640843037125,1.1400009003943816,1.1728677049437417,62.1310907922819
deepmd,dft/qsd/qsd_data.extxyz:528,qsd,coverage,CF3_30eV_9_36_F_F,1,C,9.709576445031086,8.502637359374926,1.2969237527703763,1.2595609813740645,13.204700560612384
deepmd,dft/qsd/qsd_data.extxyz:1034,qsd,coverage,CF_20eV_2_52_F_F,17,C,9.51555225088112,8.3587291973867,1.2969374130234668,1.240891345968694,12.824397055605148
deepmd,dft/qsd/qsd_data.extxyz:1052,qsd,coverage,CF_20eV_2_52_Si_F,23,F,9.156194438660682,7.04092083685002,0.9207919359985732,1.240891345968694,105.47544064241733
deepmd,dft/etch/trj_CF2_30eV.extxyz:232,etch,prior_outlier,trj_CF2_30eV_case1,23,F,9.00296866390244,8.739208642914958,1.50406116896887,1.1676472069936201,10.420983411664468
deepmd,dft/qsd/qsd_data.extxyz:503,qsd,coverage,CF3_20eV_4_98_Si_F,10,F,8.71258594928746,7.551023755719569,1.2308271746675081,1.1760035724860711,44.80434649251421
deepmd,dft/qsd/qsd_data.extxyz:509,qsd,coverage,CF3_30eV_9_36_C_C,22,F,8.556596023547588,7.410939494980781,0.8618053597535821,1.2595609813740645,116.20771811429434
deepmd,dft/qsd/qsd_data.extxyz:534,qsd,coverage,CF3_30eV_9_36_O_C,86,Si,8.403794530089977,7.308913780022696,1.583804590756069,0.7100017002796539,19.02801407010319
deepmd,dft/qsd/qsd_data.extxyz:1322,qsd,coverage,CF_30eV_18_3_O_C,78,Si,8.212846417222687,5.672121556798965,1.67830462324335,0.7100017002796539,13.9989037227489
deepmd,dft/etch/trj_CF2_30eV.extxyz:874,etch,prior_outlier,trj_CF2_30eV_case1,4,F,8.1977368647184,8.070061010348379,1.365357096147376,1.220040982918196,9.329127942569121
deepmd,dft/qsd/qsd_data.extxyz:1052,qsd,coverage,CF_20eV_2_52_Si_F,35,F,7.995501766933622,5.955510062366727,0.9207919359985732,1.240891345968694,102.09006023610897
deepmd,dft/qsd/qsd_data.extxyz:301,qsd,coverage,CF3_10eV_19_68_Si_F,8,F,7.877983565845974,5.677352818041086,1.1760035724860711,1.1760035724860711,65.55102626119722
deepmd,dft/etch/trj_CF2_30eV.extxyz:292,etch,prior_outlier,trj_CF2_30eV_case1,14,F,7.361139165653927,6.344443576879382,1.89844673351664,1.0402403568406686,11.237348315979798
deepmd,dft/etch/trj_CF2_30eV.extxyz:232,etch,prior_outlier,trj_CF2_30eV_case1,97,O,7.323842135596993,7.2132861766289516,1.1676472069936201,1.1676472069936201,2.817126252383624
deepmd,dft/qsd/qsd_data.extxyz:1238,qsd,coverage,CF_30eV_18_12_F_F,81,Si,7.170182910947627,5.836685014135725,1.1980603443065794,1.1728677049437417,48.62022548817505
deepmd,dft/qsd/qsd_data.extxyz:733,qsd,coverage,CF_10eV_4_54_C_C,83,Si,6.946201301126478,5.763950707813665,1.5924335568870678,1.5765943405644969,6.885272486421507
deepmd,dft/qsd/qsd_data.extxyz:1294,qsd,coverage,CF_30eV_18_13_Si_C,35,O,6.91617570541512,6.622333025716327,1.6674287360484088,0.5609997821746454,4.152701256890267
deepmd,dft/qsd/qsd_data.extxyz:1036,qsd,coverage,CF_20eV_2_52_F_F,17,C,6.515925317302514,5.197759942563072,1.2969374130234639,1.240891345968694,7.32499615329626
deepmd,dft/qsd/qsd_data.extxyz:484,qsd,coverage,CF3_20eV_4_98_F_F,77,Si,6.4212975735718265,6.374966200920031,1.60440257956038,1.5846581323742983,31.838305881257895
deepmd,dft/qsd/qsd_data.extxyz:503,qsd,coverage,CF3_20eV_4_98_Si_F,77,Si,6.419613980475897,5.759733448506445,1.1760035724860711,1.1760035724860711,56.45839161215708
deepmd,dft/etch/trj_CF2_30eV.extxyz:292,etch,prior_outlier,trj_CF2_30eV_case1,147,Si,6.382162125596188,4.601528597282708,1.5515798400340202,1.0402403568406686,5.73762851093873
deepmd,dft/etch/trj_CF2_30eV.extxyz:292,etch,prior_outlier,trj_CF2_30eV_case1,100,O,6.268206048595003,6.1695802239695485,1.5515798400340202,1.0402403568406686,3.041623545590578
deepmd,dft/qsd/qsd_data.extxyz:236,qsd,coverage,CF3_10eV_19_59_C_F,10,F,6.231889885677379,4.2449443709865236,1.0907873102488865,1.351081189344298,63.30970981754174
deepmd,dft/qsd/qsd_data.extxyz:1310,qsd,coverage,CF_30eV_18_3_F_C,3,F,6.149528960020973,5.188642431040293,0.9310003023092962,1.1431451005449835,70.59770395390721
deepmd,dft/qsd/qsd_data.extxyz:1328,qsd,coverage,CF_30eV_18_3_O_F,2,C,6.025642357445516,4.882882983851768,1.2969287527848257,0.8610018423325219,14.281114858227946
deepmd,dft/qsd/qsd_data.extxyz:301,qsd,coverage,CF3_10eV_19_68_Si_F,3,F,5.953942339599958,5.819201876484392,1.1983701939717966,1.1760035724860711,52.83300395244748
deepmd,dft/etch/trj_CF2_30eV.extxyz:644,etch,prior_outlier,trj_CF2_30eV_case1,149,Si,5.903415294476669,5.677537117398262,1.5824348327814317,1.1374532957444887,2.778637769577388
deepmd,dft/etch/trj_CF2_30eV.extxyz:163,etch,prior_outlier,trj_CF2_30eV_case1,22,F,5.900132182850039,5.891468600362778,1.2146604463799762,1.1751170154499515,3.6876888034832875
deepmd,dft/etch/trj_CF2_30eV.extxyz:874,etch,prior_outlier,trj_CF2_30eV_case1,94,O,5.787937795958343,5.018226360518247,1.2714558584551798,1.220040982918196,5.801877441008385
deepmd,dft/qsd/qsd_data.extxyz:1148,qsd,coverage,CF_20eV_2_76_C_F,29,C,5.769301220675414,5.137360288613465,0.931000302309297,1.2835795392962583,82.23772523042418
deepmd,dft/qsd/qsd_data.extxyz:662,qsd,coverage,CF_10eV_4_37_Si_F,13,F,5.749606189323986,5.4884585134186,1.5548259489409093,0.8399988402372921,17.479646913153907
deepmd,dft/qsd/qsd_data.extxyz:1148,qsd,coverage,CF_20eV_2_76_C_F,7,C,5.663642426094969,5.599993203272172,1.2256370302826205,1.2835795392962583,23.328004204710826
deepmd,dft/qsd/qsd_data.extxyz:1238,qsd,coverage,CF_30eV_18_12_F_F,6,F,5.659055028802999,4.540206374841809,1.1400009003943816,1.1728677049437417,64.60639521392399
deepmd,dft/qsd/qsd_data.extxyz:230,qsd,coverage,CF3_10eV_19_59_C_C,0,C,5.637809137347225,5.12969237442896,1.351081189344298,1.351081189344298,14.308261496178948
deepmd,dft/qsd/qsd_data.extxyz:522,qsd,coverage,CF3_30eV_9_36_F_C,8,F,5.60855377999323,4.719646093346924,0.9310003023092971,1.2595609813740645,70.61479942361123
deepmd,dft/qsd/qsd_data.extxyz:1306,qsd,coverage,CF_30eV_18_3_C_F,61,O,5.595148937911218,4.89015926212766,1.1431451005449835,1.1431451005449835,8.132219396817082
deepmd,dft/etch/trj_CF2_30eV.extxyz:146,etch,prior_outlier,trj_CF2_30eV_case1,19,F,5.512804957881871,5.260394088248171,1.3577186748365808,1.2147839314050886,5.407846491370294
deepmd,dft/qsd/qsd_data.extxyz:1188,qsd,coverage,CF_20eV_2_79_C_C,19,C,5.51247424798461,4.050883345848083,1.358331819733308,1.306619940839722,14.8733533570561
deepmd,dft/etch/trj_CF2_30eV.extxyz:650,etch,prior_outlier,trj_CF2_30eV_case1,25,F,5.495865175307711,3.962013269541651,1.2517587627015057,1.4723111084278335,6.43244300955228
deepmd,dft/etch/trj_CF2_30eV.extxyz:425,etch,prior_outlier,trj_CF2_30eV_case1,7,F,5.478613113858322,4.357312107814419,1.29201393181343,1.2781627439414756,6.934459793350452
deepmd,dft/etch/trj_CF2_30eV.extxyz:282,etch,prior_outlier,trj_CF2_30eV_case1,11,F,5.445671761504869,3.973894653222824,1.2218837915284744,1.536847422485394,9.681110097161637
deepmd,dft/qsd/qsd_data.extxyz:301,qsd,coverage,CF3_10eV_19_68_Si_F,94,Si,5.4379886446439585,4.926635280684778,1.1760035724860711,1.1760035724860711,54.23917592133403
deepmd,dft/etch/trj_CF2_30eV.extxyz:146,etch,prior_outlier,trj_CF2_30eV_case1,104,O,5.290091361001832,4.95464815150544,1.2403628501370072,1.2147839314050886,3.0646493176996614
deepmd,dft/qsd/qsd_data.extxyz:243,qsd,coverage,CF3_10eV_19_59_F_C,7,F,5.249625830592232,4.092383411012051,0.9310003023092971,1.351081189344298,66.82602096373867
deepmd,dft/etch/trj_CF2_30eV.extxyz:425,etch,prior_outlier,trj_CF2_30eV_case1,17,F,5.199257465212948,3.8364434660292717,1.4319567032560727,1.2781627439414756,2.889914991272927
deepmd,dft/qsd/qsd_data.extxyz:1070,qsd,coverage,CF_20eV_2_54_F_C,32,F,5.137958989686399,4.202323020330944,0.9310003023092941,1.228183400718312,64.12315613304344
deepmd,dft/qsd/qsd_data.extxyz:577,qsd,coverage,CF3_30eV_9_9_O_F,0,C,5.129189960262877,4.269508444295031,1.2969287527848257,0.8610018423325219,16.475030172727454
deepmd,dft/qsd/qsd_data.extxyz:1297,qsd,coverage,CF_30eV_18_13_Si_F,4,C,5.1245495819556375,4.408601767313153,1.2969374130234639,0.8399988402372951,12.007749797776476
deepmd,dft/qsd/qsd_data.extxyz:231,qsd,coverage,CF3_10eV_19_59_C_C,0,C,5.093748310709517,3.7667544566571536,1.0639991083172942,1.351081189344298,50.597130682124096
deepmd,dft/qsd/qsd_data.extxyz:236,qsd,coverage,CF3_10eV_19_59_C_F,7,F,5.063455351148219,3.911294982160449,1.0907873102488865,1.351081189344298,61.15015449189153
deepmd,dft/qsd/qsd_data.extxyz:533,qsd,coverage,CF3_30eV_9_36_O_C,1,C,5.038887848042353,4.044925587871134,0.9940006483398287,0.9940006483398287,51.0063465016808
deepmd,dft/etch/trj_CF2_30eV.extxyz:232,etch,prior_outlier,trj_CF2_30eV_case1,24,F,5.009489619439462,4.044260730787422,1.5408114745159434,1.1676472069936201,5.69058896131288
deepmd,dft/etch/trj_CF2_30eV.extxyz:95,etch,prior_outlier,trj_CF2_30eV_case1,93,O,4.950073371375229,4.407375957688379,1.2972663566130147,1.120981712607302,4.6865299449737865
deepmd,dft/etch/trj_CF2_30eV.extxyz:874,etch,prior_outlier,trj_CF2_30eV_case1,105,Si,4.943799090701131,4.56922547390906,1.5963708842245907,1.220040982918196,1.9581881455483279
deepmd,dft/etch/trj_CF2_30eV.extxyz:95,etch,prior_outlier,trj_CF2_30eV_case1,10,F,4.896525676392324,4.440392397118151,1.3604778572251754,1.120981712607302,4.822747616430078
deepmd,dft/qsd/qsd_data.extxyz:1148,qsd,coverage,CF_20eV_2_76_C_F,44,F,4.803085410271702,4.636231357105764,0.931000302309297,1.2835795392962583,78.34208107308775
deepmd,dft/etch/trj_CF2_30eV.extxyz:282,etch,prior_outlier,trj_CF2_30eV_case1,148,Si,4.72047906041319,3.020433609819353,1.545703723227709,1.536847422485394,6.514889107102668
deepmd,dft/etch/trj_CF2_30eV.extxyz:344,etch,prior_outlier,trj_CF2_30eV_case1,148,Si,4.7086277739652695,3.3883536884491443,1.616477652180814,1.2782018619920732,5.146611451255088
deepmd,dft/qsd/qsd_data.extxyz:334,qsd,coverage,CF3_20eV_4_36_C_C,102,Si,4.495708991830968,3.9819845824171303,1.263473145698001,1.2137258592037987,46.7752661529297
deepmd,dft/etch/trj_CF2_30eV.extxyz:644,etch,prior_outlier,trj_CF2_30eV_case1,20,F,4.4042961255377575,3.821738734313965,1.7675123761942937,1.1374532957444887,3.113573948411857
deepmd,dft/qsd/qsd_data.extxyz:632,qsd,coverage,CF_10eV_4_37_C_F,22,F,4.3746045369358395,3.35614830468203,1.1011827781526549,1.371796809662423,56.658299245402745
deepmd,dft/qsd/qsd_data.extxyz:675,qsd,coverage,CF_10eV_4_39_F_C,8,C,4.341553006523508,2.803496928753853,0.9309916420677488,1.3097513380409276,71.40741861520243
deepmd,dft/qsd/qsd_data.extxyz:1215,qsd,coverage,CF_20eV_2_79_Si_C,33,F,4.297058472858147,3.6966924288530016,1.5957894435357065,0.9350054104656311,9.557733449490732
deepmd,dft/qsd/qsd_data.extxyz:1310,qsd,coverage,CF_30eV_18_3_F_C,2,C,4.274643603966639,3.3072640454413715,0.9310003023092962,1.1431451005449835,70.60612036605258
deepmd,dft/qsd/qsd_data.extxyz:281,qsd,coverage,CF3_10eV_19_68_O_C,3,F,4.240878848135805,3.777038693057719,1.1343130013360514,0.9999017656250059,64.05072106831805
deepmd,dft/etch/trj_CF2_30eV.extxyz:163,etch,prior_outlier,trj_CF2_30eV_case1,27,F,4.184404084569974,3.8172320316886905,1.416227382873245,1.1751170154499515,5.175842727662424
deepmd,dft/qsd/qsd_data.extxyz:1300,qsd,coverage,CF_30eV_18_3_C_C,61,O,4.075297389019707,3.1141312368217857,1.1431451005449835,1.1431451005449835,15.014075932511663
deepmd,dft/qsd/qsd_data.extxyz:1321,qsd,coverage,CF_30eV_18_3_O_C,2,C,4.015561691832503,2.7129524817474646,0.9940006483398287,0.9940006483398287,46.51981663934958
deepmd,dft/qsd/qsd_data.extxyz:527,qsd,coverage,CF3_30eV_9_36_F_F,8,F,4.008749514361666,3.1498136644594723,1.1400009003943834,1.2595609813740645,53.58853039617607
deepmd,dft/qsd/qsd_data.extxyz:508,qsd,coverage,CF3_30eV_9_36_C_C,24,F,3.9970568605144967,2.886913631981283,1.2952587557318442,1.2595609813740645,33.6751680106537
deepmd,dft/etch/trj_CF2_30eV.extxyz:425,etch,prior_outlier,trj_CF2_30eV_case1,4,F,3.832406285822742,3.7004538997281866,1.308930861428516,1.2781627439414756,5.344108099554967
deepmd,dft/qsd/qsd_data.extxyz:1070,qsd,coverage,CF_20eV_2_54_F_C,18,C,3.822463661637107,3.279998781548528,0.9310003023092941,1.228183400718312,68.27742806347267
deepmd,dft/qsd/qsd_data.extxyz:311,qsd,coverage,CF3_10eV_19_84_F_F,7,F,3.8103066027857877,3.3056874013655175,1.1400009003943803,1.5883613265563985,43.49416653771268
deepmd,dft/qsd/qsd_data.extxyz:675,qsd,coverage,CF_10eV_4_39_F_C,14,F,3.790839874206995,2.9328568481503297,0.9309916420677488,1.3097513380409276,75.25254453005209
deepmd,dft/qsd/qsd_data.extxyz:581,qsd,coverage,CF3_30eV_9_9_Si_C,0,C,3.7478127798287737,2.693082617788672,0.9628145148469637,1.5826712245757153,61.0059401028043
deepmd,dft/qsd/qsd_data.extxyz:632,qsd,coverage,CF_10eV_4_37_C_F,21,F,3.7407274554878036,2.5106840381573576,1.1011827781526549,1.371796809662423,54.89743786005181
deepmd,dft/qsd/qsd_data.extxyz:237,qsd,coverage,CF3_10eV_19_59_C_F,0,C,3.73040971311607,2.9994096632133083,1.3299967203343017,1.351081189344298,31.719437875881027
deepmd,dft/qsd/qsd_data.extxyz:451,qsd,coverage,CF3_20eV_4_78_O_C,0,C,3.696551352026095,2.767875169345203,0.9940006483398287,0.9940006483398287,52.244014820203155
deepmd,dft/etch/trj_CF2_30eV.extxyz:344,etch,prior_outlier,trj_CF2_30eV_case1,25,F,3.6358472660311802,2.946224049711704,1.739252713092607,1.2782018619920732,3.698563768628709
deepmd,dft/qsd/qsd_data.extxyz:576,qsd,coverage,CF3_30eV_9_9_O_F,12,O,3.591519929059766,3.3409806729529237,1.2299989203653803,1.2299989203653803,43.21399111528952
deepmd,dft/etch/trj_CF2_30eV.extxyz:344,etch,prior_outlier,trj_CF2_30eV_case1,23,F,3.5700366868046265,3.0990930684233904,1.7001764614298132,1.2782018619920732,2.156936851672065
deepmd,dft/etch/trj_CF2_30eV.extxyz:95,etch,prior_outlier,trj_CF2_30eV_case1,92,O,3.559037978604033,2.433412829915733,1.3669674465765431,1.120981712607302,0.2552930033060052
deepmd,dft/etch/trj_CF2_30eV.extxyz:282,etch,prior_outlier,trj_CF2_30eV_case1,20,F,3.5192606779494087,3.508432010302559,1.3684297570573356,1.536847422485394,1.8948181485166329
deepmd,dft/qsd/qsd_data.extxyz:508,qsd,coverage,CF3_30eV_9_36_C_C,14,F,3.4809147286098296,2.1867966579210822,1.2952587557318442,1.2595609813740645,36.76667651900207
deepmd,dft/qsd/qsd_data.extxyz:498,qsd,coverage,CF3_20eV_4_98_Si_C,9,F,3.4566061174811007,3.430687322581493,1.6002997778228927,0.9349967502082542,10.03269068994699
deepmd,dft/qsd/qsd_data.extxyz:522,qsd,coverage,CF3_30eV_9_36_F_C,1,C,3.4409964221810316,2.791674880475881,0.9310003023092971,1.2595609813740645,71.3449217329606
deepmd,dft/qsd/qsd_data.extxyz:311,qsd,coverage,CF3_10eV_19_84_F_F,0,C,3.4228060508734877,2.950671082641602,1.2969374130234668,1.5883613265563985,10.430131208560418
deepmd,dft/qsd/qsd_data.extxyz:533,qsd,coverage,CF3_30eV_9_36_O_C,57,O,3.3530451369749783,3.0346271323201037,0.9940006483398287,0.9940006483398287,58.925162582419496
deepmd,dft/etch/trj_CF2_30eV.extxyz:163,etch,prior_outlier,trj_CF2_30eV_case1,107,O,3.343579144273819,2.717727501142517,1.60231083126839,1.1751170154499515,4.873807502158451
deepmd,dft/qsd/qsd_data.extxyz:1321,qsd,coverage,CF_30eV_18_3_O_C,99,Si,3.32733227507078,2.7621624016053534,1.5912669656597522,0.9940006483398287,8.266639801239497
deepmd,dft/qsd/qsd_data.extxyz:1033,qsd,coverage,CF_20eV_2_52_F_F,17,C,3.3265276767023946,2.892742800229149,1.2969374130234648,1.240891345968694,9.805703251818606
deepmd,dft/qsd/qsd_data.extxyz:1033,qsd,coverage,CF_20eV_2_52_F_F,35,F,3.293407060185394,2.9834011827344824,1.1400009003943818,1.240891345968694,40.63109171841542
deepmd,dft/qsd/qsd_data.extxyz:497,qsd,coverage,CF3_20eV_4_98_Si_C,0,C,3.2291060280539026,2.8258544707262203,1.2520691250486138,1.309002378492874,44.73442746000868
deepmd,dft/qsd/qsd_data.extxyz:434,qsd,coverage,CF3_20eV_4_50_C_F,3,C,3.1988897967262995,2.8406142876676395,1.2969287527848257,1.1020955498957439,11.73399536632911
deepmd,dft/qsd/qsd_data.extxyz:440,qsd,coverage,CF3_20eV_4_78_F_C,13,F,3.1780356060928407,2.7520403616533287,0.9310003023092941,1.5805841200328443,72.62159825656562
deepmd,dft/etch/trj_CF2_30eV.extxyz:644,etch,prior_outlier,trj_CF2_30eV_case1,34,O,3.177210367339317,2.4981728192802968,1.7044940598312452,1.1374532957444887,4.84059355220442
deepmd,dft/qsd/qsd_data.extxyz:451,qsd,coverage,CF3_20eV_4_78_O_C,94,Si,3.091923042545343,2.9521604704225055,1.5869049269883813,0.9940006483398287,12.266396993989801
deepmd,dft/etch/trj_CF2_30eV.extxyz:650,etch,prior_outlier,trj_CF2_30eV_case1,12,F,3.058835103625475,2.6298369692080987,1.523482851889053,1.4723111084278335,5.765026588962188
deepmd,dft/qsd/qsd_data.extxyz:527,qsd,coverage,CF3_30eV_9_36_F_F,24,F,3.0372973035955138,2.515422227357945,1.1400009003943834,1.2595609813740645,50.89039500627424
deepmd,dft/qsd/qsd_data.extxyz:576,qsd,coverage,CF3_30eV_9_9_O_F,11,F,3.0341306355011137,2.848909033990722,1.2299989203653803,1.2299989203653803,36.36731657738247
deepmd,dft/qsd/qsd_data.extxyz:533,qsd,coverage,CF3_30eV_9_36_O_C,86,Si,3.0206102123417686,2.3629723856164215,1.583804590756069,0.9940006483398287,10.114062830851013
deepmd,dft/etch/trj_CF3_30eV.extxyz:741,etch,coverage,trj_CF3_30eV_case1,0,C,3.0139854493002574,2.994958797870636,1.3209466302617978,1.4182383438618476,2.3352435823842876
deepmd,dft/qsd/qsd_data.extxyz:260,qsd,coverage,CF3_10eV_19_59_Si_C,1,C,3.002019235402161,2.289696909781993,1.215436785398564,1.351081189344298,18.504197604622444
deepmd,dft/qsd/qsd_data.extxyz:1327,qsd,coverage,CF_30eV_18_3_O_F,6,F,2.9866497963621064,2.5029642166469017,1.2299989203653803,1.1431451005449835,28.836563439612945
deepmd,dft/qsd/qsd_data.extxyz:581,qsd,coverage,CF3_30eV_9_9_Si_C,6,F,2.943859157628045,2.4949414056150943,0.9628145148469637,1.5826712245757153,57.047569373080734
deepmd,dft/etch/trj_CF2_30eV.extxyz:902,etch,coverage,trj_CF2_30eV_case1,148,Si,2.916583111327804,2.504879531464474,1.5373028328862226,1.386686698573258,5.705331697964458
deepmd,dft/qsd/qsd_data.extxyz:229,qsd,coverage,CF3_10eV_19_59_C_C,0,C,2.9091267034862747,2.56449190195762,1.351081189344298,1.351081189344298,9.825129442314793
deepmd,dft/qsd/qsd_data.extxyz:1007,qsd,coverage,CF_20eV_2_32_O_F,67,O,2.9007005379366806,2.2169489447967194,1.2299989203653803,1.1673245965882841,37.96555057555934
deepmd,dft/qsd/qsd_data.extxyz:243,qsd,coverage,CF3_10eV_19_59_F_C,10,F,2.8936612677400615,2.465476569866687,1.2969374130234643,1.351081189344298,6.40623435896393
deepmd,dft/qsd/qsd_data.extxyz:964,qsd,coverage,CF_10eV_4_98_F_F,4,C,2.8383859283233894,2.481752650604248,1.2969287527848234,1.2757015281404969,10.349445431320898
deepmd,dft/etch/trj_CF2_30eV.extxyz:650,etch,prior_outlier,trj_CF2_30eV_case1,21,F,2.82124774339192,2.4784809170017614,1.5300000000000002,1.4723111084278335,4.162892547300014
deepmd,dft/etch/trj_CF3_30eV.extxyz:129,etch,coverage,trj_CF3_30eV_case1,2,C,2.8021445295556027,2.5199246412401424,1.3052202879207797,1.192476414861108,3.6771180609326377
deepmd,dft/qsd/qsd_data.extxyz:515,qsd,coverage,CF3_30eV_9_36_C_F,1,C,2.793355826094807,2.0257705673694018,1.2969287527848257,1.2595609813740645,14.38115837152804
deepmd,dft/FC/CF0.4_d3.2.extxyz:21,FC,coverage,dft/FC/CF0.4_d3.2.extxyz:melt,64,C,2.7749945366742015,2.07175838950259,1.3151869354836565,,11.511882709283046
deepmd,dft/qsd/qsd_data.extxyz:1327,qsd,coverage,CF_30eV_18_3_O_F,2,C,2.7615174991078084,2.4103018312065974,1.296932413042408,1.1431451005449835,12.143792334000487
deepmd,dft/qsd/qsd_data.extxyz:633,qsd,coverage,CF_10eV_4_37_C_F,6,C,2.739119406419793,1.7627929248166403,1.3119552237405057,1.371796809662423,33.61754802213412
deepmd,dft/qsd/qsd_data.extxyz:509,qsd,coverage,CF3_30eV_9_36_C_C,24,F,2.7179628874963915,2.1133103384485707,1.2969287527848241,1.2595609813740645,13.634935677164231
deepmd,dft/qsd/qsd_data.extxyz:481,qsd,coverage,CF3_20eV_4_98_F_F,9,F,2.7054114490906502,1.8327555219882044,1.1400009003943816,1.5846581323742983,48.95843828595766
deepmd,dft/etch/trj_CF3_30eV.extxyz:645,etch,coverage,trj_CF3_30eV_case1,1,C,2.695053405389791,2.158223364705503,1.3318783728253856,1.3470708964267615,1.5105660183077072
deepmd,dft/qsd/qsd_data.extxyz:1008,qsd,coverage,CF_20eV_2_32_O_F,8,C,2.6212503814385046,2.072032640888464,1.2969374130234679,0.861001842332521,12.826297583947326
deepmd,dft/qsd/qsd_data.extxyz:481,qsd,coverage,CF3_20eV_4_98_F_F,11,F,2.6071291223812465,2.4242668559465708,1.1400009003943816,1.5846581323742983,42.51947394737885
deepmd,dft/etch/trj_CF2_30eV.extxyz:146,etch,prior_outlier,trj_CF2_30eV_case1,17,F,2.5904779834984053,2.4326675298564013,1.5905659370173877,1.2147839314050886,3.03542223196922
deepmd,dft/qsd/qsd_data.extxyz:758,qsd,coverage,CF_10eV_4_54_Si_C,83,Si,2.5846958785576697,2.498121074045301,1.3090023784928768,1.3090023784928768,41.31695893316889
deepmd,dft/qsd/qsd_data.extxyz:230,qsd,coverage,CF3_10eV_19_59_C_C,7,F,2.5424003059320044,2.3960746894539007,0.9742908375839332,1.351081189344298,65.1428096654325
deepmd,dft/qsd/qsd_data.extxyz:515,qsd,coverage,CF3_30eV_9_36_C_F,24,F,2.52999904595174,2.3513325157949048,0.9860679530843708,1.2595609813740645,69.0232529397647
deepmd,dft/qsd/qsd_data.extxyz:675,qsd,coverage,CF_10eV_4_39_F_C,23,F,2.519249692408687,2.0131321998295038,1.296932413042405,1.3097513380409276,6.124474735552347
deepmd,dft/qsd/qsd_data.extxyz:236,qsd,coverage,CF3_10eV_19_59_C_F,1,C,2.5112962730602164,2.168134117269516,1.2969237527703794,1.351081189344298,5.26402932094959
deepmd,dft/etch/trj_CF2_30eV.extxyz:322,etch,coverage,trj_CF2_30eV_case1,148,Si,2.503122923174455,2.4867160989445596,1.5441826316857736,1.288293444833124,6.057936757409572
deepmd,dft/etch/trj_CF3_30eV.extxyz:645,etch,coverage,trj_CF3_30eV_case1,0,C,2.492544691027232,2.0307819073091027,1.3304886320446339,1.3470708964267615,1.5082847953639258
deepmd,dft/qsd/qsd_data.extxyz:1293,qsd,coverage,CF_30eV_18_13_Si_C,11,F,2.4744436920478208,2.192798560286656,1.2969287527848228,0.9350054104656303,2.190726878278303
deepmd,dft/etch/trj_CF2_30eV.extxyz:806,etch,coverage,trj_CF2_30eV_case1,133,Si,2.4156901662235497,1.6142337693990396,1.5108275877809498,1.1416654501210053,5.011068291600704
deepmd,dft/qsd/qsd_data.extxyz:1070,qsd,coverage,CF_20eV_2_54_F_C,13,C,2.4039714760714306,2.3241828859712967,1.3485946376135427,1.228183400718312,15.532482739709387
deepmd,dft/qsd/qsd_data.extxyz:481,qsd,coverage,CF3_20eV_4_98_F_F,0,C,2.397402365433083,1.9140249525451658,1.2969287527848257,1.5846581323742983,9.834378294507182
deepmd,dft/qsd/qsd_data.extxyz:230,qsd,coverage,CF3_10eV_19_59_C_C,10,F,2.3950778854406334,1.954013633241877,1.2969237527703763,1.351081189344298,3.183281613161644
deepmd,dft/etch/trj_CF3_30eV.extxyz:741,etch,coverage,trj_CF3_30eV_case1,147,Si,2.3820416203709667,2.084562541965246,1.5693629280698589,1.4182383438618476,3.763645999015051
deepmd,dft/qsd/qsd_data.extxyz:435,qsd,coverage,CF3_20eV_4_50_C_F,2,C,2.360501718333181,2.0405794977339937,1.1803579210985107,0.8515661422344121,33.24260737440075
deepmd,dft/FC/CF0.2_d3.2.extxyz:7,FC,coverage,dft/FC/CF0.2_d3.2.extxyz:melt,46,C,2.358681443646514,2.3124520721503075,1.4653941669735142,,1.965394386783986
deepmd,dft/etch/trj_CF3_30eV.extxyz:999,etch,coverage,trj_CF3_30eV_case1,149,Si,2.3310133303805367,1.678623880132109,1.5047923444781297,1.146516463030514,5.378803589809448
deepmd,dft/qsd/qsd_data.extxyz:243,qsd,coverage,CF3_10eV_19_59_F_C,1,C,2.3048900456518693,2.255490155890465,0.9310003023092971,1.351081189344298,68.61091648429557
deepmd,dft/etch/trj_CF2_30eV.extxyz:339,etch,prior_outlier,trj_CF2_30eV_case1,1,C,2.26432454547773,1.6502323756347153,1.369854006819703,1.363121417922852,6.595208955821567
deepmd,dft/FC/CF0.2_d3.2.extxyz:7,FC,coverage,dft/FC/CF0.2_d3.2.extxyz:melt,58,C,2.2298169666628573,2.1849474696536064,1.4654940033654178,,1.620185577872177
deepmd,dft/qsd/qsd_data.extxyz:451,qsd,coverage,CF3_20eV_4_78_O_C,53,O,2.227893733303584,1.7058147017945053,0.9940006483398287,0.9940006483398287,50.94656727182525
deepmd,dft/qsd/qsd_data.extxyz:434,qsd,coverage,CF3_20eV_4_50_C_F,19,F,2.221440884468966,1.5541741378896834,1.1020955498957439,1.1020955498957439,34.15877209171048
deepmd,dft/etch/trj_CF3_30eV.extxyz:709,etch,coverage,trj_CF3_30eV_case1,148,Si,2.2091412668405708,1.9137086235632002,1.6275441622272495,1.1506954418959003,2.1157507792596935
deepmd,dft/FC/CF0.2_d3.2.extxyz:14,FC,coverage,dft/FC/CF0.2_d3.2.extxyz:melt,33,C,2.180858286720046,1.9282192544382148,1.2601191931596734,,13.180746284843966
deepmd,dft/qsd/qsd_data.extxyz:632,qsd,coverage,CF_10eV_4_37_C_F,7,C,2.1654412953560422,1.733816597575366,1.2969237527703794,1.371796809662423,5.2437413399402155
deepmd,dft/etch/trj_CF3_30eV.extxyz:709,etch,coverage,trj_CF3_30eV_case1,130,Si,2.15456625079328,1.7758397614451646,1.5526107045875992,1.1506954418959003,1.3765419486815502
deepmd,dft/qsd/qsd_data.extxyz:14,qsd,coverage,CF3_10eV_19_10_O_F,0,C,2.146026909068511,1.8980658120540532,1.2969374130234668,0.8609931820868285,12.065579963432011
deepmd,dft/etch/trj_CF2_30eV.extxyz:161,etch,coverage,trj_CF2_30eV_case1,148,Si,2.14012588944481,1.800536078742981,1.578258533954434,1.1903780911962376,2.708743083812306
deepmd,dft/qsd/qsd_data.extxyz:434,qsd,coverage,CF3_20eV_4_50_C_F,2,C,2.1130777572743167,1.8675482382303166,1.1803579210985107,1.1020955498957439,17.64301993410428
deepmd,dft/etch/trj_CF2_30eV.extxyz:959,etch,prior_outlier,trj_CF2_30eV_case1,96,O,2.107466362445002,1.9767635725607446,1.1719214990774764,0.9356815697661205,8.913435420859345
deepmd,dft/qsd/qsd_data.extxyz:497,qsd,coverage,CF3_20eV_4_98_Si_C,10,F,2.1067380991471403,1.9152406835829314,1.2520691250486138,1.309002378492874,14.701053880756508
deepmd,dft/etch/trj_CF2_30eV.extxyz:290,etch,coverage,trj_CF2_30eV_case1,147,Si,2.0970567165208855,1.8640606571394502,1.5728318409798296,1.1039021695784448,3.3302420921449536
deepmd,dft/qsd/qsd_data.extxyz:497,qsd,coverage,CF3_20eV_4_98_Si_C,11,F,2.096833380373649,1.7577294108580301,1.2969237527703779,1.309002378492874,2.004285904420075
deepmd,dft/qsd/qsd_data.extxyz:1214,qsd,coverage,CF_20eV_2_79_Si_C,28,C,2.082829080758961,1.690860954081117,1.2075925885827565,1.306619940839722,43.91590299397048
deepmd,dft/etch/trj_CF3_30eV.extxyz:354,etch,coverage,trj_CF3_30eV_case1,148,Si,2.0590613251575998,1.93189676554507,1.562689988449405,1.215606844337429,3.825485657037679
deepmd,dft/etch/trj_CF3_30eV.extxyz:580,etch,coverage,trj_CF3_30eV_case1,141,Si,2.047054451193968,1.6671705239714756,1.571337010319559,1.4886235252742723,2.299739610788578
deepmd,dft/etch/trj_CF3_30eV.extxyz:741,etch,coverage,trj_CF3_30eV_case1,149,Si,2.044419223258341,1.952092969543457,1.477362514753914,1.4182383438618476,8.921579220882814
deepmd,dft/qsd/qsd_data.extxyz:260,qsd,coverage,CF3_10eV_19_59_Si_C,4,F,2.0184590124990636,1.5549093146328783,1.215436785398564,1.351081189344298,16.300964860520406
deepmd,dft/etch/trj_CF3_30eV.extxyz:870,etch,coverage,trj_CF3_30eV_case1,139,Si,2.0005964334753994,1.6733797746186907,1.5751507864328425,1.3563922736435794,1.2917722868203205
deepmd,dft/qsd/qsd_data.extxyz:515,qsd,coverage,CF3_30eV_9_36_C_F,22,F,1.9940092838483627,1.9157967794785478,0.9860679530843708,1.2595609813740645,73.46477290265855
deepmd,dft/qsd/qsd_data.extxyz:229,qsd,coverage,CF3_10eV_19_59_C_C,1,C,1.985034031272096,1.6970222967805402,1.2596691198485428,1.351081189344298,16.34597668919805
deepmd,dft/qsd/qsd_data.extxyz:508,qsd,coverage,CF3_30eV_9_36_C_C,1,C,1.9815101457758035,1.7972584690567457,1.1646177297293743,1.2595609813740645,21.084797937487142
deepmd,dft/qsd/qsd_data.extxyz:1033,qsd,coverage,CF_20eV_2_52_F_F,33,F,1.9709217746078806,1.497322228179911,1.1400009003943818,1.240891345968694,46.310657978796065
deepmd,dft/qsd/qsd_data.extxyz:964,qsd,coverage,CF_10eV_4_98_F_F,22,F,1.9643350763102367,1.9257749880433366,1.1400009003943832,1.2757015281404969,44.76563003644508
deepmd,dft/etch/trj_CF2_30eV.extxyz:64,etch,coverage,trj_CF2_30eV_case1,6,F,1.958582705260047,1.485130255109726,1.4876155417311285,1.1752021102772092,3.056995906200236
deepmd,dft/qsd/qsd_data.extxyz:333,qsd,coverage,CF3_20eV_4_36_C_C,3,C,1.9572396755002754,1.6085487213046576,1.2338395236820714,1.2137258592037987,42.47560493479758
deepmd,dft/qsd/qsd_data.extxyz:527,qsd,coverage,CF3_30eV_9_36_F_F,1,C,1.9483492311961055,1.6739379190950023,1.2969237527703763,1.2595609813740645,8.699620029994989
deepmd,dft/FC/CF0.4_d3.2.extxyz:21,FC,coverage,dft/FC/CF0.4_d3.2.extxyz:melt,27,C,1.9384735871753982,1.655465578885213,1.1209466021991814,,15.683388485193689
deepmd,dft/etch/trj_CF3_30eV.extxyz:419,etch,coverage,trj_CF3_30eV_case1,149,Si,1.9373093698934172,1.4966187230066657,1.503495926166747,1.5253851972534673,7.790949963414603
deepmd,dft/FC/CF0.4_d3.2.extxyz:7,FC,coverage,dft/FC/CF0.4_d3.2.extxyz:melt,27,C,1.9329450229587717,1.2953498804194927,1.3765688685278339,,4.75974513513833
deepmd,dft/FC/CF0.4_d2.3.extxyz:28,FC,coverage,dft/FC/CF0.4_d2.3.extxyz:melt,98,C,1.9272712378439725,1.325234434986025,1.2884105293344974,,5.240070159157509
deepmd,dft/qsd/qsd_data.extxyz:1310,qsd,coverage,CF_30eV_18_3_F_C,6,F,1.8924367268912308,1.5431771877357416,1.2969237527703794,1.1431451005449835,6.045696478292803
deepmd,dft/FC/CF0.4_d3.2.extxyz:21,FC,coverage,dft/FC/CF0.4_d3.2.extxyz:melt,120,F,1.8923488333665677,1.552338746767223,1.1209466021991814,,15.082693224582504
deepmd,dft/qsd/qsd_data.extxyz:732,qsd,coverage,CF_10eV_4_54_C_C,0,C,1.8841286708197542,1.4302431999820024,1.2365414523985843,1.5765943405644969,14.653411993614695
deepmd,dft/FC/CF0.4_d3.2.extxyz:139,FC,coverage,dft/FC/CF0.4_d3.2.extxyz:quench,5,C,1.8803826762432032,1.732678340033881,1.402681871787243,,6.705999900427304
deepmd,dft/FC/CF0.4_d2.3.extxyz:0,FC,coverage,dft/FC/CF0.4_d2.3.extxyz:melt,61,C,1.8625587870229967,1.8202906672293842,1.280692884457472,,3.9844480028161993
deepmd,dft/etch/trj_CF2_30eV.extxyz:97,etch,coverage,trj_CF2_30eV_case1,92,O,1.855932831742987,1.22590075762392,1.2482387592123585,1.1132385189167686,2.178183241031158
deepmd,dft/FC/CF0.4_d2.3.extxyz:88,FC,coverage,dft/FC/CF0.4_d2.3.extxyz:quench,88,C,1.8517964006363226,1.59071097488887,1.4037959238436335,,1.9289941837237354
deepmd,dft/qsd/qsd_data.extxyz:1321,qsd,coverage,CF_30eV_18_3_O_C,78,Si,1.8328577831748627,1.3445487798026798,1.67830462324335,0.9940006483398287,8.065585788133493
deepmd,dft/qsd/qsd_data.extxyz:440,qsd,coverage,CF3_20eV_4_78_F_C,14,F,1.824805249252988,1.4665526865120677,1.2969287527848257,1.5805841200328443,6.0389535881353655
deepmd,dft/etch/trj_CF2_30eV.extxyz:290,etch,coverage,trj_CF2_30eV_case1,142,Si,1.8239828154498514,1.4164720065165994,1.6713467623446667,1.1039021695784448,5.428509565952335
deepmd,dft/FC/CF0.4_d3.2.extxyz:114,FC,coverage,dft/FC/CF0.4_d3.2.extxyz:quench,15,C,1.815209236930327,1.7169960145994452,1.3023870348709718,,12.705997632450986
deepmd,dft/FC/CF0.4_d3.2.extxyz:139,FC,coverage,dft/FC/CF0.4_d3.2.extxyz:quench,30,C,1.811203317097981,1.797361385704643,1.3962254729806358,,4.577391423202302
deepmd,dft/FC/CF0.4_d2.3.extxyz:28,FC,coverage,dft/FC/CF0.4_d2.3.extxyz:melt,93,C,1.8034081161191928,1.5534603684046269,1.3159517754461973,,6.217717890283057
deepmd,dft/qsd/qsd_data.extxyz:1007,qsd,coverage,CF_20eV_2_32_O_F,8,C,1.8032129048089907,1.6156433630969893,1.2969374130234639,1.1673245965882841,9.000449216720796
deepmd,dft/etch/trj_CF2_30eV.extxyz:677,etch,coverage,trj_CF2_30eV_case1,129,Si,1.799810133177957,1.641654835640788,1.5653753543479605,1.1622392180614114,2.6931840599619257
deepmd,dft/FC/CF0.4_d3.2.extxyz:28,FC,coverage,dft/FC/CF0.4_d3.2.extxyz:melt,3,C,1.7979777331091364,1.6719686420427895,1.339359993467029,,1.8971860147924346
deepmd,dft/etch/trj_CF3_30eV.extxyz:709,etch,coverage,trj_CF3_30eV_case1,149,Si,1.7959616455405882,1.5187550219192505,1.6233915116200412,1.1506954418959003,4.204515366304302
deepmd,dft/FC/CF0.2_d3.2.extxyz:49,FC,coverage,dft/FC/CF0.2_d3.2.extxyz:melt,48,C,1.7933494606386526,1.2662725153972438,1.208686880238979,,13.889525733873745
deepmd,dft/qsd/qsd_data.extxyz:450,qsd,coverage,CF3_20eV_4_78_O_C,0,C,1.7898035942747592,1.3168471242356299,1.2969324130424063,1.5805841200328443,7.029591161560962
deepmd,dft/FC/CF0.2_d2.3.extxyz:63,FC,coverage,dft/FC/CF0.2_d2.3.extxyz:quench,43,C,1.7883386948390574,1.0796440293486191,1.2154465541774775,,2.2486396858783313
deepmd,dft/qsd/qsd_data.extxyz:333,qsd,coverage,CF3_20eV_4_36_C_C,102,Si,1.7751364522928885,1.3712690909965044,1.2338395236820714,1.2137258592037987,51.56796943250486
deepmd,dft/FC/CF0.4_d3.2.extxyz:63,FC,coverage,dft/FC/CF0.4_d3.2.extxyz:quench,89,C,1.768483255806699,1.6512451048461436,1.2808628464437566,,13.157820334444342
deepmd,dft/FC/CF0.4_d2.3.extxyz:21,FC,coverage,dft/FC/CF0.4_d2.3.extxyz:melt,17,C,1.7626743890608814,1.3692861843934834,1.30543241927723,,8.71214269917579
deepmd,dft/FC/CF0.4_d3.2.extxyz:75,FC,coverage,dft/FC/CF0.4_d3.2.extxyz:quench,84,C,1.7618845163544936,1.3435179812198506,1.1976748795061207,,12.065609916074902
deepmd,dft/FC/CF0.2_d3.2.extxyz:28,FC,coverage,dft/FC/CF0.2_d3.2.extxyz:melt,106,C,1.7561060479940303,1.6578167536599298,1.4384958675552175,,5.87136239238339
deepmd,dft/FC/CF0.4_d2.3.extxyz:126,FC,coverage,dft/FC/CF0.4_d2.3.extxyz:quench,25,C,1.7550664504127789,1.192275583943367,1.4553357051209868,,9.54104301027419
deepmd,dft/FC/CF0.4_d3.2.extxyz:0,FC,coverage,dft/FC/CF0.4_d3.2.extxyz:melt,66,C,1.7475224348179874,1.210592831909696,1.5295192000429412,,5.5147026127676195
deepmd,dft/FC/CF0.2_d3.2.extxyz:0,FC,coverage,dft/FC/CF0.2_d3.2.extxyz:melt,118,C,1.7458676359288483,1.6578889355990647,1.253250200319153,,8.471775913378789
deepmd,dft/FC/CF0.4_d3.2.extxyz:139,FC,coverage,dft/FC/CF0.4_d3.2.extxyz:quench,10,C,1.7457715616473823,1.4725869967721104,1.4553120035580003,,3.9375219142016213
deepmd,dft/FC/CF0.2_d3.2.extxyz:50,FC,coverage,dft/FC/CF0.2_d3.2.extxyz:quench,62,C,1.7419929391424314,1.4472158328292581,1.4416138857197511,,1.7316126401712941
deepmd,dft/qsd/qsd_data.extxyz:522,qsd,coverage,CF3_30eV_9_36_F_C,24,F,1.7389335421636223,1.5740993641357575,1.2969237527703794,1.2595609813740645,5.700195739306064
deepmd,dft/FC/CF0.2_d2.3.extxyz:0,FC,coverage,dft/FC/CF0.2_d2.3.extxyz:melt,68,C,1.7323926595147705,1.3985230369842938,1.1869656979508658,,12.018096292913988
deepmd,dft/etch/trj_CF3_30eV.extxyz:129,etch,coverage,trj_CF3_30eV_case1,142,Si,1.7310315056302266,1.3081183228078483,1.6431068133265074,1.192476414861108,2.4054937008668302
deepmd,dft/FC/CF0.2_d3.2.extxyz:49,FC,coverage,dft/FC/CF0.2_d3.2.extxyz:melt,20,C,1.7304240346420052,1.2514045231674538,1.3363563823321989,,5.46027690721423
deepmd,dft/FC/CF0.4_d3.2.extxyz:63,FC,coverage,dft/FC/CF0.4_d3.2.extxyz:quench,10,C,1.7298450768518945,1.3265045473668096,1.4660948751700889,,6.3907191602139735
deepmd,dft/qsd/qsd_data.extxyz:480,qsd,coverage,CF3_20eV_4_98_F_F,11,F,1.7263134189061775,1.6491074315314087,1.2969287527848257,1.5846581323742983,20.93380607389046
deepmd,dft/qsd/qsd_data.extxyz:1007,qsd,coverage,CF_20eV_2_32_O_F,82,Si,1.7259378707428423,1.4250640923131928,1.603915659440982,1.1673245965882841,2.5517047685188814
deepmd,dft/etch/trj_CF3_30eV.extxyz:97,etch,coverage,trj_CF3_30eV_case1,141,Si,1.7230233964215071,1.1593802113847091,1.5797784654817908,1.1713667231059617,2.97308164237328
deepmd,dft/FC/CF0.4_d3.2.extxyz:49,FC,coverage,dft/FC/CF0.4_d3.2.extxyz:melt,9,C,1.720206768063032,1.2325031870682688,1.3448794550442058,,3.1055963785447074
deepmd,dft/FC/CF0.4_d2.3.extxyz:7,FC,coverage,dft/FC/CF0.4_d2.3.extxyz:melt,19,C,1.7185130245086375,1.3839342762270204,1.291873996061536,,4.125496926120052
deepmd,dft/etch/trj_CF2_30eV.extxyz:838,etch,coverage,trj_CF2_30eV_case1,145,Si,1.7130853434757196,1.474741352465093,1.5594229702040414,1.1536897329871678,3.1939395352374786
deepmd,dft/etch/trj_CF2_30eV.extxyz:773,etch,coverage,trj_CF2_30eV_case1,133,Si,1.7116394163294868,1.348286173537165,1.591571550386599,1.3949551964131324,2.432785835847866
deepmd,dft/FC/CF0.2_d2.3.extxyz:28,FC,coverage,dft/FC/CF0.2_d2.3.extxyz:melt,34,C,1.7095440369540393,1.3280109176518167,1.2864496519102484,,8.944485755510934
deepmd,dft/FC/CF0.2_d2.3.extxyz:28,FC,coverage,dft/FC/CF0.2_d2.3.extxyz:melt,116,C,1.69910772939094,1.4679066806917707,1.2864496519102484,,13.587886041034345
deepmd,dft/FC/CF0.4_d3.2.extxyz:49,FC,coverage,dft/FC/CF0.4_d3.2.extxyz:melt,40,C,1.6967711565625538,1.125286911110133,1.5879820406948537,,4.656303292452608
deepmd,dft/FC/CF0.2_d2.3.extxyz:63,FC,coverage,dft/FC/CF0.2_d2.3.extxyz:quench,86,C,1.6913121596012766,1.4410787508136695,1.3660027912855817,,2.4273022354387597
deepmd,dft/etch/trj_CF3_30eV.extxyz:354,etch,coverage,trj_CF3_30eV_case1,103,O,1.6904204662358242,1.3663565101929382,1.696525861871843,1.215606844337429,3.760715891509754
deepmd,dft/FC/CF0.4_d3.2.extxyz:42,FC,coverage,dft/FC/CF0.4_d3.2.extxyz:melt,95,C,1.6902594059213125,1.4212477288360967,1.3457594794761798,,4.699354394900112
deepmd,dft/etch/trj_CF3_30eV.extxyz:870,etch,coverage,trj_CF3_30eV_case1,143,Si,1.6902026217379975,1.4246585246442258,1.604898750700492,1.3563922736435794,2.3811389450504565
deepmd,dft/FC/CF0.2_d3.2.extxyz:49,FC,coverage,dft/FC/CF0.2_d3.2.extxyz:melt,47,C,1.6881007485848079,1.5748065266349283,1.3672707555199153,,10.431385255108594
deepmd,dft/FC/CF0.4_d2.3.extxyz:28,FC,coverage,dft/FC/CF0.4_d2.3.extxyz:melt,83,C,1.6875724523919204,1.52862482836188,1.2359018743007066,,9.933915153349862
deepmd,dft/qsd/qsd_data.extxyz:576,qsd,coverage,CF3_30eV_9_9_O_F,0,C,1.6859353578774077,1.3433410484331247,1.296932413042405,1.2299989203653803,10.580622116721162
deepmd,dft/FC/CF0.2_d2.3.extxyz:7,FC,coverage,dft/FC/CF0.2_d2.3.extxyz:melt,51,C,1.6853452943088876,1.250052254385859,1.3691331274204137,,8.457659840906999
deepmd,dft/etch/trj_CF3_30eV.extxyz:129,etch,coverage,trj_CF3_30eV_case1,140,Si,1.6821914849682817,1.2918062791958078,1.5928276742949945,1.192476414861108,2.6695000145413
deepmd,dft/FC/CF0.4_d3.2.extxyz:63,FC,coverage,dft/FC/CF0.4_d3.2.extxyz:quench,6,C,1.6807609728755957,1.5690857456655802,1.3646918211083412,,4.044891630990749
deepmd,dft/FC/CF0.4_d3.2.extxyz:7,FC,coverage,dft/FC/CF0.4_d3.2.extxyz:melt,30,C,1.679045696645545,1.5889402494342975,1.317070661506056,,5.795013462763051
deepmd,dft/FC/CF0.4_d2.3.extxyz:0,FC,coverage,dft/FC/CF0.4_d2.3.extxyz:melt,91,C,1.6631251246655703,1.5255103592226338,1.3795760778224595,,7.3320015237956
deepmd,dft/etch/trj_CF3_30eV.extxyz:548,etch,coverage,trj_CF3_30eV_case1,148,Si,1.660921386962323,1.5706233791780473,1.5577547945681294,1.513803157613297,3.0789760997440365
deepmd,dft/etch/trj_CF2_30eV.extxyz:32,etch,coverage,trj_CF2_30eV_case1,148,Si,1.6608712810929096,1.244120311067837,1.5609292104384491,1.1801694793545539,4.696362238526645
deepmd,dft/FC/CF0.2_d3.2.extxyz:126,FC,coverage,dft/FC/CF0.2_d3.2.extxyz:quench,79,C,1.658436811045106,1.1227385600177597,1.4056936918604732,,4.14585554148429
deepmd,dft/etch/trj_CF2_30eV.extxyz:645,etch,coverage,trj_CF2_30eV_case1,149,Si,1.6485990416282668,1.2601785038583335,1.6284348313641532,1.142716062720741,3.4806579048279076
deepmd,dft/etch/trj_CF3_30eV.extxyz:548,etch,coverage,trj_CF3_30eV_case1,140,Si,1.647485361215099,1.333944558452472,1.6040885262353772,1.513803157613297,1.9016334494767912
deepmd,dft/etch/trj_CF2_30eV.extxyz:902,etch,coverage,trj_CF2_30eV_case1,149,Si,1.6436072392711851,1.443491796094194,1.6690416411821514,1.386686698573258,1.7746348848396958
deepmd,dft/etch/trj_CF2_30eV.extxyz:161,etch,coverage,trj_CF2_30eV_case1,2,C,1.642319894444054,1.1678989508675635,1.1903780911962376,1.1903780911962376,3.3159441773529603
deepmd,dft/FC/CF0.2_d3.2.extxyz:63,FC,coverage,dft/FC/CF0.2_d3.2.extxyz:quench,16,C,1.6405945444849106,1.1215640800000877,1.4049642524517927,,4.054003193208535
deepmd,dft/etch/trj_CF2_30eV.extxyz:339,etch,prior_outlier,trj_CF2_30eV_case1,27,F,1.6367233361567903,1.361773735579554,1.369854006819703,1.363121417922852,19.21783306359515
deepmd,dft/etch/trj_CF2_30eV.extxyz:959,etch,prior_outlier,trj_CF2_30eV_case1,1,C,1.634637843893324,1.3384616385167387,1.1719214990774764,0.9356815697661205,9.130743849021613
deepmd,dft/etch/trj_CF2_30eV.extxyz:258,etch,coverage,trj_CF2_30eV_case1,142,Si,1.6345823618653241,1.5679409930677415,1.6012807374099018,1.5185519418182574,1.4624153157612239
deepmd,dft/etch/trj_CF2_30eV.extxyz:902,etch,coverage,trj_CF2_30eV_case1,104,O,1.630188969805933,1.1374677193105818,1.637956043366244,1.386686698573258,0.8937072725143284
deepmd,dft/FC/CF0.4_d2.3.extxyz:0,FC,coverage,dft/FC/CF0.4_d2.3.extxyz:melt,20,C,1.6237958295284685,1.2455950676020402,1.3089834181149895,,4.516888987613709
deepmd,dft/etch/trj_CF3_30eV.extxyz:322,etch,coverage,trj_CF3_30eV_case1,140,Si,1.6186044826653574,1.142281057467401,1.6116451222275958,1.3100381673829193,1.2580479869035202
deepmd,dft/etch/trj_CF2_30eV.extxyz:226,etch,coverage,trj_CF2_30eV_case1,144,Si,1.6172050710938068,1.2407611955571172,1.5358710883404245,1.1734564329364785,4.624659001094243
deepmd,dft/FC/CF0.4_d2.3.extxyz:101,FC,coverage,dft/FC/CF0.4_d2.3.extxyz:quench,10,C,1.6121711218921237,1.541667848329892,1.3234179579029446,,9.009125621192881
deepmd,dft/etch/trj_CF2_30eV.extxyz:959,etch,prior_outlier,trj_CF2_30eV_case1,97,O,1.6056784325362499,1.552289148896046,1.394058822288365,0.9356815697661205,2.194097509463743
deepmd,dft/FC/CF0.4_d2.3.extxyz:7,FC,coverage,dft/FC/CF0.4_d2.3.extxyz:melt,8,C,1.5999141319835932,1.1774020115147827,1.3795433284269867,,3.2575628707274404
deepmd,dft/qsd/qsd_data.extxyz:260,qsd,coverage,CF3_10eV_19_59_Si_C,97,Si,1.5999127875928247,1.2650026776205392,1.5878453386901403,1.351081189344298,7.198404172838866
deepmd,dft/FC/CF0.2_d3.2.extxyz:7,FC,coverage,dft/FC/CF0.2_d3.2.extxyz:melt,118,C,1.5977278889050022,1.1612343259280609,1.3651391496840175,,7.337060094406887
deepmd,dft/qsd/qsd_data.extxyz:1147,qsd,coverage,CF_20eV_2_76_C_F,44,F,1.5926541608547777,1.1640562237520218,1.2969237527703763,1.2835795392962583,10.755784377337806
deepmd,dft/qsd/qsd_data.extxyz:791,qsd,coverage,CF_10eV_4_5_O_F,2,C,1.5922667725641624,1.536794412459031,1.296932413042408,0.8609931820868285,9.862666376625643
deepmd,dft/FC/CF0.4_d3.2.extxyz:101,FC,coverage,dft/FC/CF0.4_d3.2.extxyz:quench,93,C,1.5832588656575135,1.46016847696781,1.3466026706493641,,2.1155668842825555
deepmd,dft/FC/CF0.4_d2.3.extxyz:35,FC,coverage,dft/FC/CF0.4_d2.3.extxyz:melt,21,C,1.583071642171329,1.4807225779469229,1.3713552047414777,,1.3748907091707325
deepmd,dft/FC/CF0.2_d2.3.extxyz:42,FC,coverage,dft/FC/CF0.2_d2.3.extxyz:melt,39,C,1.5789294808182617,1.1257736638802305,1.50310820149449,,4.810445557410352
deepmd,dft/FC/CF0.2_d3.2.extxyz:21,FC,coverage,dft/FC/CF0.2_d3.2.extxyz:melt,52,C,1.572271106948679,1.369749379535431,1.3146350508791407,,4.98934047911966
deepmd,dft/FC/CF0.2_d2.3.extxyz:14,FC,coverage,dft/FC/CF0.2_d2.3.extxyz:melt,13,C,1.5707404539809355,1.2249967890493147,1.366907513952572,,6.59334515694196
deepmd,dft/qsd/qsd_data.extxyz:1296,qsd,coverage,CF_30eV_18_13_Si_F,79,Si,1.5674018017909148,1.0498565164846703,1.1760035724860711,1.1698880128456748,49.130441635267815
deepmd,dft/etch/trj_CF2_30eV.extxyz:612,etch,coverage,trj_CF2_30eV_case1,2,C,1.5654342247149504,1.1172188072825122,1.2195900950729293,1.2195900950729293,4.3742821412085435
deepmd,dft/FC/CF0.2_d2.3.extxyz:75,FC,coverage,dft/FC/CF0.2_d2.3.extxyz:quench,46,C,1.5641074663124825,1.3641306410961151,1.2501220657599805,,5.065983478040468
deepmd,dft/FC/CF0.4_d2.3.extxyz:63,FC,coverage,dft/FC/CF0.4_d2.3.extxyz:quench,39,C,1.5633115690566681,1.3293750002493034,1.4314237138597363,,2.3854505772220476
deepmd,dft/FC/CF0.4_d2.3.extxyz:88,FC,coverage,dft/FC/CF0.4_d2.3.extxyz:quench,63,C,1.5591675400501566,1.3471205647735585,1.4213366166954493,,6.399539416305754
deepmd,dft/FC/CF0.4_d3.2.extxyz:35,FC,coverage,dft/FC/CF0.4_d3.2.extxyz:melt,38,C,1.555949442067152,1.4159111528145067,1.6430530227597648,,5.436573385013119
deepmd,dft/etch/trj_CF3_30eV.extxyz:354,etch,coverage,trj_CF3_30eV_case1,146,Si,1.5476642593560583,1.399565991643004,1.6291101865742537,1.215606844337429,4.203538742635067
deepmd,dft/FC/CF0.4_d3.2.extxyz:0,FC,coverage,dft/FC/CF0.4_d3.2.extxyz:melt,78,C,1.544026144718805,1.3311572730821286,1.4287607458742433,,3.591264506374461
deepmd,dft/FC/CF0.4_d3.2.extxyz:42,FC,coverage,dft/FC/CF0.4_d3.2.extxyz:melt,79,C,1.5434108523531644,1.1061564867981453,1.3424676854956326,,8.677705742251002
deepmd,dft/FC/CF0.4_d3.2.extxyz:14,FC,coverage,dft/FC/CF0.4_d3.2.extxyz:melt,40,C,1.5432172508744564,1.4449056206955335,1.2588870131191288,,9.096398536258347
deepmd,dft/FC/CF0.2_d2.3.extxyz:14,FC,coverage,dft/FC/CF0.2_d2.3.extxyz:melt,23,C,1.5381118782472014,1.1142760857542213,1.419180034139432,,3.3821205526339537
deepmd,dft/etch/trj_CF2_30eV.extxyz:709,etch,coverage,trj_CF2_30eV_case1,149,Si,1.537951625685674,1.0977203220391276,1.639176622576103,1.1512601791080939,4.920602270796737
deepmd,dft/FC/CF0.4_d2.3.extxyz:126,FC,coverage,dft/FC/CF0.4_d2.3.extxyz:quench,96,C,1.5365486309784888,1.1773089602951594,1.4210811964838599,,3.356716739960493
deepmd,dft/etch/trj_CF3_30eV.extxyz:935,etch,coverage,trj_CF3_30eV_case1,0,C,1.532660454198906,1.0589852939633206,1.2213107712617624,1.4882540105774957,6.388204077734602
deepmd,dft/FC/CF0.4_d2.3.extxyz:7,FC,coverage,dft/FC/CF0.4_d2.3.extxyz:melt,11,C,1.5323494539431648,1.488515268926775,1.3504338175193928,,5.623012766289349
deepmd,dft/FC/CF0.2_d2.3.extxyz:14,FC,coverage,dft/FC/CF0.2_d2.3.extxyz:melt,68,C,1.5299999287639414,1.1242318937503306,1.335569530537441,,9.201999033700721
deepmd,dft/FC/CF0.2_d2.3.extxyz:35,FC,coverage,dft/FC/CF0.2_d2.3.extxyz:melt,112,C,1.5294807853843202,1.4628748710190869,1.4352948529483402,,5.286823204990782
deepmd,dft/FC/CF0.2_d3.2.extxyz:35,FC,coverage,dft/FC/CF0.2_d3.2.extxyz:melt,3,C,1.5262868813419623,1.1106977937254836,1.409670463973762,,5.643731848441154
deepmd,dft/FC/CF0.2_d2.3.extxyz:7,FC,coverage,dft/FC/CF0.2_d2.3.extxyz:melt,85,C,1.5213265816109056,1.1166438011490816,1.3812960607342657,,3.616509514368101
deepmd,dft/FC/CF0.2_d3.2.extxyz:14,FC,coverage,dft/FC/CF0.2_d3.2.extxyz:melt,41,C,1.518532942405994,1.4877645158155617,1.3555335766231371,,7.413021424394847
deepmd,dft/FC/CF0.4_d2.3.extxyz:75,FC,coverage,dft/FC/CF0.4_d2.3.extxyz:quench,40,C,1.5178700238299758,1.2944065182602236,1.3791024121869988,,8.009509358331195
deepmd,dft/FC/CF0.2_d3.2.extxyz:63,FC,coverage,dft/FC/CF0.2_d3.2.extxyz:quench,11,C,1.5129563988985768,1.2761891293635328,1.4040653422829008,,5.998703434679947
deepmd,dft/etch/trj_CF3_30eV.extxyz:322,etch,coverage,trj_CF3_30eV_case1,146,Si,1.5110819555190436,1.1742364094885587,1.598937146982333,1.3100381673829193,2.547934063957307
deepmd,dft/FC/CF0.2_d2.3.extxyz:21,FC,coverage,dft/FC/CF0.2_d2.3.extxyz:melt,9,C,1.5098782124137198,1.3134299474338293,1.307506259172762,,6.033604281393502
deepmd,dft/FC/CF0.4_d2.3.extxyz:42,FC,coverage,dft/FC/CF0.4_d2.3.extxyz:melt,70,C,1.5087936856827064,0.992198205548263,1.5560210344015273,,7.219587897729759
deepmd,dft/etch/trj_CF3_30eV.extxyz:902,etch,coverage,trj_CF3_30eV_case1,139,Si,1.508429940548302,1.3972392216635345,1.5970597985047394,1.3346909754696015,1.240386866240126
deepmd,dft/FC/CF0.2_d2.3.extxyz:7,FC,coverage,dft/FC/CF0.2_d2.3.extxyz:melt,118,C,1.507935449235972,1.2611118282183855,1.3996892022516996,,3.0206216055005966
deepmd,dft/FC/CF0.2_d2.3.extxyz:35,FC,coverage,dft/FC/CF0.2_d2.3.extxyz:melt,77,C,1.50693231052373,1.2624345609079728,1.4569438775738748,,3.3805097512980193
deepmd,dft/FC/CF0.4_d3.2.extxyz:35,FC,coverage,dft/FC/CF0.4_d3.2.extxyz:melt,14,C,1.5042053691974056,1.2263054581855088,1.4443791941869004,,5.7983914007443484
deepmd,dft/FC/CF0.2_d3.2.extxyz:0,FC,coverage,dft/FC/CF0.2_d3.2.extxyz:melt,98,C,1.5031136908600247,1.4400033534782237,1.4911329129817783,,3.2074136254971854
deepmd,dft/FC/CF0.2_d3.2.extxyz:14,FC,coverage,dft/FC/CF0.2_d3.2.extxyz:melt,62,C,1.500686873824546,1.1987562997925503,1.3105571932578906,,6.390858404796182
deepmd,dft/FC/CF0.4_d3.2.extxyz:101,FC,coverage,dft/FC/CF0.4_d3.2.extxyz:quench,84,C,1.4992987983412114,1.3257281460364663,1.2718787089163515,,9.47863892086274
deepmd,dft/FC/CF0.2_d3.2.extxyz:101,FC,coverage,dft/FC/CF0.2_d3.2.extxyz:quench,135,F,1.497358512780923,0.9519602762571795,1.7746037667039933,,3.2490586389612917
deepmd,dft/FC/CF0.4_d2.3.extxyz:88,FC,coverage,dft/FC/CF0.4_d2.3.extxyz:quench,83,C,1.4937494171178827,1.3094835970073193,1.3149400741599087,,6.3919978179436985
deepmd,dft/etch/trj_CF3_30eV.extxyz:64,etch,coverage,trj_CF3_30eV_case1,147,Si,1.492918480015733,1.4591528982100783,1.496829983665478,1.3714955340794934,4.520385332416143
deepmd,dft/FC/CF0.4_d2.3.extxyz:50,FC,coverage,dft/FC/CF0.4_d2.3.extxyz:quench,100,C,1.4919993328583059,0.8888397097040639,1.4127891715326815,,4.278909547171218
deepmd,dft/FC/CF0.2_d2.3.extxyz:139,FC,coverage,dft/FC/CF0.2_d2.3.extxyz:quench,17,C,1.4889570133654166,1.3482752225165369,1.3093964145742876,,9.655014911034419
deepmd,dft/FC/CF0.4_d3.2.extxyz:0,FC,coverage,dft/FC/CF0.4_d3.2.extxyz:melt,13,C,1.4884886028307323,1.301414742080178,1.2362347214956246,,15.167306209332262
deepmd,dft/FC/CF0.4_d3.2.extxyz:50,FC,coverage,dft/FC/CF0.4_d3.2.extxyz:quench,31,C,1.4881646890111047,1.2878887754204644,1.4762240611099662,,4.8463297231330635
deepmd,dft/FC/CF0.2_d2.3.extxyz:101,FC,coverage,dft/FC/CF0.2_d2.3.extxyz:quench,17,C,1.4806523630302197,1.140110255687846,1.3435291185158578,,5.885474469793663
deepmd,dft/FC/CF0.4_d2.3.extxyz:42,FC,coverage,dft/FC/CF0.4_d2.3.extxyz:melt,33,C,1.4754575528654403,1.461414439829503,1.4486879823481655,,7.083405426969856
deepmd,dft/FC/CF0.2_d2.3.extxyz:49,FC,coverage,dft/FC/CF0.2_d2.3.extxyz:melt,97,C,1.4721635295269118,0.955560248408335,1.4723867652896103,,3.3744660367207726
deepmd,dft/FC/CF0.2_d2.3.extxyz:35,FC,coverage,dft/FC/CF0.2_d2.3.extxyz:melt,92,C,1.4703275810608467,1.285780470855908,1.273675046862424,,7.74368970508097
deepmd,dft/FC/CF0.2_d3.2.extxyz:21,FC,coverage,dft/FC/CF0.2_d3.2.extxyz:melt,3,C,1.4664682281285653,1.1105248729392558,1.2878522710670017,,3.4447834720797768
deepmd,dft/etch/trj_CF3_30eV.extxyz:322,etch,coverage,trj_CF3_30eV_case1,144,Si,1.4562499088291185,1.229157705354631,1.5272524349301253,1.3100381673829193,4.207558957272376
deepmd,dft/qsd/qsd_data.extxyz:758,qsd,coverage,CF_10eV_4_54_Si_C,3,C,1.450911639273838,1.123445442882292,1.2365414523985843,1.3090023784928768,2.511290100383665
deepmd,dft/FC/CF0.4_d3.2.extxyz:49,FC,coverage,dft/FC/CF0.4_d3.2.extxyz:melt,55,C,1.448815406820217,1.4117087336085934,1.41241694824864,,5.54497459477291
deepmd,dft/etch/trj_CF3_30eV.extxyz:64,etch,coverage,trj_CF3_30eV_case1,98,O,1.4474897378804688,1.3590765519736072,1.5654392354863187,1.3714955340794934,3.3024371277747284
deepmd,dft/FC/CF0.2_d3.2.extxyz:0,FC,coverage,dft/FC/CF0.2_d3.2.extxyz:melt,15,C,1.4440334053252004,1.009348912538016,1.253250200319153,,11.343349898736484
deepmd,dft/etch/trj_CF2_30eV.extxyz:612,etch,coverage,trj_CF2_30eV_case1,84,O,1.4430474352491167,1.3078719237386203,1.2195900950729293,1.2195900950729293,5.473757566830668
deepmd,dft/FC/CF0.2_d3.2.extxyz:21,FC,coverage,dft/FC/CF0.2_d3.2.extxyz:melt,57,C,1.4393413618271995,1.4051332808324664,1.2684026773898127,,13.148304561652768
deepmd,dft/etch/trj_CF2_30eV.extxyz:97,etch,coverage,trj_CF2_30eV_case1,93,O,1.4388841966292567,0.952434683007005,1.3872274507087863,1.1132385189167686,2.6991732706577025
deepmd,dft/FC/CF0.4_d2.3.extxyz:49,FC,coverage,dft/FC/CF0.4_d2.3.extxyz:melt,40,C,1.43838638877899,0.9494440153680904,1.3810314424733416,,3.6675382514206993
deepmd,dft/FC/CF0.2_d3.2.extxyz:42,FC,coverage,dft/FC/CF0.2_d3.2.extxyz:melt,100,C,1.4368972484586917,1.381448815852374,1.3431591455222267,,8.802406605084146
deepmd,dft/etch/trj_CF3_30eV.extxyz:97,etch,coverage,trj_CF3_30eV_case1,149,Si,1.4358393320273832,1.3820902742068768,1.5260406285548227,1.1713667231059617,4.889467030422641
deepmd,dft/qsd/qsd_data.extxyz:1299,qsd,coverage,CF_30eV_18_3_C_C,2,C,1.4354884878620684,0.990677475893557,1.2969287527848241,1.1431451005449835,1.048260544004686
deepmd,dft/etch/trj_CF2_30eV.extxyz:226,etch,coverage,trj_CF2_30eV_case1,142,Si,1.4350029261103692,1.3888637567861677,1.4942891286494717,1.1734564329364785,9.17633804092553
deepmd,dft/FC/CF0.2_d3.2.extxyz:50,FC,coverage,dft/FC/CF0.2_d3.2.extxyz:quench,19,C,1.4319649207764669,1.1030265896671638,1.4454122890372847,,7.160486501094881
deepmd,dft/FC/CF0.4_d2.3.extxyz:126,FC,coverage,dft/FC/CF0.4_d2.3.extxyz:quench,38,C,1.4283382310332213,1.2183171183710026,1.3920253663875752,,3.664858276728447
deepmd,dft/etch/trj_CF2_30eV.extxyz:64,etch,coverage,trj_CF2_30eV_case1,76,O,1.4263046621671278,1.2617272540918494,1.2161003248087714,1.1752021102772092,4.878763096558593
deepmd,dft/FC/CF0.2_d2.3.extxyz:21,FC,coverage,dft/FC/CF0.2_d2.3.extxyz:melt,27,C,1.424523054646358,1.0836227520577584,1.2924915872066634,,10.390607485752168
deepmd,dft/qsd/qsd_data.extxyz:311,qsd,coverage,CF3_10eV_19_84_F_F,3,F,1.4185439472070507,1.2678628421334028,1.1400009003943803,1.5883613265563985,49.32297890069468
deepmd,dft/FC/CF0.2_d2.3.extxyz:63,FC,coverage,dft/FC/CF0.2_d2.3.extxyz:quench,22,C,1.4165682396326005,0.8633319582029282,1.251393370847073,,6.967082348576483
deepmd,dft/FC/CF0.2_d3.2.extxyz:114,FC,coverage,dft/FC/CF0.2_d3.2.extxyz:quench,39,C,1.4148627983100386,1.0128156511330269,1.4091863261825939,,3.458542824532465
deepmd,dft/etch/trj_CF3_30eV.extxyz:967,etch,coverage,trj_CF3_30eV_case1,125,Si,1.4136979641504384,1.2072759776689708,1.5640332477284493,1.2922074136917818,3.151492524171047
deepmd,dft/FC/CF0.4_d3.2.extxyz:42,FC,coverage,dft/FC/CF0.4_d3.2.extxyz:melt,82,C,1.4125739885452426,1.125279208170078,1.3457594794761798,,6.8403697112890764
deepmd,dft/FC/CF0.4_d2.3.extxyz:63,FC,coverage,dft/FC/CF0.4_d2.3.extxyz:quench,7,C,1.410008845721866,1.3159792468358145,1.353108536016659,,8.575199992176334
deepmd,dft/FC/CF0.2_d2.3.extxyz:50,FC,coverage,dft/FC/CF0.2_d2.3.extxyz:quench,0,C,1.4099921608483603,1.0561488244471136,1.3413731903064046,,5.215253221012954
deepmd,dft/FC/CF0.4_d3.2.extxyz:35,FC,coverage,dft/FC/CF0.4_d3.2.extxyz:melt,95,C,1.4097724952473925,0.9264576026841489,1.2258922834001365,,10.787066067523366
deepmd,dft/FC/CF0.4_d3.2.extxyz:7,FC,coverage,dft/FC/CF0.4_d3.2.extxyz:melt,2,C,1.4088666384078639,1.0424579513341223,1.5194994009212377,,7.270590126293601
deepmd,dft/FC/CF0.4_d3.2.extxyz:101,FC,coverage,dft/FC/CF0.4_d3.2.extxyz:quench,32,C,1.40511951948001,1.1967351710569347,1.3466026706493641,,3.5755370570595404
deepmd,dft/etch/trj_CF3_30eV.extxyz:612,etch,coverage,trj_CF3_30eV_case1,148,Si,1.4047717673396167,1.346658387666002,1.4515164484083547,1.4515164484083547,10.727871986440228
deepmd,dft/qsd/qsd_data.extxyz:790,qsd,coverage,CF_10eV_4_5_O_F,7,F,1.4045205247287127,1.1284734790570283,1.296932413042405,1.1995447063782159,14.096949391903767
deepmd,dft/FC/CF0.4_d3.2.extxyz:28,FC,coverage,dft/FC/CF0.4_d3.2.extxyz:melt,33,C,1.4029400479126317,1.152154293221797,1.4659357520027947,,3.6775637278728426
deepmd,dft/FC/CF0.2_d3.2.extxyz:50,FC,coverage,dft/FC/CF0.2_d3.2.extxyz:quench,35,C,1.4006701264002448,1.1979515327652694,1.510007407332825,,5.620239329254049
deepmd,dft/qsd/qsd_data.extxyz:1006,qsd,coverage,CF_20eV_2_32_O_F,78,Si,1.3978209730076978,0.9849791771701947,1.662415039693759,1.1673245965882841,2.723752694791875
deepmd,dft/FC/CF0.4_d3.2.extxyz:151,FC,coverage,dft/FC/CF0.4_d3.2.extxyz:anneal,1,C,1.3967670183143437,1.396520668233752,1.3478976752082807,,2.984112812534405
deepmd,dft/FC/CF0.2_d2.3.extxyz:42,FC,coverage,dft/FC/CF0.2_d2.3.extxyz:melt,116,C,1.39278824178611,1.3153343667602277,1.4191116225653289,,4.6934705784148685
deepmd,dft/FC/CF0.2_d2.3.extxyz:42,FC,coverage,dft/FC/CF0.2_d2.3.extxyz:melt,87,C,1.3921148868466993,1.0105544958775319,1.4555607849210552,,6.292663181753017
deepmd,dft/qsd/qsd_data.extxyz:757,qsd,coverage,CF_10eV_4_54_Si_C,5,C,1.3910787022457811,0.9611149131399097,1.296932413042405,1.5765943405644969,9.596770063612704
deepmd,dft/FC/CF0.4_d3.2.extxyz:14,FC,coverage,dft/FC/CF0.4_d3.2.extxyz:melt,30,C,1.3887194460240813,1.224440518165828,1.2588870131191288,,11.215253530747711
deepmd,dft/qsd/qsd_data.extxyz:964,qsd,coverage,CF_10eV_4_98_F_F,15,F,1.3867830701297554,1.0790643905341568,1.1400009003943832,1.2757015281404969,51.24615769618902
deepmd,dft/etch/trj_CF3_30eV.extxyz:451,etch,coverage,trj_CF3_30eV_case1,148,Si,1.3832599247013286,1.2563436007890105,1.5758489775356017,1.303687079018582,2.773575606173735
deepmd,dft/FC/CF0.4_d2.3.extxyz:35,FC,coverage,dft/FC/CF0.4_d2.3.extxyz:melt,79,C,1.3800765834801392,1.2295026377301848,1.2815928219992498,,5.4775271901328795
deepmd,dft/FC/CF0.4_d2.3.extxyz:49,FC,coverage,dft/FC/CF0.4_d2.3.extxyz:melt,50,C,1.3797209197435778,1.1463649237637688,1.5169324884450193,,1.3118487483780286
deepmd,dft/FC/CF0.4_d2.3.extxyz:35,FC,coverage,dft/FC/CF0.4_d2.3.extxyz:melt,41,C,1.374343097998386,1.2206886501382768,1.2979940974827278,,4.4944216104493355
deepmd,dft/FC/CF0.4_d3.2.extxyz:114,FC,coverage,dft/FC/CF0.4_d3.2.extxyz:quench,91,C,1.3729001424759035,1.3106353038620542,1.3023870348709718,,4.831683102941872
deepmd,dft/FC/CF0.4_d2.3.extxyz:14,FC,coverage,dft/FC/CF0.4_d2.3.extxyz:melt,73,C,1.3728479308431323,1.1178705486538392,1.281648014237919,,9.013042407000036
deepmd,dft/FC/CF0.4_d2.3.extxyz:139,FC,coverage,dft/FC/CF0.4_d2.3.extxyz:quench,43,C,1.372481526695449,0.9424270628251072,1.3331163007779936,,10.478815686668462
deepmd,dft/qsd/qsd_data.extxyz:229,qsd,coverage,CF3_10eV_19_59_C_C,10,F,1.3714633359090933,1.0851253670733123,1.296928752784823,1.351081189344298,4.514418185993518
deepmd,dft/FC/CF0.4_d2.3.extxyz:21,FC,coverage,dft/FC/CF0.4_d2.3.extxyz:melt,9,C,1.369126202426406,1.1009200510786454,1.254950434685475,,6.404164379987368
deepmd,dft/FC/CF0.4_d3.2.extxyz:88,FC,coverage,dft/FC/CF0.4_d3.2.extxyz:quench,83,C,1.36564269670427,1.2249410257683397,1.3544621379026784,,1.0183120490841695
deepmd,dft/FC/CF0.4_d3.2.extxyz:151,FC,coverage,dft/FC/CF0.4_d3.2.extxyz:anneal,83,C,1.361247063332168,1.2813398901081383,1.3484664699611146,,1.8039272274911757
deepmd,dft/FC/CF0.4_d2.3.extxyz:101,FC,coverage,dft/FC/CF0.4_d2.3.extxyz:quench,26,C,1.358656582760917,0.9479082611318603,1.3990450152157357,,2.7902557487852255
deepmd,dft/FC/CF0.4_d3.2.extxyz:172,FC,coverage,dft/FC/CF0.4_d3.2.extxyz:anneal,5,C,1.3576612020943435,1.125319345092375,1.3154529124982006,,2.116601466170474
deepmd,dft/qsd/qsd_data.extxyz:1214,qsd,coverage,CF_20eV_2_79_Si_C,19,C,1.356241590785878,1.3314994135074616,1.358331819733308,1.306619940839722,0.1680436543431498
deepmd,dft/FC/CF0.4_d3.2.extxyz:75,FC,coverage,dft/FC/CF0.4_d3.2.extxyz:quench,59,C,1.3561889642934215,1.335755229154461,1.3508145478192042,,8.21832442507936
deepmd,dft/FC/CF0.4_d3.2.extxyz:126,FC,coverage,dft/FC/CF0.4_d3.2.extxyz:quench,8,C,1.3531231851106293,1.0671482781443595,1.3755044904325102,,3.550539764578197
deepmd,dft/qsd/qsd_data.extxyz:660,qsd,coverage,CF_10eV_4_37_Si_F,88,Si,1.3522599882199469,1.285921417105008,1.5538596526391955,1.371796809662423,0.13593500721300603
deepmd,dft/qsd/qsd_data.extxyz:1237,qsd,coverage,CF_30eV_18_12_F_F,81,Si,1.3518227067850728,0.9488359454144759,1.2596744670747282,1.1728677049437417,33.14599979240845
deepmd,dft/qsd/qsd_data.extxyz:532,qsd,coverage,CF3_30eV_9_36_O_C,1,C,1.3504045063998467,0.985234783837095,1.296932413042408,1.2595609813740645,7.071591712028134
deepmd,dft/FC/CF0.4_d3.2.extxyz:75,FC,coverage,dft/FC/CF0.4_d3.2.extxyz:quench,91,C,1.3487247275670662,0.9706770561041127,1.4009562679113159,,6.919509741286445
deepmd,dft/FC/CF0.4_d3.2.extxyz:28,FC,coverage,dft/FC/CF0.4_d3.2.extxyz:melt,62,C,1.3464190921175354,0.9263452600752897,1.2736785696163695,,9.38571196558306
deepmd,dft/FC/CF0.4_d2.3.extxyz:42,FC,coverage,dft/FC/CF0.4_d2.3.extxyz:melt,93,C,1.3450242335802847,0.9630530956420899,1.3520065873730052,,5.18371434569489
deepmd,dft/etch/trj_CF3_30eV.extxyz:870,etch,coverage,trj_CF3_30eV_case1,129,Si,1.344716763450813,0.9662614089255687,1.6118932967166293,1.3563922736435794,2.015709728119106
deepmd,dft/FC/CF0.2_d3.2.extxyz:35,FC,coverage,dft/FC/CF0.2_d3.2.extxyz:melt,92,C,1.34396114244607,1.2287188799956683,1.322490600231244,,6.5132506456996575
deepmd,dft/qsd/qsd_data.extxyz:1213,qsd,coverage,CF_20eV_2_79_Si_C,19,C,1.3436521187346149,1.3239560350208284,1.358331819733308,1.306619940839722,0.16392511266733964
deepmd,dft/FC/CF0.4_d2.3.extxyz:49,FC,coverage,dft/FC/CF0.4_d2.3.extxyz:melt,99,C,1.3406197249247562,1.2539689943590728,1.4805272200807384,,1.5625094926962844
deepmd,dft/etch/trj_CF2_30eV.extxyz:516,etch,coverage,trj_CF2_30eV_case1,0,C,1.3393426346488764,1.2003440851384775,1.310190825796002,1.2709838708654015,3.1201881537357647
deepmd,dft/etch/trj_CF3_30eV.extxyz:516,etch,coverage,trj_CF3_30eV_case1,142,Si,1.339024923457336,1.3131025098229647,1.562497999998721,1.5355455056754266,5.040510738942831
deepmd,dft/FC/CF0.2_d3.2.extxyz:35,FC,coverage,dft/FC/CF0.2_d3.2.extxyz:melt,68,C,1.3366700465031804,1.2408651315635515,1.3493454161555523,,7.376100696412638
deepmd,dft/etch/trj_CF3_30eV.extxyz:161,etch,coverage,trj_CF3_30eV_case1,145,Si,1.3366050408124504,1.238150138842821,1.6305213890041417,1.2038687636117167,3.0774372035609434
deepmd,dft/etch/trj_CF3_30eV.extxyz:580,etch,coverage,trj_CF3_30eV_case1,135,Si,1.3361550210037139,0.9579523810895085,1.59590099943574,1.4886235252742723,1.5376795411834028
deepmd,dft/qsd/qsd_data.extxyz:661,qsd,coverage,CF_10eV_4_37_Si_F,86,Si,1.3344904501393449,1.0331261380298926,1.1760035724860711,1.1760035724860711,46.20200933316867
deepmd,dft/qsd/qsd_data.extxyz:581,qsd,coverage,CF3_30eV_9_9_Si_C,11,F,1.333964361513846,1.2516853628552411,1.2969287527848257,1.5826712245757153,6.350301735640914
deepmd,dft/FC/CF0.2_d2.3.extxyz:28,FC,coverage,dft/FC/CF0.2_d2.3.extxyz:melt,48,C,1.3328381034662056,1.3238787872486784,1.3929196261450258,,3.4231600760799954
deepmd,dft/etch/trj_CF2_30eV.extxyz:451,etch,coverage,trj_CF2_30eV_case1,1,C,1.3307516314355705,0.9975082664568451,1.3118688958886113,1.2043670536842155,3.703221339574641
deepmd,dft/FC/CF0.2_d2.3.extxyz:0,FC,coverage,dft/FC/CF0.2_d2.3.extxyz:melt,55,C,1.3303970046641358,0.8772419096924584,1.4290186424256324,,3.89540986208653
deepmd,dft/FC/CF0.4_d3.2.extxyz:14,FC,coverage,dft/FC/CF0.4_d3.2.extxyz:melt,44,C,1.329348209296613,1.0441666558543088,1.387940857898632,,4.55466080800294
deepmd,dft/qsd/qsd_data.extxyz:1296,qsd,coverage,CF_30eV_18_13_Si_F,50,O,1.3282192196139515,1.0906471523360703,1.6432028873209754,1.1698880128456748,0.7192534917801928
deepmd,dft/FC/CF0.4_d2.3.extxyz:50,FC,coverage,dft/FC/CF0.4_d2.3.extxyz:quench,91,C,1.3273168623878362,1.0410430645189135,1.3782777142648501,,3.6981564708071777
deepmd,dft/FC/CF0.2_d2.3.extxyz:101,FC,coverage,dft/FC/CF0.2_d2.3.extxyz:quench,25,C,1.322344723803648,0.9595881784996525,1.3459298666349595,,3.44172059109292
deepmd,dft/FC/CF0.4_d2.3.extxyz:63,FC,coverage,dft/FC/CF0.4_d2.3.extxyz:quench,65,C,1.3205868719502465,1.1904025335898885,1.374218582358717,,10.766683046488179
deepmd,dft/FC/CF0.4_d2.3.extxyz:101,FC,coverage,dft/FC/CF0.4_d2.3.extxyz:quench,1,C,1.3197668431921912,1.1701092235654817,1.233685222656088,,8.136566747385595
deepmd,dft/FC/CF0.4_d2.3.extxyz:139,FC,coverage,dft/FC/CF0.4_d2.3.extxyz:quench,77,C,1.3184357171848748,1.2090074416678784,1.3331163007779936,,5.110840131533268
deepmd,dft/FC/CF0.2_d3.2.extxyz:126,FC,coverage,dft/FC/CF0.2_d3.2.extxyz:quench,91,C,1.3147711585243502,0.9827732667338305,1.4002834571299323,,5.108010813620798
deepmd,dft/FC/CF0.4_d2.3.extxyz:14,FC,coverage,dft/FC/CF0.4_d2.3.extxyz:melt,43,C,1.313822402778739,0.8952558950974048,1.3657791858129922,,4.171627386468979
deepmd,dft/FC/CF0.2_d2.3.extxyz:49,FC,coverage,dft/FC/CF0.2_d2.3.extxyz:melt,64,C,1.3130456585480264,0.8789098576368671,1.4284760634303488,,1.4094793773610168
deepmd,dft/qsd/qsd_data.extxyz:440,qsd,coverage,CF3_20eV_4_78_F_C,94,Si,1.3115842781517582,1.0434139825053217,1.5869049269883813,1.5805841200328443,12.919393461031907
deepmd,dft/FC/CF0.2_d3.2.extxyz:28,FC,coverage,dft/FC/CF0.2_d3.2.extxyz:melt,113,C,1.3087022007721978,0.8951117037824372,1.3779497259697113,,6.203661168032148
deepmd,dft/FC/CF0.4_d2.3.extxyz:50,FC,coverage,dft/FC/CF0.4_d2.3.extxyz:quench,27,C,1.3064373501461952,1.2810533081644389,1.473286961791783,,5.184095743108628
deepmd,dft/FC/CF0.4_d3.2.extxyz:161,FC,coverage,dft/FC/CF0.4_d3.2.extxyz:anneal,46,C,1.3018125177253563,1.2952708468629122,1.356733231036964,,2.105028892417869
deepmd,dft/qsd/qsd_data.extxyz:333,qsd,coverage,CF3_20eV_4_36_C_C,2,C,1.2935622218020795,1.2011653930957635,1.342733009462418,1.2137258592037987,0.8450190588111015
deepmd,dft/etch/trj_CF3_30eV.extxyz:161,etch,coverage,trj_CF3_30eV_case1,146,Si,1.2897187336617006,0.9330091639428139,1.572704676663739,1.2038687636117167,2.942723897134931
deepmd,dft/FC/CF0.4_d3.2.extxyz:193,FC,coverage,dft/FC/CF0.4_d3.2.extxyz:anneal,5,C,1.2894348975333374,1.0041943766163572,1.3402307101764241,,1.960199425980428
deepmd,dft/etch/trj_CF2_30eV.extxyz:258,etch,coverage,trj_CF2_30eV_case1,141,Si,1.2889978830254818,1.0294521420664788,1.565311470602577,1.5185519418182574,2.105038201861667
deepmd,dft/qsd/qsd_data.extxyz:1327,qsd,coverage,CF_30eV_18_3_O_F,99,Si,1.2834014510917888,1.026553931427896,1.5912669656597522,1.1431451005449835,6.282456857795762
deepmd,dft/etch/trj_CF2_30eV.extxyz:806,etch,coverage,trj_CF2_30eV_case1,137,Si,1.2833575914866173,1.1435111872069947,1.669401090211696,1.1416654501210053,0.669748105718859
deepmd,dft/FC/CF0.2_d3.2.extxyz:42,FC,coverage,dft/FC/CF0.2_d3.2.extxyz:melt,60,C,1.2805184905815965,1.0714097670616276,1.2245063507389415,,11.667882610458078
deepmd,dft/etch/trj_CF3_30eV.extxyz:902,etch,coverage,trj_CF3_30eV_case1,142,Si,1.2795216451986435,0.944837506547184,1.6414932226482113,1.3346909754696015,0.8408674089831285
deepmd,dft/FC/CF0.2_d3.2.extxyz:63,FC,coverage,dft/FC/CF0.2_d3.2.extxyz:quench,128,F,1.279449225154705,1.2045107222612792,1.6885707596959028,,4.531082594327099
deepmd,dft/FC/CF0.2_d3.2.extxyz:126,FC,coverage,dft/FC/CF0.2_d3.2.extxyz:quench,20,C,1.2783769278378885,1.1949216596102992,1.3496544032084659,,6.314256182766186
deepmd,dft/FC/CF0.4_d2.3.extxyz:21,FC,coverage,dft/FC/CF0.4_d2.3.extxyz:melt,73,C,1.2753975891415361,1.2489236995020185,1.2125804575738737,,9.370305195417542
deepmd,dft/FC/CF0.2_d2.3.extxyz:49,FC,coverage,dft/FC/CF0.2_d2.3.extxyz:melt,11,C,1.2752430455012143,1.1709647087380448,1.4687097896453214,,1.9857661063063292
deepmd,dft/etch/trj_CF2_30eV.extxyz:806,etch,coverage,trj_CF2_30eV_case1,66,O,1.2728363123334527,0.9960619505012929,1.5108275877809498,1.1416654501210053,3.7143405494255637
deepmd,dft/etch/trj_CF2_30eV.extxyz:64,etch,coverage,trj_CF2_30eV_case1,110,Si,1.2715469728421835,1.2026930698402558,1.5953369550035499,1.1752021102772092,1.9838955222027193
deepmd,dft/FC/CF0.2_d2.3.extxyz:75,FC,coverage,dft/FC/CF0.2_d2.3.extxyz:quench,89,C,1.2640995660739618,1.1313048223222637,1.2805517814208054,,9.04496690017769
deepmd,dft/etch/trj_CF3_30eV.extxyz:451,etch,coverage,trj_CF3_30eV_case1,107,Si,1.261074355854757,0.9688224884872139,1.5902829936838276,1.303687079018582,2.361733039871357
deepmd,dft/FC/CF0.4_d3.2.extxyz:50,FC,coverage,dft/FC/CF0.4_d3.2.extxyz:quench,40,C,1.260211746021073,0.9756352995003441,1.3890337328517257,,3.4166756351901477
deepmd,dft/FC/CF0.4_d2.3.extxyz:14,FC,coverage,dft/FC/CF0.4_d2.3.extxyz:melt,100,C,1.2533372897358943,0.9515785773624814,1.281648014237919,,4.168470403232702
deepmd,dft/FC/CF0.4_d3.2.extxyz:151,FC,coverage,dft/FC/CF0.4_d3.2.extxyz:anneal,8,C,1.2527022599680249,1.0815920331993103,1.3478976752082807,,2.4917492554075342
deepmd,dft/FC/CF0.2_d2.3.extxyz:88,FC,coverage,dft/FC/CF0.2_d2.3.extxyz:quench,16,C,1.2503570276312732,1.193548610456355,1.3713170803284795,,5.327842752369668
deepmd,dft/qsd/qsd_data.extxyz:1214,qsd,coverage,CF_20eV_2_79_Si_C,42,F,1.246992774769758,1.0160580824042729,1.2969374130234659,1.306619940839722,2.6834129008413896
deepmd,dft/etch/trj_CF3_30eV.extxyz:548,etch,coverage,trj_CF3_30eV_case1,135,Si,1.2465808910170044,0.8910640794213389,1.5462535367784935,1.513803157613297,4.998574705581882
deepmd,dft/qsd/qsd_data.extxyz:757,qsd,coverage,CF_10eV_4_54_Si_C,13,F,1.2456684058322423,0.9775210757106931,1.4882650182679178,1.5765943405644969,9.066264484989613
deepmd,dft/FC/CF0.2_d3.2.extxyz:28,FC,coverage,dft/FC/CF0.2_d3.2.extxyz:melt,14,C,1.2418016565182706,1.0466290436620413,1.35911045167231,,4.144847157032573
deepmd,dft/etch/trj_CF3_30eV.extxyz:161,etch,coverage,trj_CF3_30eV_case1,149,Si,1.2416022167880996,0.9583269167081117,1.589308025525575,1.2038687636117167,4.12634282214881
deepmd,dft/FC/CF0.4_d3.2.extxyz:50,FC,coverage,dft/FC/CF0.4_d3.2.extxyz:quench,81,C,1.2381014930891618,0.9926198844336197,1.3247324170106218,,6.616306625080416
deepmd,dft/qsd/qsd_data.extxyz:532,qsd,coverage,CF3_30eV_9_36_O_C,86,Si,1.2378180766142064,1.2301475694491417,1.583804590756069,1.2595609813740645,2.664407500728821
deepmd,dft/etch/trj_CF2_30eV.extxyz:709,etch,coverage,trj_CF2_30eV_case1,2,C,1.2305525585632588,0.9938722403239013,1.3328540805354507,1.1512601791080939,3.2206352214716896
deepmd,dft/FC/CF0.2_d3.2.extxyz:42,FC,coverage,dft/FC/CF0.2_d3.2.extxyz:melt,109,C,1.2280960333643065,1.1978627954189376,1.480858308752056,,3.1217153141228304
deepmd,dft/FC/CF0.4_d3.2.extxyz:88,FC,coverage,dft/FC/CF0.4_d3.2.extxyz:quench,46,C,1.226077485311337,1.2189172959877252,1.361870570281919,,1.2723338034466427
deepmd,dft/FC/CF0.2_d2.3.extxyz:101,FC,coverage,dft/FC/CF0.2_d2.3.extxyz:quench,84,C,1.2259233849626636,1.1641949089098067,1.3823636876741234,,4.74655315583519
deepmd,dft/qsd/qsd_data.extxyz:1292,qsd,coverage,CF_30eV_18_13_Si_C,4,C,1.2256965636408297,1.1222069838468804,1.2969374130234665,1.1698880128456748,1.51429859029519
deepmd,dft/etch/trj_CF3_30eV.extxyz:773,etch,coverage,trj_CF3_30eV_case1,149,Si,1.2219367622017234,1.1835325438435076,1.720319737723194,1.2613088440187834,3.5997522484634965
deepmd,dft/etch/trj_CF3_30eV.extxyz:773,etch,coverage,trj_CF3_30eV_case1,1,C,1.221719564294699,0.7683863101654054,1.3768442177675733,1.2613088440187834,3.2913186117424122
deepmd,dft/FC/CF0.2_d2.3.extxyz:50,FC,coverage,dft/FC/CF0.2_d2.3.extxyz:quench,13,C,1.2188179158834362,0.9006816157137676,1.3895039054311735,,5.313236628091581
deepmd,dft/FC/CF0.2_d3.2.extxyz:214,FC,coverage,dft/FC/CF0.2_d3.2.extxyz:anneal,57,C,1.2141429573640978,0.9065813283337654,1.3425310745751842,,2.268882772434486
deepmd,dft/etch/trj_CF2_30eV.extxyz:645,etch,coverage,trj_CF2_30eV_case1,113,Si,1.2132249205198098,1.0450191661471502,1.5906288064787455,1.142716062720741,0.5663076773009528
deepmd,dft/FC/CF0.2_d2.3.extxyz:0,FC,coverage,dft/FC/CF0.2_d2.3.extxyz:melt,90,C,1.2113516261892152,0.9883013337064286,1.2388688316767031,,8.554415133941362
deepmd,dft/etch/trj_CF3_30eV.extxyz:64,etch,coverage,trj_CF3_30eV_case1,148,Si,1.2094011805522955,0.9200419962060005,1.5654392354863187,1.3714955340794934,2.9241832108310177
deepmd,dft/FC/CF0.4_d2.3.extxyz:75,FC,coverage,dft/FC/CF0.4_d2.3.extxyz:quench,55,C,1.2071445883108614,1.0642392966583953,1.3471455483813708,,6.451674485793127
deepmd,dft/FC/CF0.2_d3.2.extxyz:214,FC,coverage,dft/FC/CF0.2_d3.2.extxyz:anneal,71,C,1.2045057765171643,1.1818908303449527,1.3425310745751842,,1.6583767167504493
deepmd,dft/FC/CF0.4_d2.3.extxyz:75,FC,coverage,dft/FC/CF0.4_d2.3.extxyz:quench,50,C,1.2024130693160366,0.9031987386837843,1.3771132036982292,,5.177024809041289
deepmd,dft/FC/CF0.4_d3.2.extxyz:193,FC,coverage,dft/FC/CF0.4_d3.2.extxyz:anneal,35,C,1.2020917131768205,0.8745471619130557,1.3014995889741963,,2.0227320937091497
deepmd,dft/qsd/qsd_data.extxyz:758,qsd,coverage,CF_10eV_4_54_Si_C,85,Si,1.2004259425465031,1.1369530242132457,1.5856657267848107,1.3090023784928768,0.3910921133773986
deepmd,dft/FC/CF0.2_d2.3.extxyz:21,FC,coverage,dft/FC/CF0.2_d2.3.extxyz:melt,3,C,1.19913172833846,1.1207017395842076,1.3520658426644756,,5.20680419057506
deepmd,dft/FC/CF0.4_d3.2.extxyz:114,FC,coverage,dft/FC/CF0.4_d3.2.extxyz:quench,95,C,1.1939750383656464,0.8420218624049663,1.3880857752675086,,3.2588556670194833
deepmd,dft/etch/trj_CF3_30eV.extxyz:967,etch,coverage,trj_CF3_30eV_case1,123,Si,1.1917697834955372,0.9799263176990718,1.5707959765672939,1.2922074136917818,3.3201953034652942
deepmd,dft/FC/CF0.2_d3.2.extxyz:161,FC,coverage,dft/FC/CF0.2_d3.2.extxyz:anneal,39,C,1.1907358673251118,0.8022454003223386,1.3809489540891795,,1.9297047602040058
deepmd,dft/FC/CF0.2_d3.2.extxyz:114,FC,coverage,dft/FC/CF0.2_d3.2.extxyz:quench,71,C,1.1898258558072863,1.1222422575909938,1.31085713697487,,5.668785896167537
deepmd,dft/etch/trj_CF3_30eV.extxyz:902,etch,coverage,trj_CF3_30eV_case1,138,Si,1.189470993358764,0.9483678567921966,1.6240997506310988,1.3346909754696015,2.776552652786725
deepmd,dft/FC/CF0.2_d3.2.extxyz:88,FC,coverage,dft/FC/CF0.2_d3.2.extxyz:quench,77,C,1.1880977959181782,1.074913876891138,1.3154859831998316,,8.946750472694038
deepmd,dft/etch/trj_CF2_30eV.extxyz:322,etch,coverage,trj_CF2_30eV_case1,104,O,1.1842098465308006,1.1588802146653832,1.5441826316857736,1.288293444833124,3.1105844333634476
deepmd,dft/FC/CF0.2_d2.3.extxyz:88,FC,coverage,dft/FC/CF0.2_d2.3.extxyz:quench,89,C,1.1833563813144372,0.9029029475880739,1.3071813724575487,,4.66940618732393
deepmd,dft/qsd/qsd_data.extxyz:1237,qsd,coverage,CF_30eV_18_12_F_F,4,C,1.181254734748038,0.9024065928702729,1.2969237527703794,1.1728677049437417,10.496832083355292
deepmd,dft/FC/CF0.4_d3.2.extxyz:161,FC,coverage,dft/FC/CF0.4_d3.2.extxyz:anneal,13,C,1.1806171192081691,1.1499196991938168,1.3883063318302626,,2.165237726847563
deepmd,dft/etch/trj_CF2_30eV.extxyz:32,etch,coverage,trj_CF2_30eV_case1,95,O,1.1804691772111677,0.8087798493841142,1.5672587533652507,1.1801694793545539,1.1756769987632658
deepmd,dft/FC/CF0.2_d3.2.extxyz:101,FC,coverage,dft/FC/CF0.2_d3.2.extxyz:quench,62,C,1.1792598703199029,0.8584818194288713,1.4162904983441775,,2.3094474569407293
deepmd,dft/FC/CF0.2_d3.2.extxyz:88,FC,coverage,dft/FC/CF0.2_d3.2.extxyz:quench,36,C,1.1751280723643596,0.8571766439525019,1.23022746585982,,1.7965190527431096
deepmd,dft/FC/CF0.4_d3.2.extxyz:172,FC,coverage,dft/FC/CF0.4_d3.2.extxyz:anneal,13,C,1.1740408475016464,1.1582004789089837,1.3650439719291099,,0.6275481358246553
deepmd,dft/qsd/qsd_data.extxyz:1296,qsd,coverage,CF_30eV_18_13_Si_F,35,O,1.1711304124645272,0.9358219450825174,1.6674287360484088,1.1698880128456748,0.5718976706544625
deepmd,dft/FC/CF0.4_d3.2.extxyz:214,FC,coverage,dft/FC/CF0.4_d3.2.extxyz:anneal,46,C,1.1668133684710877,1.1666891060858369,1.3430544506087616,,1.426703134122162
deepmd,dft/etch/trj_CF2_30eV.extxyz:387,etch,coverage,trj_CF2_30eV_case1,0,C,1.1630482187996543,1.1000459191879313,1.3020752666416797,1.4711560080426516,4.1799687999005455
deepmd,dft/FC/CF0.4_d3.2.extxyz:161,FC,coverage,dft/FC/CF0.4_d3.2.extxyz:anneal,83,C,1.1623264517006082,1.0827302629614173,1.3185410646039393,,2.5592064611773706
deepmd,dft/etch/trj_CF2_30eV.extxyz:580,etch,coverage,trj_CF2_30eV_case1,112,Si,1.1617190427581,0.9804881503921599,1.5816447135814018,1.165160933090357,1.0730908875691751
deepmd,dft/FC/CF0.4_d3.2.extxyz:172,FC,coverage,dft/FC/CF0.4_d3.2.extxyz:anneal,83,C,1.1587713540691895,0.9711629347340465,1.332227341401193,,0.8950670528446458
deepmd,dft/etch/trj_CF2_30eV.extxyz:354,etch,coverage,trj_CF2_30eV_case1,113,Si,1.1576383883552634,1.087355352309063,1.608539710420604,1.3054884143492023,1.9491994816362432
deepmd,dft/FC/CF0.4_d3.2.extxyz:193,FC,coverage,dft/FC/CF0.4_d3.2.extxyz:anneal,46,C,1.1574995967282813,1.1456163220911622,1.387848214611382,,1.744865000694896
deepmd,dft/qsd/qsd_data.extxyz:1305,qsd,coverage,CF_30eV_18_3_C_F,1,C,1.1558770329577375,1.0189568824197046,0.9310003023092955,1.1431451005449835,63.88176962344585
deepmd,dft/FC/CF0.4_d3.2.extxyz:88,FC,coverage,dft/FC/CF0.4_d3.2.extxyz:quench,8,C,1.1543725325224532,0.9601077657251954,1.401179142616815,,0.9912254377390645
deepmd,dft/etch/trj_CF2_30eV.extxyz:322,etch,coverage,trj_CF2_30eV_case1,147,Si,1.1535163714996424,0.9391875893590749,1.5378881623837284,1.288293444833124,3.584698924258772
deepmd,dft/qsd/qsd_data.extxyz:450,qsd,coverage,CF3_20eV_4_78_O_C,81,Si,1.1534080625854803,1.072692768588066,1.5905528127352442,1.5805841200328443,1.1307957496002539
deepmd,dft/qsd/qsd_data.extxyz:790,qsd,coverage,CF_10eV_4_5_O_F,66,O,1.1529280068066508,0.7719563262825382,1.1995447063782159,1.1995447063782159,12.49387011517512
deepmd,dft/etch/trj_CF2_30eV.extxyz:339,etch,prior_outlier,trj_CF2_30eV_case1,112,Si,1.1505484282544933,1.135193754804343,1.5932670836994038,1.363121417922852,0.7803461104055046
deepmd,dft/FC/CF0.4_d3.2.extxyz:126,FC,coverage,dft/FC/CF0.4_d3.2.extxyz:quench,83,C,1.146438281263486,0.9705369105120897,1.3348540119473327,,2.4224262550323385
deepmd,dft/FC/CF0.2_d2.3.extxyz:75,FC,coverage,dft/FC/CF0.2_d2.3.extxyz:quench,85,C,1.1451306487462012,0.9035456119593279,1.2805517814208054,,4.892832261134036
deepmd,dft/etch/trj_CF2_30eV.extxyz:838,etch,coverage,trj_CF2_30eV_case1,109,Si,1.1448244177954134,0.8169013426313401,1.587135784991318,1.1536897329871678,2.481533546495191
deepmd,dft/etch/trj_CF3_30eV.extxyz:97,etch,coverage,trj_CF3_30eV_case1,133,Si,1.1433327946183136,0.9693184042903185,1.534568343215774,1.1713667231059617,4.364788240929106
deepmd,dft/FC/CF0.2_d2.3.extxyz:139,FC,coverage,dft/FC/CF0.2_d2.3.extxyz:quench,33,C,1.143121674646202,0.9679087304361111,1.1813121772419009,,9.622310929292038
deepmd,dft/FC/CF0.4_d3.2.extxyz:140,FC,coverage,dft/FC/CF0.4_d3.2.extxyz:anneal,83,C,1.142133504653931,0.9688868890661597,1.3514258480682133,,2.7043080233780694
deepmd,dft/FC/CF0.2_d2.3.extxyz:161,FC,coverage,dft/FC/CF0.2_d2.3.extxyz:anneal,81,C,1.139617255720815,1.03403354845139,1.4194407577986479,,1.9487728082806368
deepmd,dft/qsd/qsd_data.extxyz:439,qsd,coverage,CF3_20eV_4_78_F_C,81,Si,1.1394696517770153,1.046315322284609,1.5905528127352442,1.5805841200328443,0.9773306369182335
deepmd,dft/FC/CF0.2_d3.2.extxyz:101,FC,coverage,dft/FC/CF0.2_d3.2.extxyz:quench,34,C,1.138865183100609,1.0167942435382034,1.3684270741986955,,1.0224402438421525
deepmd,dft/FC/CF0.4_d2.3.extxyz:139,FC,coverage,dft/FC/CF0.4_d2.3.extxyz:quench,92,C,1.1349620051667573,0.8406703780570073,1.418923350607777,,1.929612047326094
deepmd,dft/etch/trj_CF3_30eV.extxyz:806,etch,coverage,trj_CF3_30eV_case1,146,Si,1.1326682674755135,0.8051527483851909,1.5450889942006578,1.204740635987677,4.01660377406012
deepmd,dft/FC/CF0.4_d2.3.extxyz:193,FC,coverage,dft/FC/CF0.4_d2.3.extxyz:anneal,78,C,1.1316821536258312,0.8865581102733389,1.329606177821088,,3.554743223787198
deepmd,dft/qsd/qsd_data.extxyz:450,qsd,coverage,CF3_20eV_4_78_O_C,88,Si,1.1294980366997374,0.979128948051095,1.6077736289975644,1.5805841200328443,0.6915028744452189
deepmd,dft/qsd/qsd_data.extxyz:551,qsd,coverage,CF3_30eV_9_36_Si_F,86,Si,1.1275158017924733,1.0026282919950487,1.583804590756069,1.2595609813740645,11.697373448376393
deepmd,dft/FC/CF0.2_d2.3.extxyz:50,FC,coverage,dft/FC/CF0.2_d2.3.extxyz:quench,16,C,1.1236838075039501,0.9471957280301955,1.3413731903064046,,4.509044174641119
deepmd,dft/FC/CF0.2_d3.2.extxyz:139,FC,coverage,dft/FC/CF0.2_d3.2.extxyz:quench,119,C,1.1214114179621106,0.8883991477603429,1.358900481268583,,2.007758587983127
deepmd,dft/etch/trj_CF3_30eV.extxyz:516,etch,coverage,trj_CF3_30eV_case1,0,C,1.1206793607267347,0.9720802985585562,1.2744410539526716,1.5355455056754266,2.4379550353285846
deepmd,dft/qsd/qsd_data.extxyz:439,qsd,coverage,CF3_20eV_4_78_F_C,88,Si,1.1163327081475205,0.966360009985745,1.6077736289975644,1.5805841200328443,0.6614899297071725
deepmd,dft/FC/CF0.2_d2.3.extxyz:88,FC,coverage,dft/FC/CF0.2_d2.3.extxyz:quench,85,C,1.1135193682933235,0.8028528231803094,1.3071813724575487,,7.913922826715774
deepmd,dft/etch/trj_CF3_30eV.extxyz:258,etch,coverage,trj_CF3_30eV_case1,109,Si,1.1108769169708732,1.043056429157518,1.6130406070524073,1.2060265337047962,4.059606097474236
deepmd,dft/qsd/qsd_data.extxyz:963,qsd,coverage,CF_10eV_4_98_F_F,98,Si,1.1103501406930947,0.8920462969036103,1.5897771367081623,1.2757015281404969,1.652514971374541
deepmd,dft/etch/trj_CF3_30eV.extxyz:451,etch,coverage,trj_CF3_30eV_case1,117,Si,1.1101273743363873,1.0996865044135862,1.5871987903221207,1.303687079018582,1.712989743108522
deepmd,dft/etch/trj_CF2_30eV.extxyz:580,etch,coverage,trj_CF2_30eV_case1,145,Si,1.1067102574794634,0.9486011044803113,1.628281302478169,1.165160933090357,2.202033224549303
deepmd,dft/etch/trj_CF2_30eV.extxyz:258,etch,coverage,trj_CF2_30eV_case1,148,Si,1.1061007395414548,0.7780260114097595,1.5710187777362816,1.5185519418182574,1.8632557964211462
deepmd,dft/etch/trj_CF3_30eV.extxyz:516,etch,coverage,trj_CF3_30eV_case1,144,Si,1.1037597025949883,1.0972993333871623,1.5163772617656857,1.5355455056754266,4.676614095135176
deepmd,dft/FC/CF0.2_d3.2.extxyz:88,FC,coverage,dft/FC/CF0.2_d3.2.extxyz:quench,33,C,1.103164810196217,0.9757210926801263,1.4821403512825626,,3.6311312253193218
deepmd,dft/FC/CF0.4_d2.3.extxyz:151,FC,coverage,dft/FC/CF0.4_d2.3.extxyz:anneal,78,C,1.1003039841926598,0.8428813035433469,1.3520474868879429,,0.8361834382562238
deepmd,dft/FC/CF0.2_d3.2.extxyz:75,FC,coverage,dft/FC/CF0.2_d3.2.extxyz:quench,57,C,1.0998438674194884,0.7869986408699975,1.3577096694433608,,0.9041318541020442
deepmd,dft/FC/CF0.2_d2.3.extxyz:139,FC,coverage,dft/FC/CF0.2_d2.3.extxyz:quench,1,C,1.0982983994465223,0.9258537310229285,1.3093964145742876,,6.276919000247654
deepmd,dft/FC/CF0.2_d3.2.extxyz:151,FC,coverage,dft/FC/CF0.2_d3.2.extxyz:anneal,57,C,1.0975409631401463,0.7731091523649394,1.340559434005071,,0.624936282606475
deepmd,dft/etch/trj_CF2_30eV.extxyz:0,etch,coverage,trj_CF2_30eV_case1,108,Si,1.0974053396727383,0.9646827846489474,1.6128546121706062,,2.983137196845797
deepmd,dft/etch/trj_CF2_30eV.extxyz:838,etch,coverage,trj_CF2_30eV_case1,0,C,1.0971188614098328,1.087376028065553,1.1536897329871678,1.1536897329871678,3.949329172750228
deepmd,dft/etch/trj_CF3_30eV.extxyz:0,etch,coverage,trj_CF3_30eV_case1,108,Si,1.0963362546262871,0.9633380066605807,1.6128546121706062,,2.9829755921544177
deepmd,dft/qsd/qsd_data.extxyz:1147,qsd,coverage,CF_20eV_2_76_C_F,5,C,1.0960898781472086,0.8653529959193496,1.3834921613800342,1.2835795392962583,0.02461913991186532
deepmd,dft/FC/CF0.4_d2.3.extxyz:182,FC,coverage,dft/FC/CF0.4_d2.3.extxyz:anneal,76,C,1.0951430073919506,1.057814310796903,1.3871762579066877,,3.2769768188781865
deepmd,dft/FC/CF0.2_d3.2.extxyz:114,FC,coverage,dft/FC/CF0.2_d3.2.extxyz:quench,57,C,1.0915224599784936,0.785698482782601,1.3467972614317272,,1.8771484388707784
deepmd,dft/FC/CF0.4_d3.2.extxyz:182,FC,coverage,dft/FC/CF0.4_d3.2.extxyz:anneal,5,C,1.0867277071110601,0.8898843576688766,1.347411153731482,,1.7571649730941599
deepmd,dft/etch/trj_CF3_30eV.extxyz:838,etch,coverage,trj_CF3_30eV_case1,105,Si,1.085884803322753,1.0401994286639198,1.6117692142487396,1.4765838953476356,0.7515917629564602
deepmd,dft/etch/trj_CF2_30eV.extxyz:612,etch,coverage,trj_CF2_30eV_case1,135,Si,1.0853724381746137,0.7510902495923415,1.574484042472326,1.2195900950729293,3.904572348921966
deepmd,dft/FC/CF0.2_d3.2.extxyz:75,FC,coverage,dft/FC/CF0.2_d3.2.extxyz:quench,71,C,1.07575267734568,0.9962479309535064,1.3577096694433608,,1.6497041531077625
deepmd,dft/FC/CF0.4_d2.3.extxyz:151,FC,coverage,dft/FC/CF0.4_d2.3.extxyz:anneal,1,C,1.074326147310224,0.886744337466836,1.3961911938914393,,1.9150950900769914
deepmd,dft/qsd/qsd_data.extxyz:13,qsd,coverage,CF3_10eV_19_10_O_F,3,F,1.0740594298435922,0.9395392733682097,1.2969374130234639,1.5801362450750878,14.12115665256763
deepmd,dft/FC/CF0.2_d3.2.extxyz:203,FC,coverage,dft/FC/CF0.2_d3.2.extxyz:anneal,71,C,1.0722070707128737,0.973226566846717,1.3522211599438898,,2.2701872025172283
deepmd,dft/FC/CF0.2_d3.2.extxyz:182,FC,coverage,dft/FC/CF0.2_d3.2.extxyz:anneal,110,C,1.0718647483128199,0.8609973821742982,1.4303867399762893,,4.914030751078589
deepmd,dft/FC/CF0.4_d2.3.extxyz:161,FC,coverage,dft/FC/CF0.4_d2.3.extxyz:anneal,78,C,1.071375216709313,0.7981084798388955,1.4010297916532681,,2.483654966990584
deepmd,dft/FC/CF0.2_d3.2.extxyz:140,FC,coverage,dft/FC/CF0.2_d3.2.extxyz:anneal,119,C,1.0675364549661577,0.9402795690858543,1.3841674557952688,,2.291693138847564
deepmd,dft/qsd/qsd_data.extxyz:1187,qsd,coverage,CF_20eV_2_79_C_C,14,C,1.0639809474064923,0.9269007810538411,1.3746105856568975,1.306619940839722,0.19706255446684942
deepmd,dft/FC/CF0.2_d3.2.extxyz:151,FC,coverage,dft/FC/CF0.2_d3.2.extxyz:anneal,39,C,1.063877169936103,0.636320904335767,1.3454102589544943,,0.3234346072392378
deepmd,dft/etch/trj_CF3_30eV.extxyz:645,etch,coverage,trj_CF3_30eV_case1,140,Si,1.0626454964294092,0.778249027334109,1.5820556248122277,1.3470708964267615,2.515186327608553
deepmd,dft/FC/CF0.2_d2.3.extxyz:161,FC,coverage,dft/FC/CF0.2_d2.3.extxyz:anneal,55,C,1.0622928995443666,0.6538246588539263,1.4024430581714629,,3.159221550342268
deepmd,dft/etch/trj_CF3_30eV.extxyz:677,etch,coverage,trj_CF3_30eV_case1,1,C,1.0614595344431854,0.7384832277865185,1.317801198967431,1.2503999360204716,3.903204268797753
deepmd,dft/etch/trj_CF2_30eV.extxyz:32,etch,coverage,trj_CF2_30eV_case1,1,C,1.0610390679205803,0.8593757662671804,1.5742299704935097,1.1801694793545539,5.8805602416138045
deepmd,dft/etch/trj_CF2_30eV.extxyz:709,etch,coverage,trj_CF2_30eV_case1,105,O,1.0600604859873277,0.9955781575264708,1.55505626907839,1.1512601791080939,3.6473946475891528
deepmd,dft/qsd/qsd_data.extxyz:757,qsd,coverage,CF_10eV_4_54_Si_C,2,C,1.0597403496957307,1.0219768007953092,1.3794577496248308,1.5765943405644969,0.517831516632582
deepmd,dft/FC/CF0.2_d3.2.extxyz:140,FC,coverage,dft/FC/CF0.2_d3.2.extxyz:anneal,71,C,1.057872023412989,1.0062121929552705,1.3291926237381848,,1.2643412279072448
deepmd,dft/etch/trj_CF2_30eV.extxyz:290,etch,coverage,trj_CF2_30eV_case1,143,Si,1.052310353003679,0.777099089475195,1.5815814869933194,1.1039021695784448,3.6185308829288716
deepmd,dft/FC/CF0.4_d3.2.extxyz:126,FC,coverage,dft/FC/CF0.4_d3.2.extxyz:quench,1,C,1.0522867562395262,1.0354154123309254,1.4254445017929982,,3.4288014963536457
deepmd,dft/FC/CF0.2_d3.2.extxyz:75,FC,coverage,dft/FC/CF0.2_d3.2.extxyz:quench,39,C,1.0518893867026755,0.6408603024826507,1.340176892391448,,1.4968748901444637
deepmd,dft/etch/trj_CF2_30eV.extxyz:773,etch,coverage,trj_CF2_30eV_case1,105,Si,1.0484906292324856,0.8490052879776749,1.5887101686588403,1.3949551964131324,1.596603875059183
deepmd,dft/etch/trj_CF2_30eV.extxyz:958,etch,prior_outlier,trj_CF2_30eV_case1,1,C,1.0469934685953142,0.8970078149971292,1.2781627439414747,0.9210320298447815,4.321275419431744
deepmd,dft/FC/CF0.2_d3.2.extxyz:139,FC,coverage,dft/FC/CF0.2_d3.2.extxyz:quench,96,C,1.0459244549754803,1.0276868703475148,1.296787567568412,,0.4407212357738166
deepmd,dft/qsd/qsd_data.extxyz:532,qsd,coverage,CF3_30eV_9_36_O_C,8,F,1.045366413673572,0.8749076683659629,1.5852502735845837,1.2595609813740645,3.089556038587098
deepmd,dft/FC/CF0.4_d2.3.extxyz:172,FC,coverage,dft/FC/CF0.4_d2.3.extxyz:anneal,83,C,1.0403767227648852,0.9523764155264032,1.3998785759284786,,1.7234004923098984
deepmd,dft/mqa/mqa_SiC.extxyz:354,mqa,coverage,dft/mqa/mqa_SiC.extxyz:mqa_SiC,42,C,1.040107117988051,1.005225562221825,1.3248741032264162,1.5925064224046326,6.331349012127115
deepmd,dft/FC/CF0.2_d2.3.extxyz:126,FC,coverage,dft/FC/CF0.2_d2.3.extxyz:quench,16,C,1.0399901175805162,1.021453399530434,1.402845196912332,,1.2964676546377853
deepmd,dft/FC/CF0.4_d2.3.extxyz:151,FC,coverage,dft/FC/CF0.4_d2.3.extxyz:anneal,98,C,1.0384951507266795,0.8977084698937514,1.3520474868879429,,3.2008925976224196
deepmd,dft/FC/CF0.4_d2.3.extxyz:193,FC,coverage,dft/FC/CF0.4_d2.3.extxyz:anneal,98,C,1.0353907846257746,0.9564794297797785,1.329606177821088,,1.5494082551119313
deepmd,dft/etch/trj_CF3_30eV.extxyz:677,etch,coverage,trj_CF3_30eV_case1,0,C,1.035310324596583,0.7039370193100497,1.2503999360204716,1.2503999360204716,2.4442226662341957
deepmd,dft/qsd/qsd_data.extxyz:1069,qsd,coverage,CF_20eV_2_54_F_C,13,C,1.033939563406916,0.9794500557253142,1.3485946376135427,1.228183400718312,2.551682104062926
deepmd,dft/FC/CF0.2_d3.2.extxyz:139,FC,coverage,dft/FC/CF0.2_d3.2.extxyz:quench,57,C,1.0337737956583648,0.76119161254026,1.3642152693811607,,3.0491016367891053
deepmd,dft/FC/CF0.4_d3.2.extxyz:214,FC,coverage,dft/FC/CF0.4_d3.2.extxyz:anneal,1,C,1.0331518295585866,1.0119222206169367,1.3618771781559045,,0.7796428588860415
deepmd,dft/FC/CF0.4_d2.3.extxyz:161,FC,coverage,dft/FC/CF0.4_d2.3.extxyz:anneal,1,C,1.0330531140859136,0.6903184006560856,1.4107020018061942,,3.7854661182934923
deepmd,dft/qsd/qsd_data.extxyz:1305,qsd,coverage,CF_30eV_18_3_C_F,30,O,1.0328109358862914,0.9842328639410436,1.621294104720053,1.1431451005449835,2.4189051516359625
deepmd,dft/FC/CF0.2_d3.2.extxyz:172,FC,coverage,dft/FC/CF0.2_d3.2.extxyz:anneal,57,C,1.0323208155160712,0.7632634500418678,1.361191597167716,,1.3089839342868193
deepmd,dft/qsd/qsd_data.extxyz:310,qsd,coverage,CF3_10eV_19_84_F_F,7,F,1.031206817997108,0.9156010030717852,1.2969374130234668,1.5883613265563985,19.830884625310517
deepmd,dft/etch/trj_CF2_30eV.extxyz:105,etch,prior_outlier,trj_CF2_30eV_case1,102,O,1.0307186015743859,0.8511844542770386,1.4103900169811194,1.1836807001890333,2.9960510872148025
deepmd,dft/FC/CF0.4_d2.3.extxyz:203,FC,coverage,dft/FC/CF0.4_d2.3.extxyz:anneal,77,C,1.0280167491975742,0.9271821567884602,1.3794542667301446,,1.3540167971964012
deepmd,dft/FC/CF0.2_d2.3.extxyz:182,FC,coverage,dft/FC/CF0.2_d2.3.extxyz:anneal,16,C,1.0277098549658623,1.002681731967243,1.4139639640033261,,1.4073961455293957
deepmd,dft/FC/CF0.2_d3.2.extxyz:172,FC,coverage,dft/FC/CF0.2_d3.2.extxyz:anneal,39,C,1.0275909148478803,0.6614864037913344,1.3865465886511006,,2.203049475205221
deepmd,dft/FC/CF0.4_d3.2.extxyz:203,FC,coverage,dft/FC/CF0.4_d3.2.extxyz:anneal,5,C,1.0266847616757657,0.7413693604150926,1.3659042484742479,,4.002794382225248
deepmd,dft/FC/CF0.4_d2.3.extxyz:182,FC,coverage,dft/FC/CF0.4_d2.3.extxyz:anneal,98,C,1.026137151372844,0.8113069917618302,1.3816616373772557,,1.0990109991687982
deepmd,dft/FC/CF0.4_d3.2.extxyz:140,FC,coverage,dft/FC/CF0.4_d3.2.extxyz:anneal,5,C,1.025958894866746,0.7011820246720314,1.3079377202680569,,2.395102596136541
deepmd,dft/qsd/qsd_data.extxyz:1326,qsd,coverage,CF_30eV_18_3_O_F,2,C,1.0231586109012787,0.7690269602548778,1.296932413042405,1.1431451005449835,3.339029777239041
deepmd,dft/etch/trj_CF3_30eV.extxyz:999,etch,coverage,trj_CF3_30eV_case1,125,Si,1.0214041903106583,0.7566784885386348,1.5764199947983404,1.146516463030514,3.518206204122919
deepmd,dft/qsd/qsd_data.extxyz:1295,qsd,coverage,CF_30eV_18_13_Si_F,68,Si,1.0190153519027423,0.6783707608847618,1.6337861979463537,1.1698880128456748,1.0929317989838159
deepmd,dft/FC/CF0.4_d3.2.extxyz:203,FC,coverage,dft/FC/CF0.4_d3.2.extxyz:anneal,69,C,1.0187044353918344,0.7715222873957936,1.3867483941220184,,2.495003134669975
deepmd,dft/FC/CF0.4_d2.3.extxyz:182,FC,coverage,dft/FC/CF0.4_d2.3.extxyz:anneal,83,C,1.0175558502689321,0.9045937178619345,1.3751991165645805,,2.497433239351154
deepmd,dft/etch/trj_CF2_30eV.extxyz:387,etch,coverage,trj_CF2_30eV_case1,106,Si,1.016718911172012,1.0000669440897703,1.5487737084545317,1.4711560080426516,7.3364400861151315
deepmd,dft/FC/CF0.4_d2.3.extxyz:114,FC,coverage,dft/FC/CF0.4_d2.3.extxyz:quench,78,C,1.0133048893452161,0.7100887669838444,1.3365468723168668,,1.088321607174552
deepmd,dft/FC/CF0.4_d2.3.extxyz:214,FC,coverage,dft/FC/CF0.4_d2.3.extxyz:anneal,78,C,1.0123149116361205,0.8248686719476488,1.381480032935693,,1.5102758875145958
deepmd,dft/FC/CF0.4_d3.2.extxyz:214,FC,coverage,dft/FC/CF0.4_d3.2.extxyz:anneal,83,C,1.012261293648873,0.9004780733070076,1.3507677323033334,,1.5714547920885285
deepmd,dft/FC/CF0.4_d2.3.extxyz:161,FC,coverage,dft/FC/CF0.4_d2.3.extxyz:anneal,98,C,1.0109974784976943,0.981902553386941,1.406026624676787,,1.7543681135240687
deepmd,dft/qsd/qsd_data.extxyz:731,qsd,coverage,CF_10eV_4_54_C_C,2,C,1.0085555932672614,0.9671629307282082,1.3794577496248308,1.5765943405644969,0.3447869612572378
deepmd,dft/qsd/qsd_data.extxyz:439,qsd,coverage,CF3_20eV_4_78_F_C,84,Si,1.0082961344836472,0.7062003567230069,1.6130458942323989,1.5805841200328443,0.4278874563503819
deepmd,dft/FC/CF0.4_d2.3.extxyz:203,FC,coverage,dft/FC/CF0.4_d2.3.extxyz:anneal,83,C,1.0069120039648327,0.9847146686272175,1.375536210573898,,2.7679896793293866
deepmd,dft/qsd/qsd_data.extxyz:1032,qsd,coverage,CF_20eV_2_52_F_F,2,C,1.00656656596246,0.9919915844589602,1.3223037138267448,1.240891345968694,0.062407209463330435
deepmd,dft/etch/trj_CF2_30eV.extxyz:773,etch,coverage,trj_CF2_30eV_case1,141,Si,1.0058933980279952,0.9056332590685487,1.4885563476066328,1.3949551964131324,7.116539489830362
deepmd,dft/qsd/qsd_data.extxyz:480,qsd,coverage,CF3_20eV_4_98_F_F,9,F,1.003166045068574,0.9920626103622538,1.4820003044871484,1.5846581323742983,18.098247416193676
deepmd,dft/FC/CF0.4_d2.3.extxyz:140,FC,coverage,dft/FC/CF0.4_d2.3.extxyz:anneal,78,C,1.001603786256517,0.7046104887798205,1.3357679731525232,,2.1005110756987215
deepmd,dft/FC/CF0.2_d3.2.extxyz:193,FC,coverage,dft/FC/CF0.2_d3.2.extxyz:anneal,57,C,1.0001366411351154,0.7058269107947722,1.317165233560315,,1.6926682667817696
deepmd,dft/FC/CF0.2_d2.3.extxyz:161,FC,coverage,dft/FC/CF0.2_d2.3.extxyz:anneal,23,C,0.999075796268645,0.7158898427370832,1.4407800931439876,,1.9863041534057668
deepmd,dft/etch/trj_CF2_30eV.extxyz:999,etch,coverage,trj_CF2_30eV_case1,112,Si,0.9985580123576837,0.9410213055130616,1.6459343850834407,1.1717508267545613,1.8442777646921844
deepmd,dft/FC/CF0.2_d3.2.extxyz:172,FC,coverage,dft/FC/CF0.2_d3.2.extxyz:anneal,71,C,0.9976700860731922,0.9124320185632706,1.361191597167716,,1.806550386302026
deepmd,dft/FC/CF0.2_d2.3.extxyz:193,FC,coverage,dft/FC/CF0.2_d2.3.extxyz:anneal,77,C,0.9948759989085484,0.9553084330655034,1.4105607068467498,,1.2032537833528718
deepmd,dft/etch/trj_CF2_30eV.extxyz:580,etch,coverage,trj_CF2_30eV_case1,1,C,0.9940727345684929,0.7526224425320254,1.1749468073066107,1.165160933090357,1.9208424981973404
deepmd,dft/etch/trj_CF2_30eV.extxyz:548,etch,coverage,trj_CF2_30eV_case1,111,Si,0.9935658105176711,0.7162469499742389,1.583066644206742,1.198916177220076,1.4356229910808755
deepmd,dft/FC/CF0.4_d2.3.extxyz:214,FC,coverage,dft/FC/CF0.4_d2.3.extxyz:anneal,83,C,0.9933422428156516,0.8182551577902277,1.3713897378207265,,2.540711056004598
deepmd,dft/etch/trj_CF3_30eV.extxyz:580,etch,coverage,trj_CF3_30eV_case1,142,Si,0.9904692797570896,0.7481450572198778,1.60950302888811,1.4886235252742723,1.8789612647859455
deepmd,dft/etch/trj_CF2_30eV.extxyz:97,etch,coverage,trj_CF2_30eV_case1,147,Si,0.9899168601657989,0.8561534740360717,1.5644168242511323,1.1132385189167686,3.9258177875394322
deepmd,dft/FC/CF0.2_d2.3.extxyz:151,FC,coverage,dft/FC/CF0.2_d2.3.extxyz:anneal,15,C,0.9896607975230747,0.9526035309346115,1.395554556354622,,1.0636783465550101
deepmd,dft/mqa/mqa_SiC.extxyz:354,mqa,coverage,dft/mqa/mqa_SiC.extxyz:mqa_SiC,59,C,0.9894458243704107,0.6739814724784494,1.5611905377947948,1.5925064224046326,0.8796145523676834
deepmd,dft/FC/CF0.4_d2.3.extxyz:203,FC,coverage,dft/FC/CF0.4_d2.3.extxyz:anneal,20,C,0.9869734346540511,0.8417772348004282,1.2303529217667586,,1.1483902889562416
deepmd,dft/etch/trj_CF3_30eV.extxyz:677,etch,coverage,trj_CF3_30eV_case1,93,O,0.9854397335585093,0.7831781088513993,1.2503999360204716,1.2503999360204716,1.2805840117594784
deepmd,dft/qsd/qsd_data.extxyz:660,qsd,coverage,CF_10eV_4_37_Si_F,53,O,0.9805747098722303,0.9310505463860953,1.5657593548818414,1.371796809662423,0.04356269980155041
deepmd,dft/FC/CF0.4_d2.3.extxyz:140,FC,coverage,dft/FC/CF0.4_d2.3.extxyz:anneal,1,C,0.9791620856837343,0.8305259902644679,1.3729279452323782,,0.943815717151394
deepmd,dft/FC/CF0.4_d2.3.extxyz:114,FC,coverage,dft/FC/CF0.4_d2.3.extxyz:quench,83,C,0.9779642958031378,0.9273571858162302,1.3550030637379893,,1.7150679739027839
deepmd,dft/qsd/qsd_data.extxyz:1052,qsd,coverage,CF_20eV_2_52_Si_F,5,C,0.9767125169336326,0.9408964573353603,1.3863807621285005,1.240891345968694,0.23802273033052956
deepmd,dft/FC/CF0.4_d2.3.extxyz:114,FC,coverage,dft/FC/CF0.4_d2.3.extxyz:quench,1,C,0.975916511568354,0.6948409892202636,1.4259227967881014,,1.930540236240105
deepmd,dft/etch/trj_CF2_30eV.extxyz:958,etch,prior_outlier,trj_CF2_30eV_case1,98,O,0.9717724328604822,0.903185288872717,1.321589951535651,0.9210320298447815,1.2164740926386388
deepmd,dft/FC/CF0.4_d2.3.extxyz:193,FC,coverage,dft/FC/CF0.4_d2.3.extxyz:anneal,77,C,0.9715818304900654,0.9013284702015258,1.3834746370642281,,1.7307365004153579
deepmd,dft/qsd/qsd_data.extxyz:496,qsd,coverage,CF3_20eV_4_98_Si_C,11,F,0.9709604495699081,0.8078928756141663,1.2969237527703779,1.5846581323742983,2.0524914938252485
deepmd,dft/qsd/qsd_data.extxyz:1032,qsd,coverage,CF_20eV_2_52_F_F,5,C,0.970910339127335,0.9203332413317673,1.3863807621285005,1.240891345968694,0.12506605433529916
deepmd,dft/mqa/mqa_SiC.extxyz:265,mqa,coverage,dft/mqa/mqa_SiC.extxyz:mqa_SiC,38,C,0.9693756296817919,0.9003544347445769,1.3828220039108428,1.6392847201604375,2.8463237666621835
deepmd,dft/FC/CF0.2_d3.2.extxyz:203,FC,coverage,dft/FC/CF0.2_d3.2.extxyz:anneal,113,C,0.9683311227128867,0.8998290364707113,1.3302484376892434,,2.3278736243922262
deepmd,dft/FC/CF0.2_d2.3.extxyz:126,FC,coverage,dft/FC/CF0.2_d2.3.extxyz:quench,77,C,0.9677322015428615,0.8556133215890851,1.402845196912332,,1.8301768266342464
deepmd,dft/etch/trj_CF3_30eV.extxyz:612,etch,coverage,trj_CF3_30eV_case1,3,F,0.966207601280897,0.6449288863157034,1.298845641329253,1.4515164484083547,1.4251031302660169
deepmd,dft/qsd/qsd_data.extxyz:1069,qsd,coverage,CF_20eV_2_54_F_C,82,Si,0.9659280584529398,0.7333334529493749,1.6174937582878022,1.228183400718312,0.027472237204130282
deepmd,dft/FC/CF0.2_d2.3.extxyz:114,FC,coverage,dft/FC/CF0.2_d2.3.extxyz:quench,4,C,0.9650257192378856,0.9585949427672622,1.4011537518416743,,3.0394796367399803
deepmd,dft/etch/trj_CF3_30eV.extxyz:419,etch,coverage,trj_CF3_30eV_case1,106,Si,0.9616239891433263,0.8082963603811266,1.5973415414368963,1.5253851972534673,5.734322430248321
deepmd,dft/FC/CF0.2_d2.3.extxyz:214,FC,coverage,dft/FC/CF0.2_d2.3.extxyz:anneal,16,C,0.9609630029211326,0.9571762382045421,1.415053034592776,,0.5491949243328821
deepmd,dft/FC/CF0.4_d3.2.extxyz:182,FC,coverage,dft/FC/CF0.4_d3.2.extxyz:anneal,57,C,0.9561945526377399,0.8555725241862461,1.448719542423584,,1.067609142846763
deepmd,dft/FC/CF0.2_d3.2.extxyz:151,FC,coverage,dft/FC/CF0.2_d3.2.extxyz:anneal,71,C,0.9545701329216303,0.8551877013065108,1.340559434005071,,1.1006164400848282
deepmd,dft/FC/CF0.2_d3.2.extxyz:203,FC,coverage,dft/FC/CF0.2_d3.2.extxyz:anneal,57,C,0.9540287443427043,0.70367652481203,1.3522211599438898,,2.013114271413821
deepmd,dft/FC/CF0.4_d3.2.extxyz:203,FC,coverage,dft/FC/CF0.4_d3.2.extxyz:anneal,13,C,0.9526604551843008,0.949676574563374,1.342582282469123,,3.516695424279163
deepmd,dft/etch/trj_CF2_30eV.extxyz:516,etch,coverage,trj_CF2_30eV_case1,146,Si,0.9524754640726445,0.8890438069119007,1.5926707129849524,1.2709838708654015,1.3947820549662948
deepmd,dft/etch/trj_CF3_30eV.extxyz:935,etch,coverage,trj_CF3_30eV_case1,18,F,0.9518102239875912,0.8696064511394801,1.2213107712617624,1.4882540105774957,3.8430227813415314
deepmd,dft/FC/CF0.2_d3.2.extxyz:140,FC,coverage,dft/FC/CF0.2_d3.2.extxyz:anneal,77,C,0.9510104836528958,0.9135889851606293,1.3733114977678464,,2.0765229020552605
deepmd,dft/qsd/qsd_data.extxyz:731,qsd,coverage,CF_10eV_4_54_C_C,85,Si,0.9501189859323336,0.9074965075434426,1.5856657267848107,1.5765943405644969,0.12881078883773672
deepmd,dft/etch/trj_CF2_30eV.extxyz:226,etch,coverage,trj_CF2_30eV_case1,0,C,0.9483397934231189,0.6101384860076906,1.242095004417938,1.1734564329364785,4.6976770802757395
deepmd,dft/etch/trj_CF3_30eV.extxyz:387,etch,coverage,trj_CF3_30eV_case1,1,C,0.943931786556161,0.6782510751817972,1.2686212988910435,1.1555950847939753,4.7182175288153045
deepmd,dft/qsd/qsd_data.extxyz:660,qsd,coverage,CF_10eV_4_37_Si_F,80,Si,0.9429316515677121,0.9018568806215739,1.5657593548818414,1.371796809662423,0.03503406208249338
deepmd,dft/etch/trj_CF2_30eV.extxyz:387,etch,coverage,trj_CF2_30eV_case1,94,O,0.9414950077196548,0.8261450569627935,1.4711560080426516,1.4711560080426516,2.980679379527426
deepmd,dft/qsd/qsd_data.extxyz:731,qsd,coverage,CF_10eV_4_54_C_C,0,C,0.9413425387975894,0.7297016677120065,1.2365414523985843,1.5765943405644969,3.5035531784935134
deepmd,dft/qsd/qsd_data.extxyz:1292,qsd,coverage,CF_30eV_18_13_Si_C,68,Si,0.9401402839182398,0.6433624842963219,1.6337861979463537,1.1698880128456748,1.0923943202163768
deepmd,dft/qsd/qsd_data.extxyz:1187,qsd,coverage,CF_20eV_2_79_C_C,28,C,0.9390435814102603,0.8994161473388671,1.2969287527848263,1.306619940839722,2.8702562538038308
deepmd,dft/FC/CF0.2_d2.3.extxyz:126,FC,coverage,dft/FC/CF0.2_d2.3.extxyz:quench,23,C,0.9374977807204038,0.6714154648443958,1.3659905109462456,,3.5516583684010206
deepmd,dft/mqa/mqa_SiC.extxyz:177,mqa,coverage,dft/mqa/mqa_SiC.extxyz:mqa_SiC,42,C,0.9364204791620777,0.8121624070335687,1.4787923163852321,1.6108935477554065,1.782463994001001
deepmd,dft/qsd/qsd_data.extxyz:661,qsd,coverage,CF_10eV_4_37_Si_F,88,Si,0.9351290738484562,0.8974689427396776,1.5538596526391955,1.1760035724860711,0.5543080243339438
deepmd,dft/etch/trj_CF2_30eV.extxyz:645,etch,coverage,trj_CF2_30eV_case1,105,O,0.9343649519843519,0.8074173252833411,1.6639110553151586,1.142716062720741,1.094056768083814
deepmd,dft/FC/CF0.4_d2.3.extxyz:172,FC,coverage,dft/FC/CF0.4_d2.3.extxyz:anneal,35,C,0.933972646689588,0.5632156910091489,1.362677118652838,,1.1085607397729724
deepmd,dft/FC/CF0.2_d2.3.extxyz:203,FC,coverage,dft/FC/CF0.2_d2.3.extxyz:anneal,77,C,0.9332939121545271,0.9226717249814325,1.4355124808234863,,2.778882681599387
deepmd,dft/qsd/qsd_data.extxyz:575,qsd,coverage,CF3_30eV_9_9_O_F,0,C,0.9330368167578034,0.7350808426815272,1.296932413042408,1.5826712245757153,1.7434578952532809
deepmd,dft/qsd/qsd_data.extxyz:1069,qsd,coverage,CF_20eV_2_54_F_C,17,C,0.9328172931321231,0.8800979052753448,1.2326599268654759,1.228183400718312,0.02891491182763662
deepmd,dft/FC/CF0.2_d2.3.extxyz:203,FC,coverage,dft/FC/CF0.2_d2.3.extxyz:anneal,23,C,0.9314286891453314,0.7274807585504255,1.4229176782231634,,0.6920854169147043
deepmd,dft/etch/trj_CF3_30eV.extxyz:999,etch,coverage,trj_CF3_30eV_case1,106,O,0.9298125149000186,0.7306821789870264,1.7795505050433371,1.146516463030514,3.876396658322133
deepmd,dft/qsd/qsd_data.extxyz:1032,qsd,coverage,CF_20eV_2_52_F_F,35,F,0.9257714721220961,0.8249852536647886,1.2969374130234639,1.240891345968694,19.125803427490936
deepmd,dft/FC/CF0.2_d3.2.extxyz:193,FC,coverage,dft/FC/CF0.2_d3.2.extxyz:anneal,91,C,0.924136091478771,0.6792871808409471,1.3566223645878759,,1.6055757691725419
deepmd,dft/etch/trj_CF2_30eV.extxyz:677,etch,coverage,trj_CF2_30eV_case1,90,O,0.9233219084175944,0.847486413363397,1.5653753543479605,1.1622392180614114,1.41621905268959
deepmd,dft/FC/CF0.2_d2.3.extxyz:193,FC,coverage,dft/FC/CF0.2_d2.3.extxyz:anneal,42,C,0.921062219219414,0.7586861257877495,1.4362465630594217,,2.286045878758561
deepmd,dft/FC/CF0.4_d3.2.extxyz:182,FC,coverage,dft/FC/CF0.4_d3.2.extxyz:anneal,22,C,0.9141682932721124,0.8366642128327338,1.3783430553022704,,3.108148712493178
deepmd,dft/qsd/qsd_data.extxyz:1006,qsd,coverage,CF_20eV_2_32_O_F,26,F,0.913058207178922,0.7414947554446503,1.2969287527848257,1.1673245965882841,13.061261672935505
deepmd,dft/FC/CF0.4_d2.3.extxyz:172,FC,coverage,dft/FC/CF0.4_d2.3.extxyz:anneal,1,C,0.9128826523700042,0.7145066122895415,1.3758046447806456,,1.0492855835877095
deepmd,dft/mqa/mqa_SiO2.extxyz:205,mqa,coverage,dft/mqa/mqa_SiO2.extxyz:mqa_SiO2,16,Si,0.9100495616098608,0.7562837235494779,1.4389051336742906,,10.143898686191271
deepmd,dft/FC/CF0.2_d3.2.extxyz:161,FC,coverage,dft/FC/CF0.2_d3.2.extxyz:anneal,113,C,0.907421786236239,0.6452644867352247,1.3689134920074393,,0.6442218042483504
deepmd,dft/qsd/qsd_data.extxyz:1299,qsd,coverage,CF_30eV_18_3_C_C,1,C,0.9055827692121611,0.7915914957417547,1.1431451005449835,1.1431451005449835,3.5949869574892754
deepmd,dft/qsd/qsd_data.extxyz:1320,qsd,coverage,CF_30eV_18_3_O_C,2,C,0.9042323123557405,0.7432806137299917,1.296932413042408,1.1431451005449835,6.603185700654344
deepmd,dft/FC/CF0.2_d3.2.extxyz:182,FC,coverage,dft/FC/CF0.2_d3.2.extxyz:anneal,57,C,0.9021539767838577,0.6085814844509363,1.326512668503395,,1.7723902338768398
deepmd,dft/FC/CF0.2_d2.3.extxyz:193,FC,coverage,dft/FC/CF0.2_d2.3.extxyz:anneal,23,C,0.901440736831087,0.7129368016524129,1.408916778450736,,2.74524788761088
deepmd,dft/FC/CF0.4_d3.2.extxyz:140,FC,coverage,dft/FC/CF0.4_d3.2.extxyz:anneal,17,C,0.9013795230319883,0.6167738231868898,1.3232116801933094,,2.7185684898210676
deepmd,dft/FC/CF0.2_d2.3.extxyz:151,FC,coverage,dft/FC/CF0.2_d2.3.extxyz:anneal,42,C,0.9013347537858405,0.6476674988470748,1.4492235498362565,,2.1545163683140123
deepmd,dft/FC/CF0.2_d3.2.extxyz:193,FC,coverage,dft/FC/CF0.2_d3.2.extxyz:anneal,113,C,0.9010952976939783,0.7977963714186549,1.3515784825832031,,3.128806657126004
deepmd,dft/etch/trj_CF2_30eV.extxyz:0,etch,coverage,trj_CF2_30eV_case1,102,Si,0.8975078607990288,0.6515922339557856,1.6140631957888156,,0.5848009915620869
deepmd,dft/FC/CF0.2_d2.3.extxyz:151,FC,coverage,dft/FC/CF0.2_d2.3.extxyz:anneal,23,C,0.8965475355737124,0.6696399060323555,1.4210565022193873,,1.584269886934988
deepmd,dft/etch/trj_CF3_30eV.extxyz:0,etch,coverage,trj_CF3_30eV_case1,102,Si,0.8959559684714254,0.6507665792436301,1.6140631957888156,,0.5865815353324719
deepmd,dft/FC/CF0.2_d2.3.extxyz:140,FC,coverage,dft/FC/CF0.2_d2.3.extxyz:anneal,77,C,0.8944096982825586,0.8841647298364529,1.4314148439219145,,1.3384955000241876
deepmd,dft/FC/CF0.2_d2.3.extxyz:182,FC,coverage,dft/FC/CF0.2_d2.3.extxyz:anneal,42,C,0.8936853055339088,0.6320330012384816,1.4062815623011442,,0.5714787223090637
deepmd,dft/FC/CF0.2_d2.3.extxyz:182,FC,coverage,dft/FC/CF0.2_d2.3.extxyz:anneal,2,C,0.8934167917230491,0.7805363014648385,1.394417259969196,,2.4079933735218213
deepmd,dft/FC/CF0.2_d2.3.extxyz:214,FC,coverage,dft/FC/CF0.2_d2.3.extxyz:anneal,77,C,0.8904313486579573,0.8330159677375397,1.451068894125982,,1.1937366830779725
deepmd,dft/etch/trj_CF3_30eV.extxyz:226,etch,coverage,trj_CF3_30eV_case1,111,Si,0.8901830864031882,0.6328317630878202,1.5493869755487168,1.0592922165295118,4.129264646885568
deepmd,dft/qsd/qsd_data.extxyz:1326,qsd,coverage,CF_30eV_18_3_O_F,6,F,0.889909133631715,0.6876720509342684,1.296932413042405,1.1431451005449835,15.20618412689288
deepmd,dft/FC/CF0.2_d3.2.extxyz:161,FC,coverage,dft/FC/CF0.2_d3.2.extxyz:anneal,57,C,0.8882726591954629,0.7814951778629531,1.3458963489808575,,1.7425384979124565
deepmd,dft/FC/CF0.4_d2.3.extxyz:214,FC,coverage,dft/FC/CF0.4_d2.3.extxyz:anneal,98,C,0.8881742084454136,0.8122798940385494,1.4155664551337739,,2.7835606052566915
deepmd,dft/mqa/mqa_SiC.extxyz:88,mqa,coverage,dft/mqa/mqa_SiC.extxyz:mqa_SiC,27,Si,0.8875295231568566,0.7932214086228675,1.9416078462449622,1.693863354229024,1.9851301559429295
deepmd,dft/qsd/qsd_data.extxyz:300,qsd,coverage,CF3_10eV_19_68_Si_F,73,Si,0.8852515802220794,0.7290587178759574,1.6183865845032204,1.5810876823882984,0.9060424215951481
deepmd,dft/etch/trj_CF3_30eV.extxyz:935,etch,coverage,trj_CF3_30eV_case1,137,Si,0.8848390540090819,0.8050459081150887,1.4600342461736988,1.4882540105774957,6.91703178160199
deepmd,dft/qsd/qsd_data.extxyz:1305,qsd,coverage,CF_30eV_18_3_C_F,61,O,0.8847092331266356,0.7846358144596666,1.1431451005449835,1.1431451005449835,6.696234512388138
deepmd,dft/qsd/qsd_data.extxyz:661,qsd,coverage,CF_10eV_4_37_Si_F,22,F,0.8828041618846025,0.6596502102510158,1.1760035724860711,1.1760035724860711,56.19394994212866
deepmd,dft/FC/CF0.2_d3.2.extxyz:214,FC,coverage,dft/FC/CF0.2_d3.2.extxyz:anneal,58,C,0.8812764007133483,0.8677271409789586,1.3405011659077357,,1.3790152659521215
deepmd,dft/qsd/qsd_data.extxyz:963,qsd,coverage,CF_10eV_4_98_F_F,63,O,0.880482348185356,0.6502757731725272,1.2757015281404969,1.2757015281404969,0.5595150243469785
deepmd,dft/FC/CF0.4_d2.3.extxyz:140,FC,coverage,dft/FC/CF0.4_d2.3.extxyz:anneal,20,C,0.8785777527293223,0.818088380548999,1.2515579421664833,,0.9620558476954444
deepmd,dft/qsd/qsd_data.extxyz:1295,qsd,coverage,CF_30eV_18_13_Si_F,65,Si,0.8780574683279893,0.8630384107423179,1.662415039693759,1.1698880128456748,4.8835120155738325
deepmd,dft/FC/CF0.2_d2.3.extxyz:172,FC,coverage,dft/FC/CF0.2_d2.3.extxyz:anneal,89,C,0.8775209680474958,0.641510058165832,1.3655777869092618,,2.2962652750860473
deepmd,dft/etch/trj_CF3_30eV.extxyz:612,etch,coverage,trj_CF3_30eV_case1,0,C,0.8760858989596968,0.7046273996413797,1.298845641329253,1.4515164484083547,1.911483414654179
deepmd,dft/etch/trj_CF2_30eV.extxyz:516,etch,coverage,trj_CF2_30eV_case1,111,Si,0.8743094077069508,0.8660638844372179,1.626468567172451,1.2709838708654015,2.7222010856830545
deepmd,dft/etch/trj_CF3_30eV.extxyz:806,etch,coverage,trj_CF3_30eV_case1,134,Si,0.8742913182487636,0.7747495804317,1.571114254279428,1.204740635987677,4.325354340014931
deepmd,dft/FC/CF0.2_d2.3.extxyz:140,FC,coverage,dft/FC/CF0.2_d2.3.extxyz:anneal,111,C,0.8728311296899769,0.7265367054079828,1.3193330061057356,,2.856885123545047
deepmd,dft/etch/trj_CF2_30eV.extxyz:967,etch,coverage,trj_CF2_30eV_case1,113,Si,0.8727649912561568,0.6895942656538248,1.5995624401691872,1.168332144554793,6.249539464531767
deepmd,dft/FC/CF0.2_d2.3.extxyz:140,FC,coverage,dft/FC/CF0.2_d2.3.extxyz:anneal,23,C,0.8712866425394539,0.6248161648835688,1.41656765069657,,0.6978694018403444
deepmd,dft/qsd/qsd_data.extxyz:261,qsd,coverage,CF3_10eV_19_59_Si_C,85,Si,0.8704739193991222,0.8603657764407764,1.6315629686898407,1.351081189344298,1.56047108805322
deepmd,dft/mqa/mqa_SiC.extxyz:442,mqa,coverage,dft/mqa/mqa_SiC.extxyz:mqa_SiC,6,Si,0.8703005474953213,0.8106862063053468,1.7435948462300528,1.676954091738948,2.6853875585952207
deepmd,dft/qsd/qsd_data.extxyz:1006,qsd,coverage,CF_20eV_2_32_O_F,53,O,0.869537086080606,0.7290713044964114,1.6771698854320032,1.1673245965882841,3.6846735607612517
deepmd,dft/etch/trj_CF2_30eV.extxyz:999,etch,coverage,trj_CF2_30eV_case1,121,Si,0.8683023765904965,0.861888601676859,1.5812653161313515,1.1717508267545613,3.1718564254978503
deepmd,dft/etch/trj_CF2_30eV.extxyz:354,etch,coverage,trj_CF2_30eV_case1,112,Si,0.8664022729089575,0.8064617955758209,1.5918856742869432,1.3054884143492023,2.654764470558923
deepmd,dft/FC/CF0.2_d2.3.extxyz:214,FC,coverage,dft/FC/CF0.2_d2.3.extxyz:anneal,23,C,0.8661520034750871,0.6783641907273659,1.4133413007833597,,0.4466976155230739
deepmd,dft/etch/trj_CF3_30eV.extxyz:226,etch,coverage,trj_CF3_30eV_case1,145,Si,0.8661353826797707,0.6348498550357817,1.5648003067484362,1.0592922165295118,4.986273703886701
deepmd,dft/qsd/qsd_data.extxyz:300,qsd,coverage,CF3_10eV_19_68_Si_F,103,Si,0.8638805752373101,0.7033220247181347,1.6095176555104942,1.5810876823882984,1.0327563173609735
deepmd,dft/qsd/qsd_data.extxyz:1187,qsd,coverage,CF_20eV_2_79_C_C,8,C,0.8625050020205381,0.803509654624939,1.3868041976068575,1.306619940839722,2.0329880580315765
deepmd,dft/etch/trj_CF2_30eV.extxyz:105,etch,prior_outlier,trj_CF2_30eV_case1,3,C,0.8613185338226893,0.7721145278897286,1.2224974437601097,1.1836807001890333,1.8709444823257049
deepmd,dft/etch/trj_CF3_30eV.extxyz:258,etch,coverage,trj_CF3_30eV_case1,2,C,0.8611293810010939,0.72049960395813,1.2917430084966595,1.2060265337047962,2.2335897026477354
deepmd,dft/qsd/qsd_data.extxyz:790,qsd,coverage,CF_10eV_4_5_O_F,94,Si,0.8575726181512742,0.822850144580841,1.5886514819179187,1.1995447063782159,0.16647113426657487
deepmd,dft/qsd/qsd_data.extxyz:1213,qsd,coverage,CF_20eV_2_79_Si_C,90,Si,0.8556928256747502,0.6401878800740242,1.6276492097193425,1.306619940839722,0.1627873743322866
deepmd,dft/etch/trj_CF2_30eV.extxyz:354,etch,coverage,trj_CF2_30eV_case1,114,Si,0.8546365906122988,0.8236500623873249,1.6078868119367113,1.3054884143492023,2.169654303407112
deepmd,dft/etch/trj_CF3_30eV.extxyz:419,etch,coverage,trj_CF3_30eV_case1,105,O,0.8514707618999745,0.7120912217525244,1.9141055352304905,1.5253851972534673,3.890196290838163
deepmd,dft/etch/trj_CF2_30eV.extxyz:161,etch,coverage,trj_CF2_30eV_case1,27,F,0.8501652313328609,0.800151230031848,1.3921566003866082,1.1903780911962376,0.8035309723246516
deepmd,dft/etch/trj_CF2_30eV.extxyz:741,etch,coverage,trj_CF2_30eV_case1,3,C,0.8475405688595904,0.8161524696390927,1.2500000000000002,1.165289663560095,4.302132279115206
deepmd,dft/FC/CF0.2_d2.3.extxyz:172,FC,coverage,dft/FC/CF0.2_d2.3.extxyz:anneal,13,C,0.8470561399965578,0.6554696530919224,1.352655560480939,,0.7732404390032896
deepmd,dft/FC/CF0.2_d2.3.extxyz:114,FC,coverage,dft/FC/CF0.2_d2.3.extxyz:quench,72,C,0.8466972030064597,0.7394922583653616,1.377979323320926,,6.054722840001514
deepmd,dft/FC/CF0.2_d2.3.extxyz:172,FC,coverage,dft/FC/CF0.2_d2.3.extxyz:anneal,77,C,0.8447843371090785,0.805448045774495,1.3758234423064613,,3.465816429884018
deepmd,dft/etch/trj_CF3_30eV.extxyz:387,etch,coverage,trj_CF3_30eV_case1,142,Si,0.8444020430201796,0.6270630407667681,1.6052725625263764,1.1555950847939753,2.561665933122428
deepmd,dft/FC/CF0.2_d3.2.extxyz:182,FC,coverage,dft/FC/CF0.2_d3.2.extxyz:anneal,86,C,0.8441898370418668,0.8277969672566914,1.4336972121755687,,3.42043135579564
deepmd,dft/mqa/mqa_SiC.extxyz:531,mqa,coverage,dft/mqa/mqa_SiC.extxyz:mqa_SiC,25,Si,0.8418117083940636,0.7951530421340527,1.8445836299284453,1.6381236183817145,2.1228148189201526
deepmd,dft/etch/trj_CF2_30eV.extxyz:483,etch,coverage,trj_CF2_30eV_case1,109,Si,0.8415546555232831,0.7634072479196827,1.582340039308872,1.4659809002848585,1.5463715603036678
deepmd,dft/etch/trj_CF2_30eV.extxyz:0,etch,coverage,trj_CF2_30eV_case1,104,Si,0.8410750606341272,0.8088430092101098,1.6014056325615942,,2.2599866704133458
deepmd,dft/mqa/mqa_SiC.extxyz:619,mqa,coverage,dft/mqa/mqa_SiC.extxyz:mqa_SiC,27,Si,0.8407538545862286,0.5668192617585532,1.920829038201996,1.7157911518605296,1.7284489423428164
deepmd,dft/etch/trj_CF3_30eV.extxyz:0,etch,coverage,trj_CF3_30eV_case1,104,Si,0.8400071924317817,0.8080025845270158,1.6014056325615942,,2.259484163894273
deepmd,dft/etch/trj_CF2_30eV.extxyz:677,etch,coverage,trj_CF2_30eV_case1,137,Si,0.8386192941485494,0.783088149944067,1.603028384028175,1.1622392180614114,0.6813089690067202
deepmd,dft/etch/trj_CF2_30eV.extxyz:193,etch,coverage,trj_CF2_30eV_case1,23,F,0.8376604383482295,0.620602548138868,2.0365411854416284,1.2303657992645913,4.804337160835821
deepmd,dft/qsd/qsd_data.extxyz:502,qsd,coverage,CF3_20eV_4_98_Si_F,67,Si,0.8264835798035443,0.6027742232678048,1.6495965314585261,1.5846581323742983,0.278869139477641
deepmd,dft/qsd/qsd_data.extxyz:480,qsd,coverage,CF3_20eV_4_98_F_F,67,Si,0.8264155537747951,0.5847850393943508,1.6495965314585261,1.5846581323742983,0.2840787828860156
deepmd,dft/qsd/qsd_data.extxyz:1292,qsd,coverage,CF_30eV_18_13_Si_C,65,Si,0.8262010180243491,0.8069548366266472,1.662415039693759,1.1698880128456748,4.8980189132111365
deepmd,dft/mqa/mqa_SiC.extxyz:531,mqa,coverage,dft/mqa/mqa_SiC.extxyz:mqa_SiC,32,C,0.8245704952356173,0.6684344822398275,1.4680681576139436,1.6381236183817145,0.2719444018875917
deepmd,dft/etch/trj_CF3_30eV.extxyz:773,etch,coverage,trj_CF3_30eV_case1,144,Si,0.8217061001193297,0.6067045281760692,1.5247950681976896,1.2613088440187834,4.205719260824955
deepmd,dft/FC/CF0.2_d2.3.extxyz:203,FC,coverage,dft/FC/CF0.2_d2.3.extxyz:anneal,16,C,0.8198930842014239,0.8000440677741757,1.44755221487862,,0.7980942979711105
deepmd,dft/etch/trj_CF3_30eV.extxyz:806,etch,coverage,trj_CF3_30eV_case1,106,O,0.8192271987573646,0.808111510641575,1.2559458587057017,1.204740635987677,4.493625128454753
deepmd,dft/qsd/qsd_data.extxyz:300,qsd,coverage,CF3_10eV_19_68_Si_F,81,Si,0.8173939096770106,0.7605046913484335,1.6165967859055033,1.5810876823882984,0.904833369175231
deepmd,dft/mqa/mqa_SiC.extxyz:265,mqa,coverage,dft/mqa/mqa_SiC.extxyz:mqa_SiC,21,Si,0.8117616807614368,0.7842797349862556,1.8469546831473698,1.6392847201604375,6.404125698167862
deepmd,dft/FC/CF0.2_d2.3.extxyz:114,FC,coverage,dft/FC/CF0.2_d2.3.extxyz:quench,69,C,0.8098783409982632,0.5651269526795508,1.3862886056352868,,2.393891189808133
deepmd,dft/etch/trj_CF2_30eV.extxyz:741,etch,coverage,trj_CF2_30eV_case1,30,F,0.809738746564325,0.5989858658555449,1.2500000000000002,1.165289663560095,5.127717862328426
deepmd,dft/etch/trj_CF2_30eV.extxyz:999,etch,coverage,trj_CF2_30eV_case1,110,Si,0.8062215157359093,0.771093835737586,1.6177144370994525,1.1717508267545613,2.437338539712733
deepmd,dft/qsd/qsd_data.extxyz:963,qsd,coverage,CF_10eV_4_98_F_F,3,C,0.8010401516352855,0.7855530492004081,1.2757015281404969,1.2757015281404969,0.5644678796902441
deepmd,dft/etch/trj_CF2_30eV.extxyz:451,etch,coverage,trj_CF2_30eV_case1,2,C,0.8008660631501031,0.7673413913921006,1.377025780441311,1.2043670536842155,3.9564733971542134
deepmd,dft/etch/trj_CF2_30eV.extxyz:548,etch,coverage,trj_CF2_30eV_case1,105,Si,0.8002921858718058,0.7569270172327758,1.6063934760823704,1.198916177220076,1.702116282658444
deepmd,dft/qsd/qsd_data.extxyz:1237,qsd,coverage,CF_30eV_18_12_F_F,88,Si,0.7984945923926281,0.7672464166339412,1.6347510501908222,1.1728677049437417,0.11268984510593667
deepmd,dft/etch/trj_CF2_30eV.extxyz:451,etch,coverage,trj_CF2_30eV_case1,19,F,0.7974025138058242,0.6782859447173699,1.3118688958886113,1.2043670536842155,3.1072729342302714
deepmd,dft/qsd/qsd_data.extxyz:1304,qsd,coverage,CF_30eV_18_3_C_F,2,C,0.7957986625695991,0.6365525638963581,1.2969287527848257,1.1431451005449835,2.5107768603675233
deepmd,dft/mqa/mqa_SiO2.extxyz:205,mqa,coverage,dft/mqa/mqa_SiO2.extxyz:mqa_SiO2,0,Si,0.7946045054359934,0.685694616580963,1.5561340346191264,,7.438217474883751
deepmd,dft/qsd/qsd_data.extxyz:1147,qsd,coverage,CF_20eV_2_76_C_F,23,C,0.7944152368017683,0.7429254106093347,1.3694568209330291,1.2835795392962583,0.05029837127581767
deepmd,dft/qsd/qsd_data.extxyz:1213,qsd,coverage,CF_20eV_2_79_Si_C,21,C,0.7903027495364532,0.7024499834374525,1.3363095817212411,1.306619940839722,0.12224808918752063
deepmd,dft/mqa/mqa_SiO2.extxyz:205,mqa,coverage,dft/mqa/mqa_SiO2.extxyz:mqa_SiO2,55,O,0.7881632768646961,0.6121218246824416,1.6593346434339278,,1.8517991584148643
deepmd,dft/etch/trj_CF3_30eV.extxyz:387,etch,coverage,trj_CF3_30eV_case1,111,Si,0.7831389567763967,0.618794197095871,1.5943023552638942,1.1555950847939753,3.553078920867365
deepmd,dft/etch/trj_CF2_30eV.extxyz:193,etch,coverage,trj_CF2_30eV_case1,2,C,0.781555818850887,0.7456841997016668,1.2528766898621733,1.2303657992645913,3.9665042110102444
deepmd,dft/etch/trj_CF2_30eV.extxyz:935,etch,coverage,trj_CF2_30eV_case1,24,O,0.7796738026200718,0.49689902456322377,1.5863795258386313,1.3411562175973366,4.17791782245307
deepmd,dft/etch/trj_CF2_30eV.extxyz:935,etch,coverage,trj_CF2_30eV_case1,1,C,0.7665076011405542,0.6620338556636498,1.2434629065637615,1.3411562175973366,6.98711736334699
deepmd,dft/mqa/mqa_SiC.extxyz:0,mqa,coverage,dft/mqa/mqa_SiC.extxyz:mqa_SiC,27,Si,0.7610770149541473,0.7462887640080311,1.8254392167914002,1.7216500923939175,1.4085249803968691
deepmd,dft/qsd/qsd_data.extxyz:1304,qsd,coverage,CF_30eV_18_3_C_F,6,F,0.7575587759651885,0.6091496223723887,1.2969287527848257,1.1431451005449835,5.34663387418196
deepmd,dft/mqa/mqa_SiC.extxyz:265,mqa,coverage,dft/mqa/mqa_SiC.extxyz:mqa_SiC,4,Si,0.7561103080906973,0.6240115547726881,2.0353020808715354,1.6392847201604375,1.4115972696789265
deepmd,dft/mqa/mqa_SiC.extxyz:442,mqa,coverage,dft/mqa/mqa_SiC.extxyz:mqa_SiC,52,C,0.7553752109980312,0.6599685903391428,1.4536327399312383,1.676954091738948,4.245040023550544
deepmd,dft/etch/trj_CF2_30eV.extxyz:419,etch,coverage,trj_CF2_30eV_case1,149,Si,0.7493054549773092,0.5137447417550087,1.620493751916373,1.3802898246382913,1.544304758595919
deepmd,dft/mqa/mqa_SiC.extxyz:177,mqa,coverage,dft/mqa/mqa_SiC.extxyz:mqa_SiC,12,Si,0.7469610491380607,0.5358854129915177,1.944692969519867,1.6108935477554065,4.713920430118544
deepmd,dft/etch/trj_CF2_30eV.extxyz:548,etch,coverage,trj_CF2_30eV_case1,108,Si,0.744501016702672,0.6827377435168849,1.6033090781256116,1.198916177220076,2.886999930467786
deepmd,dft/etch/trj_CF2_30eV.extxyz:958,etch,prior_outlier,trj_CF2_30eV_case1,134,Si,0.7442708393816915,0.6284805616591423,1.6042443704124372,0.9210320298447815,4.022360497235423
deepmd,dft/mqa/mqa_SiC.extxyz:442,mqa,coverage,dft/mqa/mqa_SiC.extxyz:mqa_SiC,47,C,0.7421766214756584,0.6168273378174975,1.4397924027095015,1.676954091738948,2.3751512884957453
deepmd,dft/mqa/mqa_SiC.extxyz:177,mqa,coverage,dft/mqa/mqa_SiC.extxyz:mqa_SiC,14,Si,0.7357043410540628,0.4383636310380159,1.7371233622572695,1.6108935477554065,3.3683246639569946
deepmd,dft/etch/trj_CF2_30eV.extxyz:741,etch,coverage,trj_CF2_30eV_case1,128,Si,0.7347862782580448,0.6225067809371948,1.5865686244219,1.165289663560095,2.1348322635617065
deepmd,dft/etch/trj_CF3_30eV.extxyz:483,etch,coverage,trj_CF3_30eV_case1,99,O,0.7332292678334711,0.6623937320381468,1.240806189539687,1.240806189539687,0.39821403146172535
deepmd,dft/mqa/mqa_Si.extxyz:0,mqa,coverage,dft/mqa/mqa_Si.extxyz:mqa_Si,33,Si,0.730845169924793,0.5351752573054991,2.323320515211918,,0.24606955177754114
deepmd,dft/qsd/qsd_data.extxyz:1304,qsd,coverage,CF_30eV_18_3_C_F,61,O,0.7283595493333609,0.545796255733084,1.1431451005449835,1.1431451005449835,1.478019328964273
deepmd,dft/mqa/mqa_SiC.extxyz:619,mqa,coverage,dft/mqa/mqa_SiC.extxyz:mqa_SiC,54,C,0.7269442418360993,0.6370859479565696,1.5568933700160712,1.7157911518605296,2.197142593386465
deepmd,dft/etch/trj_CF3_30eV.extxyz:483,etch,coverage,trj_CF3_30eV_case1,146,Si,0.7262686373017875,0.5353110019845961,1.5519664944836922,1.240806189539687,4.6335830869677945
deepmd,dft/mqa/mqa_SiC.extxyz:0,mqa,coverage,dft/mqa/mqa_SiC.extxyz:mqa_SiC,25,Si,0.7222204096535384,0.6842185196475193,1.8538097963653126,1.7216500923939175,1.4151807461730819
deepmd,dft/mqa/mqa_SiC.extxyz:354,mqa,coverage,dft/mqa/mqa_SiC.extxyz:mqa_SiC,22,Si,0.7206549828789,0.6843668478755505,1.878938514667257,1.5925064224046326,3.3267726089946397
deepmd,dft/mqa/mqa_SiC.extxyz:619,mqa,coverage,dft/mqa/mqa_SiC.extxyz:mqa_SiC,39,C,0.7137021988037681,0.6940883368758397,1.5577362186281685,1.7157911518605296,1.1957378993387304
deepmd,dft/qsd/qsd_data.extxyz:674,qsd,coverage,CF_10eV_4_39_F_C,8,C,0.7119474053713509,0.613825127153933,1.296932413042408,1.3097513380409276,6.6864717275793515
deepmd,dft/etch/trj_CF2_30eV.extxyz:967,etch,coverage,trj_CF2_30eV_case1,108,Si,0.7095892572241552,0.5936755798746487,1.6450531906294086,1.168332144554793,2.7591257031057865
deepmd,dft/etch/trj_CF2_30eV.extxyz:870,etch,coverage,trj_CF2_30eV_case1,96,O,0.7019663382006412,0.5257832175091719,1.3520724832641184,1.3112970677920375,2.075112669127631
deepmd,dft/etch/trj_CF2_30eV.extxyz:870,etch,coverage,trj_CF2_30eV_case1,149,Si,0.701060842552203,0.5993774115002157,1.5962769183321541,1.3112970677920375,3.964396231327792
deepmd,dft/qsd/qsd_data.extxyz:1295,qsd,coverage,CF_30eV_18_13_Si_F,21,O,0.698793841521431,0.5827247449469566,1.651027495985455,1.1698880128456748,0.05624353162809036
deepmd,dft/etch/trj_CF3_30eV.extxyz:258,etch,coverage,trj_CF3_30eV_case1,114,Si,0.6935000532935928,0.6867793533830047,1.5678328992593575,1.2060265337047962,1.7945065076045281
deepmd,dft/etch/trj_CF2_30eV.extxyz:105,etch,prior_outlier,trj_CF2_30eV_case1,114,Si,0.6917192675559507,0.4520268314840794,1.5626579920123282,1.1836807001890333,3.7271246698416194
deepmd,dft/qsd/qsd_data.extxyz:1299,qsd,coverage,CF_30eV_18_3_C_C,6,F,0.6810640616864918,0.5715499266850949,1.2969287527848241,1.1431451005449835,2.6521961065383155
deepmd,dft/etch/trj_CF3_30eV.extxyz:483,etch,coverage,trj_CF3_30eV_case1,149,Si,0.6774687299693296,0.6409730528322459,1.530686120666153,1.240806189539687,3.5668396324620484
deepmd,dft/qsd/qsd_data.extxyz:526,qsd,coverage,CF3_30eV_9_36_F_F,24,F,0.6752177572069358,0.5902115098505298,1.2969287527848226,1.2595609813740645,19.409793686057615
deepmd,dft/qsd/qsd_data.extxyz:674,qsd,coverage,CF_10eV_4_39_F_C,89,Si,0.662598800317412,0.6285189876239605,1.6075908487236414,1.3097513380409276,0.20545375997046147
deepmd,dft/etch/trj_CF3_30eV.extxyz:226,etch,coverage,trj_CF3_30eV_case1,30,O,0.6599814350457129,0.5190376970256236,1.5593909067324978,1.0592922165295118,3.297554299940791
deepmd,dft/qsd/qsd_data.extxyz:575,qsd,coverage,CF3_30eV_9_9_O_F,6,F,0.657790238502761,0.5557172374640107,1.5868292418845826,1.5826712245757153,11.461380341563313
deepmd,dft/etch/trj_CF2_30eV.extxyz:870,etch,coverage,trj_CF2_30eV_case1,107,Si,0.6571078699475023,0.4593837184639571,1.5627219842313607,1.3112970677920375,4.427736039047269
deepmd,dft/qsd/qsd_data.extxyz:1326,qsd,coverage,CF_30eV_18_3_O_F,78,Si,0.6506940798218448,0.5326320517206788,1.67830462324335,1.1431451005449835,1.3352519230399933
deepmd,dft/mqa/mqa_Si.extxyz:88,mqa,coverage,dft/mqa/mqa_Si.extxyz:mqa_Si,33,Si,0.6448092611837187,0.44375996097831755,2.2566368724497976,,1.1595439331931328
deepmd,dft/mqa/mqa_SiO2.extxyz:308,mqa,coverage,dft/mqa/mqa_SiO2.extxyz:mqa_SiO2,5,Si,0.6410112983018169,0.6284830384583697,1.4225921761603744,,11.542531913318282
deepmd,dft/mqa/mqa_SiC.extxyz:0,mqa,coverage,dft/mqa/mqa_SiC.extxyz:mqa_SiC,39,C,0.6403002542689992,0.5471414022852557,1.5734960715515585,1.7216500923939175,4.545983240242863
deepmd,dft/etch/trj_CF3_30eV.extxyz:838,etch,coverage,trj_CF3_30eV_case1,107,Si,0.6345954019349271,0.536330170971766,1.6028412273210348,1.4765838953476356,4.511618537310308
deepmd,dft/mqa/mqa_Si.extxyz:619,mqa,coverage,dft/mqa/mqa_Si.extxyz:mqa_Si,33,Si,0.6328004793063026,0.4577924235165993,2.270251702829446,,1.1139366255932157
deepmd,dft/etch/trj_CF2_30eV.extxyz:193,etch,coverage,trj_CF2_30eV_case1,107,O,0.63025031318091,0.44777393304634083,1.5166080574756253,1.2303657992645913,2.533953599516771
deepmd,dft/mqa/mqa_SiC.extxyz:531,mqa,coverage,dft/mqa/mqa_SiC.extxyz:mqa_SiC,31,Si,0.6152390801267597,0.47643577598514186,2.086622887658429,1.6381236183817145,3.7387695308393907
deepmd,dft/etch/trj_CF2_30eV.extxyz:967,etch,coverage,trj_CF2_30eV_case1,144,Si,0.6133940086622757,0.603477454851389,1.5703821191034995,1.168332144554793,2.239289536822114
deepmd,dft/etch/trj_CF2_30eV.extxyz:129,etch,coverage,trj_CF2_30eV_case1,144,Si,0.6118550739700883,0.5703558034226969,1.6226213359869275,1.2054044964243331,0.6602764011450053
deepmd,dft/mqa/mqa_SiC.extxyz:88,mqa,coverage,dft/mqa/mqa_SiC.extxyz:mqa_SiC,25,Si,0.609214942586269,0.5319514716394574,1.8647607233637244,1.693863354229024,1.177456921165696
deepmd,dft/qsd/qsd_data.extxyz:310,qsd,coverage,CF3_10eV_19_84_F_F,0,C,0.6079914242040165,0.5395836537017822,1.2969374130234668,1.5883613265563985,0.06611624929622066
deepmd,dft/qsd/qsd_data.extxyz:1309,qsd,coverage,CF_30eV_18_3_F_C,80,Si,0.6077728788016554,0.5818752973190215,1.609108573651884,1.1431451005449835,0.05089988097235592
deepmd,dft/mqa/mqa_SiO2.extxyz:411,mqa,coverage,dft/mqa/mqa_SiO2.extxyz:mqa_SiO2,8,Si,0.6075046248087086,0.5946600928309858,1.6160909195339228,,3.473466333497562
deepmd,dft/qsd/qsd_data.extxyz:1320,qsd,coverage,CF_30eV_18_3_O_C,99,Si,0.6025610986328085,0.42771739122675356,1.5912669656597522,1.1431451005449835,2.2607315971948108
deepmd,dft/etch/trj_CF2_30eV.extxyz:483,etch,coverage,trj_CF2_30eV_case1,111,Si,0.6017396967416251,0.4227577904764457,1.6270218191530195,1.4659809002848585,1.5858223835225052
deepmd,dft/etch/trj_CF2_30eV.extxyz:935,etch,coverage,trj_CF2_30eV_case1,26,O,0.6016521978867788,0.4357061186444182,1.5863795258386313,1.3411562175973366,3.713029237561832
deepmd,dft/etch/trj_CF2_30eV.extxyz:419,etch,coverage,trj_CF2_30eV_case1,108,Si,0.5914616945888636,0.5142246336128711,1.6381391882254657,1.3802898246382913,6.560088191709774
deepmd,dft/etch/trj_CF3_30eV.extxyz:967,etch,coverage,trj_CF3_30eV_case1,67,O,0.5853142867832558,0.4313701897618323,1.5640332477284493,1.2922074136917818,1.3442199218907596
deepmd,dft/mqa/mqa_SiC.extxyz:88,mqa,coverage,dft/mqa/mqa_SiC.extxyz:mqa_SiC,60,C,0.585068731583632,0.45629364320674537,1.461808343388421,1.693863354229024,1.151389830030646
deepmd,dft/etch/trj_CF2_30eV.extxyz:129,etch,coverage,trj_CF2_30eV_case1,108,Si,0.5800938965900829,0.37237878131294244,1.5992810884894493,1.2054044964243331,2.310733815078881
deepmd,dft/etch/trj_CF2_30eV.extxyz:483,etch,coverage,trj_CF2_30eV_case1,108,Si,0.5692390645168098,0.4655620540222525,1.6271754668750387,1.4659809002848585,1.943969728880828
deepmd,dft/etch/trj_CF2_30eV.extxyz:129,etch,coverage,trj_CF2_30eV_case1,110,Si,0.5640773881390452,0.4594088885680646,1.6190429271640692,1.2054044964243331,1.8152615623154695
deepmd,dft/etch/trj_CF3_30eV.extxyz:838,etch,coverage,trj_CF3_30eV_case1,35,O,0.5608279597351339,0.4288346500358432,1.6169415573854242,1.4765838953476356,0.8754563332377007
deepmd,dft/qsd/qsd_data.extxyz:674,qsd,coverage,CF_10eV_4_39_F_C,54,O,0.5601836658915298,0.5320061280309595,1.595161367949964,1.3097513380409276,0.12122213805242012
deepmd,dft/qsd/qsd_data.extxyz:1320,qsd,coverage,CF_30eV_18_3_O_C,56,O,0.5578974070005904,0.525846862704549,1.6346335506467506,1.1431451005449835,7.09372698303769
deepmd,dft/qsd/qsd_data.extxyz:526,qsd,coverage,CF3_30eV_9_36_F_F,64,Si,0.5524414540308924,0.4684555518742801,1.5676324643550863,1.2595609813740645,4.858769754725778
deepmd,dft/qsd/qsd_data.extxyz:496,qsd,coverage,CF3_20eV_4_98_Si_C,10,F,0.5494069776466695,0.3880260892574973,1.6087157571802424,1.5846581323742983,3.3586328042161737
deepmd,dft/etch/trj_CF3_30eV.extxyz:32,etch,coverage,trj_CF3_30eV_case1,109,Si,0.5410378045770531,0.4747841288100937,1.534926708347992,1.2120231020900523,2.9461858338173443
deepmd,dft/qsd/qsd_data.extxyz:496,qsd,coverage,CF3_20eV_4_98_Si_C,67,Si,0.5405709579433967,0.39999083728978524,1.6495965314585261,1.5846581323742983,0.19774379979660553
deepmd,dft/qsd/qsd_data.extxyz:502,qsd,coverage,CF3_20eV_4_98_Si_F,0,C,0.533268034573612,0.473135497177124,1.2969287527848257,1.5846581323742983,2.703521442862808
deepmd,dft/etch/trj_CF2_30eV.extxyz:419,etch,coverage,trj_CF2_30eV_case1,115,Si,0.5314816013212896,0.5216170464274883,1.5929218436571209,1.3802898246382913,2.573928625399508
deepmd,dft/etch/trj_CF3_30eV.extxyz:32,etch,coverage,trj_CF3_30eV_case1,9,F,0.503574829712985,0.40702229500007636,1.8112426673419544,1.2120231020900523,2.7625070707654307
deepmd,dft/etch/trj_CF3_30eV.extxyz:193,etch,coverage,trj_CF3_30eV_case1,107,Si,0.503210236755908,0.44139734794082863,1.6978221343827506,1.1910499569707416,2.502975512152486
deepmd,dft/etch/trj_CF3_30eV.extxyz:32,etch,coverage,trj_CF3_30eV_case1,107,Si,0.4858858550910629,0.40436749537017147,1.6282813024781684,1.2120231020900523,5.579405717580861
deepmd,dft/qsd/qsd_data.extxyz:1309,qsd,coverage,CF_30eV_18_3_F_C,39,O,0.4839862004906113,0.4604879091032517,1.596974182947239,1.1431451005449835,0.009829088767530792
deepmd,dft/qsd/qsd_data.extxyz:521,qsd,coverage,CF3_30eV_9_36_F_C,64,Si,0.48203452943793174,0.39784398705901936,1.5676324643550863,1.2595609813740645,4.908345551683479
deepmd,dft/mqa/mqa_Si.extxyz:619,mqa,coverage,dft/mqa/mqa_Si.extxyz:mqa_Si,60,Si,0.48184277659844926,0.43542012857982515,2.3517386527205777,,0.46050209290946764
deepmd,dft/etch/trj_CF3_30eV.extxyz:290,etch,coverage,trj_CF3_30eV_case1,110,Si,0.46916624125102946,0.3947791652760504,1.5723231220076865,1.313811249761548,4.772430317648755
deepmd,dft/qsd/qsd_data.extxyz:502,qsd,coverage,CF3_20eV_4_98_Si_F,79,Si,0.46650744910726977,0.4139731419043764,1.617582741562236,1.5846581323742983,1.9571549405325577
deepmd,dft/etch/trj_CF3_30eV.extxyz:290,etch,coverage,trj_CF3_30eV_case1,112,Si,0.4624833378529311,0.3688072824299361,1.58079094126959,1.313811249761548,1.9076405177624531
deepmd,dft/etch/trj_CF3_30eV.extxyz:290,etch,coverage,trj_CF3_30eV_case1,16,F,0.4589489780850638,0.4047235954132078,1.7843205989955946,1.313811249761548,4.291657265052278
deepmd,dft/qsd/qsd_data.extxyz:521,qsd,coverage,CF3_30eV_9_36_F_C,85,Si,0.4564487610751141,0.4519424767795952,1.617582741562236,1.2595609813740645,4.304130415330488
deepmd,dft/qsd/qsd_data.extxyz:526,qsd,coverage,CF3_30eV_9_36_F_F,85,Si,0.45156930373586107,0.4468115433872044,1.617582741562236,1.2595609813740645,4.304293593256506
deepmd,dft/qsd/qsd_data.extxyz:13,qsd,coverage,CF3_10eV_19_10_O_F,0,C,0.44958146776022023,0.4070914798352122,1.2969374130234639,1.5801362450750878,0.2172911699517493
deepmd,dft/mqa/mqa_Si.extxyz:354,mqa,coverage,dft/mqa/mqa_Si.extxyz:mqa_Si,12,Si,0.4479798749290473,0.43089315886087715,2.3444583957281044,,0.9377721114929788
deepmd,dft/qsd/qsd_data.extxyz:13,qsd,coverage,CF3_10eV_19_10_O_F,96,Si,0.438662051670204,0.3909516001236141,1.617582741562236,1.5801362450750878,1.9348096912846493
deepmd,dft/mqa/mqa_SiO2.extxyz:308,mqa,coverage,dft/mqa/mqa_SiO2.extxyz:mqa_SiO2,44,O,0.42845416005784714,0.3899798676593935,1.4813573688006547,,3.1884470162681082
deepmd,dft/mqa/mqa_Si.extxyz:88,mqa,coverage,dft/mqa/mqa_Si.extxyz:mqa_Si,34,Si,0.42828653529832306,0.29659218537408905,2.251809623975475,,0.8514739691640608
deepmd,dft/mqa/mqa_Si.extxyz:619,mqa,coverage,dft/mqa/mqa_Si.extxyz:mqa_Si,47,Si,0.4248333162604504,0.4165756680879593,2.3085311306326357,,1.229746029957812
deepmd,dft/mqa/mqa_Si.extxyz:442,mqa,coverage,dft/mqa/mqa_Si.extxyz:mqa_Si,39,Si,0.424265783366029,0.3098708229507749,2.4388485086819154,,0.46779025975964905
deepmd,dft/qsd/qsd_data.extxyz:575,qsd,coverage,CF3_30eV_9_9_O_F,100,Si,0.42276879477422175,0.3785632551997825,1.617582741562236,1.5826712245757153,1.8898346634139718
deepmd,dft/mqa/mqa_Si.extxyz:0,mqa,coverage,dft/mqa/mqa_Si.extxyz:mqa_Si,60,Si,0.41428238303435283,0.3369389305845611,2.3092198155654216,,0.1901609716161547
deepmd,dft/mqa/mqa_Si.extxyz:265,mqa,coverage,dft/mqa/mqa_Si.extxyz:mqa_Si,30,Si,0.4046580250389435,0.3379904742679676,2.245923592934541,,1.8853335394425572
deepmd,dft/qsd/qsd_data.extxyz:310,qsd,coverage,CF3_10eV_19_84_F_F,98,Si,0.4027601052468581,0.3659736883738637,1.617582741562236,1.5883613265563985,1.8763682648576745
deepmd,dft/mqa/mqa_SiO2.extxyz:308,mqa,coverage,dft/mqa/mqa_SiO2.extxyz:mqa_SiO2,19,Si,0.3980037990830293,0.29937863320310676,1.4032674786012818,,13.006271285181008
deepmd,dft/qsd/qsd_data.extxyz:1309,qsd,coverage,CF_30eV_18_3_F_C,72,Si,0.3959883223833681,0.36382789611942323,1.596974182947239,1.1431451005449835,0.032252630667900566
deepmd,dft/mqa/mqa_Si.extxyz:88,mqa,coverage,dft/mqa/mqa_Si.extxyz:mqa_Si,10,Si,0.39520308249652897,0.33018086929105595,2.2557170698028597,,1.572434340734455
deepmd,dft/mqa/mqa_Si.extxyz:0,mqa,coverage,dft/mqa/mqa_Si.extxyz:mqa_Si,5,Si,0.39080277587617174,0.37987261309178477,2.3717745119214,,1.1490181925152447
deepmd,dft/qsd/qsd_data.extxyz:242,qsd,coverage,CF3_10eV_19_59_F_C,1,C,0.3889536648003582,0.3332639350247977,1.296928752784826,1.351081189344298,6.79084171587455
deepmd,dft/etch/trj_CF3_30eV.extxyz:193,etch,coverage,trj_CF3_30eV_case1,112,Si,0.3742048523392028,0.37222939377619335,1.6132885668720265,1.1910499569707416,3.0611628864732108
deepmd,dft/qsd/qsd_data.extxyz:242,qsd,coverage,CF3_10eV_19_59_F_C,7,F,0.3728095273433011,0.33222246610336725,1.351924611285703,1.351081189344298,5.516313479040418
deepmd,dft/mqa/mqa_SiO2.extxyz:411,mqa,coverage,dft/mqa/mqa_SiO2.extxyz:mqa_SiO2,63,O,0.37184644934104943,0.3553348476471827,1.5268771808989758,,6.210233865324638
deepmd,dft/qsd/qsd_data.extxyz:242,qsd,coverage,CF3_10eV_19_59_F_C,75,Si,0.3711298617701876,0.30123273472927514,1.5676324643550863,1.351081189344298,2.8824374364971046
deepmd,dft/etch/trj_CF3_30eV.extxyz:193,etch,coverage,trj_CF3_30eV_case1,113,Si,0.3693659720981969,0.34524515218620955,1.6220974076793286,1.1910499569707416,2.009768997381789
deepmd,dft/mqa/mqa_SiO2.extxyz:411,mqa,coverage,dft/mqa/mqa_SiO2.extxyz:mqa_SiO2,14,Si,0.36859793546371133,0.27702747127020366,1.5340030753554559,,3.295634971807709
deepmd,dft/mqa/mqa_Si.extxyz:531,mqa,coverage,dft/mqa/mqa_Si.extxyz:mqa_Si,24,Si,0.36524492135897985,0.28758508871448696,2.401431041368078,,0.8409917748705988
deepmd,dft/mqa/mqa_Si.extxyz:177,mqa,coverage,dft/mqa/mqa_Si.extxyz:mqa_Si,3,Si,0.3652069065029791,0.27762737219321365,2.140972250053699,,2.749840922289324
deepmd,dft/mqa/mqa_Si.extxyz:265,mqa,coverage,dft/mqa/mqa_Si.extxyz:mqa_Si,61,Si,0.36492234777911026,0.34136465742034466,2.446795438302923,,0.2178028257484278
deepmd,dft/mqa/mqa_Si.extxyz:354,mqa,coverage,dft/mqa/mqa_Si.extxyz:mqa_Si,27,Si,0.36233405274443314,0.22719146488670994,1.9887978926477163,,6.228695699809471
deepmd,dft/mqa/mqa_Si.extxyz:531,mqa,coverage,dft/mqa/mqa_Si.extxyz:mqa_Si,62,Si,0.36118920729742865,0.337774627639687,2.400148781938106,,0.8395513176363908
deepmd,dft/mqa/mqa_Si.extxyz:354,mqa,coverage,dft/mqa/mqa_Si.extxyz:mqa_Si,53,Si,0.35777282669210214,0.34718642745108164,2.115263398302916,,3.3681310470646775
deepmd,dft/mqa/mqa_Si.extxyz:531,mqa,coverage,dft/mqa/mqa_Si.extxyz:mqa_Si,23,Si,0.3573387623264528,0.3344948695192329,2.3631926354827706,,1.1767062526412446
deepmd,dft/mqa/mqa_Si.extxyz:442,mqa,coverage,dft/mqa/mqa_Si.extxyz:mqa_Si,19,Si,0.35136036583601715,0.33017692807622256,2.187439339890366,,1.9282998212842837
deepmd,dft/mqa/mqa_Si.extxyz:177,mqa,coverage,dft/mqa/mqa_Si.extxyz:mqa_Si,30,Si,0.3465600116261742,0.3174850880092792,2.345459959432264,,1.3975614912672
deepmd,dft/mqa/mqa_Si.extxyz:265,mqa,coverage,dft/mqa/mqa_Si.extxyz:mqa_Si,57,Si,0.33703402894115814,0.22780343169786152,2.309480010976497,,1.010447094165251
deepmd,dft/mqa/mqa_Si.extxyz:177,mqa,coverage,dft/mqa/mqa_Si.extxyz:mqa_Si,4,Si,0.3317077052804603,0.2457206783774304,2.162448474311415,,3.129839756480354
deepmd,dft/mqa/mqa_Si.extxyz:442,mqa,coverage,dft/mqa/mqa_Si.extxyz:mqa_Si,14,Si,0.3190727893518086,0.2911827591200731,2.292971926147375,,1.9553435083191903
deepmd,dft/qsd/qsd_data.extxyz:521,qsd,coverage,CF3_30eV_9_36_F_C,67,Si,0.28979074769713686,0.2595979033150244,1.662415039693759,1.2595609813740645,3.530073494910127
deepmd,dft/mqa/mqa_SiO2.extxyz:616,mqa,coverage,dft/mqa/mqa_SiO2.extxyz:mqa_SiO2,8,Si,0.21799582388291397,0.1590113253222314,1.552385223319692,,4.400657351779845
deepmd,dft/mqa/mqa_SiO2.extxyz:616,mqa,coverage,dft/mqa/mqa_SiO2.extxyz:mqa_SiO2,6,Si,0.21106157948962037,0.19466201195719846,1.610383698656938,,2.7256030674500273
deepmd,dft/mqa/mqa_SiO2.extxyz:616,mqa,coverage,dft/mqa/mqa_SiO2.extxyz:mqa_SiO2,61,O,0.20874562124759333,0.18013487273033713,1.512791462495741,,4.013191536649727
deepmd,dft/mqa/mqa_SiO2.extxyz:514,mqa,coverage,dft/mqa/mqa_SiO2.extxyz:mqa_SiO2,1,Si,0.20445919273426424,0.1670979965988073,1.6033348498987974,,4.583980566755056
deepmd,dft/mqa/mqa_SiO2.extxyz:514,mqa,coverage,dft/mqa/mqa_SiO2.extxyz:mqa_SiO2,67,O,0.18794802552038203,0.15492349769363134,1.478841533971777,,6.525613283820457
deepmd,dft/mqa/mqa_SiO2.extxyz:103,mqa,coverage,dft/mqa/mqa_SiO2.extxyz:mqa_SiO2,21,Si,0.18278341794457267,0.13950416053387804,1.6175898586786457,,1.9588003371260174
deepmd,dft/mqa/mqa_SiO2.extxyz:103,mqa,coverage,dft/mqa/mqa_SiO2.extxyz:mqa_SiO2,10,Si,0.1807705560557884,0.1379622594634784,1.613193976619055,,2.686758067438525
deepmd,dft/mqa/mqa_SiO2.extxyz:514,mqa,coverage,dft/mqa/mqa_SiO2.extxyz:mqa_SiO2,15,Si,0.180696402092726,0.11750093261546124,1.5904194206875115,,1.2557868269674595
deepmd,dft/mqa/mqa_SiO2.extxyz:103,mqa,coverage,dft/mqa/mqa_SiO2.extxyz:mqa_SiO2,6,Si,0.16418082711062296,0.11373251699182668,1.6350103551354047,,0.7343194284022451
deepmd,dft/mqa/mqa_SiO2.extxyz:719,mqa,coverage,dft/mqa/mqa_SiO2.extxyz:mqa_SiO2,24,Si,0.1620988877387098,0.15524422710320795,1.595411968913938,,1.3651444042250622
deepmd,dft/mqa/mqa_SiO2.extxyz:719,mqa,coverage,dft/mqa/mqa_SiO2.extxyz:mqa_SiO2,6,Si,0.14161488573466632,0.11765718958149429,1.5962321866508027,,0.6618678293473705
deepmd,dft/mqa/mqa_SiO2.extxyz:0,mqa,coverage,dft/mqa/mqa_SiO2.extxyz:mqa_SiO2,15,Si,0.13741305817737376,0.133389149865767,1.624507793640894,,1.2106282456584267
deepmd,dft/mqa/mqa_SiO2.extxyz:719,mqa,coverage,dft/mqa/mqa_SiO2.extxyz:mqa_SiO2,23,Si,0.1328829556642163,0.12577777201036555,1.5906728199098636,,1.4994990705358906
deepmd,dft/mqa/mqa_SiO2.extxyz:0,mqa,coverage,dft/mqa/mqa_SiO2.extxyz:mqa_SiO2,26,Si,0.12628405568918621,0.09412410250097836,1.5790165672975063,,1.6007937967052472
deepmd,dft/mqa/mqa_SiO2.extxyz:0,mqa,coverage,dft/mqa/mqa_SiO2.extxyz:mqa_SiO2,4,Si,0.1241113039056703,0.1159280127192124,1.6112116149389215,,1.275249891762395
