step,time_fs,potential_eV,kinetic_eV,total_eV,projectile_min_substrate_distance_A,carbon_z_A
0,0.0,-1137.0903914272785,30.0,-1107.0903914272785,4.268313016880698,26.74
1,0.25,-1137.0970320403576,30.006654924852256,-1107.0903771155054,4.249424962815899,26.71310094133913
2,0.5,-1137.1152920424938,30.024880839252607,-1107.0904112032413,4.230573002327162,26.68620068911048
3,0.75,-1137.1449654996395,30.054555844266986,-1107.0904096553725,4.211758481317477,26.659299255345246
4,1.0,-1137.1858997046947,30.095481043581668,-1107.090418661113,4.192982927849525,26.63239665674292
5,1.25,-1137.2378282248974,30.147380664799254,-1107.090447560098,4.174248055085847,26.60549291681423
6,1.5,-1137.3003814220428,30.20990784709549,-1107.0904735749473,4.155555759627992,26.578588071084376
7,1.75,-1137.3731658756733,30.28265299675285,-1107.0905128789204,4.136908110872543,26.551682163606202
8,2.0,-1137.4556817412376,30.36515099621669,-1107.090530745021,4.118307347716407,26.524775238559467
9,2.25,-1137.547449439764,30.456884571656843,-1107.090564868107,4.099755868498933,26.49786732932323
10,2.5,-1137.647900879383,30.55728398150447,-1107.0906168978786,4.081256218826962,26.470958451604204
11,2.75,-1137.7563841342926,30.66573218780185,-1107.0906519464907,4.062811108154379,26.444048596572102
12,3.0,-1137.8722621649504,30.781570887847884,-1107.0906912771025,4.044423395448926,26.417137729549
13,3.25,-1137.9948401153088,30.904103776452004,-1107.0907363388567,4.026096076999544,26.390225793826062
14,3.5,-1138.1233872175217,31.03259395011927,-1107.0907932674024,4.007832280899716,26.363312718826197
15,3.75,-1138.2571002095938,31.16626954305854,-1107.0908306665353,3.9896352593185487,26.336398432927727
16,4.0,-1138.395228073001,31.304333668258433,-1107.0908944047426,3.971508379108473,26.309482879614364
17,4.25,-1138.5369157493114,31.44597167312183,-1107.0909440761895,3.9534551124136366,26.282566027797195
18,4.5,-1138.6813606023788,31.590367053102014,-1107.0909935492768,3.9354790300441356,26.255647872993
19,4.75,-1138.8277530223131,31.73670804319076,-1107.0910449791224,3.9175837909655042,26.228728427480696
20,5.0,-1138.9752910286188,31.884193297102556,-1107.0910977315164,3.899773139896432,26.20180770706089
21,5.25,-1139.1231793761253,32.032035915300185,-1107.0911434608252,3.882050896218768,26.174885720849375
22,5.5,-1139.2706398367882,32.179459442792435,-1107.0911803939957,3.864420956055273,26.147962466022765
23,5.75,-1139.4169357419014,32.32570407201618,-1107.0912316698852,3.8468872815601474,26.121037934229587
24,6.0,-1139.5613216161728,32.47004149289236,-1107.0912801232805,3.829453892289635,26.09411211612175
25,6.25,-1139.7031072974205,32.61178704372377,-1107.0913202536967,3.8121248350710095,26.067185005237857
26,6.5,-1139.841654226184,32.75029271820629,-1107.0913615079776,3.794904143331444,26.040256602100673
27,6.75,-1139.9763356000185,32.88494096834681,-1107.0913946316716,3.7777958652889256,26.013326916422912
28,7.0,-1140.1065794676542,33.015159788472616,-1107.0914196791816,3.7608040297543592,25.98639597109697
29,7.25,-1140.2318897545338,33.14043102140402,-1107.0914587331297,3.7439326064332454,25.9594638061971
30,7.5,-1140.3517627567053,33.260291721492685,-1107.0914710352126,3.7271854917162037,25.932530479811422
31,7.75,-1140.4658365547657,33.37433049065625,-1107.0915060641094,3.710566477920354,25.905596062563227
32,8.0,-1140.573710128665,33.48218625602252,-1107.0915238726425,3.694079251601303,25.87866063243571
33,8.25,-1140.6750957667828,33.583554294286714,-1107.0915414724961,3.6777274031930984,25.851724270982285
34,8.5,-1140.76973721385,33.678183006942476,-1107.0915542069076,3.6615144256852856,25.824787060012223
35,8.75,-1140.8574276268482,33.76587311474553,-1107.0915545121027,3.6454437385167924,25.797849078865383
36,9.0,-1140.938041061163,33.84647832882777,-1107.0915627323352,3.6295186972594924,25.770910401557675
37,9.25,-1141.0114715099335,33.919904861789504,-1107.091566648144,3.6137426047447154,25.743971093062722
38,9.5,-1141.0776807963848,33.98611580199238,-1107.0915649943925,3.598118716964327,25.71703120710803
39,9.75,-1141.1366990357637,34.04513614631552,-1107.0915628894481,3.5826502510027898,25.690090782794563
40,10.0,-1141.1886104643345,34.097050476924515,-1107.09155998741,3.567340390354043,25.663149841561836
41,10.25,-1141.2335373610258,34.14199336558758,-1107.0915439954383,3.5521922842536875,25.636208387798945
42,10.5,-1141.2716740071774,34.1801431170544,-1107.091530890123,3.5372090364296924,25.609266412610985
43,10.75,-1141.3032377436757,34.21171809587337,-1107.0915196478024,3.522393689265719,25.582323897760386
44,11.0,-1141.3284790217876,34.23697824885475,-1107.091500772933,3.5077492065284783,25.555380821247795
45,11.25,-1141.3477135002613,34.256229295787676,-1107.0914842044735,3.4932784581479708,25.52843716138092
46,11.5,-1141.361281722784,34.26982187526899,-1107.0914598475151,3.4789842009261327,25.50149289931985
47,11.75,-1141.3695799782872,34.27814662174047,-1107.0914333565468,3.464869061355642,25.474548017782478
48,12.0,-1141.3730249628425,34.2816284408526,-1107.09139652199,3.4509355265213646,25.447602499214987
49,12.25,-1141.372100442648,34.28072062998967,-1107.0913798126583,3.4371859405207705,25.4206563235695
50,12.5,-1141.3672298043966,34.27589907332534,-1107.0913307310714,3.423622501157675,25.393709466768158
51,12.75,-1141.358975097537,34.26765997964237,-1107.0913151178947,3.4102472622332294,25.36676190018681
52,13.0,-1141.3477958664298,34.25651389562923,-1107.0912819708005,3.3970621317302365,25.33981359042656
53,13.25,-1141.3342221081257,34.24297993426474,-1107.091242173861,3.3840688789396287,25.31286449926967
54,13.5,-1141.3187953159213,34.22758526227725,-1107.091210053644,3.371269133187104,25.2859145825072
55,13.75,-1141.3020378053188,34.21085888482783,-1107.091178920491,3.3586643879162263,25.25896378948747
56,14.0,-1141.284467637539,34.19332223500266,-1107.0911454025363,3.3462560038839095,25.23201206447938
57,14.25,-1141.2666020467877,34.1754856764957,-1107.091116370292,3.334045212690585,25.205059348141877
58,14.5,-1141.2489331290126,34.157844532847236,-1107.0910885961653,3.322033118063277,25.178105580358892
59,14.75,-1141.231934517622,34.14087337619181,-1107.0910611414301,3.310220703470812,25.15115070364249
60,15.0,-1141.2160628587008,34.12502137774374,-1107.091041480957,3.298608832191641,25.12419466853509
61,15.25,-1141.2017346993089,34.1107074118506,-1107.0910272874582,3.28719825537822,25.097237437906536
62,15.5,-1141.1893042623997,34.09831787308486,-1107.0909863893148,3.275989613809263,25.070278985802613
63,15.75,-1141.179178185761,34.08820991593077,-1107.0909682698302,3.264983442802974,25.043319295192724
64,16.0,-1141.171659231186,34.08070637814125,-1107.0909528530447,3.254180175808854,25.01635835397724
65,16.25,-1141.1670315414667,34.076091358156596,-1107.09094018331,3.243580145444191,24.989396153362616
66,16.5,-1141.1655347719789,34.07461057602951,-1107.0909241959494,3.2331835860606866,24.962432687253912
67,16.75,-1141.1673815771937,34.076465252992946,-1107.0909163242009,3.2229906411181326,24.935467956267043
68,17.0,-1141.172727741301,34.0818113850724,-1107.0909163562287,3.213001361907008,24.908501969786276
69,17.25,-1141.1816710084677,34.090767218839204,-1107.0909037896286,3.203215711288981,24.881534737578672
70,17.5,-1141.1943076625466,34.103413967679955,-1107.0908936948667,3.193633567601443,24.854566259070353
71,17.75,-1141.2106812372804,34.11978744110496,-1107.0908937961754,3.184254729326007,24.827596515195477
72,18.0,-1141.2307790890336,34.13987388398212,-1107.0909052050515,3.175078921657787,24.800625463881257
73,18.25,-1141.2545197233558,34.163608333600614,-1107.090911389755,3.166105806215367,24.77365304069348
74,18.5,-1141.281812749803,34.190878486914556,-1107.0909342628886,3.1573349868808673,24.74667916877674
75,18.75,-1141.31246548146,34.2215284168431,-1107.090937064617,3.1487660146020366,24.71970376613305
76,19.0,-1141.3463168814778,34.255359348657095,-1107.0909575328208,3.1403983920723264,24.692726750249065
77,19.25,-1141.3831062614918,34.29213052655727,-1107.0909757349345,3.132231569407445,24.66574804020998
78,19.5,-1141.4225408360362,34.33156304709682,-1107.0909777889394,3.124264951962429,24.638767557065886
79,19.75,-1141.4643642380834,34.37334752323349,-1107.09101671485,3.116497903519059,24.611785225954655
80,20.0,-1141.5081813707948,34.41715024343103,-1107.0910311273637,3.1089297487587575,24.584800978643234
81,20.25,-1141.5536704584956,34.462615467077896,-1107.0910549914176,3.1015597768742103,24.55781474924008
82,20.5,-1141.6004494652152,34.50936731785445,-1107.0910821473608,3.094387256063056,24.53082646827058
83,20.75,-1141.6481063067913,34.55700709957324,-1107.0910992072181,3.087411425720811,24.5038360586154
84,21.0,-1141.6962566003203,34.60511544015104,-1107.0911411601694,3.0806315233724892,24.476843433185977
85,21.25,-1141.7444205731153,34.65325645503015,-1107.091164118085,3.074046796992402,24.449848493894144
86,21.5,-1141.7921563833952,34.70098056255831,-1107.091175820837,3.067656537601781,24.422851133825187
87,21.75,-1141.8390578627586,34.74784733654728,-1107.0912105262114,3.06146009004182,24.3958512418332
88,22.0,-1141.884686216712,34.79344406652987,-1107.091242150182,3.055456814579409,24.368848709106327
89,22.25,-1141.9286412373185,34.83738516168926,-1107.0912560756292,3.049646051188002,24.341843435640044
90,22.5,-1141.9705858901143,34.87931144397831,-1107.091274446136,3.0440271109506702,24.314835333084332
91,22.75,-1142.010189473629,34.9188924476484,-1107.0912970259806,3.0385992778170867,24.28782432516582
92,23.0,-1142.0471240878105,34.95581574955559,-1107.091308338255,3.0333618314102577,24.260810346429686
93,23.25,-1142.0810895562172,34.98975111915283,-1107.0913384370645,3.028314087968788,24.23379334478643
94,23.5,-1142.1117200776935,35.02036488506742,-1107.091355192626,3.0234554176838335,24.206773391885367
95,23.75,-1142.1387856155634,35.0474407166181,-1107.0913448989454,3.018785257025779,24.17975063548492
96,24.0,-1142.162262186408,35.07091351003814,-1107.09134867637,3.0143031205841804,24.152724959300635
97,24.25,-1142.1820901930332,35.09073773445488,-1107.0913524585783,3.010008612986124,24.125695877357494
98,24.5,-1142.1981719732285,35.10680006626808,-1107.0913719069604,3.0059014321114765,24.098662703408777
99,24.75,-1142.210318505764,35.11892905039423,-1107.0913894553698,3.0019813718134687,24.071624767231732
100,25.0,-1142.2183483466506,35.12695320560397,-1107.0913951410466,2.9982483233339114,24.044581565648585
101,25.25,-1142.22214397043,35.130759730409395,-1107.0913842400205,2.9947022802650958,24.01753277408496
102,25.5,-1142.2217030003667,35.13030245918815,-1107.0914005411785,2.9913433449809776,23.990478193523924
103,25.75,-1142.216990634799,35.125597312651976,-1107.091393322147,2.988171730563566,23.963417741049195
104,26.0,-1142.2080966457725,35.116708613776524,-1107.0913880319958,2.98518776625266,23.936351434085772
105,26.25,-1142.1951203718781,35.103737701791545,-1107.0913826700867,2.9823919012900837,23.909279387255225
106,26.5,-1142.178177535534,35.0868227169845,-1107.0913548185495,2.979784704901204,23.882201805768375
107,26.75,-1142.157483793795,35.06613585467236,-1107.0913479391227,2.977366866797674,23.855118985300066
108,27.0,-1142.1332272067666,35.041884612614645,-1107.091342594152,2.975139198207315,23.828031297725946
109,27.25,-1142.1056343987584,35.01430721115654,-1107.0913271876018,2.9731026305803607,23.80093917225403
110,27.5,-1142.0749627426267,34.98366814057678,-1107.0912946020499,2.971258214736917,23.773843084968565
111,27.75,-1142.0415336340666,34.950254987816294,-1107.0912786462502,2.9696071121275684,23.7467435490001
112,28.0,-1142.0056399777532,34.91437174145822,-1107.091268236295,2.9681505905173835,23.719641105375636
113,28.25,-1141.9675788283348,34.876334741167156,-1107.0912440871678,2.9668900134060796,23.692536316056085
114,28.5,-1141.9276895448565,34.83646352264467,-1107.091226022212,2.9658268329362714,23.66542975965416
115,28.75,-1141.8862756416202,34.79507598877553,-1107.0911996528446,2.964962579174693,23.638322026548053
116,29.0,-1141.84368173033,34.75249097607075,-1107.0911907542593,2.964298855038386,23.611213708445987
117,29.25,-1141.8001936897635,34.70903149750605,-1107.0911621922576,2.96383733050235,23.58410540967942
118,29.5,-1141.7561645880342,34.66501624609998,-1107.091148341934,2.9635797403309896,23.55699777449416
119,29.75,-1141.7118804305792,34.620752422317565,-1107.0911280082616,2.96352787357824,23.52989150680818
120,30.0,-1141.6676584854722,34.576567383533,-1107.0910911019391,2.963683553740157,23.50278732252449
121,30.25,-1141.6239231452346,34.53285487440813,-1107.0910682708266,2.9640486298235316,23.47568581136225
122,30.5,-1141.581083446741,34.49002949600949,-1107.0910539507315,2.961384489816702,23.448587206187327
123,30.75,-1141.539426356554,34.44837970562287,-1107.0910466509313,2.9471425388867485,23.42149138989096
124,31.0,-1141.4990806803107,34.40802510683116,-1107.0910555734795,2.9330875912115584,23.394398249338007
125,31.25,-1141.4600731767714,34.369022819189844,-1107.0910503575815,2.9192232959345823,23.36730782255269
126,31.5,-1141.4224617145956,34.33142536985664,-1107.091036344739,2.905553358960127,23.34022022748319
127,31.75,-1141.3863775208592,34.29535267389087,-1107.0910248469684,2.885922096121981,23.31313564084127
128,32.0,-1141.3519690334797,34.26094936902214,-1107.0910196644575,2.8601198779227035,23.286054128043972
129,32.25,-1141.3193186819553,34.2282928579835,-1107.091025823972,2.8343660775246637,23.258975771923577
130,32.5,-1141.288433022797,34.19741114474783,-1107.0910218780493,2.8086634817236726,23.231900690951782
131,32.75,-1141.2593123465776,34.16828273273586,-1107.0910296138418,2.7830149871504086,23.204829058328684
132,33.0,-1141.2318846732378,34.14084715888795,-1107.0910375143499,2.757423606414094,23.17776109984447
133,33.25,-1141.206048771739,34.11500058197247,-1107.0910481897665,2.731892474574627,23.15069709951182
134,33.5,-1141.181675285101,34.09060330930717,-1107.0910719757937,2.706424891425518,23.123637438637257
135,33.75,-1141.1585669144988,34.067494061015175,-1107.0910728534836,2.681024326650563,23.096582597057434
136,34.0,-1141.136605463922,34.045517796936636,-1107.0910876669855,2.6556944060898955,23.06953312980751
137,34.25,-1141.1156297922134,34.024533924426954,-1107.0910958677864,2.630438797048351,23.042489547506865
138,34.5,-1141.0954916849732,34.00437823181761,-1107.0911134531557,2.6052611771920935,23.01545227195374
139,34.75,-1141.0759444981813,33.98482265830125,-1107.09112183988,2.5801653094689234,22.98842169527273
140,35.0,-1141.0567205175757,33.965556194208496,-1107.0911643233671,2.555155150847115,22.96139828631693
141,35.25,-1141.0373914316297,33.94620796972225,-1107.0911834619073,2.5302349748118185,22.93438271604486
142,35.5,-1141.0176048204303,33.92639278816318,-1107.091212032267,2.5054093326784512,22.907375823629973
143,35.75,-1140.9969861879945,33.90575832407218,-1107.0912278639223,2.4806830164077596,22.880378579173033
144,36.0,-1140.9752588942647,33.88401384759629,-1107.0912450466685,2.456061037423985,22.853392054484427
145,36.25,-1140.952174603939,33.86089906862908,-1107.09127553531,2.431548537419377,22.826417326847203
146,36.5,-1140.927408568561,33.836127364938434,-1107.0912812036227,2.407150773774596,22.79945546649476
147,36.75,-1140.9006975069642,33.80937488295588,-1107.0913226240084,2.3828731384407935,22.77250756633432
148,37.0,-1140.8716311529279,33.780290444016096,-1107.0913407089117,2.358721152420271,22.74557473429715
149,37.25,-1140.8398595526814,33.74848468665295,-1107.0913748660284,2.3347004953492094,22.718658129921874
150,37.5,-1140.8049564287066,33.71355387394664,-1107.09140255476,2.310817066436434,22.691759026387746
151,37.75,-1140.7665542140603,33.67513094639319,-1107.091423267667,2.2870769941235145,22.664878820732657
152,38.0,-1140.7243409827352,33.63289633399085,-1107.0914446487443,2.2634865722730773,22.638018957048033
153,38.25,-1140.678054355085,33.58658508291049,-1107.0914692721744,2.240052198895287,22.61118085967526
154,38.5,-1140.6274472549558,33.53596761942708,-1107.0914796355287,2.2167803089761917,22.58436585013491
155,38.75,-1140.5723106861115,33.48079705388043,-1107.091513632231,2.1936774234881016,22.55757517898317
156,39.0,-1140.5123190805316,33.42079242875971,-1107.0915266517718,2.1707502788273536,22.530810151653327
157,39.25,-1140.4471924901009,33.35564537611472,-1107.091547113986,2.1480059239850773,22.50407222539146
158,39.5,-1140.3766126036644,33.28501898281295,-1107.0915936208514,2.125451804727585,22.477363069610835
159,39.75,-1140.300190217793,33.20858542621299,-1107.09160479158,2.103095821492659,22.450684597594613
160,40.0,-1140.2177215889096,33.12608808180747,-1107.0916335071022,2.080946367523226,22.424038989526675
161,40.25,-1140.1289771795273,33.037322012677976,-1107.0916551668493,2.059012299379582,22.39742867775404
162,40.5,-1140.0337815061212,32.942092691766014,-1107.0916888143552,2.0373029254339414,22.370856336295198
163,40.75,-1139.93193782866,32.84023388868219,-1107.0917039399778,2.0158280227151866,22.34432488324244
164,41.0,-1139.823349133134,32.73165804885128,-1107.0916910842825,1.9945977968323347,22.317837421141586
165,41.25,-1139.708070769906,32.61637096444704,-1107.091699805459,1.973622758991809,22.29139711053762
166,41.5,-1139.5861344784498,32.49442597093466,-1107.0917085075152,1.952913671636491,22.26500712076593
167,41.75,-1139.4576199129224,32.365900011961116,-1107.0917199009614,1.9324815899985608,22.238670728824893
168,42.0,-1139.3226062506437,32.23089656127929,-1107.0917096893645,1.9123378761172705,22.21239137642643
169,42.25,-1139.1812627092004,32.08955003818195,-1107.0917126710185,1.8924942064988282,22.186172740821736
170,42.5,-1139.0337555482984,31.94206233287282,-1107.0916932154255,1.8729625037874083,22.16001874495879
171,42.75,-1138.880434922874,31.788765353728913,-1107.091669569145,1.8537547815812783,22.133933496906025
172,43.0,-1138.7217840850353,31.630134405055966,-1107.0916496799794,1.834882895181864,22.107921136219932
173,43.25,-1138.558352444321,31.466743797904975,-1107.091608646416,1.8163584043471748,22.08198574739162
174,43.5,-1138.3908129408956,31.299239203075928,-1107.0915737378195,1.7981924927683357,22.056131334629526
175,43.75,-1138.219858005643,31.128331205399434,-1107.0915268002434,1.7803958699124893,22.0303617808003
176,44.0,-1138.0462675988674,30.954792884687606,-1107.0914747141799,1.7629786848032394,22.00468083607647
177,44.25,-1137.870869614184,30.77945044605999,-1107.0914191681238,1.745950506532632,21.979092147079825
178,44.5,-1137.6945528015494,30.603176556700447,-1107.091376244849,1.7293203309915381,21.95359929943235
179,44.75,-1137.518226005137,30.42689490319932,-1107.0913311019376,1.7130966037113,21.928205859536245
180,45.0,-1137.3428376838565,30.251579542816287,-1107.0912581410403,1.697287190414336,21.902915402976895
181,45.25,-1137.1694250032306,30.07823170645096,-1107.0911932967797,1.6818993101350188,21.8777315202549
182,45.5,-1136.9989979341626,29.907858895561546,-1107.091139038601,1.6669395730224905,21.852657867650294
183,45.75,-1136.8325612917542,29.741483066288,-1107.0910782254662,1.6524140285945503,21.827698206984607
184,46.0,-1136.6711630523205,29.58015369568355,-1107.091009356637,1.6383281466817845,21.802856423307126
185,46.25,-1136.5159205719829,29.42496509201626,-1107.0909554799666,1.6246867381274124,21.778136509854363
186,46.5,-1136.3679119572043,29.277015714238768,-1107.0908962429655,1.6114938772406737,21.753542551704466
187,46.75,-1136.228144235909,29.137305937528197,-1107.0908382983807,1.5987528900805015,21.729078744427355
188,47.0,-1136.0974716693163,29.00667009307369,-1107.0908015762427,1.586466392817567,21.704749428067245
189,47.25,-1135.9765298366547,28.885763553950838,-1107.0907662827037,1.574636375505094,21.680559129028488
190,47.5,-1135.8658427372575,28.775093896561692,-1107.0907488406958,1.5632641914995098,21.656512554931542
191,47.75,-1135.7657467722893,28.67500726474926,-1107.09073950754,1.5523504854525154,21.63261455085413
192,48.0,-1135.6763973161578,28.58562975736318,-1107.0907675587946,1.5418952012572797,21.608870099442303
193,48.25,-1135.5976657047868,28.50687489904344,-1107.0907908057434,1.5318974871837834,21.585284281381867
194,48.5,-1135.5292967408895,28.438478537110726,-1107.0908182037788,1.522355693192592,21.561862269091012
195,48.75,-1135.4708649367094,28.380000271749484,-1107.09086466496,1.5132673962791856,21.53860933661451
196,49.0,-1135.4217403754592,28.330825250175558,-1107.0909151252836,1.5046294755343628,21.515530880973248
197,49.25,-1135.3811567798257,28.29015380074057,-1107.091002979085,1.4964381140552339,21.492632410257904
198,49.5,-1135.3480698242784,28.256993743535077,-1107.0910760807433,1.488688754379942,21.469919501945817
199,49.75,-1135.3213429003954,28.230186729348986,-1107.0911561710464,1.4813761229449345,21.447397787629818
200,50.0,-1135.2997051402926,28.208449981387062,-1107.0912551589056,1.474494251635925,21.425072941303153
201,50.25,-1135.281770169735,28.19042303805227,-1107.0913471316826,1.468036493599468,21.402950638252804
202,50.5,-1135.2661339864135,28.174681099241695,-1107.0914528871717,1.4619955470043697,21.38103651522832
203,50.75,-1135.2513130232692,28.159767567259856,-1107.0915454560093,1.456363574255853,21.359336227501704
204,51.0,-1135.2358982339501,28.144226506938466,-1107.0916717270118,1.4511321832586719,21.33785540677479
205,51.25,-1135.2183512821794,28.126584852216816,-1107.0917664299625,1.4462924865588493,21.3165996896281
206,51.5,-1135.1972697898746,28.105394284553725,-1107.0918755053208,1.4418353830987976,21.295574896480908
207,51.75,-1135.1712794229388,28.07932307315559,-1107.0919563497832,1.4377516318494112,21.274787043672372
208,52.0,-1135.1392171010375,28.047202211023276,-1107.0920148900143,1.4340318376001906,21.254242246897487
209,52.25,-1135.100104816258,28.00802777533628,-1107.0920770409216,1.430666405013417,21.233946618240342
210,52.5,-1135.05308894068,27.960961324723627,-1107.0921276159563,1.4276455164405961,21.21390619520172
211,52.75,-1134.9975124821067,27.905338117647684,-1107.092174364459,1.4249591192804605,21.19412689705721
212,53.0,-1134.9328794553876,27.84067676969225,-1107.0922026856954,1.4225969844141333,21.174614578057636
213,53.25,-1134.8589110150933,27.766698478260675,-1107.0922125368327,1.4205487628794564,21.155375052857188
214,53.5,-1134.775550313294,27.68333725894336,-1107.0922130543506,1.4188039645876585,21.136413974879833
215,53.75,-1134.6829145476222,27.590714088884596,-1107.0922004587376,1.4173519584469974,21.117736718478152
216,54.0,-1134.5812886282802,27.489106944893052,-1107.092181683387,1.4161820025000331,21.0993483011065
217,54.25,-1134.4710823222995,27.37892061678599,-1107.0921617055135,1.4152833043183572,21.081253385930957
218,54.5,-1134.3528009429574,27.260675659557087,-1107.0921252834003,1.4146450700919686,21.063456311100808
219,54.75,-1134.2270998433232,27.135024400372608,-1107.0920754429505,1.4142565433379806,21.045961105782705
220,55.0,-1134.0947824940085,27.002758683736918,-1107.0920238102717,1.4141070367079474,21.02877148850404
221,55.25,-1133.9567743688822,26.86482228696081,-1107.0919520819214,1.4141859835865667,21.0118908608919
222,55.5,-1133.814141318202,26.722260029094542,-1107.0918812891075,1.41448296308195,20.99532230672175
223,55.75,-1133.6679449006915,26.576096856359342,-1107.0918480443322,1.414987715912085,20.97906858541762
224,56.0,-1133.5191072523594,26.4273277873907,-1107.0917794649688,1.4156901659973,20.96313211312489
225,56.25,-1133.368702761829,26.276997532002238,-1107.0917052298266,1.4165804293266888,20.94751494828647
226,56.5,-1133.2178632691503,26.126232491282956,-1107.0916307778673,1.4176488286721254,20.932218792840896
227,56.75,-1133.0677409991622,25.97620858714722,-1107.0915324120149,1.4188859017212232,20.917244966365345
228,57.0,-1132.9195852205157,25.828114975001583,-1107.091470245514,1.4202823923894572,20.902594375946858
229,57.25,-1132.7745265886188,25.683110837148366,-1107.0914157514703,1.4218292388251437,20.888267482288406
230,57.5,-1132.6336094811559,25.542279190512122,-1107.0913302906438,1.423517546376362,20.874264229144135
231,57.75,-1132.4979012832046,25.406626691461177,-1107.0912745917433,1.4253385712033706,20.860583977263314
232,58.0,-1132.368332453072,25.27710330231007,-1107.091229150762,1.4272836950809427,20.847225456057153
233,58.25,-1132.2457428649068,25.15460571091632,-1107.0911371539905,1.4293444046610821,20.83418673351007
234,58.5,-1132.1310862973332,25.039966356921322,-1107.091119940412,1.4315122666762587,20.821465195176913
235,58.75,-1132.0250069871545,24.933937737560854,-1107.0910692495936,1.433778900683096,20.80905751073198
236,59.0,-1131.9281808659434,24.837172324982316,-1107.0910085409612,1.4361359481820286,20.796959607803675
237,59.25,-1131.8412021324039,24.750216065745725,-1107.0909860666582,1.4385750613694763,20.78516667022618
238,59.5,-1131.7644716724753,24.673504163948383,-1107.090967508527,1.4410878882771754,20.77367313060357
239,59.75,-1131.6983141228557,24.607349991643286,-1107.0909641312123,1.443666076028396,20.762472686420693
240,60.0,-1131.6428837999701,24.551933744834283,-1107.0909500551359,1.4463012725461304,20.751558322803337
241,60.25,-1131.598261334002,24.507305700225082,-1107.090955633777,1.448985112767309,20.740922327897742
242,60.5,-1131.5643639340997,24.473397965075286,-1107.0909659690244,1.451709208996022,20.730556322635667
243,60.75,-1131.5410281345248,24.450034937988306,-1107.0909931965366,1.4544651417821934,20.720451301840654
244,61.0,-1131.5279423370957,24.436940770096104,-1107.0910015669997,1.4572444484038425,20.710597676914695
245,61.25,-1131.5247754976153,24.433744535141383,-1107.091030962474,1.460038621403257,20.700985328578824
246,61.5,-1131.531060807407,24.439985760261667,-1107.0910750471453,1.4628391057926948,20.691603671430588
247,61.75,-1131.546223603189,24.45512266663139,-1107.0911009365575,1.4656372902770776,20.68244172034046
248,62.0,-1131.56970705837,24.4785478298519,-1107.091159228518,1.4684245006452197,20.67348816843709
249,62.25,-1131.6008033379912,24.50961489445609,-1107.0911884435352,1.4711919979781574,20.664731449205814
250,62.5,-1131.6388784870505,24.547674202933145,-1107.0912042841173,1.4739309772255365,20.656159810229234
251,62.75,-1131.6833376660943,24.592090207775374,-1107.091247458319,1.4766325701398402,20.647761385312897
252,63.0,-1131.7335101887584,24.642232249864435,-1107.0912779388939,1.4792878580677054,20.63952426596828
253,63.25,-1131.788776986301,24.697455904410813,-1107.09132108189,1.4818878943247094,20.631436565894496
254,63.5,-1131.848444275558,24.75709548594604,-1107.0913487896119,1.4844237203364317,20.6234864836247
255,63.75,-1131.91185066849,24.820478781273714,-1107.0913718872162,1.4868863983169225,20.615662395428714
256,64.0,-1131.9783555194736,24.886943000422946,-1107.0914125190507,1.4892670411556463,20.607952943539555
257,64.25,-1132.0472857281566,24.9558243359677,-1107.0914613921889,1.491556844966936,20.600347126795867
258,64.5,-1132.1179476901889,25.026452936460743,-1107.091494753728,1.493747104921145,20.592834349748642
259,64.75,-1132.1897196695209,25.09818759481761,-1107.0915320747033,1.4958292484241609,20.58540444894777
260,65.0,-1132.2620160505176,25.17046916530414,-1107.0915468852133,1.4977948560405951,20.578047703248473
261,65.25,-1132.3344050720334,25.242824388829202,-1107.0915806832043,1.4996356720586286,20.570754844658623
262,65.5,-1132.4064063504338,25.314809840813034,-1107.0915965096208,1.5013436154854298,20.56351706392869
263,65.75,-1132.4775801226497,25.385969817758706,-1107.091610304891,1.5029107881689976,20.556325996225805
264,66.0,-1132.5474703237414,25.455835219370154,-1107.0916351043713,1.5043294802519005,20.549173702340685
265,66.25,-1132.6156135126948,25.52395855131746,-1107.0916549613773,1.5055921874664988,20.54205264954068
266,66.5,-1132.6815972402692,25.58992637031003,-1107.0916708699592,1.5066916194344675,20.534955705973537
267,66.75,-1132.7450350299478,25.653358571452138,-1107.0916764584956,1.507620700515695,20.527876141982347
268,67.0,-1132.8056183382869,25.71392857795233,-1107.0916897603345,1.5083725669727492,20.520807611066484
269,67.25,-1132.8630682080984,25.771360265474097,-1107.0917079426242,1.5089405572017505,20.513744115780234
270,67.5,-1132.9171062856913,25.82541148261746,-1107.0916948030738,1.5093182058324979,20.506680002181714
271,67.75,-1132.9675763174891,25.87586931396312,-1107.091707003526,1.5094992426085472,20.499609932127942
272,68.0,-1133.0142546966672,25.922546746498643,-1107.0917079501685,1.5094775949604018,20.492528860922828
273,68.25,-1133.0569812580943,25.965271664365172,-1107.091709593729,1.5092473910177608,20.48543199967458
274,68.5,-1133.0955794751644,26.00387884768034,-1107.091700627484,1.5088029635113258,20.478314790932824
275,68.75,-1133.129930831492,26.03821196904034,-1107.0917188624517,1.5081388504420565,20.471172895639274
276,69.0,-1133.159841030836,26.068120183807842,-1107.0917208470282,1.507249794924069,20.464002180969707
277,69.25,-1133.1851855814457,26.093459690976733,-1107.091725890469,1.506130747357689,20.45679871106172
278,69.5,-1133.2058159261942,26.11409993243395,-1107.0917159937603,1.5047768698256743,20.44955873882869
279,69.75,-1133.2216561585665,26.12992656798348,-1107.091729590583,1.5031835492986019,20.442278696574107
280,70.0,-1133.2325730845332,26.1408461778676,-1107.0917269066656,1.5013464171392517,20.434955189522373
281,70.25,-1133.238503612578,26.146790002315747,-1107.091713610262,1.4992613611533265,20.427584988304613
282,70.5,-1133.239428974688,26.14771536659691,-1107.0917136080911,1.4969245367079875,20.420165026607467
283,70.75,-1133.2353102490306,26.14360554991641,-1107.0917046991142,1.4943323790046306,20.412692402072253
284,71.0,-1133.2261663600802,26.134471887332605,-1107.0916944727476,1.4914816154173567,20.405164379630882
285,71.25,-1133.2120399698615,26.120357453998945,-1107.0916825158627,1.4883692735260061,20.39757839662585
286,71.5,-1133.1930096819997,26.10134406235347,-1107.0916656196462,1.4849926854006605,20.389932067941125
287,71.75,-1133.1692308709025,26.07756815816529,-1107.0916627127372,1.481349504601478,20.382223184934485
288,72.0,-1133.1408625170588,26.049217259379105,-1107.0916452576798,1.4774377301411177,20.374449718011434
289,72.25,-1133.1081388518214,26.016518576241886,-1107.0916202755795,1.4732557184206474,20.3666098247315
290,72.5,-1133.071314059198,25.97972362240019,-1107.0915904367978,1.4688022015490019,20.358701855694367
291,72.75,-1133.0306474789977,25.93907585070173,-1107.091571628296,1.464076314177917,20.35072436181681
292,73.0,-1132.986376620829,25.89480219440601,-1107.091574426423,1.459077615683301,20.3426760962202
293,73.25,-1132.9386728480458,25.84713191351848,-1107.0915409345273,1.4538061232271282,20.3345560207523
294,73.5,-1132.887835510075,25.796314830878707,-1107.0915206791965,1.448262345527999,20.326363312661414
295,73.75,-1132.8341119512916,25.742622791998258,-1107.0914891592934,1.4424473185025446,20.318097381627453
296,74.0,-1132.7778258249164,25.68633796232745,-1107.091487862589,1.436362632635646,20.309757885917314
297,74.25,-1132.7192301526666,25.62774171445909,-1107.0914884382075,1.4300104813415155,20.30134475086896
298,74.5,-1132.658548347652,25.56710713206823,-1107.0914412155837,1.4233937189949482,20.29285818589698
299,74.75,-1132.5961241424084,25.504692779491712,-1107.0914313629166,1.416515922686832,20.284298696750504
300,75.0,-1132.5321597903967,25.440740729920233,-1107.0914190604765,1.4093814527780528,20.27566710799184
301,75.25,-1132.4668871760368,25.37547957497485,-1107.091407601062,1.4019955007304152,20.2669645833331
302,75.5,-1132.4005118012428,25.309122114521447,-1107.0913896867214,1.3943641554885278,20.258192642353922
303,75.75,-1132.3332260400057,25.2418626881108,-1107.0913633518949,1.386494498426966,20.24935317668489
304,76.0,-1132.265247873962,25.17387837103864,-1107.0913695029233,1.378394701294249,20.240448471613163
305,76.25,-1132.1966843307018,25.105330304133282,-1107.0913540265685,1.370074136204829,20.23148123310772
306,76.5,-1132.127713419497,25.0363525218135,-1107.0913608976834,1.3615434670198627,20.22245460963686
307,76.75,-1132.0583627149463,24.967008455043796,-1107.0913542599026,1.3528147233222003,20.2133722089042
308,77.0,-1131.9886394366622,24.89728019716376,-1107.0913592394984,1.3439013950231677,20.20423811542477
309,77.25,-1131.9184532091022,24.82707874782086,-1107.0913744612812,1.3348184987905387,20.195056905766187
310,77.5,-1131.847663782537,24.756254937452034,-1107.091408845085,1.3255827150751727,20.185833680882965
311,77.75,-1131.7760489061475,24.684624844426565,-1107.091424061721,1.316212518676336,20.176574082249413
312,78.0,-1131.703432701528,24.61200200433145,-1107.0914306971965,1.3067282978424295,20.167284305858466
313,78.25,-1131.6296616718173,24.53823267818218,-1107.0914289936352,1.2971524898738729,20.157971126791345
314,78.5,-1131.5546290054917,24.46317648825583,-1107.091452517236,1.2875097069728967,20.14864191207182
315,78.75,-1131.4781421795487,24.3866661267471,-1107.0914760528017,1.2778268587530468,20.139304629866505
316,79.0,-1131.3999800160527,24.308498769931507,-1107.0914812461212,1.2681332408536654,20.129967848142194
317,79.25,-1131.3199433758855,24.228453265850145,-1107.0914901100352,1.2584605921952536,20.120640723217875
318,79.5,-1131.2378247603774,24.146318938102983,-1107.0915058222745,1.2488431504031605,20.111332989473823
319,79.75,-1131.1534380689263,24.061921906431678,-1107.0915161624946,1.2393176354366762,20.10205492559187
320,80.0,-1131.0666626617312,23.97513536588311,-1107.0915272958482,1.2299232113899266,20.092817307627676
321,80.25,-1130.9774227067828,23.88588773341704,-1107.0915349733657,1.2207014414993875,20.083631362027702
322,80.5,-1130.8857028409839,23.7941794802793,-1107.0915233607045,1.2116961813532676,20.074508702696455
323,80.75,-1130.7916078343987,23.700098706418927,-1107.0915091279799,1.202953375821319,20.065461250752374
324,81.0,-1130.6953340396285,23.603841755602218,-1107.0914922840263,1.1945207584381268,20.056501129607298
325,81.25,-1130.5972042009234,23.505734313005917,-1107.0914698879176,1.1864473954920676,20.04764052777953
326,81.5,-1130.4976645633578,23.406238505835546,-1107.0914260575223,1.1787831225055678,20.038891540307752
327,81.75,-1130.3973307982087,23.305946467850355,-1107.0913843303583,1.1715779321462998,20.030266008162144
328,82.0,-1130.2969121858478,23.205567407284327,-1107.0913447785633,1.164881254885253,20.021775342377982
329,82.25,-1130.1971893832088,23.105908217184506,-1107.0912811660241,1.1587411377493682,20.01343032509826
330,82.5,-1130.0990744158626,23.007849255092147,-1107.0912251607704,1.153203349454349,20.00524090629964
331,82.75,-1130.0034853592515,22.91231791950899,-1107.0911674397425,1.1483103943708113,19.99721599183482
332,83.0,-1129.9113513603806,22.820250928976627,-1107.0911004314041,1.1441005514638891,19.989363254075418
333,83.25,-1129.8235834017396,22.732540132990938,-1107.0910432687488,1.1406069196149247,19.981688946519792
334,83.5,-1129.7409734204412,22.64996987949219,-1107.091003540949,1.137856543389988,19.974197746573296
335,83.75,-1129.6641528978944,22.57317008167572,-1107.0909828162187,1.1358696479312638,19.966892635747616
336,84.0,-1129.593535386026,22.502566048173758,-1107.0909693378521,1.1346589972685424,19.95977482556164
337,84.25,-1129.5292971655726,22.438327096758826,-1107.090970068814,1.1342294590740312,19.952843736166912
338,84.5,-1129.471357010305,22.380341929153595,-1107.0910150811512,1.1345777310901415,19.946097004871742
339,84.75,-1129.419277228415,22.32822934395321,-1107.091047884462,1.1356923495564832,19.93953056220084
340,85.0,-1129.3724943622947,22.281388494151525,-1107.0911058681431,1.1375538503841316,19.933138738175874
341,85.25,-1129.3302170708776,22.239045650958392,-1107.0911714199192,1.1401351932850514,19.926914429536907
342,85.5,-1129.2915195003152,22.200280293625816,-1107.0912392066894,1.1434023190841687,19.92084928995803
343,85.75,-1129.2553501948714,22.16405540437498,-1107.0912947904965,1.1473148954562655,19.914933935497206
344,86.0,-1129.2206444367766,22.12927253730674,-1107.09137189947,1.151827162846712,19.909158150669743
345,86.25,-1129.1862895414233,22.094837335827528,-1107.0914522055957,1.1568888749785335,19.903511090520226
346,86.5,-1129.1512341722846,22.059709526897446,-1107.0915246453872,1.1624462349841005,19.897981468063044
347,86.75,-1129.114519752562,22.022946964464584,-1107.0915727880974,1.1684428514289664,19.892557740678182
348,87.0,-1129.0753689333797,21.98373459907656,-1107.091634334303,1.1748206641944048,19.887228284727158
349,87.25,-1129.0330753996968,21.941412035242287,-1107.0916633644545,1.1815207784985113,19.881981546826133
350,87.5,-1128.9871777817607,21.89549803126272,-1107.0916797504979,1.1884842698121516,19.876806207233187
351,87.75,-1128.9373857602477,21.845695958437275,-1107.0916898018104,1.1956528624786837,19.871691306481573
352,88.0,-1128.8835645392537,21.791883970894396,-1107.0916805683594,1.2029695098677027,19.866626358961007
353,88.25,-1128.8257656618953,21.734091528058794,-1107.0916741338365,1.21037893438092,19.861601441406645
354,88.5,-1128.7641235813498,21.672470455463824,-1107.091653125886,1.2178280063782547,19.856607238469067
355,88.75,-1128.6989095956087,21.607269540580383,-1107.0916400550284,1.2252660334003778,19.851635069680015
356,89.0,-1128.6304368972778,21.538809843896672,-1107.0916270533812,1.232644950791316,19.846676892495477
357,89.25,-1128.5590468645096,21.46745676401405,-1107.0915901004955,1.2399194149909223,19.841725285388183
358,89.5,-1128.485171303153,21.393601629427206,-1107.0915696737259,1.2470468440233098,19.836773436309965
359,89.75,-1128.4091944098473,21.317656338493265,-1107.091538071354,1.2539874063171508,19.831815114587346
360,90.0,-1128.3315657302737,21.240058831492753,-1107.091506898781,1.2607039782560316,19.82684465520221
361,90.25,-1128.2527531832457,21.16126340854938,-1107.0914897746964,1.2671621363133687,19.82185697435451
362,90.5,-1128.173170402646,21.081714058082092,-1107.091456344564,1.2733300788578816,19.816847557968572
363,90.75,-1128.0932671576738,21.001824926752164,-1107.0914422309218,1.2791785005311245,19.811812416972323
364,91.0,-1128.013392701745,20.921983775000225,-1107.0914089267449,1.2846804102906597,19.806748013602242
365,91.25,-1127.9339503273368,20.842559619791107,-1107.0913907075458,1.2898110257560718,19.801651244738537
366,91.5,-1127.8552607819438,20.76389907512209,-1107.0913617068218,1.2945476662558195,19.79651943120138
367,91.75,-1127.7776857838035,20.68632425302706,-1107.0913615307763,1.298869642648921,19.79135030502911
368,92.0,-1127.7014634981751,20.610130178828907,-1107.0913333193462,1.3027581565611892,19.786142000406485
369,92.25,-1127.6269079819322,20.535581802888803,-1107.0913261790433,1.306196179973197,19.78089303588063
370,92.5,-1127.5542323067784,20.462913543264364,-1107.091318763514,1.3091683606139435,19.775602300782296
371,92.75,-1127.483632095158,20.392330217448848,-1107.0913018777092,1.311660925096988,19.770269042369762
372,93.0,-1127.4153111502528,20.324008654715765,-1107.091302495537,1.3136615925704034,19.76489285384754
373,93.25,-1127.3493968471885,20.258105038123187,-1107.0912918090653,1.3151594957821138,19.759473665990164
374,93.5,-1127.2860408350825,20.194759224441665,-1107.0912816106409,1.3161451086359603,19.7540117326454
375,93.75,-1127.2253684327006,20.134086559128697,-1107.091281873572,1.3166102002205273,19.74850762138062
376,94.0,-1127.167434759438,20.07617064546134,-1107.0912641139766,1.3165477986878953,19.74296219891236
377,94.25,-1127.1123284623027,20.02106170235733,-1107.0912667599453,1.3159521807726964,19.737376625548848
378,94.5,-1127.0600643083453,19.968783320592802,-1107.0912809877525,1.3148188741580815,19.731752349529923
379,94.75,-1127.0106152519584,19.91933848026923,-1107.091276771689,1.3131446843773575,19.726091103634417
380,95.0,-1126.963970579207,19.872705860720714,-1107.0912647184862,1.3109277341679775,19.720394903241505
381,95.25,-1126.920110039413,19.82883699917716,-1107.0912730402358,1.308167529207024,19.714666051465482
382,95.5,-1126.878950200975,19.78765464986915,-1107.0912955511058,1.304865042575573,19.708907138526587
383,95.75,-1126.8403592035174,19.749049869714145,-1107.0913093338033,1.301022809944019,19.70312104281979
384,96.0,-1126.8041787967086,19.712878792340604,-1107.091300004368,1.2966450531257436,19.697310928529543
385,96.25,-1126.7702959105372,19.678957405175822,-1107.0913385053614,1.2917378317724166,19.691480247241145
386,96.5,-1126.7384165897965,19.647055719323973,-1107.0913608704725,1.28630920973729,19.685632741469654
387,96.75,-1126.7082558050752,19.6168902375873,-1107.0913655674879,1.280369458197424,19.679772450922417
388,97.0,-1126.679521329701,19.58811188230824,-1107.0914094473926,1.2739312986829034,19.673903716888965
389,97.25,-1126.651723317802,19.56029795332535,-1107.0914253644767,1.2670102024501626,19.668031185346535
390,97.5,-1126.6244197413325,19.53295036240763,-1107.091469378925,1.2596246798686925,19.66215980640998
391,97.75,-1126.5970056131482,19.505494743124867,-1107.0915108700233,1.2517966296957848,19.65629483962132
392,98.0,-1126.5688464418054,19.477280001301338,-1107.091566440504,1.2435516956805486,19.650441853577707
393,98.25,-1126.5392178371549,19.447578883189408,-1107.0916389539655,1.234919620613632,19.64460673323001
394,98.5,-1126.5072825923562,19.415591411878854,-1107.0916911804773,1.2259345954687135,19.638795685189237
395,98.75,-1126.472186230123,19.380457821104525,-1107.0917284090185,1.2166356126206437,19.633015249296502
396,99.0,-1126.4330666735768,19.34127022754304,-1107.0917964460339,1.207066820477336,19.627272308708193
397,99.25,-1126.388961173594,19.29708277341741,-1107.0918784001765,1.1972779564490827,19.62157409876962
398,99.5,-1126.3388958796859,19.246949798558745,-1107.0919460811272,1.1873247492863757,19.61592819774296
399,99.75,-1126.281983293593,19.18998070722845,-1107.0920025863645,1.1772691269763351,19.6103425013133
400,100.0,-1126.2174501642585,19.125394890310275,-1107.0920552739483,1.1671793030774678,19.604825170418614
401,100.25,-1126.1446703448892,19.052583305800724,-1107.0920870390885,1.1571296596265956,19.59938455947469
402,100.5,-1126.0632740482688,18.97117530507643,-1107.0920987431923,1.1472004665984321,19.5940291505352
403,100.75,-1125.973203189671,18.881112141257436,-1107.0920910484135,1.1374774426075567,19.588767501042
404,101.0,-1125.874760903418,18.782716607464423,-1107.0920442959537,1.1280510216748265,19.583608159087895
405,101.25,-1125.7687285542488,18.676756209926754,-1107.0919723443221,1.1190153500665816,19.57855957385832
406,101.5,-1125.6563649475574,18.56448790567127,-1107.0918770418862,1.1104668832398035,19.57362999595732
407,101.75,-1125.5393960475922,18.447665948137526,-1107.0917300994547,1.1025027443278177,19.568827372287274
408,102.0,-1125.4201088026166,18.328516010633205,-1107.0915927919834,1.0952187956820087,19.564159236727143
409,102.25,-1125.3010733500123,18.20965345333001,-1107.0914198966823,1.088707382144635,19.559632592915115
410,102.5,-1125.185158930719,18.093944650781793,-1107.091214279937,1.0830549140792334,19.555253789217076
411,102.75,-1125.0753597989678,17.984327908954274,-1107.0910318900135,1.078339335723076,19.551028399900606
412,103.0,-1124.9744876995683,17.883603004065264,-1107.090884695503,1.0746276143606635,19.546961120406387
413,103.25,-1124.8849578723311,17.79420439592755,-1107.0907534764035,1.0719734274919703,19.543055678756602
414,103.5,-1124.8086665794253,17.717987302512277,-1107.090679276913,1.0704151825495754,19.539314771521354
415,103.75,-1124.746734701097,17.656056343753864,-1107.0906783573432,1.0699745010829789,19.53574002612521
416,104.0,-1124.6993563994765,17.608661619969425,-1107.0906947795072,1.0706553206566327,19.532331995971337
417,104.25,-1124.6659931838512,17.575176123463383,-1107.090817060388,1.0724436736888092,19.529090188806286
418,104.5,-1124.6450817212462,17.554155837597047,-1107.090925883649,1.0753081145010583,19.52601312406916
419,104.75,-1124.6345886439085,17.54347583797884,-1107.0911128059297,1.079200876311135,19.523098416634358
420,105.0,-1124.6318154111505,17.540523139203152,-1107.0912922719474,1.0840594961955219,19.520342881078307
421,105.25,-1124.6338934153318,17.54242117323849,-1107.0914722420935,1.0898089723793845,19.51774265341577
422,105.5,-1124.6379044428468,17.546254813357443,-1107.0916496294894,1.0963641423492834,19.515293314077997
423,105.75,-1124.6410812214017,17.54927448123086,-1107.0918067401708,1.1036322259504998,19.512990014978655
424,106.0,-1124.6409862563014,17.549060662833913,-1107.0919255934675,1.1115153508840612,19.51082760079496
425,106.25,-1124.6356510519981,17.543638656312556,-1107.0920123956855,1.1199129709848583,19.508800722275108
426,106.5,-1124.6235812976956,17.531541355220043,-1107.0920399424756,1.1287240158278549,19.506903927262854
427,106.75,-1124.603905081749,17.511829215857315,-1107.0920758658917,1.1378487910587753,19.505131743733216
428,107.0,-1124.5761154815555,17.48406357636876,-1107.0920519051867,1.1471906040837418,19.503478752749878
429,107.25,-1124.5402637198567,17.44824726339236,-1107.0920164564643,1.156656987177485,19.501939641744563
430,107.5,-1124.4967215135694,17.404752475084344,-1107.091969038485,1.1661605807338364,19.500509245448992
431,107.75,-1124.446150265634,17.354241631431922,-1107.0919086342021,1.1756197328955014,19.499182575727517
432,108.0,-1124.389417745173,17.297589644620622,-1107.0918281005524,1.1849588752904399,19.49795483990215
433,108.25,-1124.327583886683,17.235812716346324,-1107.0917711703366,1.1941086885778818,19.496821447160446
434,108.5,-1124.2616780027747,17.170002718709135,-1107.0916752840656,1.203006112338442,19.495778015388446
435,108.75,-1124.192885287106,17.101272784758194,-1107.0916125023477,1.21159415455679,19.494820369543202
436,109.0,-1124.1222579553723,17.03071648212455,-1107.0915414732478,1.2198216472391585,19.493944537701147
437,109.25,-1124.0508516207337,16.95936926931319,-1107.0914823514206,1.2276429094127954,19.493146747617256
438,109.5,-1123.9796169549227,16.888189386295085,-1107.0914275686275,1.2350172904675094,19.492423406847646
439,109.75,-1123.9094217717648,16.818054642912106,-1107.0913671288527,1.2419088044593243,19.491771097396256
440,110.0,-1123.8410781770945,16.7497523833247,-1107.0913257937698,1.2482857691860993,19.491186575893305
441,110.25,-1123.7752598971128,16.683971842315568,-1107.0912880547974,1.2541204414633655,19.49066677051776
442,110.5,-1123.7125551253557,16.62130433995569,-1107.0912507854,1.2593886764779256,19.490208767768756
443,110.75,-1123.6534684300423,16.562249330491614,-1107.0912190995507,1.2640695948440899,19.48980980019674
444,111.0,-1123.5984340310097,16.50722378367568,-1107.091210247334,1.2681452931301496,19.489467235413983
445,111.25,-1123.5477652102709,16.45656887307288,-1107.091196337198,1.2716006147471597,19.489178571075357
446,111.5,-1123.5017480999231,16.410555192377387,-1107.0911929075457,1.2744229531662137,19.488941435102085
447,111.75,-1123.4605756103992,16.369388820373132,-1107.091186790026,1.2766020911281863,19.488753583840893
448,112.0,-1123.424380198121,16.33321490587249,-1107.0911652922487,1.2781300766776926,19.488612904458964
449,112.25,-1123.3932800889015,16.30212096427732,-1107.0911591246243,1.2790011202844591,19.488517415502532
450,112.5,-1123.3672922700644,16.276137384886106,-1107.0911548851782,1.2792115016183254,19.48846526345376
451,112.75,-1123.3464230448008,16.255244956771985,-1107.0911780880288,1.2787594556397466,19.488454706999786
452,113.0,-1123.3305747956038,16.23938544964185,-1107.091189345962,1.277645198678831,19.48848412888116
453,113.25,-1123.3196513056755,16.228460146434152,-1107.0911911592414,1.275871014311067,19.48855206311652
454,113.5,-1123.3135230988264,16.22232332485572,-1107.0911997739706,1.2734413315964153,19.488657212954354
455,113.75,-1123.3119845241308,16.220776331666897,-1107.091208192464,1.2703628194488055,19.488798465485605
456,114.0,-1123.314802736044,16.22356457941639,-1107.0912381566275,1.2666445115391802,19.48897490896878
457,114.25,-1123.321636363864,16.230373826854784,-1107.0912625370092,1.262297963210296,19.489185851693485
458,114.5,-1123.332113750279,16.24082379448192,-1107.091289955797,1.2573374558916754,19.489430852517657
459,114.75,-1123.3457945659757,16.254461293793582,-1107.091333272182,1.2517802315252393,19.489709749119857
460,115.0,-1123.3621180430055,16.27075290316237,-1107.091365139843,1.2456467741309372,19.49002269807851
461,115.25,-1123.3804980441928,16.289078287644656,-1107.091419756548,1.238961145057913,19.49037021041431
462,115.5,-1123.4002034589648,16.308723196701777,-1107.091480262263,1.231751318726776,19.490753199353474
463,115.75,-1123.4203995391726,16.328873968532886,-1107.0915255706398,1.224049550987999,19.491173025599515
464,116.0,-1123.4402091428638,16.348615142771376,-1107.0915940000923,1.2158927936492987,19.491631555281614
465,116.25,-1123.458614654839,16.366935189363907,-1107.0916794654752,1.2073231401553917,19.492131229526375
466,116.5,-1123.4745034202933,16.3827484676511,-1107.0917549526423,1.1983883052324327,19.49267514740935
467,116.75,-1123.4867571517825,16.39492503042019,-1107.0918321213624,1.189142037005972,19.493267145841717
468,117.0,-1123.4942251220345,16.402322821398666,-1107.0919023006359,1.1796445166822083,19.493911888621692
469,117.25,-1123.4958253279328,16.403845244151285,-1107.0919800837814,1.1699626774764613,19.494614946369193
470,117.5,-1123.4905355647206,16.398508381988268,-1107.0920271827324,1.1601703466582856,19.49538286253314
471,117.75,-1123.477585747838,16.385501821586757,-1107.0920839262512,1.1503482306034876,19.49622321596728
472,118.0,-1123.4563667699695,16.36425845324133,-1107.0921083167282,1.1405837088628723,19.49714466171326
473,118.25,-1123.4266492798924,16.33452995126475,-1107.0921193286276,1.1309704417578885,19.49815695467589
474,118.5,-1123.3885793462396,16.29647664477663,-1107.0921027014629,1.1216077002635452,19.49927094532263
475,118.75,-1123.342786975205,16.25075759961415,-1107.0920293755908,1.1125992297394667,19.500498513906212
476,119.0,-1123.290483802557,16.198589786799655,-1107.0918940157574,1.1040517392526743,19.50185244768832
477,119.25,-1123.2335301861167,16.141768279630682,-1107.091761906486,1.096073037776727,19.503346253129223
478,119.5,-1123.1742250919342,16.08263968854593,-1107.0915854033883,1.088769797945381,19.504993898765004
479,119.75,-1123.1154226586223,16.0240198949277,-1107.0914027636945,1.082245013733829,19.506809493616437
480,120.0,-1123.060237891972,15.96904651039044,-1107.0911913815817,1.076595193034995,19.508806894733375
481,120.25,-1123.0119505003095,15.920963131295947,-1107.0909873690134,1.071907406750163,19.51099925862184
482,120.5,-1122.9736686721444,15.88285914515519,-1107.0908095269892,1.0682563831402678,19.513398561273867
483,120.75,-1122.948087990284,15.857399512181109,-1107.090688478103,1.0657018519719832,19.51601510675171
484,121.0,-1122.9371860697865,15.846572752253932,-1107.0906133175326,1.06428626634474,19.518857054289747
485,121.25,-1122.9421046599746,15.851488106935786,-1107.090616553039,1.0640331032492834,19.52192999622134
486,121.5,-1122.962926991284,15.872255403864061,-1107.0906715874198,1.0649458872709912,19.525236621492898
487,121.75,-1122.998765297234,15.907967145431373,-1107.0907981518026,1.0670079789951208,19.528776483297815
488,122.0,-1123.047740958631,15.956784917265116,-1107.0909560413659,1.0701832170522672,19.532545900155448
489,122.25,-1123.107278674841,16.016114462053302,-1107.0911642127876,1.0744172987973881,19.536537988952215
490,122.5,-1123.1742164716125,16.082844209798587,-1107.0913722618138,1.079639812532972,19.54074282410338
491,122.75,-1123.2452148273587,16.153617469658784,-1107.0915973577,1.0857667144453844,19.545147702846357
492,123.0,-1123.316875986755,16.225100572460903,-1107.091775414294,1.0927031483023868,19.54973750739935
493,123.25,-1123.3861722648144,16.294219694900537,-1107.091952569914,1.1003463642512215,19.554495123905653
494,123.5,-1123.4504163861275,16.358343073169888,-1107.0920733129576,1.1085886098418982,19.559401900598257
495,123.75,-1123.5075460225344,16.41539903128504,-1107.0921469912494,1.117319792583381,19.56443810914169
496,124.0,-1123.5561227947474,16.46393093789478,-1107.0921918568527,1.1264298991505801,19.56958339442005
497,124.25,-1123.5953100472689,16.50309943370029,-1107.0922106135686,1.135811021366777,19.574817180777725
498,124.5,-1123.6248314529657,16.53264098826506,-1107.0921904647007,1.1453590874521655,19.580119042278156
499,124.75,-1123.6449190452695,16.552789990744984,-1107.0921290545245,1.1549751388538383,19.58546900458458
500,125.0,-1123.6562545374036,16.564186322362154,-1107.0920682150415,1.164566267993274,19.59084779027706
501,125.25,-1123.6597720906138,16.567777967407988,-1107.091994123206,1.1740461958972173,19.5962369994895
502,125.5,-1123.6566343158484,16.564729284896227,-1107.0919050309521,1.18333556084923,19.601619234930126
503,125.75,-1123.6481437385082,16.5563362974415,-1107.0918074410667,1.1923620160621646,19.606978186554922
504,126.0,-1123.6356728449464,16.543952607408485,-1107.0917202375379,1.2010601465651836,19.612298673202
505,126.25,-1123.6205621138215,16.528932713497706,-1107.0916294003239,1.2093711935895708,19.617566633448973
506,126.5,-1123.6041365787387,16.512590449224543,-1107.0915461295142,1.217242683943839,19.62276909636662
507,126.75,-1123.5876422002912,16.496170973069372,-1107.0914712272217,1.2246279999414162,19.627894136871422
508,127.0,-1123.572243668139,16.480832461125637,-1107.0914112070134,1.2314859766459192,19.632930828226126
509,127.25,-1123.5589858144522,16.467632812226174,-1107.091353002226,1.237780524886023,19.637869188715374
510,127.5,-1123.548827946186,16.45752514116851,-1107.0913028050174,1.2434802372775182,19.64270012883238
511,127.75,-1123.5426186174154,16.451359149106224,-1107.091259468309,1.2485580160978969,19.647415402710706
512,128.0,-1123.5411010533571,16.449884766624418,-1107.0912162867328,1.2529907332487298,19.652007562730706
513,128.25,-1123.5449338406324,16.45375612310099,-1107.0911777175315,1.2567589387925628,19.656469920156002
514,128.5,-1123.5546824485064,16.46353356805391,-1107.0911488804525,1.2598465966849444,19.660796506478306
515,128.75,-1123.5708129107952,16.479684643274222,-1107.091128267521,1.2622408621317622,19.66498204841037
516,129.0,-1123.5936948433518,16.50258313399309,-1107.0911117093588,1.2639318978446952,19.669021944057274
517,129.25,-1123.6236075982451,16.532509904161653,-1107.0910976940836,1.264912752341927,19.672912247203428
518,129.5,-1123.6607544273138,16.569653358354746,-1107.091101068959,1.2651792623805045,19.676649655241764
519,129.75,-1123.705200612545,16.614106410725082,-1107.09109420182,1.264729995877451,19.68023149520184
520,130.0,-1123.756963610649,16.665865525257765,-1107.0910980853914,1.2635662251703341,19.68365571813564
521,130.25,-1123.8159572705626,16.72483189906516,-1107.0911253714976,1.2616919596831502,19.68692092273689
522,130.5,-1123.881953395903,16.790808127261474,-1107.0911452686416,1.2591140176479774,19.690026397132083
523,130.75,-1123.954658307135,16.86349472247765,-1107.0911635846574,1.255842124004288,19.692972163571426
524,131.0,-1124.033678084612,16.942488641476547,-1107.0911894431354,1.2518890663954276,19.695759043254036
525,131.25,-1124.118505090475,17.02727802452345,-1107.0912270659517,1.2472708797227736,19.698388732613516
526,131.5,-1124.2085220962763,17.117236004933538,-1107.0912860913427,1.2420070815483897,19.700863893920484
527,131.75,-1124.3029497936368,17.2116155865841,-1107.0913342070528,1.2361209388781267,19.703188256002626
528,132.0,-1124.4009440466762,17.309544800502348,-1107.0913992461738,1.229639778267375,19.705366728278005
529,132.25,-1124.5015037357807,17.41002223075395,-1107.0914815050269,1.222595324647501,19.7074055218411
530,132.5,-1124.6034761667252,17.51191426857687,-1107.0915618981483,1.215024105958547,19.709312292993797
531,132.75,-1124.7056307122111,17.613962792438542,-1107.0916679197726,1.2069678727141957,19.711096292236945
532,133.0,-1124.806553952396,17.714797933316785,-1107.0917560190792,1.1984740060046237,19.712768514006992
533,133.25,-1124.9048158600926,17.81295368011893,-1107.0918621799738,1.1895959500996196,19.714341857148366
534,133.5,-1124.9988638162613,17.90689725477982,-1107.0919665614815,1.1803936229025878,19.71583128734104
535,133.75,-1125.0871468037367,17.99507228872589,-1107.0920745150108,1.170933797816951,19.717253996869182
536,134.0,-1125.1681227609515,18.075957519070077,-1107.0921652418815,1.1612903996182895,19.718629544688486
537,134.25,-1125.240410283208,18.14814252311691,-1107.092267760091,1.1515446141928731,19.719979945001885
538,134.5,-1125.3027477487922,18.210424027129392,-1107.0923237216628,1.1417848498454328,19.721329716087872
539,134.75,-1125.35426261276,18.261905617056147,-1107.092356995704,1.1321063551376016,19.72270583030507
540,135.0,-1125.394472271204,18.302098116062147,-1107.092374155142,1.122610620267312,19.724137596221418
541,135.25,-1125.4233789369464,18.331017482408477,-1107.092361454538,1.1134043849352049,19.725656419018595
542,135.5,-1125.4415421932936,18.349262730443822,-1107.0922794628498,1.104598276844977,19.727295439621873
543,135.75,-1125.4502308890224,18.35806359731128,-1107.0921672917111,1.0963050138836121,19.72908902453484
544,136.0,-1125.4513025134802,18.35928136261492,-1107.0920211508653,1.0886372344304058,19.73107212139169
545,136.25,-1125.4471948742867,18.355353755754695,-1107.0918411185319,1.0817049342172431,19.733279464007033
546,136.5,-1125.4408142715693,18.349159296100208,-1107.091654975469,1.0756125529500014,19.73574463839438
547,136.75,-1125.4352671653032,18.343811011184652,-1107.0914561541185,1.0704559561760725,19.73849908179289
548,137.0,-1125.4336834549904,18.342405367518026,-1107.0912780874723,1.0663193640257989,19.74157104209559
549,137.25,-1125.438884474337,18.347744632467947,-1107.091139841869,1.0632724455334817,19.744984550254976
550,137.5,-1125.4530908241868,18.362056209967196,-1107.0910346142196,1.0613676885908516,19.748758444297366
551,137.75,-1125.4777509123087,18.38674585053782,-1107.0910050617708,1.0606383169211615,19.752905544828366
552,138.0,-1125.5133090242743,18.422225877407392,-1107.091083146867,1.061096915122146,19.75743204345184
553,138.25,-1125.5590241998434,18.467845232447416,-1107.091178967396,1.0627348454783725,19.762337145687923
554,138.5,-1125.6132658272982,18.52193536039686,-1107.0913304669014,1.0655226627805914,19.767613047771547
555,138.75,-1125.6735171750188,18.58196401637631,-1107.0915531586425,1.0694112429268212,19.773245171083428
556,139.0,-1125.7365594357252,18.644772576474676,-1107.0917868592505,1.0743337185047623,19.779212686648044
557,139.25,-1125.798900783062,18.706861354020837,-1107.092039429041,1.0802080219507468,19.78548927382211
558,139.5,-1125.8569030836225,18.764685393188188,-1107.0922176904342,1.0869397421730016,19.792044010873166
559,139.75,-1125.9073354378343,18.814917169421353,-1107.092418268413,1.0944252068560496,19.798842370971826
560,140.0,-1125.9472265467048,18.854658547842416,-1107.0925679988623,1.1025545078770267,19.805847229814496
561,140.25,-1125.9742760509253,18.881593620906713,-1107.0926824300186,1.1112144197472567,19.813019869306718
562,140.5,-1125.9867904037237,18.894069667985793,-1107.0927207357379,1.1202910388965366,19.820320904843907
563,140.75,-1125.983860693872,18.891112718564735,-1107.0927479753072,1.1296720827663436,19.827711111513864
564,141.0,-1125.9651361331344,18.87239439357688,-1107.0927417395576,1.1392486989601436,19.83515208883963
565,141.25,-1125.9308640882373,18.83816378511042,-1107.0927003031268,1.1489169627496727,19.84260682807937
566,141.5,-1125.8817675337195,18.78915435888195,-1107.0926131748377,1.158578952130147,19.85004013650338
567,141.75,-1125.8190094903111,18.72647639239371,-1107.0925330979173,1.168143476374846,19.857418950605503
568,142.0,-1125.7439161539078,18.65150592552977,-1107.092410228378,1.1775264498571194,19.86471251637401
569,142.25,-1125.6581196635962,18.565797565985804,-1107.0923220976103,1.1866510058067696,19.871892472233508
570,142.5,-1125.5632183402777,18.471011700549916,-1107.0922066397277,1.1954474104693638,19.878932868772875
571,142.75,-1125.4609572067857,18.368846541154625,-1107.092110665631,1.203852844835357,19.885810134519037
572,143.0,-1125.3529934436083,18.26099506972854,-1107.0919983738797,1.2118110213989206,19.892502968937965
573,143.25,-1125.2410215362906,18.149117661809974,-1107.0919038744807,1.2192718329467613,19.89899223726746
574,143.5,-1125.1266143992543,18.03481643601635,-1107.091797963238,1.2261909438764047,19.905260846562143
575,143.75,-1125.0113407075405,17.919616858823826,-1107.0917238487166,1.2325293777544115,19.911293621286138
576,144.0,-1124.8966102674603,17.80495636526967,-1107.0916539021907,1.2382531496554272,19.917077191154714
577,144.25,-1124.783728837967,17.692174301070555,-1107.0915545368964,1.2433329110254026,19.922599878910347
578,144.5,-1124.674005575478,17.582508446613357,-1107.0914971288648,1.2477436361089211,19.92785161204468
579,144.75,-1124.5685322284698,17.47709484142779,-1107.091437387042,1.2514643398970873,19.932823831534318
580,145.0,-1124.4683523103595,17.376968743625426,-1107.091383566734,1.254477810927125,19.93750939409316
581,145.25,-1124.3743975907564,17.283064931595334,-1107.091332659161,1.256770386201714,19.941902488529163
582,145.5,-1124.2874797210097,17.196213234836367,-1107.0912664861733,1.2583317760680364,19.945998572241194
583,145.75,-1124.208368383348,17.11713395023115,-1107.0912344331168,1.2591549255772874,19.949794323472098
584,146.0,-1124.1376595050097,17.04643390396273,-1107.091225601047,1.2592359181417527,19.95328760862419
585,146.25,-1124.075778990984,16.984601219201448,-1107.0911777717824,1.2585739231633384,19.956477464709103
586,146.5,-1124.0231939777732,16.93199796860214,-1107.091196009171,1.2571711735970141,19.959364092239532
587,146.75,-1123.9800259396434,16.888853546293944,-1107.0911723933496,1.2550330075424139,19.961948877044698
588,147.0,-1123.9464282467961,16.85525934120496,-1107.091168905591,1.2521679486991997,19.96423442655563
589,147.25,-1123.9223623648286,16.83116108854191,-1107.0912012762867,1.2485878315425634,19.966224624843406
590,147.5,-1123.9075412973762,16.81634957366278,-1107.0911917237133,1.244307983512405,19.967924712309774
591,147.75,-1123.9017070755363,16.810454351502496,-1107.0912527240337,1.2393474319839781,19.969341374162
592,148.0,-1123.9042067676783,16.81293754301757,-1107.0912692246607,1.2337291597813682,19.970482848945473
593,148.25,-1123.9144263193011,16.82308870862106,-1107.09133761068,1.2274804126260963,19.971359058981466
594,148.5,-1123.931424073875,16.840023266078756,-1107.0914008077962,1.220633063874052,19.971981762456544
595,148.75,-1123.9541674926877,16.862684450069743,-1107.091483042618,1.2132240030347918,19.97236471596874
596,149.0,-1123.981416799128,16.889852745064097,-1107.091564054064,1.2052955361947069,19.972523840371768
597,149.25,-1124.0118370726705,16.92016156435276,-1107.0916755083176,1.1968958170429416,19.9724774010195
598,149.5,-1124.043898113072,16.952122300558127,-1107.0917758125138,1.1880792926853914,19.972246193871342
599,149.75,-1124.0760470181704,16.984155567884496,-1107.0918914502859,1.1789070846124148,19.971853705402605
600,150.0,-1124.1066349893808,17.014636113106466,-1107.0919988762744,1.1694474377774307,19.97132630015003
601,150.25,-1124.134066902101,17.041959397635683,-1107.0921075044653,1.1597760251835934,19.970693350223144
602,150.5,-1124.1568144485354,17.06462387757921,-1107.0921905709563,1.1499761282590026,19.96998731577019
603,150.75,-1124.173591144383,17.08133466108356,-1107.0922564832995,1.1401385772660346,19.96924373055187
604,151.0,-1124.1833972111344,17.09111281247119,-1107.0922843986632,1.1303613928019638,19.968501065653914
605,151.25,-1124.1857075095177,17.093402579479548,-1107.0923049300382,1.1207491935063105,19.96780049841988
606,151.5,-1124.1804505959153,17.08817697848877,-1107.0922736174266,1.1114122434215723,19.967185536313497
607,151.75,-1124.1682389453053,17.076030599996226,-1107.092208345309,1.1024650722521334,19.966701468141338
608,152.0,-1124.150325447321,17.058238843325938,-1107.092086603995,1.0940246866576722,19.96639464713537
609,152.25,-1124.128693729639,17.036764456782244,-1107.0919292728568,1.086208294670219,19.966311575672773
610,152.5,-1124.105918198824,17.014194812914358,-1107.0917233859095,1.0791306113026247,19.966497823855782
611,152.75,-1124.085106998682,16.993607074831615,-1107.0914999238505,1.0729008962475948,19.966996840827264
612,153.0,-1124.069654405117,16.97835352681798,-1107.091300878299,1.067619662436697,19.967848635508762
613,153.25,-1124.06287574023,16.971785486383958,-1107.0910902538462,1.0633754513034739,19.969088476633583
614,153.5,-1124.0678824931383,16.97694022103869,-1107.0909422720997,1.0602416625684872,19.97074561408613
615,153.75,-1124.0870755761862,16.996224575675683,-1107.0908510005106,1.0582737920374843,19.972842166153036
616,154.0,-1124.1219349727035,17.031144919062424,-1107.090790053641,1.0575072252853874,19.9753922338094
617,154.25,-1124.1729781478643,17.08211468855373,-1107.0908634593106,1.0579557487468116,19.97840130392703
618,154.5,-1124.2393484413624,17.148374771498418,-1107.090973669864,1.0596109563004539,19.981866017390406
619,154.75,-1124.3192011639476,17.228042948860633,-1107.091158215087,1.0624425798467372,19.985774308397023
620,155.0,-1124.409646101296,17.318280422614016,-1107.091365678682,1.066399780676959,19.990105929014945
621,155.25,-1124.5071757659316,17.415550202231795,-1107.0916255636998,1.0714131567356107,19.994833264814872
622,155.5,-1124.6078160181642,17.5159302445387,-1107.0918857736256,1.0773974197515384,19.999922421517233
623,155.75,-1124.707554332912,17.61543171462256,-1107.0921226182895,1.084254469473846,20.005334472066565
624,156.0,-1124.8026133403182,17.71028963510366,-1107.0923237052145,1.0918766091546421,20.0110267558487
625,156.25,-1124.8896624073386,17.797196279436672,-1107.0924661279018,1.100149840663591,20.016954204883024
626,156.5,-1124.9660471975803,17.873459879970298,-1107.09258731761,1.1089569039028087,20.02307056463136
627,156.75,-1125.0297406613827,17.937090079147985,-1107.0926505822347,1.1181800411056615,20.029329499832226
628,157.0,-1125.0795086845756,17.986810693990893,-1107.0926979905846,1.1277033736214996,20.035685540393143
629,157.25,-1125.114716090262,18.022024713034803,-1107.092691377227,1.1374148190137976,20.04209484085308
630,157.5,-1125.1353639289737,18.042741456742053,-1107.0926224722316,1.1472076469796297,20.04851579035818
631,157.75,-1125.1420149430633,18.049469136344815,-1107.0925458067184,1.1569815586878942,20.05490943110064
632,158.0,-1125.135589323938,18.043103247383176,-1107.0924860765547,1.1666433464821306,20.06123970816952
633,158.25,-1125.1171988919377,18.024825229539385,-1107.0923736623984,1.1761072801262125,20.06747361004248
634,158.5,-1125.0882801264524,17.99600662646854,-1107.092273499984,1.1852952636405159,20.073581217530762
635,158.75,-1125.0502927154303,17.95812614156885,-1107.0921665738615,1.1941367366294253,20.07953565001818
636,159.0,-1125.0047849565744,17.91270445212456,-1107.0920805044498,1.2025684057416897,20.08531294479753
637,159.25,-1124.9532173275948,17.86125646355508,-1107.0919608640397,1.210533832152263,20.090891880541363
638,159.5,-1124.897128611803,17.80525557429876,-1107.0918730375042,1.2179830224051484,20.096253803510564
639,159.75,-1124.8378904983401,17.74610655532464,-1107.0917839430156,1.2248719851163439,20.101382441305354
640,160.0,-1124.7768347337842,17.685129992353517,-1107.0917047414307,1.2311622956923916,20.10626371979622
641,160.25,-1124.7151788398623,17.623552361300508,-1107.091626478562,1.2368206966159123,20.11088559614701
642,160.5,-1124.6540584787726,17.562500828762115,-1107.0915576500106,1.2418187031041474,20.11523789401854
643,160.75,-1124.594508625567,17.50300055218301,-1107.091508073384,1.24613226432595,20.119312162868923
644,161.0,-1124.537418320775,17.445972131717458,-1107.0914461890575,1.249741457741155,20.123101550505712
645,161.25,-1124.4836471825838,17.39222911940768,-1107.0914180631762,1.2526302029826148,20.126600684403524
646,161.5,-1124.4338406026363,17.342476421046932,-1107.0913641815894,1.2547860562467756,20.129805585436873
647,161.75,-1124.388659209013,17.297310416078684,-1107.0913487929342,1.2562000054081384,20.132713579751428
648,162.0,-1124.3485320657492,17.25721731686506,-1107.091314748884,1.2568663645516716,20.13532325217808
649,162.25,-1124.3138564825058,17.22257001290382,-1107.091286469602,1.2567826649502376,20.137634396052842
650,162.5,-1124.2849129587412,17.193623832321503,-1107.0912891264197,1.2559496270297688,20.139647995380262
651,162.75,-1124.2617923468351,17.170511247245575,-1107.0912810995897,1.2543711614894597,20.141366217222014
652,163.0,-1124.2445317208767,17.153235545814063,-1107.0912961750626,1.2520544272159344,20.142792425297433
653,163.25,-1124.232970520854,17.14166649812251,-1107.0913040227315,1.2490099288736398,20.143931208453072
654,163.5,-1124.2268579751253,17.135537632456124,-1107.0913203426692,1.2452516672233422,20.14478842802107
655,163.75,-1124.225809648633,17.134438734178936,-1107.091370914454,1.2407973168472315,20.145371274349497
656,164.0,-1124.2292092815042,17.137805235958705,-1107.0914040455455,1.2356684848686075,20.145688353952018
657,164.25,-1124.2363765463233,17.144916338759305,-1107.091460207564,1.229890967817779,20.145749770766358
658,164.5,-1124.2464192956686,17.15489583390521,-1107.0915234617635,1.2234950769823998,20.145567233084385
659,164.75,-1124.2583113908768,17.166712399261627,-1107.0915989916152,1.2165159926300924,20.145154167913738
660,165.0,-1124.2708757668734,17.17918454794159,-1107.0916912189318,1.208994110265894,20.14452582810385
661,165.25,-1124.2827771157026,17.1909996095137,-1107.091777506189,1.2009754640559975,20.143699426499477
662,165.5,-1124.292620152235,17.200737643490815,-1107.0918825087442,1.1925120975107035,20.142694241922364
663,165.75,-1124.2989029735327,17.206899280881622,-1107.0920036926511,1.1836624865424756,20.14153174155018
664,166.0,-1124.3000497743487,17.207944305823077,-1107.0921054685257,1.1744918756796245,20.140235665236233
665,166.25,-1124.2945417538285,17.20234195757529,-1107.0921997962532,1.1650726295866598,20.138832110232602
666,166.5,-1124.2809095680714,17.18864420475067,-1107.0922653633206,1.1554844407568097,20.137349560136546
667,166.75,-1124.2579285427928,17.165571962612983,-1107.0923565801797,1.1458143559840186,20.135818842650988
668,167.0,-1124.2245262786746,17.13211683474186,-1107.0924094439326,1.1361566458228203,20.13427303272961
669,167.25,-1124.1800828129053,17.087658533161434,-1107.092424279744,1.1266123723459756,20.132747246703367
670,167.5,-1124.124480009079,17.032079319987766,-1107.0924006890912,1.117288583496723,20.13127830256041
671,167.75,-1124.0581935197115,16.965856739862136,-1107.0923367798493,1.1082970314847218,20.129904219432714
672,168.0,-1123.9823675006628,16.89013029943854,-1107.0922372012242,1.0997525384797089,20.12866360429904
673,168.25,-1123.8988185673952,16.806728147381214,-1107.092090420014,1.09177096130103,20.12759491121474
674,168.5,-1123.8100351393223,16.718132681743988,-1107.0919024575783,1.0844667659074063,20.126735584583514
675,168.75,-1123.7190567404032,16.627378786969743,-1107.0916779534334,1.0779502183318905,20.126121100896732
676,169.0,-1123.629337489605,16.53787984584274,-1107.0914576437622,1.07232436923346,20.12578396665127
677,169.25,-1123.544429011643,16.45318393725506,-1107.0912450743879,1.0676819130509188,20.125752700593758
678,169.5,-1123.4677599146962,16.376688193841062,-1107.091071720855,1.0641021123415708,20.126050882154782
679,169.75,-1123.4022364988923,16.311336748727403,-1107.090899750165,1.0616479710487114,20.126696323700177
680,170.0,-1123.3501718640327,16.25933533152738,-1107.0908365325054,1.0603638950575107,20.127700429061836
681,170.25,-1123.312743872404,16.221924776320893,-1107.0908190960831,1.060273875621483,20.12906776157583
682,170.5,-1123.2901349440217,16.199251296374417,-1107.0908836476474,1.0613805848067686,20.130795929830203
683,170.75,-1123.2813646048307,16.190352064366568,-1107.0910125404641,1.0636652928770634,20.13287575326378
684,171.0,-1123.2844605743885,16.19325832109476,-1107.0912022532937,1.067088652865816,20.135291697148535
685,171.25,-1123.2966338992119,16.20519855840855,-1107.0914353408034,1.0715923035814618,20.138022553490643
686,171.5,-1123.3145216926932,16.22286984597598,-1107.0916518467172,1.0771011224246172,20.141042306347643
687,171.75,-1123.334638543427,16.24274223968996,-1107.091896303737,1.083526037589493,20.144321144781262
688,172.0,-1123.3534314855933,16.261350882417883,-1107.0920806031754,1.0907670201376334,20.14782648559757
689,172.25,-1123.3677855432034,16.275547540487622,-1107.0922380027157,1.0987162327061877,20.151524002678002
690,172.5,-1123.3750374987721,16.282691453002972,-1107.092346045769,1.1072610565561596,20.155378584650634
691,172.75,-1123.3732102066278,16.280766978253826,-1107.0924432283741,1.1162869121962735,20.15935518691515
692,173.0,-1123.3609334304929,16.26844156308783,-1107.092491867405,1.1256797164502068,20.163419547888452
693,173.25,-1123.3375433757901,16.24506600351311,-1107.092477372277,1.1353280570176787,20.16753879540554
694,173.5,-1123.3030625358224,16.210620242103506,-1107.092442293719,1.145124924230902,20.171681903660197
695,173.75,-1123.2579906880856,16.165627295198473,-1107.0923633928871,1.1549689988811973,20.175820015194976
696,174.0,-1123.2033412829041,16.111052477710665,-1107.0922888051934,1.1647654906073084,20.179926626835247
697,174.25,-1123.1403710916638,16.048197445641964,-1107.0921736460218,1.174426661607457,20.18397768386651
698,174.5,-1123.0706673786044,15.978604256576237,-1107.092063122028,1.183872011795679,20.187951577091017
699,174.75,-1122.9959135502577,15.903970649984807,-1107.091942900273,1.1930283268242057,20.191829097195583
700,175.0,-1122.9179094657302,15.826068983410192,-1107.09184048232,1.2018295045205463,20.195593326584373
701,175.25,-1122.8384159207344,15.746685416663935,-1107.0917305040705,1.2102162157563636,20.199229488430685
702,175.5,-1122.7591904997826,15.667575599884355,-1107.091614899898,1.218135544224341,20.202724798066008
703,175.75,-1122.6819420456886,15.590426029910104,-1107.0915160157786,1.2255405933841723,20.206068312394404
704,176.0,-1122.6082477644086,15.516823368444188,-1107.0914243959644,1.2323900727316448,20.209250774400616
705,176.25,-1122.5395679026842,15.448225918685283,-1107.091341983999,1.2386479103096963,20.212264478151997
706,176.5,-1122.4772108644247,15.385940932013508,-1107.0912699324113,1.2442828816629559,20.21510314135514
707,176.75,-1122.4222987741232,15.331107843876675,-1107.0911909302465,1.2492682704935258,20.217761789979797
708,177.0,-1122.3758493959904,15.284685193086377,-1107.0911642029039,1.2535815124815204,20.220236638650867
709,177.25,-1122.3385636806488,15.247443147623253,-1107.0911205330256,1.2572039148777612,20.222524996931472
710,177.5,-1122.311036489904,15.219956571988204,-1107.0910799179157,1.2601203853361729,20.224625177314984
711,177.75,-1122.2936895638704,15.202602449396283,-1107.0910871144742,1.2623192295852406,20.226536423658622
712,178.0,-1122.2866483777761,15.195557466861517,-1107.0910909109145,1.2637919911686712,20.228258851701348
713,178.25,-1122.289903640747,15.198799365685854,-1107.0911042750613,1.2645333182381968,20.229793394974728
714,178.5,-1122.3032312393188,15.212111641407768,-1107.091119597911,1.2645408832218241,20.231141765470316
715,178.75,-1122.3262610957026,15.235087945084441,-1107.0911731506183,1.2638153448015437,20.23230642456751
716,179.0,-1122.3583428040147,15.267141491746656,-1107.091201312268,1.2623603534949057,20.23329056413474
717,179.25,-1122.398790039122,15.307517123600613,-1107.0912729155216,1.2601825870574044,20.234098091811944
718,179.5,-1122.44662540406,15.355305302941034,-1107.0913201011188,1.2572918335467083,20.234733627548053
719,179.75,-1122.500876300037,15.409454169455612,-1107.0914221305813,1.2537011260041124,20.235202509966363
720,180.0,-1122.5602746903896,15.46878031112777,-1107.0914943792618,1.2494268891579363,20.235510800060904
721,180.25,-1122.6235518306494,15.531983575014143,-1107.0915682556351,1.2444891501694375,20.2356652974034
722,180.5,-1122.6893346980214,15.597663451415876,-1107.0916712466055,1.238911782226881,20.23567355812464
723,180.75,-1122.7560933455825,15.664338295702784,-1107.0917550498798,1.2327227875669318,20.235543916007934
724,181.0,-1122.8223401606083,15.73046520434773,-1107.0918749562607,1.2259546083156916,20.235285504218854
725,181.25,-1122.8864546120167,15.79446279216055,-1107.091991819856,1.2186444697682404,20.234908278628968
726,181.5,-1122.9468074142933,15.854733659247662,-1107.0920737550457,1.210834702224425,20.234423027339755
727,181.75,-1123.0018625035882,15.90968443221303,-1107.0921780713752,1.2025730836549082,20.233841380774347
728,182.0,-1123.0500270724297,15.957753234168221,-1107.0922738382615,1.193913217700489,20.233175818989142
729,182.25,-1123.0898081362247,15.997440775239221,-1107.0923673609855,1.184914840996997,20.232439654918178
730,182.5,-1123.1198048591614,16.027347394563954,-1107.0924574645974,1.1756441530624464,20.231647015805002
731,182.75,-1123.1387471705675,16.046229711083058,-1107.0925174594845,1.1661740561718723,20.230812799506957
732,183.0,-1123.145641706884,16.05307275614981,-1107.0925689507342,1.1565842274320446,20.229952593323183
733,183.25,-1123.1397739425302,16.047159850212257,-1107.092614092318,1.1469609521090924,20.229082543972197
734,183.5,-1123.1207611858845,16.028150878259233,-1107.0926103076251,1.1373968921936508,20.22821921597802
735,183.75,-1123.0887425541878,15.996171166332267,-1107.0925713878555,1.1279905187482187,20.227379397071743
736,184.0,-1123.0443902611732,15.951889720472403,-1107.092500540701,1.1188452191843756,20.226579859415565
737,184.25,-1122.9889802709222,15.896582683929715,-1107.0923975869925,1.110068069200031,20.22583708082895
738,184.5,-1122.9243981018662,15.832163809941456,-1107.0922342919248,1.101768188083989,20.225166924363485
739,184.75,-1122.8532078638673,15.761172879923974,-1107.0920349839432,1.0940547613410616,20.22458429852177
740,185.0,-1122.7785349860787,15.68670966730125,-1107.0918253187774,1.0870346728613989,20.224102804298344
741,185.25,-1122.7038707882166,15.612304331415514,-1107.091566456801,1.0808099109492761,20.22373439677107
742,185.5,-1122.6330680027604,15.541733698726297,-1107.091334304034,1.0754747588685478,20.223489069677537
743,185.75,-1122.5698969140649,15.478788526166671,-1107.0911083878982,1.0711129682922564,20.22337459216247
744,186.0,-1122.5179264247417,15.427006112687048,-1107.0909203120548,1.067795037294694,20.223396317931464
745,186.25,-1122.4801623225212,15.389398756311074,-1107.0907635662102,1.065575723025969,20.223557075604123
746,186.5,-1122.4589004218578,15.368209592952216,-1107.0906908289055,1.0644920041042232,20.223857163854763
747,186.75,-1122.4553912580013,15.364729884087257,-1107.0906613739141,1.0645616771216517,20.224294454554872
748,187.0,-1122.4699300155044,15.379204406491157,-1107.0907256090131,1.0657826567548034,20.224864594613457
749,187.25,-1122.5016848742962,15.4108400539792,-1107.090844820317,1.0681330504844113,20.225561297307422
750,187.5,-1122.5489131361246,15.457916162914302,-1107.0909969732104,1.0715720439397458,20.226376703870915
751,187.75,-1122.6091728284955,15.517973059464422,-1107.0911997690312,1.076041422570867,20.22730178471694
752,188.0,-1122.6794611811638,15.588057761168196,-1107.0914034199957,1.0814677228639116,20.228326755739054
753,188.25,-1122.756602101028,15.66499349991878,-1107.091608601109,1.0877647929750953,20.22944148155594
754,188.5,-1122.8374333232641,15.745633583021723,-1107.0917997402423,1.094836572065348,20.23063584235626
755,188.75,-1122.919024080038,15.827081440913217,-1107.091942639125,1.1025798922827383,20.231900047817682
756,189.0,-1122.9989113882184,15.906860071454767,-1107.0920513167637,1.1108872586977339,20.23322489132873
757,189.25,-1123.0751630440354,15.983018371964292,-1107.092144672071,1.1196493990022574,20.234601942883444
758,189.5,-1123.146373488009,16.054178172011216,-1107.0921953159977,1.128757555387253,20.236023679500132
759,189.75,-1123.2117322310805,16.119530427522854,-1107.0922018035576,1.1381053925051279,20.23748355550942
760,190.0,-1123.2709791138768,16.178784978574186,-1107.0921941353026,1.147590547725039,20.23897602704801
761,190.25,-1123.324256107211,16.232093249359938,-1107.0921628578512,1.15711574825121,20.24049653759221
762,190.5,-1123.372049458325,16.27996690731918,-1107.0920825510057,1.1665895972114402,20.242041478676196
763,190.75,-1123.415202446282,16.32319087013444,-1107.0920115761476,1.1759270788736105,20.243608129555078
764,191.0,-1123.4546963050961,16.362742498312517,-1107.0919538067835,1.1850497783132936,20.245194581298673
765,191.25,-1123.491599932313,16.399716743153558,-1107.0918831891595,1.1938859822272385,20.24679965845563
766,191.5,-1123.5270670056343,16.43525116939718,-1107.0918158362372,1.2023706075505176,20.24842283548308
767,191.75,-1123.5622125640512,16.47047227346124,-1107.09174029059,1.2104449340196546,20.250064152845678
768,192.0,-1123.5981323346496,16.506461143626275,-1107.0916711910234,1.2180562792648515,20.25172413800602
769,192.25,-1123.6358372196555,16.544225389242207,-1107.0916118304133,1.2251576561803237,20.25340373623397
770,192.5,-1123.6762376129627,16.584679004136337,-1107.0915586088263,1.231707429111559,20.2551042454358
771,192.75,-1123.7201384082437,16.628629174407557,-1107.0915092338362,1.2376689642113003,20.256827259083977
772,193.0,-1123.7682365253568,16.67677169318209,-1107.0914648321748,1.243010312195554,20.258574614377196
773,193.25,-1123.821131579578,16.72968777743661,-1107.0914438021414,1.247703894871692,20.260348344812837
774,193.5,-1123.879275456071,16.787840126726977,-1107.091435329344,1.2517262271936866,20.26215064092646
775,193.75,-1123.9429928138852,16.851574498873937,-1107.0914183150112,1.2550576699396594,20.263983813978758
776,194.0,-1124.0125473588705,16.92112494841905,-1107.0914224104515,1.257682202781664,20.265850261150135
777,194.25,-1124.088020272553,16.99661670989207,-1107.0914035626608,1.259587236894645,20.267752437901688
778,194.5,-1124.1694809123874,17.07807020885515,-1107.0914107035321,1.2607634640417558,20.269692828370353
779,194.75,-1124.2568379715085,17.16540840245423,-1107.0914295690543,1.2612047476596493,20.271673919345442
780,195.0,-1124.3499092832208,17.25846290783025,-1107.0914463753904,1.2609080492322144,20.27369817603989
781,195.25,-1124.4484488070011,17.356978623075804,-1107.0914701839254,1.2598734120821236,20.275768014781214
782,195.5,-1124.5521121546626,17.460613969074934,-1107.0914981855876,1.258103988541611,20.27788577604362
783,195.75,-1124.660478375852,17.56894027248737,-1107.0915381033647,1.255606109595777,20.280053694980953
784,196.0,-1124.7730113044381,17.681439970686757,-1107.0915713337513,1.2523894022228663,20.28227386895166
785,196.25,-1124.8891319409013,17.79750351859449,-1107.0916284223067,1.248466931934102,20.284548223261055
786,196.5,-1125.0080930739641,17.916425391558416,-1107.0916676824056,1.243855394932595,20.28687847306483
787,196.75,-1125.1291258633137,18.037401548154413,-1107.0917243151594,1.2385753433343805,20.28926607856189
788,197.0,-1125.2513173297048,18.159527957712104,-1107.0917893719927,1.2326514470230818,20.291712198969478
789,197.25,-1125.3736546039581,18.28179803703069,-1107.0918565669274,1.2261127943192127,20.29421763853435
790,197.5,-1125.4950274080038,18.40310108575092,-1107.091926322253,1.2189932288482175,20.296782787908107
791,197.75,-1125.6142433658242,18.522222549658547,-1107.0920208161656,1.2113317095579492,20.29940755879597
792,198.0,-1125.7299666926265,18.637852664127266,-1107.0921140284993,1.203172712406883,20.302091310182856
793,198.25,-1125.840806081891,18.748602888393183,-1107.0922031934979,1.1945666366270917,20.304832767375625
794,198.5,-1125.945337511599,18.85302916822444,-1107.0923083433747,1.18557021900049,20.307629933141254
795,198.75,-1126.0420606061816,18.949664960145746,-1107.0923956460358,1.1762469153164412,20.310479995936053
796,199.0,-1126.1295630335808,19.037066958985317,-1107.0924960745954,1.166667232609645,20.313379237305966
797,199.25,-1126.2064724043012,19.113879317102082,-1107.092593087199,1.1569089449952954,20.316322936261376
798,199.5,-1126.2715622484684,19.178914961511385,-1107.0926472869571,1.1470571442233903,20.319305285067124
799,199.75,-1126.3239552080631,19.231250157198417,-1107.0927050508647,1.1372041141222151,20.32231931833873
800,200.0,-1126.3630598559976,19.270325331571705,-1107.0927345244259,1.1274489578774134,20.325356863706457
801,200.25,-1126.3887535110116,19.296051824913153,-1107.0927016860985,1.1178969440227327,20.32840852066133
802,200.5,-1126.4015638679266,19.308915017808637,-1107.092648850118,1.1086584527566938,20.33146368389992
803,200.75,-1126.4025918021798,19.310051966891546,-1107.0925398352883,1.099847460780412,20.33451062322459
804,201.0,-1126.3936848267913,19.301288209900612,-1107.0923966168907,1.0915795917030844,20.337536625964308
805,201.25,-1126.3773126155138,19.28511566884726,-1107.0921969466665,1.083969726756566,20.340528210633902
806,201.5,-1126.3566070720553,19.264602680918554,-1107.0920043911367,1.0771292719552872,20.34347141047951
807,201.75,-1126.3349887356162,19.243230505884803,-1107.0917582297313,1.0711631926647698,20.346352124149725
808,202.0,-1126.3162035271525,19.22466588566543,-1107.091537641487,1.0661669371336937,20.349156526635074
809,202.25,-1126.3038161024451,19.212480005586716,-1107.0913360968584,1.062223256838636,20.35187153762207
810,202.5,-1126.3010134100914,19.20984040613724,-1107.091173003954,1.0593992643793673,20.354485313564936
811,202.75,-1126.3102864846587,19.219214237705284,-1107.0910722469534,1.057743874041936,20.356987737070135
812,203.0,-1126.333161354065,19.242120932489513,-1107.0910404215754,1.0572858683414754,20.35937086802082
813,203.25,-1126.3700711876154,19.2789741462461,-1107.0910970413693,1.0580327134019594,20.361629324290114
814,203.5,-1126.420246116817,19.32903829190452,-1107.0912078249125,1.0599702190696088,20.363760565545974
815,203.75,-1126.4818964898586,19.390504344539362,-1107.0913921453193,1.0630631001384858,20.365765058214286
816,204.0,-1126.552289173007,19.46067474735006,-1107.0916144256569,1.0672563792235015,20.367646311491885
817,204.25,-1126.6280515864491,19.536226071792388,-1107.0918255146566,1.0724775161542281,20.36941077874259
818,204.5,-1126.705556847155,19.613513117540645,-1107.0920437296145,1.0786390808422215,20.37106764619643
819,204.75,-1126.7811556980014,19.688875985489933,-1107.0922797125115,1.0856417683217707,20.3726285216775
820,205.0,-1126.8513626381755,19.758910619335115,-1107.0924520188403,1.0933775811228925,20.374107054718692
821,205.25,-1126.9132781922817,19.820679605148975,-1107.0925985871327,1.1017329201458645,20.375518521389104
822,205.5,-1126.9645268023014,19.87185597913905,-1107.0926708231623,1.1105914764817721,20.376879396465092
823,205.75,-1127.0035341382027,19.910798355557016,-1107.0927357826456,1.1198369042450707,20.378206922864504
824,206.0,-1127.0292907357216,19.936550544314006,-1107.0927401914075,1.1293551152970358,20.379518707218054
825,206.25,-1127.041522294283,19.948789621075285,-1107.0927326732076,1.1390361035652525,20.380832366912564
826,206.5,-1127.0404013246298,19.94774038161617,-1107.0926609430137,1.1487753548141693,20.382165227302917
827,206.75,-1127.0266660749912,19.934066079541118,-1107.0925999954502,1.1584747689660284,20.3835340898246
828,207.0,-1127.0012711286545,19.908761639756072,-1107.0925094888985,1.1680432172730988,20.384955056590638
829,207.25,-1126.9654802307487,19.873055847354674,-1107.092424383394,1.1773968312545324,20.386443402426345
830,207.5,-1126.9206297770143,19.828321937718894,-1107.0923078392955,1.1864590634593088,20.38801349063941
831,207.75,-1126.8682118281722,19.77599792153751,-1107.0922139066347,1.1951605976408552,20.38967872109959
832,208.0,-1126.8096406385303,19.71752443831944,-1107.0921162002107,1.2034391052870217,20.39145150934368
833,208.25,-1126.7463321015239,19.65430167393998,-1107.092030427584,1.211238885560758,20.393343294975693
834,208.5,-1126.679609052837,19.58765881660253,-1107.0919502362344,1.2185104855441666,20.39536455977153
835,208.75,-1126.6107198223472,19.518836551531525,-1107.0918832708157,1.2252102952261141,20.397524857368722
836,209.0,-1126.5407848134637,19.44897753158631,-1107.0918072818774,1.2313001362046516,20.399832851099436
837,209.25,-1126.4708696976304,19.379124686492705,-1107.0917450111376,1.2367468611243764,20.402296355693014
838,209.5,-1126.401923365891,19.310218819949267,-1107.0917045459416,1.2415220059644954,20.404922371312196
839,209.75,-1126.3347356244922,19.243098035855567,-1107.0916375886366,1.245601477947676,20.407717114752064
840,210.0,-1126.2701048329473,19.178501607404474,-1107.0916032255427,1.2489652700460772,20.41068604961708
841,210.25,-1126.2086529508233,19.117074957950507,-1107.0915779928728,1.2515972275638556,20.413833906247245
842,210.5,-1126.150904558599,19.059379331207698,-1107.0915252273912,1.2534848349752366,20.417164703867186
843,210.75,-1126.0974173918366,19.005899770881456,-1107.091517620955,1.2546190658982772,20.420681759229478
844,211.0,-1126.0485310405493,18.957048691975725,-1107.0914823485737,1.2549942712163562,20.424387690076436
845,211.25,-1126.0046209692955,18.91316524075863,-1107.0914557285369,1.2546081084020035,20.428284412385462
846,211.5,-1125.96595518291,18.8745117082557,-1107.0914434746542,1.2534615226545016,20.432373124559025
847,211.75,-1125.9327176958323,18.841267151617554,-1107.0914505442147,1.2515587708417502,20.436654285442067
848,212.0,-1125.9049680680037,18.813520490978824,-1107.0914475770248,1.248907511758666,20.44112757489625
849,212.25,-1125.8827259540558,18.791262552484614,-1107.0914634015712,1.2455189238408781,20.445791850229963
850,212.5,-1125.8658406585455,18.774376852645645,-1107.0914638058998,1.2414078838237173,20.450645087086404
851,212.75,-1125.8541081696749,18.762629801865604,-1107.0914783678093,1.2365931925418634,20.455684308376206
852,213.0,-1125.8471475690603,18.75565934657564,-1107.0914882224847,1.2310978212412815,20.460905508647322
853,213.25,-1125.8445082753897,18.7529629339942,-1107.0915453413954,1.2249492087351106,20.46630356115297
854,213.5,-1125.8454938530922,18.75388536221284,-1107.0916084908793,1.218179607051554,20.471872111865338
855,213.75,-1125.849276125431,18.757613398013934,-1107.091662727417,1.2108264728862645,20.477603456638445
856,214.0,-1125.8548971414566,18.763176432297847,-1107.0917207091588,1.2029328642494306,20.48348841401978
857,214.25,-1125.861271560192,18.7694534280376,-1107.0918181321545,1.1945478937320508,20.48951617699833
858,214.5,-1125.8670880198479,18.77519226824375,-1107.0918957516042,1.185727190276698,20.49567416063107
859,214.75,-1125.871038749814,18.779039987684786,-1107.0919987621292,1.1765333187084852,20.501947854734723
860,215.0,-1125.8716759383678,18.77958188403259,-1107.0920940543353,1.167036172962571,20.50832068014658
861,215.25,-1125.8675702363253,18.775399820528616,-1107.0921704157965,1.1573132349849122,20.514773868956855
862,215.5,-1125.857427060604,18.76515093350462,-1107.0922761270995,1.1474496852612972,20.521286379789405
863,215.75,-1125.8400159478188,18.747661013309614,-1107.092354934509,1.1375383401936559,20.527834856823812
864,216.0,-1125.8144161105156,18.722033177947374,-1107.0923829325682,1.1276793892220471,20.53439363738766
865,216.25,-1125.7801626473665,18.68777441160124,-1107.0923882357654,1.1179798929066043,20.540934824033776
866,216.5,-1125.7373084425926,18.644922613815382,-1107.0923858287772,1.1085528182509625,20.547428482369135
867,216.75,-1125.6864691376686,18.594148145729275,-1107.0923209919392,1.0995155756196502,20.55384297512935
868,217.0,-1125.6290101706982,18.536813774141045,-1107.092196396557,1.0909880989758771,20.560145433812416
869,217.25,-1125.5669991523027,18.474985624801985,-1107.0920135275007,1.0830904942594402,20.566302366519782
870,217.5,-1125.5031947866082,18.411367345918887,-1107.0918274406893,1.0759401940989808,20.572280419639853
871,217.75,-1125.4407548680902,18.34915124549374,-1107.0916036225965,1.069648891656944,20.57804723162478
872,218.0,-1125.3832026645541,18.291803747718994,-1107.091398916835,1.0643192911600627,20.583572370634915
873,218.25,-1125.3339773640037,18.24278414307432,-1107.0911932209294,1.060041732085467,20.588828339947163
874,218.5,-1125.296264089644,18.20521916259396,-1107.09104492705,1.056890979277071,20.59379157208556
875,218.75,-1125.2725227996707,18.181578420978607,-1107.090944378692,1.054923382829552,20.598443352089706
876,219.0,-1125.2643042728305,18.173394919227267,-1107.0909093536031,1.0541746390642757,20.602770598245876
877,219.25,-1125.2720408514142,18.181069360184136,-1107.09097149123,1.0546583021845015,20.606766450262274
878,219.5,-1125.294890575111,18.203796214946426,-1107.0910943601646,1.056365237331904,20.61043059370277
879,219.75,-1125.3308798223734,18.239618656193095,-1107.0912611661804,1.0592639595547344,20.61376932780493
880,220.0,-1125.3771146982908,18.285604526075893,-1107.0915101722148,1.063301968205918,20.61679533352049
881,220.25,-1125.4298565015197,18.3381203945609,-1107.0917361069587,1.0684077629112112,20.61952721804979
882,220.5,-1125.485172227025,18.393157246673834,-1107.0920149803512,1.074493642891448,20.621988805222
883,220.75,-1125.5389181226492,18.446666534021524,-1107.0922515886277,1.0814587738067052,20.624208307478764
884,221.0,-1125.5873242095113,18.494866187165435,-1107.092458022346,1.0891925649013832,20.62621737489029
885,221.25,-1125.6270837411284,18.534477258970394,-1107.092606482158,1.0975779672514054,20.6280501342825
886,221.5,-1125.6555957719684,18.562889672175487,-1107.0927060997928,1.1064945683839391,20.629742260642086
887,221.75,-1125.671022735536,18.57825297956009,-1107.092769755976,1.1158214410745528,20.631330096257592
888,222.0,-1125.672237418592,18.579485563740082,-1107.092751854852,1.1254396593781368,20.63284985182962
889,222.25,-1125.6589492559433,18.56621718717102,-1107.0927320687722,1.135234284291328,20.634336952951262
890,222.5,-1125.6313725933433,18.538702043256983,-1107.0926705500863,1.1450958381414518,20.635825534750783
891,222.75,-1125.5902955308557,18.49770142681879,-1107.0925941040368,1.1549214439952973,20.637348033747603
892,223.0,-1125.5368434637785,18.444360942458907,-1107.0924825213197,1.1646154054383169,20.638934952984883
893,223.25,-1125.472476348281,18.380101497074087,-1107.0923748512068,1.1740895837549585,20.64061468996976
894,223.5,-1125.3987832814455,18.30652210690537,-1107.0922611745402,1.1832635200775572,20.642413447081122
895,223.75,-1125.3174722716212,18.22531817893788,-1107.0921540926834,1.1920644040879915,20.64435519482504
896,224.0,-1125.2302365750074,18.1382044968214,-1107.092032078186,1.200426896431414,20.646461685035014
897,224.25,-1125.138792321086,18.046859766146312,-1107.0919325549396,1.208292756243799,20.648752531759513
898,224.5,-1125.0447261333466,17.952892115574535,-1107.091834017772,1.215610448044535,20.651245303109107
899,224.75,-1124.9495522081852,17.857811939083756,-1107.0917402691014,1.2223347271802225,20.65395562397599
900,225.0,-1124.8546823710203,17.76301818394281,-1107.0916641870774,1.228426133226263,20.65689731482017
901,225.25,-1124.7613900601864,17.669793739708993,-1107.0915963204775,1.2338506053547649,20.660082492718654
902,225.5,-1124.6708268299699,17.57930045640748,-1107.0915263735624,1.2385790971075896,20.663521675396126
903,225.75,-1124.5840325504541,17.492580213289727,-1107.0914523371644,1.2425872371904094,20.667223875147922
904,226.0,-1124.50197904557,17.410556263135156,-1107.0914227824348,1.245855034903947,20.671196679891302
905,226.25,-1124.4254341945052,17.33403630003898,-1107.0913978944661,1.248366627513517,20.675446322680926
906,226.5,-1124.355056218803,17.263722066940893,-1107.091334151862,1.250110063636894,20.679977739535666
907,226.75,-1124.2915441170335,17.20021406199553,-1107.091330055038,1.2510771373465432,20.684794612018308
908,227.0,-1124.2353095263243,17.144010181572273,-1107.091299344752,1.2512632806980073,20.689899390828575
909,227.25,-1124.1867777705193,17.095507969617117,-1107.0912698009022,1.2506674867285765,20.695293309862407
910,227.5,-1124.1462820991874,17.055004172587577,-1107.0912779265998,1.2492923087270145,20.70097637374891
911,227.75,-1124.1139341667295,17.022687230025717,-1107.0912469367038,1.2471439010781027,20.706947331502636
912,228.0,-1124.0898738577962,16.998626178093037,-1107.0912476797032,1.2442321044954678,20.713203635508773
913,228.25,-1124.0740318745375,16.98275682943121,-1107.0912750451062,1.2405705888700311,20.719741378819407
914,228.5,-1124.0661648884416,16.974868810034433,-1107.0912960784071,1.2361770817428905,20.726555194030922
915,228.75,-1124.0659208372235,16.974593985685363,-1107.0913268515383,1.231073601726221,20.73363815647528
916,229.0,-1124.072773091495,16.981396667491296,-1107.0913764240038,1.2252867703884394,20.740981656404635
917,229.25,-1124.0859865620732,16.994565251919784,-1107.0914213101535,1.2188481061849366,20.74857528555434
918,229.5,-1124.1047136634588,17.013204828106353,-1107.0915088353524,1.21179437737312,20.756406700057372
919,229.75,-1124.1278161257505,17.036230516475506,-1107.091585609275,1.204167993440311,20.76446146913363
920,230.0,-1124.1540434211493,17.062365705514893,-1107.0916777156344,1.1960174830193047,20.772722882175472
921,230.25,-1124.1819316446781,17.09015368231538,-1107.0917779623628,1.1873979542253008,20.781171744825663
922,230.5,-1124.2098675593734,17.117981330389124,-1107.0918862289843,1.1783715570220066,20.789786168498747
923,230.75,-1124.2361583262682,17.144117044616674,-1107.0920412816515,1.1690079473243509,20.7985413544796
924,231.0,-1124.258935675025,17.16678780565555,-1107.0921478693695,1.1593846710631028,20.807409387523244
925,231.25,-1124.2765375971794,17.18428409134935,-1107.09225350583,1.1495871908919506,20.816359202091466
926,231.5,-1124.2874157428741,17.195061153469915,-1107.0923545894043,1.1397087298340232,20.82535664371758
927,231.75,-1124.2902624085546,17.197839047819347,-1107.0924233607352,1.1298498829958492,20.834364589149157
928,232.0,-1124.2841775640845,17.191717818833723,-1107.0924597452508,1.1201180801256603,20.84334309355992
929,232.25,-1124.268776319921,17.176309824004733,-1107.0924664959164,1.1106266716308517,20.852249706011737
930,232.5,-1124.2442586869001,17.151834021034897,-1107.0924246658653,1.1014934951779776,20.861039979080704
931,232.75,-1124.2115339115262,17.11920610653284,-1107.0923278049934,1.0928392653021186,20.869668020453194
932,233.0,-1124.172264404595,17.080080473825227,-1107.0921839307696,1.0847851234093762,20.87808744160089
933,233.25,-1124.1288005560637,17.03678082860618,-1107.0920197274575,1.0774499639574588,20.88625237786992
934,233.5,-1124.0839824303985,16.992165555934243,-1107.0918168744643,1.0709474929781098,20.89411858743883
935,233.75,-1124.0410631671548,16.949441075721598,-1107.0916220914332,1.0653831929012154,20.90164461062276
936,234.0,-1124.0033277198672,16.911908332968302,-1107.091419386899,1.060850962227444,20.90879309173416
937,234.25,-1123.9739145115018,16.88265015348829,-1107.0912643580134,1.0574298935763706,20.915532073335356
938,234.5,-1123.9553378000855,16.864206213658544,-1107.091131586427,1.0551813374474925,20.921836203641114
939,234.75,-1123.9493872746825,16.858281916878983,-1107.0911053578036,1.0541465277032531,20.927687739721
940,235.0,-1123.9566955193877,16.865531920176057,-1107.0911635992118,1.0543448574292267,20.933077307913635
941,235.25,-1123.9767220541835,16.8854567221264,-1107.091265332057,1.0557731158878412,20.938004305457625
942,235.5,-1124.0078567117453,16.916429876936732,-1107.0914268348085,1.0584056419446213,20.94247694582402
943,235.75,-1124.0474776551127,16.955847676018593,-1107.0916299790943,1.0621954067270405,20.946511933006544
944,236.0,-1124.0922483503819,17.000382603749497,-1107.0918657466323,1.0670759233845823,20.950133797665917
945,236.25,-1124.138399772346,17.04629982154171,-1107.0920999508044,1.0729638233373882,20.953373956868987
946,236.5,-1124.1821230575442,17.089791688668257,-1107.0923313688759,1.0797619161207488,20.956269562716805
947,236.75,-1124.21979547292,17.127289765136172,-1107.0925057077839,1.0873624869350238,20.95886223628554
948,237.0,-1124.2483636140823,17.155713962461288,-1107.092649651621,1.095650573313941,20.961196790406845
949,237.25,-1124.2654036357999,17.172653263291522,-1107.0927503725084,1.104507013721026,20.96332002460084
950,237.5,-1124.2692746892571,17.176476033799684,-1107.0927986554575,1.113811320136378,20.96527957391194
951,237.75,-1124.2591265439987,17.166355606430557,-1107.0927709375683,1.1234442347334141,20.96712287114213
952,238.0,-1124.2349537834525,17.14222958471398,-1107.0927241987386,1.1332898070898652,20.96889629090407
953,238.25,-1124.197349280119,17.104720059469525,-1107.0926292206493,1.143236994222529,20.970644479195112
954,238.5,-1124.1475443691015,17.055023499362502,-1107.092520869739,1.1531809160725814,20.9724098169588
955,238.75,-1124.087161310017,16.994788891240216,-1107.092372418777,1.1630236504446085,20.974232067984296
956,239.0,-1124.018201008439,16.925997905433544,-1107.0922031030054,1.1726747557331967,20.97614813670197
957,239.25,-1123.9429182857275,16.85084605303748,-1107.09207223269,1.182051525012852,20.978191935332124
958,239.5,-1123.8635703474283,16.771640984471865,-1107.0919293629565,1.1910789955233418,20.980394352166133
959,239.75,-1123.7824649438262,16.690712666443964,-1107.0917522773823,1.1996898188551768,20.982783278925815
960,240.0,-1123.701976828277,16.61033983085457,-1107.0916369974225,1.2078239304500147,20.985383722676424
961,240.25,-1123.6241959109902,16.53269645197492,-1107.0914994590153,1.2154281627923176,20.988217942956855
962,240.5,-1123.5511808916926,16.459810066815614,-1107.091370824877,1.2224558104820578,20.991305612228818
963,240.75,-1123.4847930669785,16.393533156332126,-1107.0912599106464,1.2288661804604868,20.99466398442888
964,241.0,-1123.4267031177878,16.335526188719967,-1107.0911769290678,1.2346241212791853,20.998308074832373
965,241.25,-1123.378330849111,16.287245085918066,-1107.091085763193,1.2396996265635885,21.00225081088337
966,241.5,-1123.340974740684,16.249932054053637,-1107.0910426866303,1.2440674451336475,21.006503182783813
967,241.75,-1123.31559368968,16.224611781241208,-1107.0909819084388,1.2477067554592922,21.011074367616928
968,242.0,-1123.3030343055725,16.21209123917561,-1107.090943066397,1.2506008361071899,21.01597185830112
969,242.25,-1123.3038912117481,16.21295995688488,-1107.0909312548633,1.252736837710588,21.02120154989826
970,242.5,-1123.3185177892447,16.227591792879576,-1107.090925996365,1.2541055880765808,21.02676781309403
971,242.75,-1123.3470579385757,16.25614887286104,-1107.0909090657146,1.254701430837591,21.032673555263504
972,243.0,-1123.389504648745,16.298585113632416,-1107.0909195351126,1.2545221339315944,21.038920252060237
973,243.25,-1123.445592187345,16.354646894134913,-1107.09094529321,1.2535688601012318,21.045507952246624
974,243.5,-1123.5148628279567,16.42387370266999,-1107.0909891252868,1.251846161134868,21.05243527469171
975,243.75,-1123.5966497138143,16.50560268795858,-1107.0910470258557,1.2493620518523862,21.059699369982297
976,244.0,-1123.6900852546096,16.598973316702885,-1107.0911119379066,1.2461281210099073,21.067295867186907
977,244.25,-1123.794127292931,16.702930611475,-1107.091196681456,1.242159689669985,21.075218801154342
978,244.5,-1123.9075046256185,16.81622958581047,-1107.091275039808,1.2374760594342027,21.083460497919695
979,244.75,-1124.0288293585181,16.93744127764818,-1107.09138808087,1.2321007605842478,21.092011462227575
980,245.0,-1124.156480498612,17.064960194078,-1107.091520304534,1.2260618848399543,21.100860226478154
981,245.25,-1124.288644708693,17.197014551982363,-1107.0916301567106,1.219392407728105,21.10999320464196
982,245.5,-1124.423428274691,17.33168266226094,-1107.0917456124303,1.2121305889872152,21.119394509779298
983,245.75,-1124.5587945356965,17.466906670666184,-1107.0918878650302,1.2043203591774974,21.129045777573552
984,246.0,-1124.692557491362,17.60051283293111,-1107.092044658431,1.1960117897660367,21.13892595261705
985,246.25,-1124.8224384859204,17.730249417626673,-1107.0921890682937,1.1872615122313246,21.149011094688078
986,246.5,-1124.946175955236,17.85382645498698,-1107.092349500249,1.1781330905973175,21.159274203288913
987,246.75,-1125.0614684149623,17.96897553641546,-1107.0924928785469,1.168697409925045,21.16968502358831
988,247.0,-1125.1661658361554,18.073533510228476,-1107.0926323259268,1.159032867553959,21.18020994213724
989,247.25,-1125.2582769617438,18.16553106193928,-1107.0927458998046,1.1492254080144146,21.19081195747206
990,247.5,-1125.3361398726702,18.243291301531066,-1107.092848571139,1.1393683633886775,21.201450739421404
991,247.75,-1125.3984422311187,18.30554319684537,-1107.0928990342734,1.1295621268441838,21.21208275788133
992,248.0,-1125.4444717243314,18.351531823180714,-1107.0929399011507,1.1199134522277168,21.22266157632158
993,248.25,-1125.4740103632212,18.38111151802279,-1107.0928988451983,1.1105345243766138,21.233138250521304
994,248.5,-1125.4876681566238,18.39483508981452,-1107.0928330668094,1.101541572452652,21.243461916317525
995,248.75,-1125.4867578744888,18.394023400324063,-1107.0927344741647,1.093052999746973,21.25358059731491
996,249.0,-1125.4732977673411,18.3807541055183,-1107.092543661823,1.0851870925362679,21.263442221496373
997,249.25,-1125.4501407518983,18.357769348140483,-1107.0923714037579,1.078059438852531,21.27299574784969
998,249.5,-1125.420461408794,18.32832059941433,-1107.0921408093795,1.0717799226857012,21.282192474528816
999,249.75,-1125.387880049646,18.295961351487573,-1107.0919186981582,1.0664497816171548,21.29098733272641
1000,250.0,-1125.3559741675854,18.26428433894627,-1107.0916898286391,1.0621583414239668,21.299340355072193
1001,250.25,-1125.3281352072954,18.236611360521795,-1107.0915238467737,1.0589798701512114,21.307218103193645
1002,250.5,-1125.3071023076773,18.215670836502095,-1107.0914314711752,1.056970776816678,21.314594954580553
1003,250.75,-1125.2946730703115,18.203306708834806,-1107.0913663614767,1.0561673070522273,21.321454185052165
1004,251.0,-1125.291677325964,18.200280991018204,-1107.0913963349458,1.0565841641057554,21.327788607742768
1005,251.25,-1125.2976701781154,18.20619265177725,-1107.0914775263382,1.058213863796753,21.333600884954855
1006,251.5,-1125.3111724629998,18.21952625394857,-1107.0916462090513,1.0610270513260631,21.338903418475393
1007,251.75,-1125.3296607881784,18.237821030493937,-1107.0918397576845,1.0649737335020057,21.34371783616177
1008,252.0,-1125.3500115573406,18.25793140256136,-1107.0920801547793,1.0699852432428305,21.34807414225461
1009,252.25,-1125.3686419576406,18.276342672667134,-1107.0922992849735,1.0759768587889122,21.35200956986465
1010,252.5,-1125.3819968402386,18.28949917348842,-1107.0924976667502,1.082850806774043,21.355567255536133
1011,252.75,-1125.386769592762,18.294097993999515,-1107.0926715987625,1.090499540995874,21.35879478612606
1012,253.0,-1125.3801376000047,18.28732399600093,-1107.0928136040038,1.0988088546726884,21.361742813486114
1013,253.25,-1125.3599150255322,18.267022244433925,-1107.0928927810983,1.1076608923689286,21.36446370638433
1014,253.5,-1125.3247005715966,18.231790193782423,-1107.0929103778142,1.1169369500772304,21.367010294822958
1015,253.75,-1125.2738860622048,18.180998311172466,-1107.0928877510323,1.1265198398663165,21.36943480690863
1016,254.0,-1125.207579895854,18.114751508246414,-1107.0928283876076,1.136295925857716,21.371787950261226
1017,254.25,-1125.1265352889895,18.033795821220075,-1107.0927394677694,1.146156692609591,21.37411820130632
1018,254.5,-1125.0320180431008,17.939398898594817,-1107.092619144506,1.155999792682185,21.376471326338056
1019,254.75,-1124.9257151037455,17.833231656804767,-1107.0924834469406,1.1657297451690058,21.378890059485002
1020,255.0,-1124.8095784336329,17.717244642751716,-1107.0923337908812,1.1752584180200734,21.3814138777916
1021,255.25,-1124.6857461482286,17.59355743885845,-1107.0921887093702,1.1845051519944416,21.384078938066295
1022,255.5,-1124.5564141646028,17.46436209493385,-1107.0920520696689,1.1933968160271473,21.386918045156747
1023,255.75,-1124.4237547367811,17.331827156078678,-1107.0919275807025,1.2018676555041756,21.389960714797326
1024,256.0,-1124.2898084372282,17.198023452230455,-1107.0917849849977,1.2098589785209097,21.393233309568025
1025,256.25,-1124.156549781561,17.064877838739672,-1107.0916719428212,1.217318741397294,21.396759222107065
1026,256.5,-1124.025710530579,16.934138753313096,-1107.091571777266,1.2242011538389606,21.400559052942565
1027,256.75,-1123.8988310843706,16.807349836941054,-1107.0914812474296,1.230466221833785,21.404650815271417
1028,257.0,-1123.7772701233625,16.685840633160765,-1107.0914294902018,1.2360793431792803,21.409050107437352
1029,257.25,-1123.662114098668,16.570727848231893,-1107.0913862504362,1.2410109087782122,21.413770289420306
1030,257.5,-1123.554258622229,16.46292127927513,-1107.091337342954,1.2452359613319874,21.418822635710413
1031,257.75,-1123.454440034926,16.36313425511411,-1107.0913057798118,1.2487338772566936,21.42421647914385
1032,258.0,-1123.3631892055273,16.27190032052371,-1107.0912888850037,1.2514880841869653,21.429959340526956
1033,258.25,-1123.2808631062508,16.189594362617168,-1107.0912687436337,1.2534858212101054,21.436057036846535
1034,258.5,-1123.2077135518193,16.116452408196537,-1107.091261143623,1.2547179573889713,21.44251376109809
1035,258.75,-1123.143849261105,16.052594609256364,-1107.0912546518487,1.2551788720523331,21.449332132713373
1036,259.0,-1123.0893096402287,15.998049208797926,-1107.0912604314308,1.254866352950989,21.456513242729095
1037,259.25,-1123.0440421104431,15.952773759696314,-1107.0912683507468,1.2537815738529023,21.464056658678235
1038,259.5,-1123.0079662427306,15.916676536983733,-1107.091289705747,1.2519291242515138,21.471960408257047
1039,259.75,-1122.9809289127588,15.889634942704083,-1107.0912939700547,1.2493170777386613,21.480220947188176
1040,260.0,-1122.9628182053566,15.871504602599027,-1107.0913136027575,1.2459571131657412,21.488833102328996
1041,260.25,-1122.9534565657377,15.862125264335166,-1107.0913313014025,1.2418647053745984,21.497789983864198
1042,260.5,-1122.9526440128684,15.86132180286556,-1107.0913222100028,1.2370593561041034,21.507082879892984
1043,260.75,-1122.9602583274245,15.868898795461346,-1107.0913595319632,1.2315648572634708,21.51670113653468
1044,261.0,-1122.976026661694,15.884634706778783,-1107.0913919549153,1.2254096190992112,21.526632008980382
1045,261.25,-1122.999675117433,15.908269538763951,-1107.091405578669,1.2186270255872578,21.536860499876937
1046,261.5,-1123.030902966857,15.939489499772671,-1107.0914134670843,1.2112558055173572,21.547369191005483
1047,261.75,-1123.069381698966,15.977912407269823,-1107.0914692916963,1.2033404592970829,21.558138049041045
1048,262.0,-1123.114559225738,16.023074008809978,-1107.091485216928,1.1949317228391512,21.569144214665886
1049,262.25,-1123.1659581586719,16.074420336062854,-1107.091537822609,1.1860870096047467,21.580361801607594
1050,262.5,-1123.2229134365916,16.1313051771864,-1107.0916082594051,1.1768707900578617,21.591761724193606
1051,262.75,-1123.284677311778,16.19300413815391,-1107.0916731736243,1.1673549667329688,21.60331152707465
1052,263.0,-1123.3504839763045,16.258752144180825,-1107.0917318321237,1.1576190650479794,21.61497529901855
1053,263.25,-1123.419568516314,16.32779156960197,-1107.0917769467121,1.1477502417116938,21.62671366908756
1054,263.5,-1123.4912557452917,16.399434607876017,-1107.0918211374158,1.1378431417357795,21.638483871542412
1055,263.75,-1123.5650017187,16.473149743793556,-1107.0918519749064,1.1279995327384895,21.650239912591793
1056,264.0,-1123.6405200138688,16.548653797726562,-1107.0918662161423,1.1183275804689152,21.66193290079201
1057,264.25,-1123.7178491950035,16.62600303805466,-1107.0918461569488,1.1089408276009303,21.673511513065343
1058,264.5,-1123.7974713146687,16.70567970413412,-1107.0917916105345,1.0999567187807628,21.68492266825383
1059,264.75,-1123.8803775757551,16.78864373434702,-1107.091733841408,1.091494631297437,21.696112425054086
1060,265.0,-1123.96793577075,16.876331336023576,-1107.0916044347264,1.0836735171331735,21.707027056824284
1061,265.25,-1124.0620763599873,16.97059971240124,-1107.091476647586,1.0766092585441593,21.71761425616109
1062,265.5,-1124.164948478341,17.07360058268637,-1107.0913478956547,1.0704116065876537,21.727824524245033
1063,265.75,-1124.2787991389632,17.1875856882801,-1107.0912134506832,1.065181054986293,21.737612587974976
1064,266.0,-1124.4057740196586,17.31465937221028,-1107.0911146474482,1.0610055624893782,21.746938883042585
1065,266.25,-1124.5475371927023,17.456494991071377,-1107.091042201631,1.0579574956923314,21.755770934014606
1066,266.5,-1124.705091714859,17.61405831983353,-1107.0910333950255,1.0560909351072885,21.764084565153194
1067,266.75,-1124.8784748837352,17.787372143071913,-1107.0911027406632,1.0554394509032001,21.77186489373299
1068,267.0,-1125.0666287019849,17.975368875453846,-1107.091259826531,1.0560148008692127,21.779106904108737
1069,267.25,-1125.267303943634,18.175858290009792,-1107.0914456536243,1.0578063523943404,21.78581568896204
1070,267.5,-1125.4773173630238,18.385618318944136,-1107.0916990440796,1.060781662464731,21.792006169191215
1071,267.75,-1125.6925677657127,18.60059363184027,-1107.0919741338726,1.064887653123143,21.79770254018628
1072,268.0,-1125.9084643870592,18.816179401975074,-1107.0922849850842,1.0700528437988193,21.80293724808022
1073,268.25,-1126.1201094835997,19.027549454589877,-1107.0925600290097,1.0761899701772206,21.80774979115069
1074,268.5,-1126.3228166997433,19.229983689873496,-1107.0928330098698,1.0831991049598482,21.812185291889634
1075,268.75,-1126.512207068503,19.4191547145408,-1107.093052353962,1.090970878124918,21.816293030525326
1076,269.0,-1126.6845711618662,19.591359926818402,-1107.0932112350479,1.0993896291752516,21.820125016473067
1077,269.25,-1126.8370096087456,19.74368954896995,-1107.0933200597756,1.1083363663058658,21.823734651501074
1078,269.5,-1126.967499166727,19.874113300780923,-1107.0933858659462,1.1176915081815553,21.82717549693942
1079,269.75,-1127.0748506635427,19.98147497327766,-1107.093375690265,1.1273372643636717,21.83050020862601
1080,270.0,-1127.1587744802237,20.065431940588876,-1107.0933425396347,1.137159576277864,21.833759673544016
1081,270.25,-1127.2195981889963,20.126354475594663,-1107.0932437134018,1.1470496482494914,21.837002332181363
1082,270.5,-1127.2583382427692,20.165203676177338,-1107.093134566592,1.1569050206344125,21.84027370731502
1083,270.75,-1127.276429362595,20.183419613483423,-1107.0930097491116,1.1666302935424182,21.84361609017003
1084,271.0,-1127.2756659686565,20.18279972056796,-1107.0928662480885,1.1761376223982152,21.847068330875626
1085,271.25,-1127.2580962851644,20.165380260878283,-1107.0927160242861,1.185346836495951,21.850665798797934
1086,271.5,-1127.2258981764317,20.133330621178366,-1107.0925675552533,1.1941854780815784,21.85444037651814
1087,271.75,-1127.1812797486782,20.088864882075455,-1107.0924148666027,1.2025886016600678,21.85842055965697
1088,272.0,-1127.1264497339725,20.034184418384474,-1107.092265315588,1.210498407349656,21.862631629155416
1089,272.25,-1127.0635734051466,19.97143305701763,-1107.092140348129,1.217863839149063,21.867095838735448
1090,272.5,-1126.9946817532182,19.902659807569492,-1107.0920219456486,1.2246401575946408,21.87183261227781
1091,272.75,-1126.9217050522566,19.829795775136663,-1107.0919092771198,1.2307884452610953,21.876858771042176
1092,273.0,-1126.8464301377535,19.754647829468933,-1107.0917823082846,1.2362751652572017,21.882188736211656
1093,273.25,-1126.770571053028,19.678888758635313,-1107.0916822943927,1.2410717505967068,21.887834716751854
1094,273.5,-1126.695634022355,19.60404466973859,-1107.0915893526164,1.2451542466523378,21.893806873935315
1095,273.75,-1126.6230176910758,19.53149525537606,-1107.0915224356997,1.2485029989822436,21.90011346390566
1096,274.0,-1126.5539320334792,19.462477882525437,-1107.0914541509537,1.2511023686337748,21.906760968688577
1097,274.25,-1126.4894667193294,19.398087176205642,-1107.0913795431238,1.2529404960906763,21.913754204657938
1098,274.5,-1126.4306088462472,19.339271645400284,-1107.091337200847,1.2540091244975948,21.92109640487842
1099,274.75,-1126.3781341463327,19.286833402936324,-1107.0913007433965,1.254303483621441,21.928789273362554
1100,275.0,-1126.3326964378357,19.241425462558546,-1107.0912709752772,1.2538222005022308,21.936833029077594
1101,275.25,-1126.2948005795479,19.203546095337934,-1107.09125448421,1.2525672855163899,21.945226415878807
1102,275.5,-1126.2647555321455,19.173534855539607,-1107.0912206766059,1.2505441744883985,21.95396668772023
1103,275.75,-1126.2427957952023,19.15157067997514,-1107.0912251152272,1.2477617898622717,21.963049587283454
1104,276.0,-1126.2289051562548,19.1376646805521,-1107.0912404757028,1.2442327025882751,21.97246927873387
1105,276.25,-1126.222897283733,19.13164865070262,-1107.0912486330303,1.239973314166837,21.982218273326023
1106,276.5,-1126.2244609370828,19.133165920175603,-1107.0912950169072,1.2350040908886548,21.992287333420073
1107,276.75,-1126.2330125495791,19.141663894122843,-1107.0913486554564,1.22934987200351,22.00266534301716
1108,277.0,-1126.247803337872,19.1563876026374,-1107.0914157352347,1.2230401927748151,22.01333917454732
1109,277.25,-1126.267866961658,19.17637807627301,-1107.091488885385,1.216109669898192,22.024293529686553
1110,277.5,-1126.2920370474458,19.200473004582037,-1107.0915640428636,1.2085983759333134,22.035510785069526
1111,277.75,-1126.318982206285,19.22731459896407,-1107.091667607321,1.200552328583823,22.04697078862427
1112,278.0,-1126.3471536561847,19.25537112654135,-1107.0917825296433,1.1920239884344295,22.058650653116253
1113,278.25,-1126.374868683517,19.282967954059654,-1107.0919007294574,1.1830727232867027,22.070524565500946
1114,278.5,-1126.4003600999713,19.308329195103145,-1107.0920309048681,1.1737652026804535,22.08256362786527
1115,278.75,-1126.421795167029,19.329642063780568,-1107.0921531032484,1.1641757726061335,22.094735709348978
1116,279.0,-1126.437413804233,19.345147617320865,-1107.0922661869122,1.1543866221701282,22.10700539017654
1117,279.25,-1126.4456157907844,19.353240569258418,-1107.092375221526,1.1444877281177777,22.119334000886706
1118,279.5,-1126.4450315609574,19.352578611122166,-1107.0924529498352,1.1345766319849333,22.131679731974103
1119,279.75,-1126.4347001239657,19.342203034940965,-1107.0924970890248,1.1247579148567948,22.14399787350514
1120,280.0,-1126.4141523763537,19.321656934953822,-1107.0924954414,1.1151423297553653,22.156241207524406
1121,280.25,-1126.383554957807,19.29109067724022,-1107.092464280567,1.1058455620075873,22.168360558411194
1122,280.5,-1126.3437096253037,19.251340665519155,-1107.0923689597846,1.0969866024066661,22.180305500306513
1123,280.75,-1126.2961983308196,19.203962630876198,-1107.0922356999433,1.0886856718503204,22.192025249739423
1124,281.0,-1126.243301026523,19.15121162810091,-1107.092089398422,1.0810617693181939,22.203469714357855
1125,281.25,-1126.1878170669079,19.095936265319423,-1107.0918808015886,1.074229757027227,22.214590735329967
1126,281.5,-1126.1330511718988,19.041397922736092,-1107.0916532491628,1.0682973933153876,22.225343331923472
1127,281.75,-1126.082497432828,18.991036982306838,-1107.091460450521,1.0633621729087903,22.235687018118615
1128,282.0,-1126.039449520409,18.948175456900938,-1107.091274063508,1.0595080554114022,22.24558716404784
1129,282.25,-1126.0068428069353,18.915690658969048,-1107.0911521479663,1.0568024906583644,22.255016228335354
1130,282.5,-1125.9867833256721,18.895707615789597,-1107.0910757098825,1.0552939305428435,22.26395478239929
1131,282.75,-1125.9804146662354,18.88934197903935,-1107.0910726871962,1.0550098610294485,22.27239229616883
1132,283.0,-1125.987717360258,18.896544987961974,-1107.0911723722961,1.0559556364676956,22.280327550524746
1133,283.25,-1126.0073806643486,18.91608054143156,-1107.0913001229171,1.0581142427106096,22.287768677338846
1134,283.5,-1126.037124671042,18.94562240708505,-1107.091502263957,1.061447083696618,22.29473277925596
1135,283.75,-1126.0737283453345,18.98196629363157,-1107.091762051703,1.0658954872733923,22.301245231383575
1136,284.0,-1126.1133381798863,19.021325875160073,-1107.0920123047263,1.071383002969795,22.307338676652392
1137,284.25,-1126.151911020279,19.059655168002017,-1107.0922558522768,1.0778182910416114,22.31305177049759
1138,284.5,-1126.1854556798935,19.09296782232575,-1107.0924878575677,1.0850981875183539,22.318427853982566
1139,284.75,-1126.2102937996387,19.117620763510782,-1107.092673036128,1.093110964040112,22.32351356991961
1140,285.0,-1126.2233518660069,19.130528209151887,-1107.092823656855,1.101739420852905,22.328357561462795
1141,285.25,-1126.2222093939781,19.129307190961924,-1107.0929022030161,1.1108637922485787,22.333009257256325
1142,285.5,-1126.205291584134,19.112355083522864,-1107.0929365006111,1.120364372705828,22.337517796522658
1143,285.75,-1126.171794846654,19.07885018820748,-1107.0929446584464,1.1301238184472484,22.341931102552707
1144,286.0,-1126.1215907037258,19.0287058916859,-1107.09288481204,1.1400289255310259,22.346295175915028
1145,286.25,-1126.0552949011326,18.96248762240856,-1107.092807278724,1.1499721609006628,22.350653494183057
1146,286.5,-1125.9740170389414,18.881306976586917,-1107.0927100623544,1.1598526049349949,22.35504665744471
1147,286.75,-1125.8792857080698,18.786708988892595,-1107.0925767191773,1.169576712648963,22.35951211341563
1148,287.0,-1125.7729963064194,18.680557412583248,-1107.092438893836,1.1790586537465617,22.364084048808472
1149,287.25,-1125.6572303324938,18.564934817246197,-1107.0922955152475,1.1882204665500529,22.368793350604694
1150,287.5,-1125.5342169627547,18.442055169478706,-1107.092161793276,1.1969919534708353,22.373667668656594
1151,287.75,-1125.4061911851168,18.31419023778581,-1107.092000947331,1.2053104356690667,22.378731533801357
1152,288.0,-1125.2754722386599,18.183610513068196,-1107.0918617255916,1.2131203473141858,22.38400654049621
1153,288.25,-1125.1442673951387,18.052541643957596,-1107.0917257511812,1.2203728131472853,22.389511533597247
1154,288.5,-1125.014722213149,17.923133064037092,-1107.091589149112,1.2270251442823985,22.39526282486418
1155,288.75,-1124.8889276236296,17.797437537635517,-1107.091490085994,1.2330403672697587,22.401274395114797
1156,289.0,-1124.7687691897154,17.67739599960328,-1107.091373190112,1.238386769015087,22.407558090372042
1157,289.25,-1124.6560895442963,17.564821685361036,-1107.0912678589352,1.2430375298989933,22.414123778077954
1158,289.5,-1124.5525501221418,17.46138220207608,-1107.0911679200658,1.2469703600568172,22.42097950276311
1159,289.75,-1124.4596713259816,17.368584570641264,-1107.0910867553403,1.2501671763510047,22.428131623163953
1160,290.0,-1124.3787778317928,17.287762493840848,-1107.091015337952,1.2526138132901217,22.43558493622475
1161,290.25,-1124.311029985547,17.220067202828925,-1107.0909627827182,1.2542998252155535,22.443342761957624
1162,290.5,-1124.257364705205,17.166452539295758,-1107.0909121659092,1.2552183080409722,22.451407022011256
1163,290.75,-1124.2185290753841,17.127657727873064,-1107.090871347511,1.2553657846579322,22.45977829207391
1164,291.0,-1124.1950388252735,17.104194427656623,-1107.0908443976168,1.25474212700898,22.468455839677247
1165,291.25,-1124.1871923953295,17.096334542038726,-1107.0908578532908,1.2533505437285561,22.477437637534553
1166,291.5,-1124.19496832788,17.104098830899744,-1107.09086949698,1.2511976278033057,22.486720352621983
1167,291.75,-1124.2181498259306,17.12724852449536,-1107.0909013014352,1.2482934437261164,22.496299319982285
1168,292.0,-1124.2562250494957,17.165281223443486,-1107.0909438260521,1.2446516781574997,22.506168489997098
1169,292.25,-1124.3084568083286,17.21742782773961,-1107.091028980589,1.2402898175513444,22.516320366922894
1170,292.5,-1124.3737493380904,17.28265318557501,-1107.0910961525153,1.2352293776022762,22.526745930667786
1171,292.75,-1124.4508456140757,17.359661833500095,-1107.0911837805756,1.229496193071454,22.537434542649667
1172,293.0,-1124.5382201746106,17.446905706593117,-1107.0913144680176,1.2231207475462917,22.548373832599186
1173,293.25,-1124.6340463608503,17.542598077929405,-1107.091448282921,1.216138533073272,22.559549570734852
1174,293.5,-1124.7363191321492,17.644734558016697,-1107.0915845741324,1.2085904291889797,22.57094553900764
1175,293.75,-1124.8428487926722,17.751116222890886,-1107.0917325697812,1.2005231325034273,22.582543386424618
1176,294.0,-1124.9512953087687,17.859382530445007,-1107.0919127783238,1.1919896244792132,22.59432247212993
1177,294.25,-1125.0591224953532,17.967056061737487,-1107.0920664336156,1.1830496198671159,22.606259724385005
1178,294.5,-1125.163842536509,18.071606201646407,-1107.0922363348627,1.17377000102647,22.61832950202283
1179,294.75,-1125.2629464790225,18.170533639078258,-1107.0924128399442,1.1642251070174658,22.630503508253035
1180,295.0,-1125.3540019989014,18.261463094909715,-1107.0925389039917,1.1544968474240476,22.642750774977227
1181,295.25,-1125.4349279478192,18.342248404603712,-1107.0926795432156,1.1446746902157914,22.65503769676544
1182,295.5,-1125.5038383305073,18.411091770868154,-1107.0927465596392,1.1348553662789997,22.66732817058044
1183,295.75,-1125.5594816207886,18.46666384005149,-1107.092817780737,1.1251423108773775,22.679583831282898
1184,296.0,-1125.6010458767414,18.508217734477018,-1107.0928281422644,1.1156447738758462,22.69176440996489
1185,296.25,-1125.6284964829683,18.535688402795472,-1107.0928080801727,1.1064765715378924,22.70382822121299
1186,296.5,-1125.6424866765738,18.549759903997884,-1107.0927267725758,1.0977544403582473,22.715732789877364
1187,296.75,-1125.6444919109344,18.551884458216673,-1107.0926074527179,1.0895959693751731,22.72743562520527
1188,297.0,-1125.636667817831,18.5442448854995,-1107.0924229323316,1.0821172272131505,22.738895096205713
1189,297.25,-1125.6218946278095,18.529649646161275,-1107.0922449816483,1.0754299844283606,22.7500714393173
1190,297.5,-1125.603369705379,18.51135443694049,-1107.0920152684384,1.0696387621525747,22.760927813435043
1191,297.75,-1125.58460932225,18.492823074893032,-1107.0917862473568,1.0648378125391627,22.771431362592896
1192,298.0,-1125.5690239444375,18.477437945487278,-1107.0915859989502,1.061107988089095,22.781554299113942
1193,298.25,-1125.5596237033606,18.468184235286383,-1107.0914394680742,1.0585138623698287,22.79127487954828
1194,298.5,-1125.558714389801,18.467351862107993,-1107.091362527693,1.0571012809499516,22.80057820759392
1195,298.75,-1125.567660972476,18.476298684139373,-1107.0913622883365,1.0568955659675798,22.80945679102867
1196,299.0,-1125.5866905003786,18.495311515983985,-1107.0913789843946,1.0579004782692445,22.817910817680232
1197,299.25,-1125.6150921434164,18.52358429355205,-1107.0915078498645,1.0600981382069414,22.825948091592316
1198,299.5,-1125.6509657874703,18.55931156647552,-1107.0916542209948,1.06344967330324,22.833583708363577
1199,299.75,-1125.6917618885636,18.599890438933276,-1107.0918714496304,1.0678967990679014,22.840839413523124
1200,300.0,-1125.734279371798,18.64219711729461,-1107.0920822545033,1.073364062501284,22.847742739606954
1201,300.25,-1125.775165706873,18.682895901666445,-1107.0922698052066,1.0797616029522843,22.854325978936586
1202,300.5,-1125.8111918270588,18.718735618768278,-1107.0924562082905,1.0869882401393254,22.860625060927465
1203,300.75,-1125.839396059513,18.7468023563583,-1107.0925937031548,1.0949345729390485,22.866678444051235
1204,301.0,-1125.8574071228504,18.76471946612608,-1107.0926876567244,1.1034859783015802,22.872526063883992
1205,301.25,-1125.8635096102953,18.770779202153197,-1107.0927304081422,1.1125254693441802,22.878208345013974
1206,301.5,-1125.8567457050085,18.76400416790009,-1107.0927415371084,1.1219361862962245,22.883765354094063
1207,301.75,-1125.8368340730667,18.74414332475795,-1107.0926907483088,1.1316036386226411,22.889236051006208
1208,302.0,-1125.804243221879,18.711615463405877,-1107.092627758473,1.1414174597381983,22.894657715603305
1209,302.25,-1125.7599383890629,18.66741855315026,-1107.0925198359125,1.1512728246997952,22.90006549650412
1210,302.5,-1125.7053853869438,18.613013037396627,-1107.092372349547,1.1610714549160523,22.905492104025356
1211,302.75,-1125.6424454152584,18.550204294102812,-1107.0922411211557,1.1707222419583536,22.910967633940718
1212,303.0,-1125.5731133669615,18.481029743525017,-1107.0920836234366,1.180141623310407,22.91651947477389
1213,303.25,-1125.4996034055948,18.407652305931762,-1107.091951099663,1.1892536719455506,22.922172309946173
1214,303.5,-1125.42407938838,18.33226470669328,-1107.0918146816869,1.1979899652977166,22.927948190597444
1215,303.75,-1125.3486911654472,18.257012592065603,-1107.0916785733816,1.2062893058605975,22.93386665510143
1216,304.0,-1125.2754925340414,18.18394153849049,-1107.091550995551,1.2140973139927165,22.939944888548336
1217,304.25,-1125.206398934126,18.114962906197864,-1107.091436027928,1.221365978811072,22.94619789288496
1218,304.5,-1125.1431690305471,18.051829916106144,-1107.091339114441,1.2280532201379952,22.952638650063797
1219,304.75,-1125.0873622447252,17.9961168237204,-1107.0912454210047,1.2341224532040844,22.959278281640675
1220,305.0,-1125.0403606146574,17.949204647517018,-1107.0911559671404,1.2395421615803977,22.96612620482172
1221,305.25,-1125.0033540725708,17.912269147901515,-1107.0910849246693,1.2442855372634478,22.973190262978836
1222,305.5,-1124.9773333668709,17.886274172925752,-1107.091059193945,1.2483301227774328,22.98047685462533
1223,305.75,-1124.9629773646593,17.871971476898,-1107.0910058877614,1.2516574897687662,22.98799104961239
1224,306.0,-1124.9609037339687,17.869905602818207,-1107.0909981311506,1.2542529875266708,22.995736680308735
1225,306.25,-1124.9714069217443,17.880418792870035,-1107.0909881288744,1.2561055315633909,23.00371641944774
1226,306.5,-1124.9946371614933,17.90365095748042,-1107.0909862040128,1.2572074201071768,23.01193184914555
1227,306.75,-1125.0305595323443,17.939542718255062,-1107.0910168140892,1.2575542281949805,23.020383502481568
1228,307.0,-1125.078899256885,17.987841584132017,-1107.091057672753,1.2571447240314184,23.029070900774272
1229,307.25,-1125.139180533588,18.048099592502854,-1107.091080941085,1.2559808499973755,23.03799256811604
1230,307.5,-1125.2108174934983,18.119675992732862,-1107.0911415007654,1.254067731072232,23.047146039663602
1231,307.75,-1125.29294808954,18.201748687255048,-1107.091199402285,1.2514137636586453,23.05652784273161
1232,308.0,-1125.3846077099442,18.293315393843187,-1107.091292316101,1.2480307284060754,23.06613347262443
1233,308.25,-1125.4845694229007,18.39319935459326,-1107.0913700683075,1.2439339616612304,23.075957350609187
1234,308.5,-1125.5915181264281,18.500056113812708,-1107.0914620126155,1.239142591125959,23.085992757950557
1235,308.75,-1125.7039514109492,18.612375533337747,-1107.0915758776114,1.2336797890576898,23.096231770930064
1236,309.0,-1125.8201812580228,18.728485997699863,-1107.091695260323,1.2275730889016316,23.106665175348827
1237,309.25,-1125.938386388123,18.846553611175185,-1107.0918327769477,1.220854744115543,23.117282368211974
1238,309.5,-1126.056558303535,18.964598810539083,-1107.091959492996,1.2135621015311941,23.128071259032406
1239,309.75,-1126.172637782991,19.080525592326353,-1107.0921121906645,1.2057379581678718,23.13901819080297
1240,310.0,-1126.2844045385718,19.192132969392205,-1107.0922715691797,1.1974309227562083,23.150107860269497
1241,310.25,-1126.3895526602864,19.297139550425268,-1107.0924131098611,1.188695883475553,23.16132319008101
1242,310.5,-1126.4858056381345,19.393230765729296,-1107.0925748724053,1.179594458819342,23.172645214914947
1243,310.75,-1126.5708481147885,19.47812370060743,-1107.092724414181,1.1701954352562813,23.184052975838433
1244,311.0,-1126.6425164714456,19.54964442510663,-1107.092872046339,1.1605749587687266,23.195523510772357
1245,311.25,-1126.6987869367003,19.60579121237805,-1107.0929957243222,1.150816591732938,23.207031865468917
1246,311.5,-1126.7379196807742,19.644825932832962,-1107.0930937479413,1.1410113624311342,23.21855107363416
1247,311.75,-1126.758591644466,19.66541372517765,-1107.0931779192883,1.1312575146923034,23.230052238924504
1248,312.0,-1126.7599815800786,19.66680669116045,-1107.0931748889182,1.1216597683505323,23.241504779133837
1249,312.25,-1126.742101751268,19.648926953243738,-1107.0931747980242,1.112327797776521,23.25287702482591
1250,312.5,-1126.7054584622383,19.61234962760006,-1107.0931088346383,1.1033748668945433,23.264136617586104
1251,312.75,-1126.6513516455889,19.55835526253595,-1107.0929963830529,1.094916363969202,23.275250876867442
1252,313.0,-1126.5818029940128,19.488964762957515,-1107.0928382310553,1.087067667780664,23.28618739938133
1253,313.25,-1126.499527439475,19.40688329305878,-1107.0926441464162,1.0799416736354894,23.296914768454997
1254,313.5,-1126.4078157916665,19.31538443478428,-1107.0924313568821,1.0736460282082763,23.307403335481457
1255,313.75,-1126.3103369101882,19.218135209777458,-1107.0922017004107,1.0682801488676152,23.317626056214433
1256,314.0,-1126.2109223380685,19.118949885585547,-1107.0919724524829,1.0639321119679122,23.327559352649526
1257,314.25,-1126.11328060925,19.021497646741516,-1107.0917829625087,1.060675633244032,23.337183922294425
1258,314.5,-1126.0206252783537,18.929002352582724,-1107.091622925771,1.0585673549771948,23.3464854500104
1259,314.75,-1125.9355214238167,18.843981531734123,-1107.0915398920827,1.0576446380763496,23.355455160996737
1260,315.0,-1125.8595523834229,18.768053129530774,-1107.0914992538922,1.0579240562353667,23.364090158914514
1261,315.25,-1125.7933699786663,18.701846866158725,-1107.0915231125075,1.0594007397840493,23.3723935116959
1262,315.5,-1125.7366254031658,18.645035911506728,-1107.091589491659,1.0620485939691149,23.380374095253398
1263,315.75,-1125.6881790161133,18.59646273843266,-1107.0917162776807,1.0658213746197407,23.388046209182622
1264,316.0,-1125.646214529872,18.554347157777613,-1107.0918673720944,1.0706544461025553,23.395429013535978
1265,316.25,-1125.6085596755147,18.516542900618735,-1107.092016774896,1.076467288935697,23.402545774120473
1266,316.5,-1125.5729316398501,18.480802169988923,-1107.0921294698612,1.083166303796366,23.409423041718625
1267,316.75,-1125.537266485393,18.44501334618469,-1107.0922531392084,1.0906479181687025,23.41608977193516
1268,317.0,-1125.499719940126,18.407384981819717,-1107.0923349583063,1.0988015672683726,23.42257649337949
1269,317.25,-1125.4589502587914,18.366575093997852,-1107.0923751647936,1.1075126366018218,23.428914505874427
1270,317.5,-1125.4141398742795,18.32175080905285,-1107.0923890652266,1.1166651500146816,23.43513516222713
1271,317.75,-1125.3649363741279,18.272591703860844,-1107.092344670267,1.1261441391107658,23.441269247771093
1272,318.0,-1125.3115653470159,18.219251720612046,-1107.092313626404,1.1358376657527298,23.447346463436517
1273,318.25,-1125.2545280978084,18.162286811754587,-1107.0922412860539,1.1456384908277712,23.4533950099081
1274,318.5,-1125.194712601602,18.102562144383086,-1107.092150457219,1.1554453062856949,23.459441293122293
1275,318.75,-1125.1332451328635,18.041158399263654,-1107.0920867336,1.1651635644853962,23.46550973864153
1276,319.0,-1125.0712840035558,17.979286754197844,-1107.091997249358,1.1747060285029158,23.471622680403957
1277,319.25,-1125.010128967464,17.9182116222869,-1107.091917345177,1.183992979987281,23.477800337785837
1278,319.5,-1124.9510073140264,17.859189702458007,-1107.0918176115683,1.1929521861490593,23.484060854315626
1279,319.75,-1124.8951732888818,17.80342813184261,-1107.0917451570392,1.2015187242207443,23.490420370740885
1280,320.0,-1124.8437055274844,17.752056622694752,-1107.0916489047897,1.2096346216628477,23.496893142577797
1281,320.25,-1124.7977166548371,17.70611946694101,-1107.091597187896,1.2172484119332605,23.503491676034653
1282,320.5,-1124.7581191286445,17.666575058716994,-1107.0915440699275,1.2243147198053246,23.510226853903895
1283,320.75,-1124.7257757112384,17.634287765723816,-1107.0914879455145,1.2307938428807923,23.517108060652802
1284,321.0,-1124.7014641687274,17.61001748517956,-1107.091446683548,1.236651319281086,23.524143307824968
1285,321.25,-1124.685796789825,17.594411945413963,-1107.091384844411,1.2418575361908646,23.531339347519882
1286,321.5,-1124.6793790981174,17.58799708838533,-1107.0913820097321,1.246387365942746,23.538701775996813
1287,321.75,-1124.682531170547,17.591168022816404,-1107.0913631477306,1.2502198248202494,23.546235131653347
1288,322.0,-1124.6955103054643,17.604180937761964,-1107.0913293677022,1.2533377946714952,23.553942974762226
1289,322.25,-1124.7184544429183,17.627144009917025,-1107.0913104330014,1.255727776822937,23.561827958517775
1290,322.5,-1124.7513350620866,17.660010876129313,-1107.0913241859573,1.2573796949044334,23.56989188686896
1291,322.75,-1124.7939173057675,17.702572887215588,-1107.091344418552,1.2582867450664594,23.578135759486322
1292,323.0,-1124.8458353504539,17.754457300063226,-1107.0913780503906,1.2584452897580642,23.586559806629147
1293,323.25,-1124.9065450653434,17.815128248814517,-1107.0914168165289,1.2578547959305328,23.59516351228975
1294,323.5,-1124.975361160934,17.88389057408761,-1107.0914705868463,1.2565178310090888,23.603945622679994
1295,323.75,-1125.0514181777835,17.959901185594475,-1107.091516992189,1.254440092525979,23.61290414823088
1296,324.0,-1125.1337562426925,18.042177214679338,-1107.091579028013,1.2516304984552236,23.622036350262338
1297,324.25,-1125.221261240542,18.129602170807935,-1107.091659069734,1.2481013207346903,23.63133871783046
1298,324.5,-1125.312681131065,18.22093392202661,-1107.0917472090382,1.2438683613331536,23.640806936102287
1299,324.75,-1125.4066371843219,18.314813173390768,-1107.091824010931,1.2389511765691568,23.65043584387281
1300,325.0,-1125.50170930475,18.4097719020262,-1107.0919374027237,1.2333733398840943,23.66021938277349
1301,325.25,-1125.5962539836764,18.504238615372284,-1107.0920153683041,1.2271627499506497,23.67015053794622
1302,325.5,-1125.688689135015,18.596546636880674,-1107.0921424981343,1.2203519889268852,23.680221268764612
1303,325.75,-1125.7772025689483,18.684947924178804,-1107.0922546447694,1.2129787029200458,23.69042243534471
1304,326.0,-1125.8599962368608,18.767626781045585,-1107.092369455815,1.2050860130042262,23.700743721809435
1305,326.25,-1125.935224108398,18.842721710267618,-1107.0925023981304,1.1967229558991381,23.71117355196596
1306,326.5,-1126.000965513289,18.908355872294464,-1107.0926096409944,1.187944867208668,23.72169902411555
1307,326.75,-1126.0554105564952,18.96267249745405,-1107.092738059041,1.178813800205021,23.73230583810752
1308,327.0,-1126.0967440977693,19.003890945709987,-1107.0928531520592,1.169398957288807,23.742978221913173
1309,327.25,-1126.1233279630542,19.030376355314036,-1107.0929516077401,1.1597769324378902,23.75369890397143
1310,327.5,-1126.1337494328618,19.040721476011676,-1107.0930279568502,1.1500318043866034,23.76444912026967
1311,327.75,-1126.1269273385406,19.033844389254476,-1107.093082949286,1.1402550276311776,23.775208667248535
1312,328.0,-1126.1021870300174,19.009086980799,-1107.0931000492183,1.1305450003916784,23.785956026940813
1313,328.25,-1126.0594061985612,18.966316623685962,-1107.0930895748752,1.1210063753550437,23.796668546930455
1314,328.5,-1125.9990696534514,18.906033421364523,-1107.093036232087,1.1117490396983,23.80732269199632
1315,328.75,-1125.9223828092217,18.829452179433137,-1107.0929306297885,1.102886588501888,23.817894400163052
1316,329.0,-1125.8312644436955,18.738520120825413,-1107.0927443228702,1.0945344257818446,23.828359510991845
1317,329.25,-1125.7284579500556,18.635891645371448,-1107.0925663046842,1.0868075759188431,23.83869424799549
1318,329.5,-1125.6171918138862,18.524860462136477,-1107.0923313517496,1.0798180816742475,23.848875775903966
1319,329.75,-1125.5012791007757,18.409208685937998,-1107.0920704148377,1.0736721817207664,23.85888279086038
1320,330.0,-1125.3848048597574,18.29298944610764,-1107.0918154136498,1.068467401696721,23.868696113645278
1321,330.25,-1125.2718496024609,18.180261439683886,-1107.091588162777,1.0642894774738196,23.878299298150576
1322,330.5,-1125.1661690920591,18.074783048324072,-1107.0913860437352,1.0612094262458784,23.88767919095462
1323,330.75,-1125.070969671011,17.97970901174137,-1107.0912606592697,1.0592809581629696,23.896826403262676
1324,331.0,-1124.9885147064924,17.897329324638715,-1107.0911853818536,1.058538373857318,23.905735663862863
1325,331.25,-1124.9200419038534,17.828886370727236,-1107.091155533126,1.0589952438264914,23.914406004522498
1326,331.5,-1124.8657246381044,17.774496920398946,-1107.0912277177056,1.0606438349437322,23.922840782493246
1327,331.75,-1124.824550062418,17.73319187239858,-1107.0913581900195,1.0634554216041772,23.931047521738957
1328,332.0,-1124.7946092784405,17.703067531382203,-1107.0915417470583,1.0673814695552586,23.939037586180508
1329,332.25,-1124.7732482254505,17.681519952271625,-1107.091728273179,1.0723555023688276,23.94682572124148
1330,332.5,-1124.7574628517032,17.665534994896998,-1107.0919278568063,1.0782956005820084,23.95442948788558
1331,332.75,-1124.7440985664725,17.651992439311748,-1107.0921061271608,1.085107257049182,23.961868642678773
1332,333.0,-1124.7301992103457,17.637940719556564,-1107.0922584907892,1.0926864095581228,23.96916449915395
1333,333.25,-1124.713200904429,17.620819173946103,-1107.0923817304829,1.1009223984149685,23.976339325612937
1334,333.5,-1124.6910854503512,17.598620968209012,-1107.0924644821423,1.1097008290411288,23.98341577735487
1335,333.75,-1124.6624820157886,17.569987167077127,-1107.0924948487113,1.1189062071350961,23.990416389330267
1336,334.0,-1124.6267179623246,17.534236750695275,-1107.0924812116293,1.128424251387548,23.99736314427931
1337,334.25,-1124.583780400455,17.491338627161106,-1107.0924417732938,1.138143869106553,24.004277117060603
1338,334.5,-1124.5341775938869,17.44184057784729,-1107.0923370160397,1.1479587449216617,24.01117819956948
1339,334.75,-1124.4790262952447,17.386772922658192,-1107.0922533725866,1.1577685416141699,24.018084906204642
1340,335.0,-1124.4196627512574,17.327535725679276,-1107.092127025578,1.1674797032234927,24.025014256219595
1341,335.25,-1124.3577851131558,17.265781973328593,-1107.0920031398273,1.1770059431604543,24.03198171689325
1342,335.5,-1124.2951932623982,17.203308171126277,-1107.091885091272,1.1862684208191174,24.03900120386135
1343,335.75,-1124.233727492392,17.141959249074763,-1107.0917682433173,1.1951957105293052,24.04608511888553
1344,336.0,-1124.175184123218,17.083546126536806,-1107.0916379966814,1.2037235963899438,24.053244416850635
1345,336.25,-1124.121342368424,17.029782668049755,-1107.091559700374,1.2117946963698818,24.06048870195147
1346,336.5,-1124.073686502874,16.98223962713803,-1107.091446875736,1.2193580600820257,24.067826323998492
1347,336.75,-1124.0336902812123,16.942310104855544,-1107.0913801763568,1.226368768441862,24.07526447391842
1348,337.0,-1124.0025025829673,16.91118881887692,-1107.0913137640903,1.2327875137277775,24.08280927887345
1349,337.25,-1123.9811186417937,16.889857865648995,-1107.0912607761447,1.2385801910977223,24.090465891470068
1350,337.5,-1123.970318518579,16.879079458558852,-1107.0912390600201,1.2437175033900805,24.098238575908727
1351,337.75,-1123.970606468618,16.879396198969854,-1107.0912102696482,1.2481745971745393,24.106130785921998
1352,338.0,-1123.9823413714767,16.89113638301924,-1107.0912049884573,1.2519307367385368,24.114145232992847
1353,338.25,-1124.0056265965104,16.91442275156758,-1107.0912038449428,1.2549690317681603,24.122283945990304
1354,338.5,-1124.0404030308127,16.949182461801254,-1107.0912205690115,1.2572761951087463,24.130548323299774
1355,338.75,-1124.0863993540406,16.99515956254277,-1107.0912397914979,1.2588423499732349,24.138939176167217
1356,339.0,-1124.14319845289,17.051927890203437,-1107.0912705626865,1.2596608842150718,24.147456762790345
1357,339.25,-1124.210238777101,17.11890531548606,-1107.091333461615,1.2597283537971578,24.156100813492003
1358,339.5,-1124.2867436036468,17.195366047869637,-1107.0913775557772,1.2590444285557125,24.1648705502436
1359,339.75,-1124.3718620166183,17.280451061279763,-1107.0914109553385,1.257611892400085,24.173764695163964
1360,340.0,-1124.464698009193,17.373178711440495,-1107.0915192977525,1.2554366865708144,24.1827814737154
1361,340.25,-1124.5640254989266,17.47245240038484,-1107.0915730985419,1.25252800734778,24.191918608718577
1362,340.5,-1124.6687160655856,17.5770672966747,-1107.091648768911,1.2488984425666665,24.201173309722957
1363,340.75,-1124.7774492278695,17.685720175682967,-1107.0917290521866,1.2445641701805419,24.210542252621522
1364,341.0,-1124.8888441845775,17.79701250509121,-1107.0918316794862,1.2395451864347948,24.220021555937755
1365,341.25,-1125.0013784095645,17.90945441949468,-1107.0919239900697,1.2338655919130637,24.229606749499567
1366,341.5,-1125.1134848222136,18.021469196275042,-1107.0920156259385,1.2275539073940749,24.23929274148527
1367,341.75,-1125.2235324010253,18.131397727559474,-1107.0921346734658,1.2206434602915095,24.24907377467241
1368,342.0,-1125.3297573253512,18.237508926055266,-1107.092248399296,1.2131727761657374,24.25894338567917
1369,342.25,-1125.43037956208,18.338010280858487,-1107.0923692812214,1.2051860116271762,24.26889435955531
1370,342.5,-1125.5235643908381,18.43106782645878,-1107.0924965643794,1.1967333767620665,24.278918691357767
1371,342.75,-1125.607458613813,18.514835864226484,-1107.0926227495866,1.1878715521428533,24.28900754889332
1372,343.0,-1125.6802423670888,18.58749643062188,-1107.0927459364668,1.1786640977218856,24.29915124177558
1373,343.25,-1125.7401635721326,18.647315790965433,-1107.0928477811672,1.1691818383072847,24.309339196081023
1374,343.5,-1125.785672314465,18.692720863361576,-1107.0929514511035,1.1595030915841633,24.3195599555939
1375,343.75,-1125.8154129460454,18.722394745101276,-1107.093018200944,1.149713741833013,24.32980120812875
1376,344.0,-1125.828458108008,18.735383428134423,-1107.0930746798736,1.1399070523039223,24.34004984886935
1377,344.25,-1125.8242884799838,18.731211220546758,-1107.093077259437,1.1301831840639598,24.350292084973493
1378,344.5,-1125.803034864366,18.709994993015773,-1107.0930398713504,1.1206483986982383,24.360513581902985
1379,344.75,-1125.7654834613204,18.672541351444004,-1107.0929421098765,1.111413895640661,24.370699655731265
1380,345.0,-1125.7132381424308,18.620420584469233,-1107.0928175579616,1.1025942146314742,24.38083551734044
1381,345.25,-1125.6486349925399,18.555997672021586,-1107.0926373205184,1.0943052791046954,24.390906555511084
1382,345.5,-1125.5748083218932,18.482400866129698,-1107.0924074557636,1.0866620889405536,24.400898653794986
1383,345.75,-1125.4955672100186,18.403420626896686,-1107.092146583122,1.07977608812018,24.41079853142711
1384,346.0,-1125.4151925593615,18.323337277068735,-1107.0918552822927,1.0737523366822628,24.420594094142896
1385,346.25,-1125.3382499366999,18.24668636947727,-1107.0915635672227,1.068686569349235,24.430274777597997
1386,346.5,-1125.269287288189,18.17797174971987,-1107.091315538469,1.0646621879844986,24.439831876603265
1387,346.75,-1125.2124380245805,18.121343780636312,-1107.091094243944,1.0617474070996686,24.449258832733303
1388,347.0,-1125.1712223663926,18.080286964095347,-1107.0909354022972,1.0599927654745624,24.458551454387056
1389,347.25,-1125.1481883749366,18.057348596101736,-1107.0908397788348,1.0594291904621742,24.467708053356073
1390,347.5,-1125.1447645500302,18.05394314468052,-1107.0908214053497,1.0600667692216177,24.476729484326256
1391,347.75,-1125.1611694470048,18.070263114190702,-1107.090906332814,1.061894337782936,24.485619075199185
1392,348.0,-1125.1963335499167,18.10531028085292,-1107.0910232690637,1.0648799362441668,24.494382460394792
1393,348.25,-1125.2482378855348,18.15704512302675,-1107.091192762508,1.068972095110025,24.50302732477238
1394,348.5,-1125.314052067697,18.222619375452304,-1107.0914326922448,1.0741017907795751,24.511563083714428
1395,348.75,-1125.3903064280748,18.298654071136145,-1107.0916523569388,1.0801849645064512,24.520000516406856
1396,349.0,-1125.4734099805355,18.381524675257733,-1107.0918853052779,1.0871253945565937,24.5283513849106
1397,349.25,-1125.5596993640065,18.46762033510646,-1107.0920790289001,1.0948176499131757,24.536628063856778
1398,349.5,-1125.6458310708404,18.553567203621732,-1107.0922638672187,1.1031500222725812,24.544843195524713
1399,349.75,-1125.7288170978427,18.636399500197978,-1107.0924175976447,1.1120073659795808,24.55300937675177
1400,350.0,-1125.8061957582831,18.71365989114094,-1107.0925358671423,1.1212737156319152,24.5611388880083
1401,350.25,-1125.8760471865535,18.783443921753214,-1107.0926032648003,1.130834542708596,24.56924347698499
1402,350.5,-1125.937030903995,18.844394974151296,-1107.0926359298437,1.1405787435977643,24.57733418263955
1403,350.75,-1125.988320760429,18.89565597648116,-1107.0926647839478,1.150400189608101,24.585421213647336
1404,351.0,-1126.0294497534633,18.93680464942967,-1107.0926451040336,1.1601988788311774,24.59351387366601
1405,351.25,-1126.060410939157,18.967773586685887,-1107.0926373524712,1.1698817384308318,24.601620524432082
1406,351.5,-1126.0813729688525,18.988767342413695,-1107.0926056264389,1.179363080947593,24.609748584250433
1407,351.75,-1126.092759422958,19.000188657832226,-1107.0925707651256,1.1885647799222772,24.617904551644465
1408,352.0,-1126.0951047465205,19.0025737066279,-1107.0925310398927,1.1974161964162027,24.62609405125743
1409,352.25,-1126.089017175138,18.99654803526724,-1107.0924691398707,1.2058539474387526,24.634321890860612
1410,352.5,-1126.0752296075225,18.98280219634732,-1107.092427411175,1.213821510727715,24.64259213003548
1411,352.75,-1126.05446549505,18.9620765502474,-1107.0923889448025,1.221268825308918,24.650908147108183
1412,353.0,-1126.027480520308,18.93514706553324,-1107.0923334547747,1.2281518845826382,24.65927270232538
1413,353.25,-1125.9950792863965,18.902813742140324,-1107.0922655442562,1.2344322959650578,24.667687999964762
1414,353.5,-1125.9581052437425,18.865893239406578,-1107.0922120043358,1.2400768622069014,24.67615574757267
1415,353.75,-1125.9173821806908,18.82522385283906,-1107.0921583278516,1.2450571735124183,24.68467721030777
1416,354.0,-1125.8737859725952,18.781678766444372,-1107.0921072061508,1.2493492399107966,24.693253259563157
1417,354.25,-1125.8282153904438,18.736166553623434,-1107.0920488368204,1.2529331620245834,24.70188441434566
1418,354.5,-1125.7816066145897,18.689628576649216,-1107.0919780379404,1.255792861369448,24.710570872122553
1419,354.75,-1125.7349684536457,18.64303526575681,-1107.0919331878888,1.2579158455253414,24.71931253647653
1420,355.0,-1125.6892375349998,18.597374332685177,-1107.0918632023147,1.2592930244968106,24.728109040678383
1421,355.25,-1125.6454419791698,18.55363478886193,-1107.091807190308,1.2599185694944435,24.736959765429113
1422,355.5,-1125.6045305132866,18.512789497516472,-1107.0917410157701,1.259789831432976,24.74586385252558
1423,355.75,-1125.5674523115158,18.475778833236326,-1107.0916734782795,1.2589073026511075,24.754820215746626
1424,356.0,-1125.5351215302944,18.443490653730013,-1107.0916308765643,1.2572746236114951,24.763827548428498
1425,356.25,-1125.508311867714,18.4167340925718,-1107.091577775142,1.254898641994152,24.772884331849273
1426,356.5,-1125.4877461791039,18.396209673543932,-1107.0915365055598,1.2517895206944358,24.781988842063985
1427,356.75,-1125.4739763736725,18.38247675164261,-1107.09149962203,1.2479608766093298,24.79113916422888
1428,357.0,-1125.4674282968044,18.375917869241817,-1107.0915104275625,1.2434299759082694,24.800333203876384
1429,357.25,-1125.4681934714317,18.376695868487637,-1107.0914976029442,1.238217964057172,24.80956870695418
1430,357.5,-1125.4762542843819,18.384714928003017,-1107.091539356379,1.2323502006388756,24.818843230821365
1431,357.75,-1125.4911786615849,18.399614711882435,-1107.0915639497025,1.2258566241483695,24.82815412497493
1432,358.0,-1125.512387663126,18.420770388045845,-1107.0916172750801,1.2187721097629172,24.837498552801705
1433,358.25,-1125.5389796197414,18.447279017238845,-1107.0917006025027,1.2111368688774284,24.84687349962611
1434,358.5,-1125.569763660431,18.477963901715054,-1107.0917997587158,1.202996876752765,24.8562757712607
1435,358.75,-1125.603289693594,18.511399595250044,-1107.091890098344,1.1944043110768743,24.86570199629385
1436,359.0,-1125.6379580795765,18.54595033440395,-1107.0920077451726,1.1854179511043983,24.87514863232582
1437,359.25,-1125.6719572246075,18.57982509391565,-1107.0921321306919,1.1761035998107336,24.8846119749281
1438,359.5,-1125.703421652317,18.611159269591884,-1107.0922623827253,1.166534446646583,24.894088171902638
1439,359.75,-1125.7304938435555,18.638115562626385,-1107.092378280929,1.1567912375580276,24.90357325179357
1440,360.0,-1125.751480460167,18.658997975198602,-1107.0924824849683,1.1469622848549852,24.913063163795606
1441,360.25,-1125.7649300992489,18.6723839458449,-1107.0925461534039,1.1371432222736289,24.922553830556193
1442,360.5,-1125.7698712050915,18.677257371061433,-1107.09261383403,1.1274364343230598,24.93204121360754
1443,360.75,-1125.7657504677773,18.67312864771668,-1107.0926218200607,1.1179501115370323,24.941521391122468
1444,361.0,-1125.7527019381523,18.66014091502801,-1107.0925610231243,1.1087969692712614,24.950990642789723
1445,361.25,-1125.7316362857819,18.63914386639421,-1107.0924924193876,1.1000925446880432,24.960445541791508
1446,361.5,-1125.7040491700172,18.611712663764255,-1107.0923365062529,1.0919530841141547,24.969883047762654
1447,361.75,-1125.6722614467144,18.580108692895763,-1107.0921527538187,1.0844931464574263,24.97930059425851
1448,362.0,-1125.6391307339072,18.54717388487787,-1107.0919568490294,1.07782288989875,24.988696166989172
1449,362.25,-1125.6079109832644,18.51615255156323,-1107.0917584317012,1.0720451673735192,24.99806836531165
1450,362.5,-1125.5819763466716,18.49045406888096,-1107.0915222777905,1.0672525770206893,25.00741644387858
1451,362.75,-1125.564699076116,18.473369566949152,-1107.0913295091668,1.0635244908558383,25.016740328978702
1452,363.0,-1125.5589744374156,18.467767060584375,-1107.0912073768313,1.0609242988946102,25.02604060513829
1453,363.25,-1125.566914357245,18.475805564568216,-1107.0911087926768,1.0594970608791991,25.0353184677577
1454,363.5,-1125.5898113176227,18.49870602037834,-1107.0911052972442,1.0592677708714702,25.044575647372405
1455,363.75,-1125.6277930662036,18.536614136022376,-1107.0911789301813,1.0602403584222029,25.05381430416079
1456,364.0,-1125.6798866316676,18.58857617860253,-1107.091310453065,1.0623975261910532,25.063036908019264
1457,364.25,-1125.7441007122397,18.65262897921089,-1107.0914717330288,1.0657014391340753,25.072246100141133
1458,364.5,-1125.8176549449563,18.72599081957922,-1107.091664125377,1.0700952148861964,25.08144455997752
1459,364.75,-1125.8972097709775,18.805322576352452,-1107.091887194625,1.075505053212033,25.09063487571706
1460,365.0,-1125.9791367053986,18.887020523246488,-1107.092116182152,1.0818428649653626,25.099819432684193
1461,365.25,-1126.0598096847534,18.967502233719568,-1107.0923074510338,1.0890091844735748,25.10900032154324
1462,365.5,-1126.1359510719776,19.043457417445858,-1107.0924936545318,1.0968961431244246,25.118179273727225
1463,365.75,-1126.2046700716019,19.11204902250573,-1107.0926210490961,1.1053904090341378,25.12735761782776
1464,366.0,-1126.2637421786785,19.17104815315379,-1107.0926940255247,1.1143759743129855,25.136536260375276
1465,366.25,-1126.3116593956947,19.218901205246663,-1107.092758190448,1.1237366843754957,25.145715687858285
1466,366.5,-1126.347493082285,19.254736786100718,-1107.0927562961842,1.1333584558304117,25.15489598463538
1467,366.75,-1126.3710395991802,19.278321461417463,-1107.0927181377629,1.1431311416166978,25.164076864406894
1468,367.0,-1126.3826504051685,19.289980382888736,-1107.09267002228,1.1529499737062814,25.17325771069991
1469,367.25,-1126.3830556571484,19.290494881108852,-1107.0925607760396,1.1627166244019325,25.18243762271182
1470,367.5,-1126.3734484910965,19.280987354519258,-1107.0924611365772,1.172339925413686,25.19161546271686
1471,367.75,-1126.3551923930645,19.262813049601554,-1107.0923793434629,1.1817362028674905,25.200789902085837
1472,368.0,-1126.3297308385372,19.23746481863599,-1107.0922660199012,1.190829379729242,25.209959464349264
1473,368.25,-1126.2986442744732,19.206491452083934,-1107.0921528223892,1.1995508663754544,25.219122563930625
1474,368.5,-1126.263485699892,19.1714320874536,-1107.0920536124383,1.207839268064629,25.228277540030682
1475,368.75,-1126.225724697113,19.133774374554164,-1107.091950322559,1.215639963621696,25.23742268437585
1476,369.0,-1126.186810940504,19.094930724515976,-1107.091880215988,1.2229047161565576,25.246556266033128
1477,369.25,-1126.1480132639408,19.05621536807796,-1107.0917978958628,1.2295912503703683,25.25567655342894
1478,369.5,-1126.1105559766293,19.018827248973356,-1107.091728727656,1.2356628123635545,25.264781830374446
1479,369.75,-1126.0755205452442,18.983844366456065,-1107.0916761787882,1.241087752350086,25.27387041127669
1480,370.0,-1126.0438645333052,18.952223168640593,-1107.0916413646646,1.2458391293116495,25.28294065348739
1481,370.25,-1126.016368985176,18.92480081928466,-1107.0915681658914,1.249894335499276,25.291990966092072
1482,370.5,-1125.9938427209854,18.902297565793805,-1107.0915451551916,1.253234793113237,25.30101981933363
1483,370.75,-1125.9768320322037,18.88531784601898,-1107.0915141861847,1.255845680324773,25.310025752786487
1484,371.0,-1125.9658227413893,18.874353883610716,-1107.0914688577786,1.2577157094568017,25.31900738191329
1485,371.25,-1125.9612515568733,18.86978770458513,-1107.0914638522881,1.258836949412754,25.32796340659519
1486,371.5,-1125.963346645236,18.871891712721343,-1107.0914549325146,1.2592047051184907,25.336892619081564
1487,371.75,-1125.9722727537155,18.88082519244981,-1107.0914475612658,1.2588174386094997,25.345793911432498
1488,372.0,-1125.988091289997,18.89662841325368,-1107.0914628767434,1.2576767421538944,25.354666286959336
1489,372.25,-1126.010684043169,18.919218151675803,-1107.0914658914933,1.25578736729691,25.363508872251757
1490,372.5,-1126.0398859381676,18.948383049640977,-1107.0915028885265,1.2531572999271956,25.37232093068617
1491,372.75,-1126.0752850174904,18.983775394436787,-1107.0915096230535,1.2497978828259722,25.381101879193004
1492,373.0,-1126.116460442543,19.0249026780585,-1107.0915577644846,1.2457239960869295,25.389851307397105
1493,373.25,-1126.1627326905727,19.07112257012509,-1107.0916101204477,1.2409542802549534,25.398569001249935
1494,373.5,-1126.2133032530546,19.121634720650487,-1107.0916685324041,1.2355114054938103,25.407254967314167
1495,373.75,-1126.2672323584557,19.175476401111418,-1107.0917559573443,1.229422383275505,25.415909464754108
1496,374.0,-1126.323359683156,19.231521076369912,-1107.091838606786,1.2227189384195207,25.42453304053115
1497,374.25,-1126.3803906738758,19.288478127070885,-1107.091912546805,1.2154379022805133,25.433126566490504
1498,374.5,-1126.4369393885136,19.344902879456807,-1107.0920365090567,1.2076216468795085,25.44169128595531
1499,374.75,-1126.4913474619389,19.39921217522941,-1107.0921352867094,1.1993185151336152,25.450228858770572
1500,375.0,-1126.5419803261757,19.449709210460522,-1107.0922711157152,1.190583248693771,25.458741412043437
1501,375.25,-1126.5870167911053,19.494618904366217,-1107.092397886739,1.181477385376601,25.467231592882513
1502,375.5,-1126.6246563792229,19.532138221619416,-1107.0925181576035,1.1720696778649313,25.475702625024496
1503,375.75,-1126.653152629733,19.560507707512453,-1107.0926449222206,1.162436381950654,25.48415836254457
1504,376.0,-1126.6708520948887,19.578103403108006,-1107.0927486917806,1.1526613616021053,25.49260333522055
1505,376.25,-1126.6763562262058,19.583542404159736,-1107.092813822046,1.1428359827546564,25.501042783815127
1506,376.5,-1126.6686540096998,19.575795956620446,-1107.0928580530795,1.1330587390132107,25.509482679002407
1507,376.75,-1126.6471962630749,19.55431012673023,-1107.0928861363445,1.123434556949396,25.517929718889675
1508,377.0,-1126.6119759082794,19.519114763123213,-1107.0928611451561,1.1140737143033144,25.526391297373028
1509,377.25,-1126.563686490059,19.470912854929537,-1107.0927736351293,1.1050903891836557,25.534875441737952
1510,377.5,-1126.5037840604782,19.411131576373545,-1107.0926524841047,1.0966007870961683,25.54339071176232
1511,377.75,-1126.4344049096107,19.341916553388078,-1107.0924883562227,1.0887209175506216,25.551946061577016
1512,378.0,-1126.3583464100957,19.266065750460495,-1107.0922806596352,1.0815640620052143,25.560550663156025
1513,378.25,-1126.2789577171206,19.18689464604504,-1107.0920630710757,1.075237965331628,25.569213690131207
1514,378.5,-1126.1998538970947,19.108036199406495,-1107.0918176976882,1.0698419208723409,25.57794407365361
1515,378.75,-1126.1247973144054,19.03318672842418,-1107.0916105859812,1.0654637932851676,25.5867502272579
1516,379.0,-1126.057246685028,18.965814527929847,-1107.0914321570983,1.062177090439767,25.595639754627307
1517,379.25,-1126.000159740448,18.908862511227884,-1107.0912972292201,1.0600383538992224,25.60461915868728
1518,379.5,-1125.9556969553232,18.864483376105685,-1107.0912135792175,1.0590850037952888,25.61369356822955
1519,379.75,-1125.92506057024,18.83384728675316,-1107.091213283487,1.0593339107967419,25.62286650368476
1520,380.0,-1125.9083236306906,18.817047309943327,-1107.0912763207473,1.0607807079505756,25.632139704386184
1521,380.25,-1125.9045423418283,18.813120527871224,-1107.0914218139571,1.0633999492648019,25.641513020933463
1522,380.5,-1125.9117381423712,18.82018178283721,-1107.091556359534,1.0671461330498682,25.65098438908556
1523,380.75,-1125.9273931533098,18.835643875587408,-1107.0917492777223,1.071955481567939,25.66054987953295
1524,381.0,-1125.948470622301,18.856493783344817,-1107.0919768389563,1.0777482702083798,25.670203821951016
1525,381.25,-1125.9717295095325,18.879589571470152,-1107.0921399380622,1.0844315969174478,25.679938986115516
1526,381.5,-1125.994233854115,18.901932748833122,-1107.0923011052819,1.0919023843200626,25.68974680822958
1527,381.75,-1126.0133245959878,18.920894983961404,-1107.0924296120263,1.100050307120202,25.699617635595057
1528,382.0,-1126.0268902108073,18.934388099340143,-1107.0925021114672,1.1087607018145502,25.709540990939004
1529,382.25,-1126.0335187539458,18.940967249064126,-1107.0925515048816,1.1179172415040723,25.71950583452564
1530,382.5,-1126.0324143990874,18.939866528470862,-1107.0925478706165,1.1274043829466307,25.729500819487207
1531,382.75,-1126.023481912911,18.930974457550164,-1107.0925074553609,1.1371094208911698,25.739514523981942
1532,383.0,-1126.0071876570582,18.914765469335684,-1107.0924221877226,1.146924205763165,25.749535658561747
1533,383.25,-1125.9845040366054,18.892198533747806,-1107.0923055028575,1.156746425728819,25.759553236860835
1534,383.5,-1125.9568050280213,18.864599811548842,-1107.0922052164724,1.1664805227677408,25.769556711884945
1535,383.75,-1125.9256217107177,18.833543071630846,-1107.0920786390868,1.1760382482392135,25.779536076497624
1536,384.0,-1125.8927146270871,18.800738492535437,-1107.0919761345517,1.1853389293901333,25.789481931778436
1537,384.25,-1125.8597762212157,18.76793324807924,-1107.0918429731364,1.1943094891465913,25.799385528140675
1538,384.5,-1125.828587256372,18.73682748661586,-1107.0917597697562,1.2028842703663492,25.809238781910125
1539,384.75,-1125.8006530478597,18.709012370585274,-1107.0916406772744,1.2110046601683364,25.819034265706986
1540,385.0,-1125.7774870470166,18.68593160962509,-1107.0915554373914,1.218618681920722,25.828765191283562
1541,385.25,-1125.7603518292308,18.66885078607837,-1107.0915010431524,1.2256805977517042,25.83842539135347
1542,385.5,-1125.7502803876996,18.658835201078784,-1107.0914451866208,1.2321504644293908,25.848009291521468
1543,385.75,-1125.7481341138482,18.656740885023595,-1107.0913932288247,1.2379936951433466,25.857511879346397
1544,386.0,-1125.7545767053962,18.663211080626635,-1107.0913656247697,1.243180642160521,25.866928674421626
1545,386.25,-1125.770035199821,18.67867881682494,-1107.091356382996,1.247686202348932,25.876255697557706
1546,386.5,-1125.794712178409,18.703376965088868,-1107.0913352133202,1.2514894706415098,25.885489443340635
1547,386.75,-1125.8286996111274,18.737347278372887,-1107.0913523327545,1.2545734383745792,25.894626856514606
1548,387.0,-1125.8718292936683,18.78044947418786,-1107.0913798194804,1.2569247420340952,25.90366531324262
1549,387.25,-1125.9237768799067,18.832373583533474,-1107.091403296373,1.2585334599224962,25.912602607256943
1550,387.5,-1125.9841011688113,18.89265291741009,-1107.0914482514013,1.259392948478496,25.921436939875942
1551,387.75,-1126.0521769821644,18.960676177131607,-1107.0915008050329,1.2594997375020391,25.93016691690379
1552,388.0,-1126.1272486746311,19.035696707673157,-1107.091551966958,1.2588534676789989,25.93879154975567
1553,388.25,-1126.208455964923,19.116841496531443,-1107.0916144683915,1.2574568856895731,25.947310265369122
1554,388.5,-1126.294811092317,19.20311967198241,-1107.0916914203347,1.255315883756351,25.955722921262577
1555,388.75,-1126.3851884379983,19.29343167990984,-1107.0917567580884,1.252439592321893,25.96402982766195
1556,389.0,-1126.4784050062299,19.38657840959876,-1107.091826596631,1.248840526365335,25.97223177978236
1557,389.25,-1126.5731975510716,19.48126776155818,-1107.0919297895134,1.244534778164204,25.980330095757466
1558,389.5,-1126.6681461557746,19.57612164103413,-1107.0920245147404,1.2395422515122134,25.98832666067475
1559,389.75,-1126.761800467968,19.669680117644003,-1107.092120350324,1.2338869444567158,25.996223980513793
1560,390.0,-1126.8526300489902,19.760405210821226,-1107.092224838169,1.2275972831383706,26.004025244852297
1561,390.25,-1126.939019985497,19.84668732346291,-1107.092332662034,1.2207065029354294,26.01173439819842
1562,390.5,-1127.0193048343062,19.926853920269224,-1107.092450914037,1.2132530515897222,26.019356215843185
1563,390.75,-1127.0917509198189,19.99918633808701,-1107.092564581732,1.2052810284858402,26.026896389712597
1564,391.0,-1127.1546144858003,20.061943214472677,-1107.0926712713276,1.196840621966096,26.034361615287363
1565,391.25,-1127.2061869204044,20.113389493835122,-1107.0927974265694,1.1879885235665921,26.041759677897915
1566,391.5,-1127.2447503581643,20.151835493422944,-1107.0929148647413,1.1787883109051414,26.049099537932292
1567,391.75,-1127.2687041312456,20.175693964587673,-1107.093010166658,1.1693108604293867,26.056391423525042
1568,392.0,-1127.2766602411866,20.183558086989876,-1107.0931021541967,1.1596345709361722,26.06364689756465
1569,392.25,-1127.2674595713615,20.174290650223824,-1107.0931689211377,1.1498454020437192,26.070878897378947
1570,392.5,-1127.2403025701642,20.147124124773956,-1107.0931784453903,1.1400366853439863,26.0781017411174
1571,392.75,-1127.194972448051,20.10176907001865,-1107.0932033780323,1.130308619914485,26.085331084092516
1572,393.0,-1127.1316579803824,20.038517997323794,-1107.0931399830586,1.1207674645514658,26.092583825158858
1573,393.25,-1127.051383934915,19.95833730540757,-1107.0930466295074,1.1115243794165077,26.09987795319466
1574,393.5,-1126.9558415189385,19.86293154233982,-1107.0929099765988,1.1026938401206265,26.107232317894493
1575,393.75,-1126.8474906012416,19.754762823495664,-1107.092727777746,1.0943916886821814,26.114666332310062
1576,394.0,-1126.7294940575957,19.63701245055173,-1107.092481607044,1.086732801614127,26.122199601303087
1577,394.25,-1126.6057075411081,19.513482440985698,-1107.0922251001225,1.0798284975463157,26.129851492200704
1578,394.5,-1126.480362996459,19.388428569067408,-1107.0919344273916,1.073783692889627,26.137640646484055
1579,394.75,-1126.3579813241959,19.26633125501797,-1107.0916500691778,1.0686940256348478,26.14558446498135
1580,395.0,-1126.243015691638,19.151617971054296,-1107.0913977205837,1.0646428717565974,26.153698561254735
1581,395.25,-1126.13955783844,19.04835341809826,-1107.0912044203417,1.061698518488917,26.161996217558045
1582,395.5,-1126.0509675890207,18.95993795435303,-1107.0910296346676,1.0599116879225576,26.170487884846946
1583,395.75,-1125.9797970205545,18.88885309082288,-1107.0909439297316,1.0593136499274576,26.179180766203103
1584,396.0,-1125.927415087819,18.836483554253363,-1107.0909315335657,1.0599149683408229,26.188078504114912
1585,396.25,-1125.8940460085869,18.80304484599368,-1107.091001162593,1.061705082495052,26.197181009015928
1586,396.5,-1125.8787350803614,18.787628255058284,-1107.091106825303,1.0646527324354824,26.206484436880345
1587,396.75,-1125.8796235471964,18.788349983480337,-1107.091273563716,1.0687072176071422,26.215981319598463
1588,397.0,-1125.8940625339746,18.802579958701255,-1107.0914825752734,1.0738002932867095,26.22566082716899
1589,397.25,-1125.9189309030771,18.827221878166807,-1107.0917090249104,1.079848654154116,26.235509148779986
1590,397.5,-1125.9508815333247,18.85900080932975,-1107.091880723995,1.0867567668845188,26.245509954600422
1591,397.75,-1125.9867927655578,18.89472082084416,-1107.0920719447136,1.0944198305592385,26.255644901463388
1592,398.0,-1126.0236818119884,18.931478465404435,-1107.092203346584,1.102726680820615,26.265894146619836
1593,398.25,-1126.059143744409,18.96681613574581,-1107.0923276086633,1.1115626165879355,26.276236864533978
1594,398.5,-1126.0912088230252,18.998813278980972,-1107.0923955440442,1.1208119778917482,26.28665173302107
1595,398.75,-1126.1185445412993,19.02611977210542,-1107.092424769194,1.1303604791916917,26.297117384334804
1596,399.0,-1126.140354193747,19.047932850467877,-1107.092421343279,1.1400971513519302,26.30761279533752
1597,399.25,-1126.1563569381833,19.063934678192638,-1107.0924222599906,1.149915909674196,26.3181176133899
1598,399.5,-1126.1665966436267,19.074204344539808,-1107.092392299087,1.1597167153120627,26.328612408631948
1599,399.75,-1126.1714771613479,19.07912854234514,-1107.0923486190027,1.1694063605879497,26.33907885629844
1600,400.0,-1126.1715888753533,19.07930531547832,-1107.092283559875,1.1788990094701621,26.34949987420916
1601,400.25,-1126.1676829084754,19.075453032458697,-1107.0922298760167,1.1881163667592172,26.35985968710726
1602,400.5,-1126.160502590239,19.068340758815722,-1107.0921618314233,1.196987644636917,26.370143851092337
1603,400.75,-1126.1508497521281,19.058730106703184,-1107.0921196454249,1.2054493391548795,26.38033923786217
1604,401.0,-1126.1394158825278,19.047337946379013,-1107.0920779361488,1.2134448237892341,26.390433979072213
1605,401.25,-1126.1268483623862,19.03481567440152,-1107.0920326879848,1.2209239602127262,26.40041741190824
1606,401.5,-1126.113741569221,19.02173470100659,-1107.0920068682144,1.2278426953132966,26.410280019506352
1607,401.75,-1126.100562594831,19.00857984002217,-1107.091982754809,1.2341626074140408,26.420013357549852
1608,402.0,-1126.0876995399594,18.99574958408406,-1107.0919499558754,1.239850482787505,26.429609985130668
1609,402.25,-1126.0754942297935,18.98355803491342,-1107.0919361948802,1.2448779163205685,26.43906339986315
1610,402.5,-1126.0641740262508,18.972242981112597,-1107.0919310451382,1.2492209108339212,26.44836796718796
1611,402.75,-1126.053896278143,18.961975658775824,-1107.091920619367,1.2528595596932395,26.45751886822087
1612,403.0,-1126.0447733402252,18.952867667854218,-1107.091905672371,1.255777758859168,26.466512049781677
1613,403.25,-1126.0368878245354,18.94497834215954,-1107.0919094823757,1.2579629632869045,26.475344183020244
1614,403.5,-1126.0302473008633,18.938320381626976,-1107.0919269192364,1.2594059959416386,26.48401263198474
1615,403.75,-1126.0247881412506,18.932864442297138,-1107.0919236989535,1.2601008999933183,26.492515430310128
1616,404.0,-1126.0204897224903,18.928538027721654,-1107.0919516947686,1.2600448410854554,26.500851269144967
1617,404.25,-1126.0171519517899,18.925225169635098,-1107.0919267821548,1.2592380650086932,26.509019494440164
1618,404.5,-1126.0147263109684,18.922767482355884,-1107.0919588286124,1.257683896939329,26.517020115347314
1619,404.75,-1126.0129146575928,18.920959469975546,-1107.0919551876173,1.2553887983851753,26.52485382371241
1620,405.0,-1126.0115139782429,18.919542133718235,-1107.0919718445246,1.2523624708117003,26.53252202425101
1621,405.25,-1126.0102117359638,18.918195824985716,-1107.092015910978,1.2486180075686115,26.54002687683169
1622,405.5,-1126.0085763037205,18.916534202403742,-1107.0920421013168,1.2441720977728377,26.54737134897582
1623,405.75,-1126.0061753988266,18.91409831319056,-1107.092077085636,1.2390452690821339,26.55455927868311
1624,406.0,-1126.0024591982365,18.91034833695656,-1107.09211086128,1.2332621844185507,26.56159545060542
1625,406.25,-1125.9968183413148,18.90465732539513,-1107.0921610159196,1.2268519767640158,26.568485681983415
1626,406.5,-1125.988509438932,18.896308712530402,-1107.0922007264016,1.2198486448667802,26.575236923087733
1627,406.75,-1125.9767819568515,18.884500221559776,-1107.0922817352916,1.2122914555348778,26.58185736110925
1628,407.0,-1125.9607025161386,18.868352223352854,-1107.0923502927858,1.2042253825061817,26.58835653509785
1629,407.25,-1125.939329765737,18.846925383043608,-1107.0924043826935,1.1957015480934896,26.594745452329
1630,407.5,-1125.9117126688361,18.81924534813483,-1107.0924673207012,1.1867776267484054,26.60103669892229
1631,407.75,-1125.8768808469176,18.784333885749465,-1107.0925469611682,1.1775182399961666,26.60724455096531
1632,408.0,-1125.8338650092483,18.741262219716305,-1107.092602789532,1.1679953316908391,26.613385082065726
1633,408.25,-1125.781879864633,18.689223229623156,-1107.09265663501,1.1582883748653885,26.619476235701292
1634,408.5,-1125.7202964648604,18.627617138488823,-1107.0926793263716,1.148484379415214,26.625537851920075
1635,408.75,-1125.6488550528884,18.556150741557417,-1107.092704311331,1.1386776464907231,26.631591636268098
1636,409.0,-1125.5676124468446,18.47493903437131,-1107.0926734124732,1.1289692001454372,26.637661052976163
1637,409.25,-1125.4772175177932,18.384602313325647,-1107.0926152044676,1.1194659372022142,26.643771150165946
1638,409.5,-1125.3788538947701,18.286354800751347,-1107.0924990940189,1.1102794026129545,26.649948294041398
1639,409.75,-1125.2744197919965,18.182062179701273,-1107.0923576122952,1.1015241432826552,26.656219798738142
1640,410.0,-1125.1664131954312,18.07425438652196,-1107.0921588089093,1.0933157215134588,26.662613466939888
1641,410.25,-1125.0580329224467,17.966081651546006,-1107.0919512709006,1.0857683515740637,26.669157033758836
1642,410.5,-1124.9528951272368,17.861202926333352,-1107.0916922009035,1.0789922567564718,26.67587753156166
1643,410.75,-1124.8550538942218,17.76361355705717,-1107.0914403371646,1.073090868246852,26.682800603862496
1644,411.0,-1124.76857470721,17.6774105672633,-1107.0911641399468,1.0681578618032697,26.689949769822576
1645,411.25,-1124.6974959298968,17.606515469328606,-1107.0909804605683,1.0642742751066132,26.697345689831035
1646,411.5,-1124.6451821401715,17.554372447297474,-1107.090809692874,1.06150566208832,26.705005430758508
1647,411.75,-1124.6143439635634,17.52365536775631,-1107.090688595807,1.0598997604360072,26.712941840633302
1648,412.0,-1124.6066965535283,17.516029854960692,-1107.0906666985677,1.0594846663368778,26.721163037727468
1649,412.25,-1124.6227170303464,17.53200252425247,-1107.090714506094,1.0602676769737296,26.729672060109223
1650,412.5,-1124.6617003306746,17.57088160272071,-1107.090818727954,1.062235063139734,26.738466737386627
1651,412.75,-1124.7218525633216,17.63084827546792,-1107.0910042878536,1.06535257607239,26.74753974973809
1652,413.0,-1124.8003581985831,17.709134609169922,-1107.0912235894132,1.069566789075607,26.75687889793356
1653,413.25,-1124.893733046949,17.80228186544332,-1107.0914511815056,1.0748071321781159,26.766467555118727
1654,413.5,-1124.9981340691447,17.90643365185496,-1107.0917004172898,1.0809884187537684,26.776285254229894
1655,413.75,-1125.1095724999905,18.017631443836255,-1107.0919410561542,1.0880136681018029,26.786308362920977
1656,414.0,-1125.2242185771465,18.132077632706483,-1107.09214094444,1.0957770918519898,26.796510812174596
1657,414.25,-1125.338658720255,18.246350685158152,-1107.0923080350967,1.1041669550495277,26.80686480712109
1658,414.5,-1125.4500142633915,18.357563416267254,-1107.0924508471242,1.1130683763041465,26.817341534308152
1659,414.75,-1125.555988729,18.4634505550994,-1107.0925381739007,1.1223658874851734,26.827911816946575
1660,415.0,-1125.6549697816372,18.56239827376274,-1107.0925715078745,1.1319456761560616,26.83854669927612
1661,415.25,-1125.7460134327412,18.653416241464637,-1107.0925971912766,1.1416974921574063,26.849217951015856
1662,415.5,-1125.8286347687244,18.736070347929665,-1107.0925644207948,1.151516136080649,26.859898469289103
1663,415.75,-1125.902920871973,18.810393057177794,-1107.0925278147952,1.16130257858781,26.870562588424015
1664,416.0,-1125.9692611396313,18.876785027299874,-1107.0924761123315,1.1709647077326237,26.881186295128067
1665,416.25,-1126.0283212959766,18.935914676801257,-1107.0924066191753,1.180417822438879,26.891747378706135
1666,416.5,-1126.0809571146965,18.98862218959816,-1107.0923349250984,1.18958477660789,26.902225489784907
1667,416.75,-1126.128095149994,19.035840392724886,-1107.092254757269,1.1983959023723345,26.912602139516864
1668,417.0,-1126.1707065999508,19.078525844085163,-1107.0921807558657,1.206788770444367,26.922860655882978
1669,417.25,-1126.209760069847,19.11761378363866,-1107.0921462862084,1.214707754518061,26.932986084076525
1670,417.5,-1126.2460795342922,19.15398649797505,-1107.0920930363172,1.2221036833319745,26.942965111461746
1671,417.75,-1126.280484676361,19.188447377114592,-1107.0920372992464,1.228933392373868,26.952785960799464
1672,418.0,-1126.3137096464634,19.221703094059574,-1107.0920065524037,1.235159292328274,26.96243828854806
1673,418.25,-1126.3463215529919,19.254356427560626,-1107.0919651254312,1.240748941920746,26.97191308108165
1674,418.5,-1126.3788258731365,19.286907726730362,-1107.0919181464062,1.2456746444930562,26.981202557288366
1675,418.75,-1126.411667227745,19.319756025398867,-1107.0919112023462,1.2499130659261934,26.99030007365847
1676,419.0,-1126.4451117813587,19.35320416092714,-1107.0919076204316,1.2534449221617767,26.99920004944651
1677,419.25,-1126.4793547093868,19.387463453044944,-1107.0918912563418,1.2562546909801915,27.007897894203595
1678,419.5,-1126.5145363509655,19.422654577299927,-1107.0918817736656,1.2583303839011313,27.016389953276963
1679,419.75,-1126.5507116913795,19.45881094272595,-1107.0919007486536,1.259663360433924,27.024673463580015
1680,420.0,-1126.5877670645714,19.495882994942008,-1107.0918840696295,1.2602481885949803,27.03274652067419
1681,420.25,-1126.6256516575813,19.533740407547082,-1107.0919112500342,1.2600825489974727,27.04060805671983
1682,420.5,-1126.664110481739,19.5721746594942,-1107.0919358222447,1.2591672058995935,27.04825783892003
1683,420.75,-1126.702850908041,19.610900221640744,-1107.0919506864002,1.2575060114162635,27.05569647344689
1684,421.0,-1126.7415462732315,19.64955386785957,-1107.091992405372,1.2551059652309093,27.06292542811311
1685,421.25,-1126.7797219455242,19.68769310042607,-1107.0920288450982,1.2519773258877736,27.06994706655895
1686,421.5,-1126.816847383976,19.72479077871217,-1107.092056605264,1.248133772129283,27.07676469821593
1687,421.75,-1126.8523302972317,19.760228217535193,-1107.0921020796966,1.2435926051364345,27.08338263890011
1688,422.0,-1126.8854511976242,19.793289479738473,-1107.0921617178858,1.2383749997053366,27.08980628581752
1689,422.25,-1126.915372043848,19.82315626683582,-1107.0922157770121,1.232506312110475,27.09604220983061
1690,422.5,-1126.941190034151,19.848904767005024,-1107.092285267146,1.2260164033484309,27.10209825057367
1691,422.75,-1126.9618788287044,19.869504781188187,-1107.0923740475162,1.2189400452659145,27.107983637759048
1692,423.0,-1126.9762824997306,19.883823536717816,-1107.0924589630129,1.2113173312852932,27.113709113488916
1693,423.25,-1126.9831758365035,19.890637405425036,-1107.0925384310785,1.2031940988608743,27.119287059390984
1694,423.5,-1126.9812881574035,19.888652074475747,-1107.0926360829278,1.1946223592607368,27.124731626148304
1695,423.75,-1126.9692789688706,19.876537761657953,-1107.0927412072126,1.1856607137208515,27.130058862215066
1696,424.0,-1126.9458007141948,19.85297324048388,-1107.092827473711,1.1763747259990534,27.135286829891857
1697,424.25,-1126.9096210822463,19.816699409422483,-1107.0929216728239,1.1668372913788723,27.140435721724113
1698,424.5,-1126.8595831617713,19.76659274797006,-1107.0929904138013,1.1571287863581399,27.145527916750193
1699,424.75,-1126.7947969958186,19.701763170144922,-1107.0930338256737,1.147337078547233,27.150587997693613
1700,425.0,-1126.714722521603,19.621664631049615,-1107.0930578905534,1.1375572187286827,27.15564267800865
1701,425.25,-1126.6192544475198,19.52619660826405,-1107.0930578392558,1.1278908230420048,27.160720640690446
1702,425.5,-1126.5088355764747,19.4158089256343,-1107.0930266508403,1.1184451715605674,27.165852295179594
1703,425.75,-1126.3845217004418,19.291597347843517,-1107.0929243525984,1.1093319185802912,27.171069421766088
1704,426.0,-1126.2481327876449,19.15536182095166,-1107.0927709666933,1.1006654234611288,27.17640470462943
1705,426.25,-1126.102202616632,19.009619933673875,-1107.0925826829582,1.0925607269333562,27.18189115906943
1706,426.5,-1125.94992672652,18.857565979376755,-1107.0923607471434,1.0851311525930956,27.187561446749598
1707,426.75,-1125.7950692474842,18.70295871475442,-1107.0921105327297,1.0784856608483122,27.19344711379244
1708,427.0,-1125.641790419817,18.549941096202314,-1107.0918493236147,1.072726015692036,27.19957776871242
1709,427.25,-1125.4943645447493,18.402804854580904,-1107.0915596901684,1.0679438795019374,27.205980232996946
1710,427.5,-1125.3570660352707,18.26571070753671,-1107.091355327734,1.064217931022454,27.21267768968836
1711,427.75,-1125.2335613518953,18.142386309190222,-1107.0911750427051,1.0616111381367705,27.21968887144368
1712,428.0,-1125.126875847578,18.035840614392704,-1107.0910352331853,1.0601684721743012,27.227027370020327
1713,428.25,-1125.039129808545,17.948135954916868,-1107.0909938536283,1.059915146997248,27.234701094432
1714,428.5,-1124.9712563306093,17.88024683642517,-1107.0910094941842,1.0608556750818305,27.242711960919898
1715,428.75,-1124.923104584217,17.832021238443378,-1107.0910833457738,1.0629736695523313,27.25105580205084
1716,429.0,-1124.893471673131,17.80224954091697,-1107.091222132214,1.0662324949008497,27.259722523168087
1717,429.25,-1124.880225405097,17.788831534466762,-1107.0913938706303,1.070576720987087,27.26869649688202
1718,429.5,-1124.8806190490723,17.789017729138564,-1107.0916013199337,1.075934154704285,27.27795713179937
1719,429.75,-1124.8914616256952,17.79968537166207,-1107.0917762540332,1.0822184145493379,27.287479605651505
1720,430.0,-1124.9095983579755,17.81760642769734,-1107.0919919302783,1.0893318183602578,27.297235695046364
1721,430.25,-1124.9318116679788,17.839685685957715,-1107.0921259820211,1.0971682473949413,27.307194607853823
1722,430.5,-1124.9554379209876,17.863153152041,-1107.0922847689467,1.1056160485121933,27.317323829967314
1723,430.75,-1124.9780747815967,17.885695069941413,-1107.0923797116552,1.1145607540245732,27.327589925034427
1724,431.0,-1124.9979840144515,17.905527398199613,-1107.0924566162519,1.1238876125475081,27.33795928253601
1725,431.25,-1125.013891004026,17.921411863745583,-1107.0924791402804,1.1334837589026392,27.348398763783184
1726,431.5,-1125.0251224711537,17.932622616416886,-1107.0924998547368,1.143240055833546,27.35887625287681
1727,431.75,-1125.0313475206494,17.938882508943262,-1107.0924650117063,1.1530525083563161,27.369361083511023
1728,432.0,-1125.0327393636107,17.940281597744594,-1107.0924577658661,1.1628233623306612,27.379824373404045
1729,432.25,-1125.0295986756682,17.937186071481577,-1107.0924126041866,1.1724618380879281,27.390239251327696
1730,432.5,-1125.0224818065763,17.93015388502798,-1107.0923279215483,1.1818845315986122,27.400580984843888
1731,432.75,-1125.0121240094304,17.919856022422028,-1107.0922679870084,1.1910155617121618,27.410827033034952
1732,433.0,-1124.9992509260774,17.907012388281,-1107.0922385377964,1.199786468104455,27.420957023688388
1733,433.25,-1124.984518520534,17.89234488258613,-1107.092173637948,1.2081359289754505,27.430952676597666
1734,433.5,-1124.9686794951558,17.876548676536018,-1107.0921308186198,1.2160093588471086,27.44079768994685
1735,433.75,-1124.9523882493377,17.86028150510528,-1107.0921067442323,1.2233585070544932,27.450477625564048
1736,434.0,-1124.9361971840262,17.84415477075483,-1107.0920424132714,1.2301410531757688,27.459979793504505
1737,434.25,-1124.9207565709949,17.828730508174633,-1107.0920260628202,1.2363201529917545,27.469293120054967
1738,434.5,-1124.906516008079,17.81452409131142,-1107.0919919167677,1.2418640346123215,27.47840803174221
1739,434.75,-1124.8939604982734,17.802005585736204,-1107.0919549125372,1.2467455781107415,27.487316331536995
1740,435.0,-1124.883521862328,17.791602452395225,-1107.0919194099329,1.2509419534248942,27.496011093803396
1741,435.25,-1124.8756122812629,17.783703051474756,-1107.0919092297881,1.254434303294979,27.504486571469712
1742,435.5,-1124.8705470636487,17.7786598862115,-1107.0918871774372,1.2572074681957874,27.51273811611526
1743,435.75,-1124.8686399683356,17.77678808572992,-1107.0918518826056,1.2592497561805427,27.52076210988374
1744,436.0,-1124.8701967224479,17.778364912134457,-1107.0918318103134,1.2605527596991941,27.52855591264669
1745,436.25,-1124.8754505440593,17.783629595002246,-1107.0918209490571,1.2611112123293995,27.53611781984434
1746,436.5,-1124.8845968469977,17.79277599525612,-1107.0918208517417,1.2609229205916106,27.54344704488938
1747,436.75,-1124.8977443501353,17.805944902138858,-1107.0917994479964,1.2599887125974876,27.550543703198706
1748,437.0,-1124.9150291010737,17.823216662442736,-1107.091812438631,1.258312459584286,27.557408821673818
1749,437.25,-1124.9364065751433,17.84460225283554,-1107.0918043223078,1.255901126463792,27.564044353639662
1750,437.5,-1124.9618555232882,17.870032307534835,-1107.0918232157535,1.2527648891132357,27.57045321635932
1751,437.75,-1124.9911937341094,17.89934785977231,-1107.0918458743372,1.2489173001453169,27.576639342577767
1752,438.0,-1125.0241470262408,17.93229185531605,-1107.0918551709249,1.2443754828826759,27.58260774001391
1753,438.25,-1125.0603904649615,17.968497321996026,-1107.0918931429655,1.2391603841139576,27.58836456892761
1754,438.5,-1125.0994084998965,18.007479070981766,-1107.0919294289147,1.233297077207749,27.593917236157765
1755,438.75,-1125.140609614551,18.048628762607922,-1107.0919808519432,1.2268150927521666,27.59927449617493
1756,439.0,-1125.183233730495,18.09120620249475,-1107.0920275280002,1.219748815367541,27.604446573309275
1757,439.25,-1125.2264394238591,18.134335326075885,-1107.0921040977832,1.2121378831949843,27.609445283990485
1758,439.5,-1125.2691847607493,18.177013380270743,-1107.0921713804787,1.2040276261136467,27.61428417166416
1759,439.75,-1125.3103880509734,18.218125996772507,-1107.092262054201,1.195469489676364,27.618978637111628
1760,440.0,-1125.3488148227334,18.256465316625317,-1107.0923495061081,1.1865214470517909,27.623546066040557
1761,440.25,-1125.3832047060132,18.29076184207984,-1107.0924428639335,1.1772483545319419,27.628005937942163
1762,440.5,-1125.4122665748,18.319736635041092,-1107.0925299397588,1.1677223486651414,27.63237994930071
1763,440.75,-1125.4347846731544,18.342171887749497,-1107.0926127854048,1.1580230189120164,27.636692067812643
1764,441.0,-1125.4496759474277,18.356999782629515,-1107.0926761647981,1.148237400577831,27.640968531829973
1765,441.25,-1125.4561064466834,18.36340193372898,-1107.0927045129545,1.1384596964885927,27.64523776753306
1766,441.5,-1125.453660838306,18.36091180745758,-1107.0927490308484,1.1287906869784885,27.649530210856344
1767,441.75,-1125.44223818928,18.3495171870255,-1107.0927210022546,1.119336826501366,27.65387803396799
1768,442.0,-1125.4223978444934,18.329747488958596,-1107.0926503555347,1.1102089985054446,27.65831476735425
1769,442.25,-1125.395276017487,18.30272947061297,-1107.092546546874,1.1015208686073632,27.66287479928156
1770,442.5,-1125.3626372143626,18.270202934662798,-1107.0924342796998,1.093386916070391,27.66759277698617
1771,442.75,-1125.3267548531294,18.23448112291305,-1107.0922737302164,1.0859200544162158,27.672502882720995
1772,443.0,-1125.2904031053185,18.198351762741595,-1107.092051342577,1.0792290505858735,27.677638047539418
1773,443.25,-1125.2567844316363,18.164914170073292,-1107.0918702615631,1.073415697479987,27.68302909086367
1774,443.5,-1125.2290529608727,18.137360727389105,-1107.0916922334836,1.068571943661192,27.68870384633535
1775,443.75,-1125.210263505578,18.118720441873066,-1107.0915430637049,1.0647769951947517,27.694686280184552
1776,444.0,-1125.2029857039452,18.111574701901844,-1107.0914110020433,1.0620945873274632,27.700995662890424
1777,444.25,-1125.209130346775,18.117791965343994,-1107.0913383814311,1.060570715973859,27.707645878666877
1778,444.5,-1125.2296888679266,18.138316967271987,-1107.0913719006546,1.0602318758942995,27.7146448919258
1779,444.75,-1125.2644878178835,18.17303999164149,-1107.091447826242,1.061083961004185,27.721994419101428
1780,445.0,-1125.3123545348644,18.220777594988295,-1107.0915769398762,1.0631121092930806,27.729689881798883
1781,445.25,-1125.371124908328,18.279361918782552,-1107.0917629895455,1.0662812411353921,27.737720578016248
1782,445.5,-1125.4378449469805,18.345826461854966,-1107.0920184851254,1.070537448295011,27.74607010732689
1783,445.75,-1125.5089000463486,18.416666154826075,-1107.0922338915225,1.075809988940379,27.754716984066114
1784,446.0,-1125.5805867612362,18.488132936003588,-1107.0924538252325,1.082013844274364,27.763635417334836
1785,446.25,-1125.649190492928,18.55652645243694,-1107.0926640404912,1.0890525021403454,27.77279616153182
1786,446.5,-1125.7113045603037,18.618454172580616,-1107.092850387723,1.0968208690460195,27.78216740313174
1787,446.75,-1125.764003418386,18.671034629542348,-1107.0929687888436,1.1052081251707677,27.79171563002265
1788,447.0,-1125.8051076158881,18.712041745658105,-1107.09306587023,1.1141004534131438,27.80140646012072
1789,447.25,-1125.833074040711,18.739979782733904,-1107.093094257977,1.1233835755376531,27.811205410002213
1790,447.5,-1125.847192235291,18.754094208580234,-1107.0930980267108,1.1329449231679103,27.8210785522842
1791,447.75,-1125.8473665639758,18.754336313002597,-1107.0930302509732,1.1426754764548135,27.8309930703606
1792,448.0,-1125.8342320546508,18.741280650699217,-1107.0929514039515,1.1524712410317048,27.840917702380757
1793,448.25,-1125.808856189251,18.716019181291827,-1107.0928370079591,1.1622343410236688,27.850823068661978
1794,448.5,-1125.772758640349,18.680050705915892,-1107.092707934433,1.1718737735012301,27.860681895876834
1795,448.75,-1125.7277216613293,18.63516311445968,-1107.0925585468697,1.1813058690437241,27.87046915185285
1796,449.0,-1125.6757530495524,18.583323223945268,-1107.0924298256073,1.1904544334443101,27.880162083907134
1797,449.25,-1125.618862323463,18.52657113709167,-1107.0922911863713,1.1992506867868447,27.88974019674337
1798,449.5,-1125.559106580913,18.466930714511363,-1107.0921758664017,1.2076329589400596,27.89918515524762
1799,449.75,-1125.4983980581164,18.40635485200885,-1107.0920432061075,1.2155463125380754,27.908480667467405
1800,450.0,-1125.4386249929667,18.34668136957074,-1107.091943623396,1.2229421470090815,27.91761236107903
1801,450.25,-1125.3814446255565,18.28959885161311,-1107.0918457739433,1.2297778022916284,27.92656766178207
1802,450.5,-1125.3283795639873,18.236622816582297,-1107.091756747405,1.2360160979317192,27.935335650578402
1803,450.75,-1125.280745960772,18.189074860099428,-1107.0916711006726,1.2416249214074486,27.943906936349183
1804,451.0,-1125.2396882250905,18.148071549494222,-1107.0916166755962,1.2465768207271728,27.95227353089769
1805,451.25,-1125.2060952410102,18.114519834947146,-1107.091575406063,1.2508486393655702,27.960428736381335
1806,451.5,-1125.180649138987,18.089119206863597,-1107.0915299321234,1.2544211874272255,27.96836704424709
1807,451.75,-1125.1638688892126,18.07236800842517,-1107.0915008807874,1.2572789662894546,27.976084050027413
1808,452.0,-1125.156092837453,18.064569234481336,-1107.0915236029716,1.259409936579884,27.983576381662576
1809,452.25,-1125.1573595032096,18.065840702413478,-1107.0915188007962,1.2608053249007543,27.990841640511388
1810,452.5,-1125.1676414757967,18.076126418144007,-1107.0915150576527,1.2614594813446334,27.99787835622346
1811,452.75,-1125.1867439895868,18.095207516441633,-1107.0915364731452,1.2613697831169586,28.004685955496928
1812,453.0,-1125.21429412812,18.122714647831717,-1107.0915794802881,1.2605365999972995,28.011264751903756
1813,453.25,-1125.2497537359595,18.15814044308107,-1107.0916132928785,1.2589632967283677,28.017615943615397
1814,453.5,-1125.2925336435437,18.200852976243404,-1107.0916806673004,1.2566562825719052,28.023741625588478
1815,453.75,-1125.3418184816837,18.25010394208739,-1107.0917145395963,1.2536251226651973,28.029644821285896
1816,454.0,-1125.3968223407865,18.30503478696166,-1107.0917875538248,1.2498826859862717,28.035329523255868
1817,454.25,-1125.4565262496471,18.364682578603936,-1107.0918436710433,1.2454453378900558,28.04080074690218
1818,454.5,-1125.519911326468,18.4279860065485,-1107.0919253199195,1.240333204178696,28.046064607069663
1819,454.75,-1125.5857938975096,18.49378927203631,-1107.0920046254732,1.2345704425270754,28.051128393277065
1820,455.0,-1125.6529328003526,18.560845211579654,-1107.092087588773,1.2281855824024497,28.05600066693918
1821,455.25,-1125.720012307167,18.62781967134232,-1107.0921926358246,1.22121190954417,28.060691370224077
1822,455.5,-1125.7855722382665,18.69330049388038,-1107.0922717443862,1.2136878688391388,28.065211938800616
1823,455.75,-1125.848196029663,18.75581285398297,-1107.0923831756802,1.2056575048600602,28.06957542710684
1824,456.0,-1125.9063032716513,18.813838404334977,-1107.0924648673163,1.1971708854467955,28.073796624963897
1825,456.25,-1125.9584217965603,18.86584246420889,-1107.0925793323513,1.1882845179176438,28.07789217287321
1826,456.5,-1126.0029839873314,18.91030900711432,-1107.092674980217,1.1790617289214051,28.08188066494844
1827,456.75,-1126.038578480482,18.945791024889363,-1107.0927874555928,1.1695730501010053,28.085782752038952
1828,457.0,-1126.0638396665454,18.970979837427933,-1107.0928598291175,1.15989644707652,28.08962119877392
1829,457.25,-1126.0776946693659,18.984788772636094,-1107.0929058967297,1.1501173528328716,28.093420881967283
1830,457.5,-1126.0793963819742,18.98645461231392,-1107.0929417696602,1.1403284571340755,28.097208717022585
1831,457.75,-1126.0685846880078,18.97564101375205,-1107.0929436742558,1.1306291538356155,28.101013484808373
1832,458.0,-1126.0454439371824,18.952537253821035,-1107.0929066833614,1.1211247320628726,28.1048655844484
1833,458.25,-1126.0107712596655,18.91794525737753,-1107.092826002288,1.1119251742255964,28.108796673029147
1834,458.5,-1125.9660308137536,18.873337929321238,-1107.0926928844324,1.103143618187095,28.11283920946248
1835,458.75,-1125.9134022891521,18.820880551996066,-1107.0925217371562,1.0948944296242151,28.117025889503104
1836,459.0,-1125.8557243794203,18.76339893527992,-1107.0923254441404,1.087290910816828,28.12138897949791
1837,459.25,-1125.7963808104396,18.704282071937232,-1107.0920987385023,1.0804427352123582,28.125959575872066
1838,459.5,-1125.7391578108072,18.647321464041642,-1107.0918363467656,1.0744531891476172,28.13076681496261
1839,459.75,-1125.688082240522,18.596490094068056,-1107.0915921464539,1.0694162945408945,28.135837058025814
1840,460.0,-1125.6470393538475,18.555670607830546,-1107.091368746017,1.0654138759000187,28.141193067278852
1841,460.25,-1125.619554117322,18.52836026046318,-1107.0911938568588,1.0625128338447254,28.146853246460957
1842,460.5,-1125.6084495037794,18.517385595067577,-1107.091063908712,1.0607627502873787,28.152830986397383
1843,460.75,-1125.6156764030457,18.524661352714322,-1107.0910150503314,1.0601939597002914,28.159134152362633
1844,461.0,-1125.6420504972339,18.55102882827407,-1107.09102166896,1.060816385804503,28.165764791935192
1845,461.25,-1125.6873289346695,18.596196868423043,-1107.0911320662465,1.062619181788932,28.1727190734227
1846,461.5,-1125.7500539720058,18.658796032248254,-1107.0912579397575,1.0655710746591849,28.179987430318608
1847,461.75,-1125.8279956951737,18.73653425993606,-1107.0914614352378,1.0696216988928733,28.187554974825495
1848,462.0,-1125.9180877283216,18.82642912054436,-1107.0916586077772,1.0747034034629033,28.1954020504724
1849,462.25,-1126.01696588099,18.92508926318659,-1107.0918766178033,1.0807337500552363,28.203504965386742
1850,462.5,-1126.1210700944066,19.028998231442714,-1107.0920718629638,1.0876182540201602,28.21183679030122
1851,462.75,-1126.2270607948303,19.134773565291,-1107.0922872295394,1.095253276766469,28.220368189706253
1852,463.0,-1126.3318161442876,19.239379436473033,-1107.0924367078146,1.1035289091108256,28.229068240433683
1853,463.25,-1126.4328193441033,19.34028007600718,-1107.092539268096,1.112331744783891,28.237905212127302
1854,463.5,-1126.5281296297908,19.435526638091414,-1107.0926029916993,1.1215474387945723,28.246847279387325
1855,463.75,-1126.6164241060615,19.52378665588686,-1107.0926374501746,1.1310629597258701,28.25586314277959
1856,464.0,-1126.6969741210341,19.60432163920445,-1107.0926524818296,1.1407684967841079,28.264922547897342
1857,464.25,-1126.7695321068168,19.676922775260557,-1107.092609331556,1.150559008302103,28.27399670069357
1858,464.5,-1126.8343818038702,19.741822777490867,-1107.0925590263794,1.1603353794334268,28.28305857204013
1859,464.75,-1126.892102882266,19.799593289755155,-1107.0925095925109,1.1700052436444282,28.292083107273246
1860,465.0,-1126.9434803500772,19.85104156734929,-1107.0924387827279,1.1794835006903641,28.301047351221737
1861,465.25,-1126.9894646033645,19.89711338654388,-1107.0923512168206,1.1886925290914105,28.30993048931351
1862,465.5,-1127.0310927331448,19.93881077466712,-1107.0922819584775,1.1975621211757246,28.318713813101315
1863,465.75,-1127.0693429261446,19.977127605148265,-1107.0922153209963,1.206029272151527,28.327380647070825
1864,466.0,-1127.105178028345,20.013004754516512,-1107.0921732738286,1.214037770950646,28.33591622240864
1865,466.25,-1127.1394154801965,20.047303329261084,-1107.0921121509355,1.2215378321567465,28.344307564637802
1866,466.5,-1127.1728570759296,20.0807852316977,-1107.092071844232,1.2284856764834085,28.35254336669753
1867,466.75,-1127.206132903695,20.114102455293246,-1107.0920304484018,1.234843102733073,28.360613863351627
1868,467.0,-1127.239801004529,20.14779544568018,-1107.0920055588488,1.2405770468992317,28.3685107012158
1869,467.25,-1127.2742928117514,20.182297204205906,-1107.0919956075454,1.245659185844976,28.3762268242146
1870,467.5,-1127.3099047392607,20.21794050847515,-1107.0919642307856,1.2500655567696752,28.38375636370674
1871,467.75,-1127.3469488322735,20.25496949907952,-1107.0919793331939,1.2537762167729267,28.391094539000573
1872,468.0,-1127.3855023235083,20.29354943434954,-1107.0919528891586,1.2567749669561754,28.39823757826682
1873,468.25,-1127.4257393851876,20.33377467226716,-1107.0919647129206,1.2590490982507543,28.405182643628926
1874,468.5,-1127.4676355421543,20.375676668125717,-1107.0919588740287,1.2605892001290389,28.411927775154382
1875,468.75,-1127.5111998841166,20.419232706394798,-1107.091967177722,1.2613890054540475,28.418471844015237
1876,469.0,-1127.556357063353,20.464374118241466,-1107.0919829451116,1.2614452953759998,28.42481452244284
1877,469.25,-1127.6029678285122,20.510990181650115,-1107.091977646862,1.2607578468128566,28.430956264467756
1878,469.5,-1127.6509369835258,20.558928856649505,-1107.0920081268762,1.2593294218406166,28.436898297660303
1879,469.75,-1127.7000035569072,20.607993400047622,-1107.0920101568595,1.2571658154067753,28.442642630192992
1880,470.0,-1127.7499859929085,20.657939568137902,-1107.0920464247706,1.2542759553871012,28.44819207152507
1881,470.25,-1127.8005266711116,20.708471526437076,-1107.0920551446745,1.250672037692345,28.4535502613944
1882,470.5,-1127.8513010591269,20.759230818111842,-1107.092070241015,1.2463697195784218,28.458721712934203
1883,470.75,-1127.9018888622522,20.809788963686024,-1107.0920998985662,1.2413883585201786,28.463711867724115
1884,471.0,-1127.951785609126,20.859641891269245,-1107.0921437178567,1.2357512899646341,28.468527158885237
1885,471.25,-1128.0003973171115,20.908201283291632,-1107.0921960338198,1.2294861546381335,28.473175086696028
1886,471.5,-1128.047032237053,20.954790583240378,-1107.0922416538126,1.222625267344923,28.477664302551453
1887,471.75,-1128.090960510075,20.998642938312823,-1107.0923175717624,1.2152060286932431,28.482004703324254
1888,472.0,-1128.1312720924616,21.038904271108198,-1107.0923678213535,1.207271346429788,28.48620752607335
1889,472.25,-1128.1670822426677,21.07464299339889,-1107.0924392492689,1.198870068020958,28.490285442931803
1890,472.5,-1128.1973663568497,21.104869286723385,-1107.0924970701262,1.1900574084985942,28.494252654630163
1891,472.75,-1128.2211375311017,21.12856182354394,-1107.0925757075577,1.1808953200395729,28.49812496545401
1892,473.0,-1128.2373510748148,21.144709569067988,-1107.0926415057468,1.1714528984945198,28.50191986651481
1893,473.25,-1128.2450932264328,21.152376600989456,-1107.0927166254432,1.1618066368504292,28.50565657830406
1894,473.5,-1128.2435473501682,21.15078287832703,-1107.0927644718413,1.1520405132931704,28.50935605030425
1895,473.75,-1128.2321898564696,21.139401576553784,-1107.0927882799158,1.1422458260059218,28.51304089626438
1896,474.0,-1128.2108578458428,21.118060615373903,-1107.092797230469,1.1325207075587245,28.51673525008819
1897,474.25,-1128.1797888316214,21.087043241229733,-1107.0927455903916,1.122969385364134,28.52046455999795
1898,474.5,-1128.1398450285196,21.047177272366905,-1107.0926677561527,1.1137010343259937,28.524255284819226
1899,474.75,-1128.0924616232514,20.99989798314136,-1107.09256364011,1.1048283094228564,28.52813451565075
1900,475.0,-1128.039659395814,20.947278430798576,-1107.0923809650153,1.0964654941599405,28.53212951018683
1901,475.25,-1127.9841882437468,20.892008700645892,-1107.0921795431009,1.0887263099955997,28.53626715060392
1902,475.5,-1127.929271005094,20.837311989004434,-1107.0919590160897,1.0817213613116083,28.540573326387854
1903,475.75,-1127.8785265386105,20.786795835551235,-1107.0917307030593,1.0755554145105122,28.545072285811127
1904,476.0,-1127.835731498897,20.744242241916297,-1107.0914892569808,1.0703245320942767,28.549785967336064
1905,476.25,-1127.8046280816197,20.71335012244159,-1107.0912779591781,1.0661131767783154,28.55473333778119
1906,476.5,-1127.7885566949844,20.69744861791586,-1107.0911080770686,1.0629913844215975,28.559929761861557
1907,476.75,-1127.7902063280344,20.699210079053554,-1107.090996248981,1.0610122954008148,28.565386469848967
1908,477.0,-1127.8113653436303,20.720400141323918,-1107.0909652023065,1.0602101411843794,28.57111014649058
1909,477.25,-1127.8526891842484,20.761702780457323,-1107.090986403791,1.0605989209126319,28.57710269093411
1910,477.5,-1127.9137315303087,20.82264540582269,-1107.091086124486,1.0621718362149086,28.583361161449353
1911,477.75,-1127.992891035974,20.90163378036793,-1107.091257255606,1.0649015868833451,28.589877917203484
1912,478.0,-1128.0875378400087,20.9960929080257,-1107.091444931983,1.0687414033666283,28.596640935160764
1913,478.25,-1128.1944006234407,21.102694737312518,-1107.0917058861282,1.073626854081591,28.603634291117917
1914,478.5,-1128.3095786124468,21.217632799541512,-1107.0919458129054,1.0794781931299864,28.61083875766466
1915,478.75,-1128.429090410471,21.336913273955602,-1107.0921771365154,1.086203052298501,28.61823246801636
1916,479.0,-1128.5490215867758,21.4566237557963,-1107.0923978309795,1.0936993679805467,28.625791614129422
1917,479.25,-1128.6657534316182,21.573160582566086,-1107.0925928490522,1.1018582391233034,28.633491117620327
1918,479.5,-1128.7761530652642,21.683396530611837,-1107.0927565346524,1.1105667313702448,28.641305272698276
1919,479.75,-1128.8776474297047,21.78478533491707,-1107.0928620947875,1.119710484204375,28.649208331437283
1920,480.0,-1128.9683206751943,21.8754035550193,-1107.092917120175,1.1291760592946025,28.657175019561127
1921,480.25,-1129.0469009429216,21.953937191394054,-1107.0929637515276,1.1388528697462137,28.665180949906816
1922,480.5,-1129.1125931218266,22.019630715347965,-1107.0929624064786,1.1486348359807133,28.673202966656792
1923,480.75,-1129.1651502475142,22.072205735794356,-1107.09294451172,1.1584216011072392,28.68121938821438
1924,481.0,-1129.2046803310513,22.111765575716902,-1107.0929147553345,1.1681194205530003,28.689210174452867
1925,481.25,-1129.2315581217408,22.138696403514142,-1107.0928617182267,1.1776417368750425,28.697157023484657
1926,481.5,-1129.246384292841,22.153573466442058,-1107.0928108263988,1.1869094600680354,28.70504340443761
1927,481.75,-1129.2498432546854,22.157080916593774,-1107.0927623380917,1.195850936829917,28.71285452295986
1928,482.0,-1129.242666989565,22.14994778352048,-1107.0927192060444,1.2044017783032461,28.720577259010547
1929,482.25,-1129.2255791127682,22.132909420700766,-1107.0926696920674,1.2125044711816022,28.728200059720358
1930,482.5,-1129.1992957890034,22.1066864056463,-1107.092609383357,1.2201079925010443,28.735712835729377
1931,482.75,-1129.1645342633128,22.07196793508741,-1107.0925663282253,1.2271674274778877,28.74310686146317
1932,483.0,-1129.1219392493367,22.02940625781131,-1107.0925329915253,1.2336435079243855,28.75037465858469
1933,483.25,-1129.072114892304,21.979619151731896,-1107.092495740572,1.2395021975955403,28.757509894510747
1934,483.5,-1129.0156469866633,21.923198217435967,-1107.0924487692273,1.244714279358649,28.76450728100026
1935,483.75,-1128.953145287931,21.860716813461114,-1107.09242847447,1.2492549567333289,28.77136247883538
1936,484.0,-1128.8851399496198,21.79274109628749,-1107.0923988533323,1.2531035217656776,28.77807201814768
1937,484.25,-1128.8122068718076,21.719842557645965,-1107.0923643141616,1.2562430599659644,28.78463322715942
1938,484.5,-1128.7349283769727,21.642605297373162,-1107.0923230795995,1.2586601954400096,28.791044170261586
1939,484.75,-1128.6539226844907,21.561631352820267,-1107.0922913316704,1.260344882279636,28.79730359685314
1940,485.0,-1128.569789595902,21.477541494834945,-1107.092248101067,1.2612902501032832,28.803410901432322
1941,485.25,-1128.483194552362,21.390980049967297,-1107.0922145023947,1.2614924877123637,28.80936609260572
1942,485.5,-1128.394777663052,21.302619053545843,-1107.0921586095062,1.2609507851174047,28.815169772786785
1943,485.75,-1128.3052780255675,21.21315318296621,-1107.0921248426014,1.2596673169795614,28.82082312750641
1944,486.0,-1128.2153553441167,21.123289216940453,-1107.0920661271762,1.2576472819559334,28.826327925724172
1945,486.25,-1128.1257793456316,21.033731923027283,-1107.0920474226043,1.2548989813061326,28.831686525597963
1946,486.5,-1128.0371508598328,20.94516849125178,-1107.091982368581,1.2514339583432628,28.836901894677766
1947,486.75,-1127.9502105116844,20.85824786708422,-1107.0919626446002,1.247267174397053,28.841977632098445
1948,487.0,-1127.8654854595661,20.773560679818335,-1107.0919247797478,1.2424172441720913,28.84691800615428
1949,487.25,-1127.7835163027048,20.691617521904586,-1107.0918987808002,1.2369066994329179,28.85172799242412
1950,487.5,-1127.7047115266323,20.612823699832905,-1107.0918878267994,1.2307623068782902,28.85641332147273
1951,487.75,-1127.6293327510357,20.537454330151974,-1107.0918784208836,1.2240154375771333,28.860980535996628
1952,488.0,-1127.5575264841318,20.46563382104107,-1107.0918926630907,1.2167024603588141,28.865437047790387
1953,488.25,-1127.4892132729292,20.397322239580294,-1107.091891033349,1.208865171081403,28.869791201308512
1954,488.5,-1127.4242380410433,20.332305023531248,-1107.091933017512,1.2005512210401772,28.874052333690127
1955,488.75,-1127.3621592521667,20.27019614954466,-1107.091963102622,1.1918145456864806,28.87823083186292
1956,489.0,-1127.3024686425924,20.210454692505945,-1107.0920139500865,1.1827157475390078,28.882338178999582
1957,489.25,-1127.2444892674685,20.15241294539927,-1107.0920763220693,1.1733224929752537,28.886387000561278
1958,489.5,-1127.1874700933695,20.095327888823146,-1107.0921422045462,1.163709818004636,28.89039109036279
1959,489.75,-1127.1306454613805,20.038454606742995,-1107.0921908546375,1.1539602356437415,28.894365399158925
1960,490.0,-1127.07338270545,19.981135311961484,-1107.0922473934886,1.1441636279241842,28.89832598286731
1961,490.25,-1127.0151524618268,19.922899697667816,-1107.092252764159,1.1344168413740414,28.902289897800507
1962,490.5,-1126.9558287411928,19.863569780327328,-1107.0922589608656,1.1248229801474383,28.90627504367505
1963,490.75,-1126.8956020846963,19.803365860773617,-1107.0922362239228,1.1154903635331679,28.910299950866147
1964,491.0,-1126.835142493248,19.742994014831115,-1107.092148478417,1.106531103764211,28.91438350712302
1965,491.25,-1126.7757602408528,19.683694665850247,-1107.0920655750026,1.0980593301629564,28.918544630533418
1966,491.5,-1126.7191588655114,19.627243897678994,-1107.0919149678325,1.0901890496926092,28.922801892102488
1967,491.75,-1126.6676681116223,19.575898341992815,-1107.0917697696295,1.0830316862337805,28.92717309435902
1968,492.0,-1126.6238376051188,19.53227890837158,-1107.0915586967471,1.0766933849270375,28.9316748282956
1969,492.25,-1126.5905910879374,19.499192921140956,-1107.0913981667964,1.0712721394831106,28.936322016423286
1970,492.5,-1126.5706710070372,19.47940631170661,-1107.0912646953307,1.0668549146777093,28.941127476145773
1971,492.75,-1126.56650441885,19.47537623784559,-1107.0911281810043,1.063514782812146,28.946101504368684
1972,493.0,-1126.5800295472145,19.48897543575334,-1107.091054111461,1.0613083694123286,28.95125152998007
1973,493.25,-1126.6123059540987,19.52124801488311,-1107.0910579392155,1.0602737318868432,28.95658185584421
1974,493.5,-1126.6633502691984,19.572231010993885,-1107.0911192582046,1.0604289187472669,28.96209351986324
1975,493.75,-1126.7321150898933,19.640869751183196,-1107.0912453387102,1.06177122003981,28.96778427929616
1976,494.0,-1126.816479191184,19.72504099041931,-1107.0914382007647,1.0642772695699434,28.973648727576236
1977,494.25,-1126.9133482426405,19.82168275848139,-1107.0916654841592,1.0679040143053808,28.97967854051455
1978,494.5,-1127.01895801723,19.927012295763536,-1107.0919457214666,1.0725903122131595,28.98586281822942
1979,494.75,-1127.1290088891983,20.036804728690832,-1107.0922041605074,1.0782592081436901,28.992188508772617
1980,495.0,-1127.2391667440534,20.14669330029076,-1107.0924734437626,1.0848205854104045,28.998640875003947
1981,495.25,-1127.3451432362199,20.252441921142637,-1107.0927013150772,1.0921740666904811,29.00520397705111
1982,495.5,-1127.4430802091956,20.350176380159574,-1107.092903829036,1.1002118575065356,29.01186112944654
1983,495.75,-1127.529629521072,20.43656917164262,-1107.0930603494294,1.108821601102031,29.01859533791485
1984,496.0,-1127.6021245196462,20.508959025990244,-1107.093165493656,1.1178890274084368,29.025389687573156
1985,496.25,-1127.658637098968,20.565401773686176,-1107.093235325282,1.1273003399700392,29.03222768046145
1986,496.5,-1127.6979318782687,20.604665000888353,-1107.0932668773803,1.1369442587281748,29.039093507966914
1987,496.75,-1127.719400472939,20.626181286955173,-1107.0932191859838,1.1467137100719011,29.045972264407123
1988,497.0,-1127.7231485322118,20.629968507178305,-1107.0931800250335,1.1565071306160004,29.05285009860888
1989,497.25,-1127.7096480503678,20.616532610522448,-1107.0931154398454,1.1662294295803834,29.05971431277057
1990,497.5,-1127.6797863021493,20.586766004638086,-1107.0930202975112,1.1757926129222487,29.066553412003646
1991,497.75,-1127.6347750499845,20.541846175630145,-1107.0929288743544,1.185116115704772,29.073357113177217
1992,498.0,-1127.5759611204267,20.48314399947324,-1107.0928171209534,1.1941268386494035,29.080116314777023
1993,498.25,-1127.5048721060157,20.41214665663007,-1107.0927254493856,1.2027589991521044,29.08682304328782
1994,498.5,-1127.423019118607,20.330399115883523,-1107.0926200027236,1.2109537613372614,29.093470373881665
1995,498.75,-1127.3319702520967,20.239465796068746,-1107.0925044560279,1.2186588690444586,29.10005235502348
1996,499.0,-1127.233310200274,20.14090098343694,-1107.092409216837,1.225828233898799,29.10656392818675
1997,499.25,-1127.1285379007459,20.036228714946795,-1107.092309185799,1.232421516950782,29.11300085265659
1998,499.5,-1127.019145540893,19.926926706434344,-1107.0922188344587,1.238403689190385,29.11935962824999
1999,499.75,-1126.9065602496266,19.814417159947325,-1107.0921430896792,1.24374461745782,29.125637424667538
2000,500.0,-1126.79211961478,19.700066053155577,-1107.0920535616244,1.2484186705227622,29.13183201733305
2001,500.25,-1126.6771517321467,19.585181848818696,-1107.0919698833281,1.2524043642533118,29.137941727177342
2002,500.5,-1126.5629182234406,19.471016175608103,-1107.0919020478325,1.2556840625534167,29.14396537223066
2003,500.75,-1126.4505885466933,19.358765605835714,-1107.0918229408576,1.258243712695225,29.149902222931846
2004,501.0,-1126.3413320407271,19.249568441220806,-1107.0917635995063,1.260072629022644,29.155751964003176
2005,501.25,-1126.2361839339137,19.144499328763843,-1107.0916846051498,1.261163329478892,29.16151466627246
2006,501.5,-1126.136198721826,19.044566122744047,-1107.091632599082,1.2615114114496262,29.167190762313638
2007,501.75,-1126.0422584339976,18.950701978423727,-1107.091556455574,1.2611154787369954,29.17278102659416
2008,502.0,-1125.9552983567119,18.863754832854493,-1107.0915435238574,1.2599771178008194,29.178286564294798
2009,502.25,-1125.8759590312839,18.7844750667289,-1107.091483964555,1.2581009298932582,29.183708805067184
2010,502.5,-1125.8049621209502,18.71350175333138,-1107.0914603676188,1.2554946001092877,29.18904950095098
2011,502.75,-1125.7427775785327,18.651349756409573,-1107.091427822123,1.2521690221251411,29.194310728510562
2012,503.0,-1125.6898190006614,18.59839490612033,-1107.091424094541,1.2481384723274958,29.199494896986753
2013,503.25,-1125.6462839320302,18.554858437236955,-1107.0914254947932,1.2434208285886499,29.20460475954284
2014,503.5,-1125.6122240051627,18.5207924272471,-1107.0914315779157,1.2380378285461313,29.209643426832823
2015,503.75,-1125.58753605932,18.496068134310615,-1107.0914679250093,1.2320153859257694,29.214614385555265
2016,504.0,-1125.5718448981643,18.48036593208654,-1107.0914789660778,1.2253839321381248,29.21952151606148
2017,504.25,-1125.5647165104747,18.473169825313725,-1107.091546685161,1.2181788274836958,29.22436911697829
2018,504.5,-1125.565372876823,18.47376699121425,-1107.0916058856087,1.2104407674226336,29.22916192418682
2019,504.75,-1125.572929315269,18.48125408078517,-1107.0916752344838,1.202216220359236,29.23390513118981
2020,505.0,-1125.5863062366843,18.494556453848496,-1107.091749782836,1.1935578612254916,29.238604406052502
2021,505.25,-1125.604323707521,18.51245634163466,-1107.0918673658864,1.1845249552521233,29.243265899689003
2022,505.5,-1125.625582396984,18.533630595581272,-1107.0919518014027,1.1751837509894927,29.24789625228732
2023,505.75,-1125.648746341467,18.55671027002718,-1107.0920360714397,1.1656078233573621,29.252502591287872
2024,506.0,-1125.6725078374147,18.58036218680921,-1107.0921456506055,1.1558782233890321,29.25709250929994
2025,506.25,-1125.695594727993,18.60338401765951,-1107.0922107103336,1.1460834120507266,29.261674019825303
2026,506.5,-1125.7170831263065,18.624814493482404,-1107.092268632824,1.136318917290209,29.266255488880585
2027,506.75,-1125.7363483309746,18.644045362433275,-1107.0923029685414,1.1266866881577287,29.2708455406023
2028,507.0,-1125.7532215341926,18.66092597999827,-1107.0922955541944,1.1172941147001243,29.275452937775817
2029,507.25,-1125.7680846080184,18.675851789753416,-1107.092232818265,1.1082526950642555,29.280086438881725
2030,507.5,-1125.7819579318166,18.689817154696424,-1107.0921407771202,1.0996763159255123,29.28475463139998
2031,507.75,-1125.7964294925332,18.70442632082105,-1107.0920031717121,1.0916792069201284,29.289465749422625
2032,508.0,-1125.8137048259377,18.721848894352274,-1107.0918559315855,1.0843735101866012,29.294227477919684
2033,508.25,-1125.8363707214594,18.744706181577477,-1107.091664539882,1.0778666234536827,29.299046755281356
2034,508.5,-1125.8674079328775,18.775895473333723,-1107.0915124595438,1.0722583610652656,29.303929581222874
2035,508.75,-1125.9096683561802,18.818362358531395,-1107.0913059976488,1.0676380687418205,29.308880845131497
2036,509.0,-1125.9660166352987,18.87483262241736,-1107.0911840128813,1.0640817691559574,29.313904176672143
2037,509.25,-1126.0386292338371,18.947530231637465,-1107.0910990021996,1.0616494943887456,29.319001833608443
2038,509.5,-1126.1289761513472,19.037917604736755,-1107.0910585466104,1.0603830830501122,29.324174642693784
2039,509.75,-1126.2375779524446,19.146495973696652,-1107.091081978748,1.0603045774576463,29.32942199427273
2040,510.0,-1126.3638832643628,19.27269623198825,-1107.0911870323746,1.0614153549894876,29.33474189992963
2041,510.25,-1126.506217904389,19.414878325761457,-1107.0913395786274,1.063696061489367,29.340131104015164
2042,510.5,-1126.6620122119784,19.570438757518872,-1107.0915734544596,1.0671073778380986,29.34558524398152
2043,510.75,-1126.8278042897582,19.73600911153936,-1107.091795178219,1.0715915571091215,29.35109905072801
2044,511.0,-1126.9997859224677,19.907720551721717,-1107.092065370746,1.0770745453587325,29.356666566135925
2045,511.25,-1127.1738108173013,20.081493573170224,-1107.092317244131,1.083468586999784,29.362281371996072
2046,511.5,-1127.3458731397986,20.253318405183872,-1107.0925547346149,1.0906750717584939,29.36793680874664
2047,511.75,-1127.5122345238924,20.419499827531222,-1107.0927346963613,1.098587439500502,29.373626173502593
2048,512.0,-1127.669732145965,20.576847951089192,-1107.092884194876,1.1070940161460354,29.37934289532666
2049,512.25,-1127.8157927542925,20.7228055256283,-1107.0929872286642,1.1160807058015778,29.38508068027253
2050,512.5,-1127.9485586434603,20.855504041739962,-1107.0930546017203,1.1254334579670326,29.39083362749603
2051,512.75,-1128.0668240189552,20.97376508378088,-1107.0930589351744,1.135040351664585,29.3965963115848
2052,513.0,-1128.1701020747423,21.07705588429595,-1107.0930461904463,1.1447933745511722,29.402363838993054
2053,513.25,-1128.2584119439125,21.165409685095998,-1107.0930022588166,1.154589790645051,29.408131875481523
2054,513.5,-1128.3322645276785,21.239326178327932,-1107.0929383493506,1.1643331829594334,29.413896653885487
2055,513.75,-1128.3925249427557,21.299659294960787,-1107.092865647795,1.173934134380151,29.419654963027256
2056,514.0,-1128.4402773678303,21.347506720360062,-1107.0927706474702,1.1833106096235009,29.425404122604046
2057,514.25,-1128.4767703786492,21.38410828570964,-1107.0926620929397,1.192388055466776,29.43114194792969
2058,514.5,-1128.5033382698894,21.410762642380874,-1107.0925756275085,1.2010992716493303,29.43686670708946
2059,514.75,-1128.5212627574801,21.428764566227493,-1107.0924981912526,1.2093840965718412,29.442577075714336
2060,515.0,-1128.531787313521,21.43936329121987,-1107.092424022301,1.2171890121799145,29.448272091266702
2061,515.25,-1128.5360917821527,21.443731086606274,-1107.0923606955464,1.2244667531803228,29.45395111126578
2062,515.5,-1128.535235337913,21.4429371022055,-1107.0922982357076,1.2311758887242799,29.45961377414051
2063,515.75,-1128.5301679000258,21.437934519863866,-1107.092233380162,1.2372803833374586,29.465259962380706
2064,516.0,-1128.5217405185103,21.429555155783483,-1107.092185362727,1.2427491773974617,29.47088976943341
2065,516.25,-1128.5106606259942,21.41850657538269,-1107.0921540506115,1.247555784320227,29.47650346938082
2066,516.5,-1128.4974893555045,21.40537283134604,-1107.0921165241584,1.2516779327275538,29.48210149221879
2067,516.75,-1128.4827256575227,21.39061892677247,-1107.0921067307502,1.2550972528754194,29.487684400080965
2068,517.0,-1128.4667039588094,21.374601564885005,-1107.0921023939243,1.2577990085387463,29.4932528676181
2069,517.25,-1128.449680365622,21.357579009885324,-1107.0921013557368,1.2597718724564213,29.498807664297082
2070,517.5,-1128.4318123310804,21.339720102589872,-1107.0920922284906,1.2610077430473865,29.504349639469584
2071,517.75,-1128.4132076501846,21.321113492611143,-1107.0920941575735,1.2615016211622685,29.509879708865903
2072,518.0,-1128.3938744440675,21.30177380786303,-1107.0921006362043,1.2612515241211306,29.515398841741938
2073,518.25,-1128.3737434074283,21.281646594581538,-1107.0920968128466,1.2602584534571877,29.520908051225202
2074,518.5,-1128.3527325615287,21.260612860933847,-1107.0921197005948,1.2585264143413206,29.526408383466066
2075,518.75,-1128.3306315913796,21.2384920570562,-1107.0921395343235,1.2560624791368193,29.531900907143605
2076,519.0,-1128.3071963712573,21.215041170709245,-1107.092155200548,1.2528768996216788,29.537386705619866
2077,519.25,-1128.2821533158422,21.189954113218445,-1107.0921992026238,1.2489832744437013,29.542866864882495
2078,519.5,-1128.255075968802,21.162863115154952,-1107.092212853647,1.2443987544021287,29.548342462662674
2079,519.75,-1128.22559633106,21.13333797741242,-1107.0922583536476,1.239144298748698,29.55381455891917
2080,520.0,-1128.1931792274117,21.100881774122364,-1107.0922974532893,1.2332449751738666,29.55928417921376
2081,520.25,-1128.1572746261954,21.064928393160535,-1107.092346233035,1.2267303022970466,29.564752301086383
2082,520.5,-1128.1172495409846,21.024844478810973,-1107.0924050621736,1.2196346404354212,29.57021983569425
2083,520.75,-1128.0723856315017,20.97993594506964,-1107.092449686432,1.21199760452752,29.575687608319367
2084,521.0,-1128.0219767913222,20.929460429030982,-1107.0925163622912,1.2038644971003731,29.58115633320575
2085,521.25,-1127.9652060493827,20.87264424360097,-1107.0925618057818,1.195286741379253,29.586626588160282
2086,521.5,-1127.9013287425041,20.80870564021108,-1107.0926231022931,1.1863222832446605,29.59209878423799
2087,521.75,-1127.829573854804,20.7368869918191,-1107.092686862985,1.1770359700596447,29.5975731318537
2088,522.0,-1127.7492301240563,20.65650512586433,-1107.092724998192,1.1674999249100748,29.603049604852288
2089,522.25,-1127.659788325429,20.56701809763819,-1107.0927702277909,1.1577937248614003,29.60852790143413
2090,522.5,-1127.5608955398202,20.468107355925962,-1107.0927881838943,1.1480043962070952,29.614007405496984
2091,522.75,-1127.4525669142604,20.359776702012066,-1107.0927902122482,1.1382261229351696,29.61948714941344
2092,523.0,-1127.335181683302,20.242449613219385,-1107.0927320700825,1.1285596650045662,29.62496578129935
2093,523.25,-1127.209709763527,20.117059082317933,-1107.092650681209,1.1191114408762897,29.63044153980932
2094,523.5,-1127.077669620514,19.985118773321553,-1107.0925508471923,1.109992267348563,29.63591223978679
2095,523.75,-1126.9411379247904,19.84876448967446,-1107.0923734351159,1.101315714925254,29.641375272222884
2096,524.0,-1126.802929803729,19.710754935149854,-1107.0921748685791,1.093196113164149,29.646827622279996
2097,524.25,-1126.6663646027446,19.57441530237626,-1107.0919493003682,1.085746220169168,29.652265908221217
2098,524.5,-1126.5352097451687,19.443517280399497,-1107.0916924647693,1.0790745836774143,29.657686444702136
2099,524.75,-1126.4135299101472,19.322093655822567,-1107.0914362543247,1.073282735603499,29.6630853304011
2100,525.0,-1126.30541267246,19.214198832640104,-1107.09121383982,1.0684623084890918,29.668458559892922
2101,525.25,-1126.2146330550313,19.12362756660761,-1107.0910054884237,1.064692143641078,29.67380215586449
2102,525.5,-1126.144467368722,19.053616428006254,-1107.0908509407157,1.0620356019965804,29.67911232201939
2103,525.75,-1126.0973298102617,19.006563171063807,-1107.090766639198,1.0605382343516838,29.68438560534327
2104,526.0,-1126.0745577141643,18.98380044714831,-1107.090757267016,1.0602260637653074,29.68961905464645
2105,526.25,-1126.0762958601117,18.9854561768382,-1107.0908396832735,1.0611045437546076,29.694810369060523
2106,526.5,-1126.1014209240675,19.010423902937195,-1107.0909970211303,1.063158345189028,29.699958024680324
2107,526.75,-1126.1476331353188,19.056447619200327,-1107.0911855161185,1.066351972091066,29.705061365905713
2108,527.0,-1126.2117523029447,19.120305165222007,-1107.0914471377228,1.0706311480928423,29.710120662491654
2109,527.25,-1126.289786092937,19.198067216713323,-1107.0917188762237,1.0759248132848391,29.715137125630207
2110,527.5,-1126.3773986399174,19.28539676337359,-1107.0920018765437,1.0821476830074233,29.720112880628502
2111,527.75,-1126.470117971301,19.377845324385955,-1107.092272646915,1.08920305243239,29.725050908407262
2112,528.0,-1126.5636163651943,19.47111935850549,-1107.0924970066887,1.0969856891257836,29.72995496097008
2113,528.25,-1126.6539942622185,19.561298147714737,-1107.0926961145037,1.1053847033560387,29.734829453868915
2114,528.5,-1126.7378666847944,19.64499245657929,-1107.0928742282151,1.1142862740419965,29.739679344510325
2115,528.75,-1126.8124568760395,19.719438113466932,-1107.0930187625727,1.123576162730314,29.74451000381821
2116,529.0,-1126.8756028860807,19.782530149711054,-1107.0930727363698,1.133141878734313,29.749327087785836
2117,529.25,-1126.9259173721075,19.832811511829185,-1107.0931058602782,1.142874519336682,29.754136414309723
2118,529.5,-1126.9625291377306,19.86942087837767,-1107.093108259353,1.1526702316223316,29.75894385154543
2119,529.75,-1126.985114812851,19.89201413855379,-1107.0931006742971,1.1624312913131678,29.763755220150664
2120,530.0,-1126.9937486052513,19.900675616437326,-1107.093072988814,1.1720668670158159,29.76857620975839
2121,530.25,-1126.988843217492,19.89582979203522,-1107.0930134254568,1.1814934623844242,29.77341231307007
2122,530.5,-1126.9711158126593,19.87815917982512,-1107.092956632834,1.1906350596983604,29.778268777378152
2123,530.75,-1126.9414007514715,19.84853154433563,-1107.092869207136,1.199423035813818,29.783150572731238
2124,531.0,-1126.9007368832827,19.807943287904827,-1107.0927935953778,1.207795882820123,29.788062374776285
2125,531.25,-1126.8502133786678,19.75748335985013,-1107.0927300188177,1.215698806286834,29.79300855835453
2126,531.5,-1126.7909601032734,19.698308942175213,-1107.0926511610983,1.2230833512735413,29.797993194610672
2127,531.75,-1126.7241738140583,19.631620475032754,-1107.0925533390255,1.2299069761803876,29.803020053144536
2128,532.0,-1126.6511408537626,19.55864643298537,-1107.0924944207773,1.2361326194347284,29.808092607696913
2129,532.25,-1126.573052957654,19.48063205392599,-1107.092420903728,1.2417282780528733,29.813214045432478
2130,532.5,-1126.4911455065012,19.39883100016375,-1107.0923145063375,1.246666600088154,29.818387278060122
2131,532.75,-1126.406729541719,19.314497276224056,-1107.0922322654949,1.250924514374305,29.823614950861497
2132,533.0,-1126.321044780314,19.228872722638602,-1107.0921720576753,1.25448290810962,29.82889945378741
2133,533.25,-1126.2352696880698,19.143177476969118,-1107.0920922111006,1.2573263519093134,29.83424292707186
2134,533.5,-1126.1506101712584,19.058597394341522,-1107.0920127769168,1.259442865066973,29.839647266887958
2135,533.75,-1126.0682071521878,18.976272177524287,-1107.0919349746634,1.2608237281654175,29.84511412977693
2136,534.0,-1125.9891494438052,18.89728309318468,-1107.0918663506206,1.2614633391638803,29.85064493305509
2137,534.25,-1125.914459504187,18.82263544952751,-1107.0918240546596,1.2613591273803095,29.856240851132995
2138,534.5,-1125.845006249845,18.753241973373257,-1107.0917642764718,1.260511510456129,29.86190280908146
2139,534.75,-1125.7816176339984,18.689904672788387,-1107.09171296121,1.2589239005203923,29.86763147269028
2140,535.0,-1125.7249730452895,18.633299094848383,-1107.0916739504412,1.2566027627503533,29.873427231775757
2141,535.25,-1125.675615169108,18.5839559399438,-1107.0916592291642,1.2535577131320461,29.87929018388324
2142,535.5,-1125.6338945701718,18.5422414879341,-1107.0916530822378,1.2498016780954937,29.885220105983528
2143,535.75,-1125.5999849066138,18.508340698694,-1107.09164420792,1.2453510931453398,29.891216427096982
2144,536.0,-1125.5739019587636,18.48224075417897,-1107.0916612045846,1.2402261512777544,29.89727819110203
2145,536.25,-1125.5554290935397,18.463721837425133,-1107.0917072561147,1.2344510869471952,29.903404017484807
2146,536.5,-1125.544096030295,18.452351456345923,-1107.091744573949,1.2280545172773973,29.90959205226125
2147,536.75,-1125.5392849370837,18.447481845219762,-1107.091803091864,1.2210698210925228,29.915839915643268
2148,537.0,-1125.5401080697775,18.448251958233335,-1107.091856111544,1.2135355479838543,29.922144641792624
2149,537.25,-1125.5455416291952,18.453594020233705,-1107.0919476089616,1.2054958514697547,29.928502615821635
2150,537.5,-1125.5542936772108,18.46225318614385,-1107.0920404910669,1.1970009244150595,29.934909505236728
2151,537.75,-1125.5649795979261,18.47282046233895,-1107.0921591355873,1.1881074032760754,29.941360193428874
2152,538.0,-1125.5760531052947,18.483770535884844,-1107.09228256941,1.1788787471526363,29.94784871142836
2153,538.25,-1125.5858947336674,18.49351920013198,-1107.0923755335355,1.169385636498771,29.954368164272953
2154,538.5,-1125.5929566845298,18.500500173428687,-1107.092456511101,1.1597061764846075,29.96091067610348
2155,538.75,-1125.5958118066192,18.503256742815033,-1107.0925550638042,1.1499259453163255,29.967467348293486
2156,539.0,-1125.5931741669774,18.50055334049772,-1107.0926208264798,1.14013777036249,29.974028246601808
2157,539.25,-1125.5841712206602,18.49148911397156,-1107.0926821066887,1.130441174683689,29.980582424757294
2158,539.5,-1125.568309187889,18.475605888505076,-1107.092703299384,1.1209415545533163,29.987117980489543
2159,539.75,-1125.5456240326166,18.45298473443184,-1107.0926392981848,1.1117489773471214,29.993622158580177
2160,540.0,-1125.5169070586562,18.424318515024808,-1107.0925885436313,1.1029766247448674,30.000081502044516
2161,540.25,-1125.483435973525,18.39094584817523,-1107.0924901253497,1.094738857334107,30.006482056648828
2162,540.5,-1125.4471409916878,18.354831444762866,-1107.092309546925,1.0871489311400488,30.01280962834793
2163,540.75,-1125.410620905459,18.31848432523217,-1107.0921365802267,1.0803164405195917,30.01905009050097
2164,541.0,-1125.3767711743712,18.284807298889906,-1107.0919638754813,1.0743445105227145,30.025189736933143
2165,541.25,-1125.3486653193831,18.256889794495848,-1107.0917755248872,1.0693269444803728,30.031215662714498
2166,541.5,-1125.3293405100703,18.237757939058994,-1107.0915825710113,1.0653453278102503,30.037116169944493
2167,541.75,-1125.321573190391,18.230097448741798,-1107.0914757416492,1.0624662539609198,30.042881179240396
2168,542.0,-1125.327367298305,18.235977875330736,-1107.0913894229743,1.0607389183162654,30.04850261254502
2169,542.25,-1125.3479951545596,18.25662635707064,-1107.091368797489,1.0601932668597067,30.053974725922856
2170,542.5,-1125.3836925700307,18.29228097477433,-1107.0914115952564,1.0608388369714894,30.05929436215574
2171,542.75,-1125.433662764728,18.342143211724714,-1107.0915195530033,1.0626643626859582,30.064461106858484
2172,543.0,-1125.496130220592,18.404446192421684,-1107.0916840281704,1.0656382135477713,30.069477337868033
2173,543.25,-1125.5685028657317,18.4766212782218,-1107.09188158751,1.069709645567132,30.074348157324405
2174,543.5,-1125.6476309075952,18.555537212300848,-1107.0920936952944,1.0748107105751268,30.079081222962376
2175,543.75,-1125.7301060035825,18.637779920042643,-1107.0923260835398,1.080858694702223,30.083686488046407
2176,544.0,-1125.8124365210533,18.719936159458165,-1107.092500361595,1.0877588957275288,30.088175879802574
2177,544.25,-1125.8915230035782,18.798846935046107,-1107.092676068532,1.09540753773101,30.092562933883862
2178,544.5,-1125.964589893818,18.87181450346446,-1107.0927753903534,1.1036946169836188,30.096862418511144
2179,544.75,-1126.0296199023724,18.93674781514943,-1107.092872087223,1.112506683497837,30.101089950516307
2180,545.0,-1126.085131764412,18.99223797018517,-1107.0928937942267,1.1217293847925347,30.10526162677908
2181,545.25,-1126.1304498314857,19.037572770616233,-1107.0928770608696,1.1312497384005435,30.109393681636252
2182,545.5,-1126.1655378341675,19.072700868998055,-1107.0928369651695,1.140958012572671,30.11350218863011
2183,545.75,-1126.1909146010876,19.09815551236597,-1107.0927590887216,1.1507492615291848,30.11760280470551
2184,546.0,-1126.2075892090797,19.11494743728077,-1107.092641771799,1.1605245008879905,30.12171056227138
2185,546.25,-1126.2169827222824,19.124452222900832,-1107.0925304993816,1.1701914914585618,30.125839716256458
2186,546.5,-1126.220693975687,19.12829176500239,-1107.0924022106847,1.1796652818290978,30.130003625634725
2187,546.75,-1126.2205070853233,19.128221778494744,-1107.0922853068287,1.1888683881378421,30.134214691120416
2188,547.0,-1126.218198865652,19.1260371806886,-1107.0921616849635,1.197730753694492,30.13848432768588
2189,547.25,-1126.2155425101519,19.123491175721444,-1107.0920513344304,1.2061895097283462,30.142822970720253
2190,547.5,-1126.214208945632,19.122238499604926,-1107.091970446027,1.2141885754577568,30.147240110910698
2191,547.75,-1126.2156643271446,19.12379610721025,-1107.0918682199344,1.2216782812243765,30.151744327944556
2192,548.0,-1126.2213139235973,19.12951317612365,-1107.0918007474736,1.2286149648176918,30.156343331686923
2193,548.25,-1126.2322692275047,19.14055206524042,-1107.0917171622643,1.2349605231066885,30.161044013365323
2194,548.5,-1126.2495520561934,19.157878812899323,-1107.091673243294,1.2406819935759756,30.165852495018697
2195,548.75,-1126.2738864123821,19.182262309325747,-1107.0916241030563,1.2457511421589291,30.170774179933936
2196,549.0,-1126.3058931976557,19.214279731429816,-1107.091613466226,1.250144085031982,30.175813800143732
2197,549.25,-1126.3459303379059,19.25432593844425,-1107.0916043994616,1.2538409566048943,30.18097545831039
2198,549.5,-1126.3942163586617,19.30262447470857,-1107.091591883953,1.256825625854977,30.18626266233173
2199,549.75,-1126.4508439451456,19.359239044483086,-1107.0916049006626,1.2590854508001872,30.191678357157954
2200,550.0,-1126.5157266259193,19.42408474842129,-1107.091641877498,1.2606110852025114,30.1972249460747
2201,550.25,-1126.5885733664036,19.496939326435854,-1107.0916340399676,1.2613963267661883,30.20290430794016
2202,550.5,-1126.6691199988127,19.57745476416229,-1107.0916652346505,1.261438013725232,30.208717806509878
2203,550.75,-1126.7568794935942,19.66516416360326,-1107.0917153299908,1.2607359805855745,30.21466628848562
2204,551.0,-1126.8512068986893,19.7594864352404,-1107.0917204634488,1.2592930486172382,30.220750077709802
2205,551.25,-1126.9515309929848,19.85973401146458,-1107.0917969815202,1.2571150746714503,30.226968956958782
2206,551.5,-1127.056967586279,19.96512067370003,-1107.0918469125788,1.2542110490169271,30.233322142422352
2207,551.75,-1127.166685372591,20.07476518017705,-1107.091920192414,1.250593235158841,30.23980824973224
2208,552.0,-1127.2797041535378,20.187691159245006,-1107.0920129942926,1.2462773643366107,30.246425249097708
2209,552.25,-1127.3949062377214,20.302827285337184,-1107.0920789523843,1.2412828695516978,30.253170412528853
2210,552.5,-1127.5111660510302,20.41900826747771,-1107.0921577835525,1.2356331679705659,30.260040250669725
2211,552.75,-1127.6272122114897,20.534975703917063,-1107.0922365075726,1.2293559870869288,30.267030441012906
2212,553.0,-1127.7417019754648,20.649375941852366,-1107.0923260336124,1.2224837403795434,30.274135744084006
2213,553.25,-1127.8532141149044,20.760763828676247,-1107.092450286228,1.2150539302660228,30.28134991373681
2214,553.5,-1127.9601673036814,20.867615164288015,-1107.0925521393933,1.2071095786848396,30.288665599188977
2215,553.75,-1128.0609915107489,20.968340448483335,-1107.0926510622655,1.1986996585922765,30.296074244340485
2216,554.0,-1128.154065899551,21.061314518649397,-1107.0927513809015,1.1898795125499764,30.303565987983873
2217,554.25,-1128.237781278789,21.144911667580757,-1107.0928696112082,1.1807112309804149,30.31112956851528
2218,554.5,-1128.310524597764,21.217550040688756,-1107.0929745570752,1.171264053924423,30.318752221433417
2219,554.75,-1128.3708432987332,21.277761249715034,-1107.0930820490182,1.1616146273598948,30.32641960243987
2220,555.0,-1128.4174268245697,21.324275558800988,-1107.0931512657687,1.1518470739520663,30.334115744163746
2221,555.25,-1128.4493172764778,21.356122177127244,-1107.0931950993506,1.1420528226893067,30.341823059262712
2222,555.5,-1128.4659599661827,21.372738161998193,-1107.0932218041846,1.132330148323204,30.3495223998342
2223,555.75,-1128.467275545001,21.374071132015995,-1107.093204412985,1.122783376624977,30.357193184534694
2224,556.0,-1128.4538041204214,21.360669624420233,-1107.093134496001,1.1135217662402435,30.364813593113805
2225,556.25,-1128.4267912209034,21.33375809792939,-1107.093033122974,1.1046580205449825,30.372360840144097
2226,556.5,-1128.3881426602602,21.295270196183345,-1107.092872464077,1.0963064392662263,30.37981152844193
2227,556.75,-1128.3405290469527,21.247826272842868,-1107.09270277411,1.0885807011192246,30.387142087135725
2228,557.0,-1128.2871125489473,21.194652744873046,-1107.0924598040742,1.0815913270524686,30.394329285781062
2229,557.25,-1128.2316597551107,21.139436482914636,-1107.0922232721962,1.0754429441472104,30.40135080469992
2230,557.5,-1128.1780494600534,21.086108893667184,-1107.0919405663863,1.0702314013606244,30.40818584974739
2231,557.75,-1128.1303097456694,21.038585989519063,-1107.0917237561503,1.0660409158961688,30.414815779683043
2232,558.0,-1128.0920385941863,21.000481869678296,-1107.091556724508,1.0629412151141537,30.4212247486128
2233,558.25,-1128.0662354007363,20.974818866676337,-1107.09141653406,1.060985084329602,30.427400280619505
2234,558.5,-1128.0551208630204,20.963772211714428,-1107.091348651306,1.0602063577136067,30.43333376564137
2235,558.75,-1128.0598459616303,20.968487699913148,-1107.0913582617172,1.0606186337399441,30.439020810845914
2236,559.0,-1128.0804252550006,20.988996812982663,-1107.091428442018,1.0622147018096508,30.444461445919295
2237,559.25,-1128.115815334022,21.024245477811984,-1107.09156985621,1.0649668578944014,30.44966014154832
2238,559.5,-1128.1639582440257,21.072228637336718,-1107.091729606689,1.0688279646640502,30.45462565814078
2239,559.75,-1128.2221250161529,21.130207311949505,-1107.0919177042033,1.0737332654306704,30.45937072993125
2240,560.0,-1128.2871185615659,21.194973740191532,-1107.0921448213744,1.079602741575068,30.463911612099675
2241,560.25,-1128.3554829657078,21.263134185701944,-1107.0923487800058,1.0863437990388283,30.46826754081854
2242,560.5,-1128.4239036738873,21.331369908663106,-1107.092533765224,1.0938542158804243,30.472460125428892
2243,560.75,-1128.489328160882,21.396650799247098,-1107.092677361635,1.1020249862963014,30.47651274245975
2244,561.0,-1128.5491988360882,21.45640040239074,-1107.0927984336975,1.1107431331404274,30.48044992321953
2245,561.25,-1128.6014942228794,21.50860234582118,-1107.0928918770583,1.1198942928357447,30.48429677750761
2246,561.5,-1128.644772797823,21.551841850896672,-1107.0929309469263,1.1293650640499031,30.488078459760317
2247,561.75,-1128.6782023906708,21.5852897355067,-1107.0929126551641,1.1390449406346403,30.49181971814462
2248,562.0,-1128.7015451788902,21.60865121929192,-1107.0928939595983,1.1488279371054118,30.495544506133342
2249,562.25,-1128.7149413526058,21.622082862203758,-1107.092858490402,1.1586138169194922,30.49927567938247
2250,562.5,-1128.718877196312,21.626098634237565,-1107.0927785620743,1.1683089695058029,30.503034769181955
2251,562.75,-1128.7141951918602,21.62147248326706,-1107.092722708593,1.1778269883166024,30.506841822722812
2252,563.0,-1128.7017912864685,21.6091433082043,-1107.0926479782643,1.187088924406144,30.51071531792674
2253,563.25,-1128.6827110052109,21.59013658210498,-1107.0925744231058,1.1960232755326463,30.51467214032563
2254,563.5,-1128.6579873859882,21.565497871266377,-1107.0924895147218,1.2045657910662784,30.518727604515206
2255,563.75,-1128.628674507141,21.53624627157753,-1107.0924282355636,1.2126590927893073,30.522895520104964
2256,564.0,-1128.5957169681787,21.503347291135505,-1107.0923696770433,1.2202522872521222,30.52718826343178
2257,564.25,-1128.5600096583366,21.467689956557074,-1107.0923197017796,1.2273005631878202,30.53161685406759
2258,564.5,-1128.5223354548216,21.430071430786313,-1107.0922640240353,1.233764766377005,30.53619103825185
2259,564.75,-1128.4834209829569,21.391193478341282,-1107.0922275046155,1.239610961121143,30.54091937858441
2260,565.0,-1128.443857818842,21.351662220820565,-1107.0921955980214,1.2448100148566061,30.545809341037067
2261,565.25,-1128.4041494727135,21.311991368781765,-1107.0921581039318,1.2493372189835728,30.55086737308322
2262,565.5,-1128.3647635877132,21.27260916487945,-1107.0921544228338,1.253171943104458,30.556098976788046
2263,565.75,-1128.3259860873222,21.23386226947474,-1107.0921238178476,1.2562973473769017,30.561508768480056
2264,566.0,-1128.2881333231926,21.196022228441734,-1107.0921110947509,1.2587001194032295,30.567100534999184
2265,566.25,-1128.2514084279537,21.159290404305924,-1107.0921180236478,1.2603702816033318,30.57287727105585
2266,566.5,-1128.2158952653408,21.123802246146713,-1107.0920930191942,1.261301023950293,30.578841214387506
2267,566.75,-1128.1817163676023,21.089632636876527,-1107.0920837307258,1.2614885956477542,30.58499386512645
2268,567.0,-1128.1488872468472,21.05679599546016,-1107.092091251387,1.260932241894264,30.59133599579497
2269,567.25,-1128.1173176467419,21.025248578954127,-1107.0920690677876,1.259634196442566,30.597867645727224
2270,567.5,-1128.0869516059756,20.99488855960542,-1107.0920630463702,1.2575997182381413,30.604588106585254
2271,567.75,-1128.0576488897204,20.96555329967095,-1107.0920955900494,1.254837172593295,30.611495896132244
2272,568.0,-1128.029129035771,20.93701578587718,-1107.0921132498938,1.2513581646653453,30.61858871846743
2273,568.25,-1128.0011185333133,20.908979577866234,-1107.0921389554471,1.2471777334762808,30.625863408472295
2274,568.5,-1127.9732408449054,20.881077416130143,-1107.0921634287752,1.2423145655586976,30.63331587200734
2275,568.75,-1127.9450503215194,20.852871654213228,-1107.0921786673061,1.236791269731738,30.640941009290678
2276,569.0,-1127.9160839989781,20.823846488207128,-1107.092237510771,1.2306347037751664,30.64873262266747
2277,569.25,-1127.885664768517,20.793402406992527,-1107.0922623615245,1.223876327191176,30.656683319160337
2278,569.5,-1127.8531678542495,20.760855221115,-1107.0923126331345,1.2165526113521468,30.664784395627038
2279,569.75,-1127.817814834416,20.725437633265237,-1107.0923772011506,1.2087054593757898,30.673025720386935
2280,570.0,-1127.7787545099854,20.686311698787765,-1107.0924428111978,1.200382648114253,30.681395606994993
2281,570.25,-1127.7350897714496,20.642588879522847,-1107.0925008919266,1.1916382462712662,30.689880693677686
2282,570.5,-1127.685905866325,20.593351685682702,-1107.0925541806423,1.1825329849785267,30.698465833003457
2283,570.75,-1127.6302864328027,20.5376890991349,-1107.0925973336678,1.1731346696819058,30.70713396824228
2284,571.0,-1127.5674172863364,20.47475850356653,-1107.0926587827698,1.1635184911775238,30.71586603427616
2285,571.25,-1127.4965488240123,20.403859045275436,-1107.092689778737,1.1537671033201002,30.724640918639036
2286,571.5,-1127.4172552451491,20.32452192787018,-1107.092733317279,1.1439705440737933,30.733435461229504
2287,571.75,-1127.3293325975537,20.23660848972228,-1107.0927241078314,1.1342257863053777,30.742224551244565
2288,572.0,-1127.2330759763718,20.140405362755647,-1107.092670613616,1.1246360483535842,30.750981287458284
2289,572.25,-1127.1293083280325,20.03670964854527,-1107.0925986794873,1.1153097263168503,30.75967723990846
2290,572.5,-1127.0193713903427,19.926899999222123,-1107.0924713911206,1.106358999376915,30.768282801050216
2291,572.75,-1126.905299514532,19.812969870607954,-1107.0923296439241,1.0978980047325981,30.776767654665562
2292,573.0,-1126.7896418869495,19.69751086920015,-1107.0921310177494,1.0900407346055505,30.785101325452242
2293,573.25,-1126.6755406931043,19.583640776582484,-1107.0918999165217,1.0828985353772949,30.793253840426438
2294,573.5,-1126.5665246918797,19.474866686137755,-1107.091658005742,1.0765774160217356,30.801196452486856
2295,573.75,-1126.4663344547153,19.374888786674642,-1107.0914456680407,1.07117517679926,30.808902419580484
2296,574.0,-1126.3785913065076,19.28735127644596,-1107.0912400300617,1.0667785320031722,30.816347797358798
2297,574.25,-1126.3066273406148,19.215565477479878,-1107.0910618631349,1.0634602541752787,30.823512235341237
2298,574.5,-1126.2531674280763,19.162221979489804,-1107.0909454485864,1.0612766244313652,30.830379703483814
2299,574.75,-1126.2200168445706,19.12913501495057,-1107.09088182962,1.0602653329057599,30.83693910273231
2300,575.0,-1126.2079690918326,19.117055616976447,-1107.0909134748563,1.0604440016049175,30.843184715796937
2301,575.25,-1126.21660130471,19.1255821931374,-1107.0910191115725,1.0618095111363548,30.849116443779714
2302,575.5,-1126.2443410381675,19.15318271005308,-1107.0911583281145,1.0643381165994352,30.854739825302875
2303,575.75,-1126.2887174412608,19.197325286334586,-1107.0913921549263,1.0679863703616912,30.860065836223104
2304,576.0,-1126.3463251367211,19.254700044695365,-1107.0916250920259,1.072692805128214,30.865110474192964
2305,576.25,-1126.4133477434516,19.321495977412752,-1107.0918517660389,1.078380175433616,30.869894183012875
2306,576.5,-1126.485794275999,19.393699138308,-1107.092095137691,1.0849581470700056,30.874441143850255
2307,576.75,-1126.559709712863,19.467371488042858,-1107.0923382248202,1.0923261559044861,30.87877850919313
2308,577.0,-1126.6314203739166,19.538893563064338,-1107.0925268108522,1.1003762874163172,30.882935622020497
2309,577.25,-1126.6978249251842,19.60515058780382,-1107.0926743373805,1.1089961334569296,30.886943232734286
2310,577.5,-1126.756398871541,19.66365209544419,-1107.0927467760969,1.1180714082058292,30.890832772375276
2311,577.75,-1126.8054110854864,19.712588108200404,-1107.092822977286,1.127488361677075,30.89463567656286
2312,578.0,-1126.843659415841,19.750827127507286,-1107.0928322883337,1.137135775620528,30.898382819489026
2313,578.25,-1126.8706871271133,19.777874810248207,-1107.092812316865,1.1469066570265092,30.90210402823553
2314,578.5,-1126.8865607827902,19.793792345272426,-1107.0927684375179,1.1566995660139099,30.905827696441122
2315,578.75,-1126.8917777836323,19.799096664188482,-1107.0926811194438,1.166419558689738,30.909580503739896
2316,579.0,-1126.8872824758291,19.794659921053054,-1107.092622554776,1.1759787770609036,30.913387234176568
2317,579.25,-1126.8741472512484,19.781608303405505,-1107.092538947843,1.1852968071812608,30.917270659143487
2318,579.5,-1126.8536484986544,19.76123138265927,-1107.0924171159952,1.1943006909546927,30.921251519362453
2319,579.75,-1126.8272513896227,19.73490346423771,-1107.092347925385,1.2029247832792254,30.9253485515065
2320,580.0,-1126.7962686270475,19.704025777567438,-1107.09224284948,1.2111103866983688,30.929578578670835
2321,580.25,-1126.7621433138847,19.66998574398213,-1107.0921575699026,1.2188053669384706,30.933956609073324
2322,580.5,-1126.7261905223131,19.634125855132044,-1107.0920646671811,1.2259637559550327,30.938495938387916
2323,580.75,-1126.6897238194942,19.59771969293662,-1107.0920041265576,1.2325453213459476,30.943208263461774
2324,581.0,-1126.6538635343313,19.561954193212596,-1107.0919093411187,1.2385151371373153,30.94810379682242
2325,581.25,-1126.619787454605,19.527920028788017,-1107.091867425817,1.243843163708054,30.953191379832262
2326,581.5,-1126.588408216834,19.496606951494915,-1107.0918012653392,1.2485038562461956,30.958478588325807
2327,581.75,-1126.5606616437435,19.468900678546433,-1107.0917609651972,1.2524758084685168,30.963971830166983
2328,582.0,-1126.537297219038,19.44558046955349,-1107.0917167494845,1.2557414563945266,30.969676424468076
2329,582.25,-1126.5189986079931,19.42731814049004,-1107.091680467503,1.2582868172362738,30.975596672872406
2330,582.5,-1126.506307169795,19.414676888123076,-1107.091630281672,1.2601012685546775,30.981735919620906
2331,582.75,-1126.4997471272945,19.408111514777893,-1107.0916356125167,1.2611773844429748,30.988096594836453
2332,583.0,-1126.4995825439692,19.407965345778344,-1107.0916171981908,1.2615108225790452,30.99468024351574
2333,583.25,-1126.5060948729515,19.414468176466013,-1107.0916266964855,1.2611002474545758,31.00148754465771
2334,583.5,-1126.5193502008915,19.42773699457794,-1107.0916132063135,1.2599473060740212,31.008518315548873
2335,583.75,-1126.5393953472376,19.447773064480288,-1107.0916222827573,1.2580566594226592,31.015771499625515
2336,584.0,-1126.5661080405116,19.474458140169013,-1107.0916499003426,1.255436052612377,31.023245142772655
2337,584.25,-1126.5992120802402,19.50755233938856,-1107.0916597408516,1.2520964440910238,31.030936352984387
2338,584.5,-1126.6383812054992,19.54668499925469,-1107.0916962062445,1.2480521823138209,31.038841244534765
2339,584.75,-1126.683105930686,19.591350547856603,-1107.0917553828294,1.2433212162715288,31.046954874248332
2340,585.0,-1126.7327010631561,19.640906797013432,-1107.0917942661426,1.2379253639664307,31.05527115847465
2341,585.25,-1126.7864309176803,19.694568024415567,-1107.0918628932648,1.2318906231850173,31.06378277834399
2342,585.5,-1126.843327946961,19.75140483228733,-1107.0919231146736,1.2252475251752057,31.072481071341056
2343,585.75,-1126.9023719206452,19.810346940419638,-1107.0920249802257,1.2180315241349182,31.081355912835665
2344,586.0,-1126.9622897803783,19.870189202461226,-1107.092100577917,1.2102834211425577,31.090395585774925
2345,586.25,-1127.021807268262,19.929608796281293,-1107.0921984719805,1.2020498094619978,31.099586643612188
2346,586.5,-1127.0794946998358,19.987189815221736,-1107.0923048846141,1.1933834842877402,31.108913783267088
2347,586.75,-1127.1338453516364,20.04145438768385,-1107.0923909639525,1.1843438500637555,31.11835971840875
2348,587.0,-1127.183401927352,20.090906242551917,-1107.0924956848,1.1749972959452808,31.12790506121393
2349,587.25,-1127.2266791388392,20.134094243534594,-1107.0925848953048,1.1654175461836715,31.13752821107386
2350,587.5,-1127.2623721063137,20.169690791655192,-1107.0926813146584,1.1556857873963902,31.14720530887399
2351,587.75,-1127.2893316224217,20.1965828237539,-1107.0927487986678,1.145890627894372,31.156910240818465
2352,588.0,-1127.3067676350474,20.213980543319717,-1107.0927870917278,1.13612773567392,31.166614738140925
2353,588.25,-1127.3143082931638,20.221521699689447,-1107.0927865934743,1.1264991754761942,31.176288566770204
2354,588.5,-1127.3121375143528,20.219368177132747,-1107.09276933722,1.117112430543454,31.185899811841068
2355,588.75,-1127.3009739294648,20.20828907229468,-1107.09268485717,1.1080790754409302,31.195415267697236
2356,589.0,-1127.282262571156,20.189700629305353,-1107.0925619418506,1.0995130105013755,31.20480096036168
2357,589.25,-1127.2580795362592,20.165665677710983,-1107.0924138585483,1.0915284520854465,31.21402274604181
2358,589.5,-1127.231061257422,20.138840635379765,-1107.0922206220423,1.0842374743804155,31.223047045795916
2359,589.75,-1127.2043507248163,20.11235146379992,-1107.0919992610163,1.077747356332645,31.231841642522603
2360,590.0,-1127.1813807934523,20.08960416283222,-1107.09177663062,1.0721577272991891,31.240376541236788
2361,590.25,-1127.165633559227,20.074046717047047,-1107.09158684218,1.0675577193359662,31.248624831153194
2362,590.5,-1127.1603121832013,20.068889479814295,-1107.091422703387,1.064023045967073,31.256563572632
2363,590.75,-1127.1680994480848,20.076812187199582,-1107.0912872608853,1.0616133926090159,31.264174594754817
2364,591.0,-1127.1909426674247,20.099701649225807,-1107.0912410181988,1.0603702348563255,31.27144516675843
2365,591.25,-1127.2297053933144,20.138448096357035,-1107.0912572969573,1.0603151911159765,31.278368508181774
2366,591.5,-1127.2841615378857,20.192835331020014,-1107.0913262068657,1.0614492385226793,31.28494404375987
2367,591.75,-1127.3530198335648,20.261538728604247,-1107.0914811049606,1.0637526393628696,31.291177440292106
2368,592.0,-1127.4339129701257,20.34223186280971,-1107.091681107316,1.0671856973597582,31.29708039211189
2369,592.25,-1127.5237108021975,20.43178698019479,-1107.0919238220026,1.0716903067667665,31.302670166050607
2370,592.5,-1127.6187228411436,20.526543891870006,-1107.0921789492736,1.077192109256086,31.307968961557357
2371,592.75,-1127.7150209397078,20.62260746595413,-1107.0924134737536,1.083603099285212,31.313003130599522
2372,593.0,-1127.8087532371283,20.716132295108586,-1107.0926209420197,1.0908245058347772,31.317802311856525
2373,593.25,-1127.896372281015,20.803570582831572,-1107.0928016981834,1.098749646931884,31.32239856958198
2374,593.5,-1127.9748139381409,20.88187132303439,-1107.0929426151065,1.10726676714614,31.326825535721746
2375,593.75,-1128.0416773408651,20.94861657177328,-1107.0930607690918,1.1162617506594406,31.33111758826583
2376,594.0,-1128.0951974317431,21.002089903575932,-1107.0931075281671,1.125620563962985,31.3353091092023
2377,594.25,-1128.1343989893794,21.041284612480847,-1107.0931143768985,1.1352313523098494,31.339433846642038
2378,594.5,-1128.1589487344027,21.065865560016622,-1107.093083174386,1.1449861843850087,31.343524382658543
2379,594.75,-1128.169106245041,21.0760930171364,-1107.0930132279045,1.1547824562930438,31.347611704229863
2380,595.0,-1128.1656547486782,21.072723672744864,-1107.0929310759334,1.1645238792010861,31.35172490020454
2381,595.25,-1128.1497346833348,21.056905581525843,-1107.092829101809,1.1741211736380848,31.355890947521296
2382,595.5,-1128.1227939203382,21.030069540971528,-1107.0927243793667,1.1834924538740872,31.360134591827357
2383,595.75,-1128.086425088346,20.993827031938178,-1107.0925980564077,1.1925633096464743,31.36447832001878
2384,596.0,-1128.0423527508974,20.94988340970256,-1107.0924693411948,1.2012666800985368,31.368942396821442
2385,596.25,-1127.9923355951905,20.899968212812972,-1107.0923673823775,1.2095425439116254,31.37354495675229
2386,596.5,-1127.9380395412445,20.84578729364168,-1107.0922522476028,1.2173375017531458,31.378302130680503
2387,596.75,-1127.8811363503337,20.78898332080753,-1107.0921530295261,1.2246044103711826,31.383228155043803
2388,597.0,-1127.8231556788087,20.73110484010681,-1107.0920508387019,1.2313019484616952,31.388335503137874
2389,597.25,-1127.7655500099063,20.67358389804338,-1107.0919661118628,1.2373941851800239,31.393635015543907
2390,597.5,-1127.7096246927977,20.617718238729907,-1107.0919064540678,1.2428501557628708,31.39913602886835
2391,597.75,-1127.6564956381917,20.564662640293545,-1107.091832997898,1.2476434562728786,31.40484649904818
2392,598.0,-1127.6072002351284,20.515427143497142,-1107.0917730916312,1.2517518991749714,31.41077310453421
2393,598.25,-1127.5626287013292,20.470878247568475,-1107.0917504537608,1.2551571890903532,31.416921346242482
2394,598.5,-1127.5234339088202,20.431737708110592,-1107.0916962007095,1.257844662808445,31.423295625097342
2395,598.75,-1127.4902494326234,20.398582694126237,-1107.0916667384972,1.2598030540480725,31.429899314954056
2396,599.0,-1127.4634938165545,20.371849194777806,-1107.0916446217768,1.2610243226704567,31.43673481435805
2397,599.25,-1127.4434639066458,20.35183206242419,-1107.0916318442216,1.2615035281004956,31.443803584107474
2398,599.5,-1127.4303335547447,20.338682438658793,-1107.0916511160858,1.2612387470597655,31.451106173300403
2399,599.75,-1127.4240547046065,20.332408556740056,-1107.0916461478664,1.2602310440606346,31.458642228336444
2400,600.0,-1127.4245535060763,20.33287583878197,-1107.0916776672943,1.2584844855711128,31.466410489277795
2401,600.25,-1127.4315088763833,20.33980994326692,-1107.0916989331163,1.2560062050504923,31.474408770313833
2402,600.5,-1127.4445287138224,20.352799058660736,-1107.0917296551615,1.2528065141222522,31.482633927034527
2403,600.75,-1127.463064648211,20.37129232698197,-1107.091772321229,1.2488990816795302,31.49108180148712
2404,601.0,-1127.4864280372858,20.39459945648691,-1107.0918285807988,1.2443011286038008,31.49974716512603
2405,601.25,-1127.513779938221,20.421893504104773,-1107.0918864341163,1.2390336912030755,31.508623638947544
2406,601.5,-1127.5441784337163,20.4522150991497,-1107.0919633345666,1.2331219265126288,31.51770360160636
2407,601.75,-1127.5765304788947,20.484474243475027,-1107.0920562354197,1.2265954477789212,31.52697808926075
2408,602.0,-1127.609575279057,20.517453314258184,-1107.092121964799,1.2194887120044489,31.536436680299307
2409,602.25,-1127.642038963735,20.549814843113246,-1107.092224120622,1.211841440155751,31.546067369055077
2410,602.5,-1127.672445088625,20.58011658826893,-1107.092328500356,1.203699055604468,31.555856434659816
2411,602.75,-1127.6992582529783,20.606833906183105,-1107.0924243467953,1.1951131038493779,31.56578831720005
2412,603.0,-1127.7209097966552,20.628387772981693,-1107.0925220236734,1.1861416578931407,31.575845497284657
2413,603.25,-1127.7358240038157,20.643184251362474,-1107.0926397524531,1.176849704606446,31.586008382112293
2414,603.5,-1127.742423541844,20.649671681402545,-1107.0927518604412,1.1673095129075741,31.596255198026665
2415,603.75,-1127.7392531484365,20.646420363025307,-1107.0928327854112,1.1576008209850897,31.60656193812286
2416,604.0,-1127.725109025836,20.632216492711898,-1107.092892533124,1.1478107958013632,31.616902379529357
2417,604.25,-1127.6991265118122,20.60616928498619,-1107.092957226826,1.1380337733129455,31.627248166945233
2418,604.5,-1127.660772383213,20.567819432599645,-1107.0929529506134,1.128370612688727,31.637569013142876
2419,604.75,-1127.6101593971252,20.517239842780267,-1107.092919554345,1.1189278298148009,31.647832965893503
2420,605.0,-1127.547970406711,20.45512514676359,-1107.0928452599476,1.1098163188281218,31.658006798975986
2421,605.25,-1127.4755953848362,20.382845975654032,-1107.0927494091823,1.1011496779641303,31.668056521421565
2422,605.5,-1127.3950264900923,20.30245816250733,-1107.092568327585,1.0930422261115382,31.677947978101844
2423,605.75,-1127.3090369850397,20.216664181569644,-1107.09237280347,1.0856066808601748,31.68764755198587
2424,606.0,-1127.2208571061492,20.1287006554608,-1107.0921564506884,1.0789514491594738,31.697122977145703
2425,606.25,-1127.1340628936887,20.04216215758341,-1107.0919007361053,1.0731779073616539,31.706344156202974
2426,606.5,-1127.0524650365114,19.96077427542605,-1107.0916907610854,1.0683774903169228,31.71528402800246
2427,606.75,-1126.979623414576,19.88811686368723,-1107.0915065508889,1.0646287634462748,31.72391943571662
2428,607.0,-1126.918691970408,19.82733141975578,-1107.091360550652,1.061994736656412,31.73223192047137
2429,607.25,-1126.8720917776227,19.780844294578205,-1107.0912474830445,1.0605205705273395,31.74020839213346
2430,607.5,-1126.8413683250546,19.750144562279953,-1107.0912237627747,1.0602319052142548,31.747841612979304
2431,607.75,-1126.8269041776657,19.73564209154915,-1107.0912620861166,1.061133786114914,31.755130494748038
2432,608.0,-1126.828005604446,19.736634626946184,-1107.0913709774998,1.0632104862885403,31.76208012942893
2433,608.25,-1126.8429287299514,19.751387883955122,-1107.0915408459962,1.0664261299617566,31.76870158014159
2434,608.5,-1126.8690637275577,19.777309705160583,-1107.091754022397,1.0707260872881579,31.77501144276246
2435,608.75,-1126.9031795486808,19.811198911950534,-1107.0919806367303,1.0760389786486313,31.78103122682485
2436,609.0,-1126.9417266324162,19.84953059451443,-1107.0921960379019,1.082279241579267,31.78678657644898
2437,609.25,-1126.9811382740736,19.88873217600629,-1107.0924060980674,1.0893500052536222,31.79230640369778
2438,609.5,-1127.0180073156953,19.925429216583865,-1107.0925780991115,1.0971458976307877,31.797622042689138
2439,609.75,-1127.0494026094675,19.95664643169038,-1107.0927561777771,1.1055559466543854,31.80276638490288
2440,610.0,-1127.0728008002043,19.97994728525628,-1107.092853514948,1.1144662956107558,31.80777307242364
2441,610.25,-1127.086421072483,19.993508874791942,-1107.092912197691,1.1237627202245537,31.81267575532019
2442,610.5,-1127.089071072638,19.996140725198583,-1107.0929303474395,1.1333327862739824,31.81750745860019
2443,610.75,-1127.080194734037,19.98725936628239,-1107.0929353677545,1.1430676635765769,31.82230005326399
2444,611.0,-1127.0597302019596,19.966819807760235,-1107.0929103941994,1.1528636135463013,31.827083827062147
2445,611.25,-1127.028064109385,19.93522847105211,-1107.0928356383329,1.1626230420229338,31.83188718413634
2446,611.5,-1126.9860322400928,19.893251464524447,-1107.0927807755684,1.1722552686804126,31.8367364292823
2447,611.75,-1126.9346185997128,19.841918060589276,-1107.0927005391236,1.1816769500681368,31.841655654746642
2448,612.0,-1126.875025510788,19.782433102879097,-1107.0925924079088,1.19081220256555,31.846666715289906
2449,612.25,-1126.808638177812,19.71610585674514,-1107.092532321067,1.1995925424887879,31.851789255275175
2450,612.5,-1126.7367395684123,19.644294463396974,-1107.0924451050153,1.2079566029213054,31.85704080123979
2451,612.75,-1126.6606935709715,19.568368711183094,-1107.0923248597885,1.215849727802554,31.862436889180724
2452,613.0,-1126.581957116723,19.489692938405184,-1107.092264178318,1.2232235702933172,31.867991190864366
2453,613.25,-1126.501798428595,19.40961259893498,-1107.0921858296601,1.2300357078557482,31.873715632032486
2454,613.5,-1126.421541839838,19.329442333144957,-1107.092099506693,1.2362491834946872,31.879620532920672
2455,613.75,-1126.342504516244,19.250464993223837,-1107.09203952302,1.241832087057883,31.88571473616018
2456,614.0,-1126.2658861130476,19.173931707784458,-1107.091954405263,1.246757158784195,31.892005726480143
2457,614.25,-1126.1929586157203,19.101062327992796,-1107.0918962877274,1.2510014076753009,31.89849974679482
2458,614.5,-1126.1248588338494,19.033041741899144,-1107.0918170919504,1.2545457995304512,31.9052018924212
2459,614.75,-1126.0627741217613,18.971016081561626,-1107.0917580401997,1.2573749738332793,31.912116197803286
2460,615.0,-1126.0077751353383,18.916088602962592,-1107.0916865323757,1.259477015617184,31.919245705460565
2461,615.25,-1125.960940591991,18.86930657263488,-1107.091634019356,1.260843264276065,31.92659252512092
2462,615.5,-1125.9232293143868,18.831648418950284,-1107.0915808954367,1.2614681829106156,31.934157873772996
2463,615.75,-1125.895512767136,18.80400581448011,-1107.091506952656,1.2613492587985533,31.941942109422225
2464,616.0,-1125.8786779269576,18.787162596192196,-1107.0915153307653,1.2604869702013843,31.949944742797708
2465,616.25,-1125.8732297867537,18.78177304717871,-1107.091456739575,1.2588847931228928,31.958164439363212
2466,616.5,-1125.8797795847058,18.78833731140455,-1107.0914422733013,1.2565492457353613,31.966599011847748
2467,616.75,-1125.8985928446054,18.80717906504754,-1107.0914137795578,1.2534900116686127,31.97524538749504
2468,617.0,-1125.9298678785563,18.838421245092942,-1107.0914466334634,1.24972008128946,31.98409957385263
2469,617.25,-1125.9734341800213,18.881963793265264,-1107.091470386756,1.2452559632630262,31.993156602535777
2470,617.5,-1126.0289663672447,18.937465854916713,-1107.091500512328,1.2401179316326871,32.00241046498325
2471,617.75,-1126.0958957076073,19.0043290361591,-1107.0915666714482,1.2343302995056717,32.01185404280262
2472,618.0,-1126.1733300685883,19.081688049527173,-1107.091642019061,1.2279217732427785,32.02147901278652
2473,618.25,-1126.2601147517562,19.16840721026604,-1107.0917075414902,1.2209258370849696,32.03127574661418
2474,618.5,-1126.354926213622,19.263080265887258,-1107.0918459477348,1.2133811426300773,32.04123321242023
2475,618.75,-1126.456012636423,19.364041061043288,-1107.0919715753798,1.2053319601037582,32.05133885553542
2476,619.0,-1126.561494961381,19.46938894195893,-1107.092106019422,1.1968285975421853,32.06157849396259
2477,619.25,-1126.6692685708404,19.57702506435903,-1107.0922435064813,1.1879278214910967,32.07193621202127
2478,619.5,-1126.7771108672023,19.684701102387862,-1107.0924097648144,1.178693233741505,32.082394268841284
2479,619.75,-1126.8826559111476,19.790085339525998,-1107.0925705716215,1.1691956558542507,32.0929330073771
2480,620.0,-1126.9835704639554,19.890852091579816,-1107.0927183723757,1.1595133569226719,32.10353080627556
2481,620.25,-1127.0776212662458,19.984788126373644,-1107.0928331398723,1.1497320463888703,32.11416409947711
2482,620.5,-1127.1628945320845,20.069917067085562,-1107.092977464999,1.1399446859876794,32.12480744514859
2483,620.75,-1127.237687163055,20.14463073329098,-1107.093056429764,1.13025094205054,32.13543369413494
2484,621.0,-1127.300890289247,20.20780604861931,-1107.0930842406278,1.1207563029452625,32.14601424875167
2485,621.25,-1127.3520038053393,20.258913686919666,-1107.0930901184197,1.111570919761881,32.1565193956132
2486,621.5,-1127.391163147986,20.298103589723688,-1107.0930595582622,1.1028080130391267,32.166918752814944
2487,621.75,-1127.4192158430815,20.326247126627532,-1107.092968716454,1.0945819608754472,32.17718179986704
2488,622.0,-1127.437744639814,20.34492045670864,-1107.0928241831052,1.0870059552617555,32.18727851625193
2489,622.25,-1127.4489902108908,20.3563238918135,-1107.0926663190774,1.08018949868755,32.19718005897485
2490,622.5,-1127.4556069225073,20.36313643345699,-1107.0924704890504,1.0742355602983036,32.20685951912986
2491,622.75,-1127.460590198636,20.368308374505002,-1107.092281824131,1.0692377321133513,32.21629266946417
2492,623.0,-1127.4669041708112,20.3748111401567,-1107.0920930306545,1.0652773220072949,32.22545871796357
2493,623.25,-1127.477330379188,20.38535675789344,-1107.0919736212945,1.0624206138608048,32.23434100621919
2494,623.5,-1127.4940115958452,20.40212301767973,-1107.0918885781655,1.0607164372475737,32.242927611170586
2495,623.75,-1127.518366575241,20.426522287681326,-1107.0918442875598,1.060194334060099,32.25121178180345
2496,624.0,-1127.5509328320622,20.45904943403811,-1107.091883398024,1.0608634340830299,32.2591921826718
2497,624.25,-1127.591205239296,20.499232049975838,-1107.09197318932,1.0627120759773725,32.26687293421373
2498,624.5,-1127.6377839297056,20.545688307814732,-1107.0920956218908,1.0657082178984936,32.274263441649
2499,624.75,-1127.6885432228446,20.596283873211352,-1107.0922593496332,1.0698007577583006,32.281377997208544
2500,625.0,-1127.740811817348,20.64835810345671,-1107.0924537138912,1.0749214378108285,32.2882352279002
2501,625.25,-1127.7916060388088,20.69899886943254,-1107.0926071693764,1.0809872512430028,32.29485742426647
2502,625.5,-1127.8381082490087,20.74532099886973,-1107.0927872501388,1.0879032979088072,32.3012697664617
2503,625.75,-1127.8776229545474,20.784709363565316,-1107.092913590982,1.0955656451509506,32.30749955759524
2504,626.0,-1127.908021375537,20.815017793465813,-1107.093003582071,1.1038642025134704,32.31357546520232
2505,626.25,-1127.9277461096644,20.8347039456046,-1107.0930421640599,1.1126854745004304,32.31952680653792
2506,626.5,-1127.9359400495887,20.84290316640107,-1107.0930368831876,1.1219151222810622,32.325382893691895
2507,626.75,-1127.9324337393045,20.839438013417734,-1107.0929957258868,1.1314402235991845,32.33117246452451
2508,627.0,-1127.917682044208,20.824772466755277,-1107.0929095774527,1.1411511289377003,32.336923222956074
2509,627.25,-1127.8927501738071,20.79993477689643,-1107.0928153969107,1.1509429802640805,32.34266147143763
2510,627.5,-1127.8590717688203,20.766406558813102,-1107.0926652100072,1.1607169274852247,32.34841182424097
2511,627.75,-1127.8185527399182,20.726005252750145,-1107.092547487168,1.170380881784368,32.354197039571
2512,628.0,-1127.773156531155,20.68076715042747,-1107.0923893807276,1.1798500394709357,32.36003791095017
2513,628.25,-1127.7250729352236,20.6328346606993,-1107.0922382745243,1.189047058863097,32.36595324588531
2514,628.5,-1127.6764706596732,20.584361360676652,-1107.0921092989965,1.1979020159888778,32.37195989876778
2515,628.75,-1127.6294091939926,20.537428206321735,-1107.091980987671,1.2063521896445215,32.37807284413123
2516,629.0,-1127.5858492180705,20.493985692518365,-1107.091863525552,1.2143416343569098,32.384305301542945
2517,629.25,-1127.547560147941,20.455816599681334,-1107.0917435482597,1.2218207968924402,32.39066884923714
2518,629.5,-1127.516175210476,20.424505746093583,-1107.0916694643824,1.2287461237901116,32.39717353438467
2519,629.75,-1127.4930271729827,20.401419786205622,-1107.091607386777,1.2350796280372993,32.4038279931065
2520,630.0,-1127.479232057929,20.387698182442705,-1107.0915338754862,1.2407884449897784,32.410639573383946
2521,630.25,-1127.4757218509912,20.384250468270093,-1107.0914713827212,1.2458444329421259,32.41761444332933
2522,630.5,-1127.483215674758,20.391759680626183,-1107.0914559941318,1.250223784084352,32.42475769667957
2523,630.75,-1127.5021084547043,20.410688227544455,-1107.09142022716,1.2539067138797568,32.43207343445706
2524,631.0,-1127.5327100753784,20.441286228615596,-1107.0914238467628,1.2568771546482853,32.439564851466464
2525,631.25,-1127.5750408545136,20.483599918505515,-1107.0914409360082,1.2591225337116658,32.44723429354832
2526,631.5,-1127.6289389058948,20.53748202958439,-1107.0914568763103,1.2606335679386436,32.455083315048064
2527,631.75,-1127.6940824910998,20.6026026742285,-1107.0914798168712,1.2614041142475296,32.46311272227993
2528,632.0,-1127.7699823901057,20.678459153893353,-1107.0915232362124,1.261431075705729,32.47132260182454
2529,632.25,-1127.8559596166015,20.764386455542947,-1107.0915731610585,1.2607143405509325,32.47971234251821
2530,632.5,-1127.9511844441295,20.859562946961688,-1107.0916214971678,1.2592567946654636,32.48828063667392
2531,632.75,-1128.0547048673034,20.963015302503806,-1107.0916895647995,1.257064357726012,32.497025481158616
2532,633.0,-1128.1654173061252,21.073624733552112,-1107.091792572573,1.2541460804093219,32.50594416064689
2533,633.25,-1128.2820016220212,21.190133427389977,-1107.0918681946312,1.2505142925404382,32.51503322053235
2534,633.5,-1128.4031035676599,21.311150943713233,-1107.0919526239466,1.246184794392063,32.524288431280304
2535,633.75,-1128.5272111073136,21.435160016382955,-1107.0920510909307,1.2411770991648265,32.533704740487
2536,634.0,-1128.6526914611459,21.560519853361445,-1107.0921716077844,1.235514698582107,32.54327622451996
2537,634.25,-1128.7777606099844,21.685466967835875,-1107.0922936421484,1.22922541947633,32.55299601320128
2538,634.5,-1128.9005373716354,21.808121558123567,-1107.092415813512,1.2223417664806504,32.5628562289032
2539,634.75,-1129.019077822566,21.926496749061627,-1107.0925810735043,1.2149013482745816,32.57284790114051
2540,635.0,-1129.1312072873116,22.03851349063405,-1107.0926937966774,1.2069473047842225,32.58296088562794
2541,635.25,-1129.2348724901676,22.1420244547925,-1107.092848035375,1.1985287299143783,32.59318378763478
2542,635.5,-1129.327821612358,22.234844021483678,-1107.0929775908744,1.1897010932292975,32.60350388663236
2543,635.75,-1129.4079151451588,22.314786097280788,-1107.093129047878,1.1805266210226883,32.61390707199599
2544,636.0,-1129.472984597087,22.37971480856644,-1107.0932697885205,1.1710746943857882,32.624377778365734
2545,636.25,-1129.521023184061,22.427624180719423,-1107.0933990033416,1.1614221176046209,32.63489895137569
2546,636.5,-1129.550238288939,22.456735766197514,-1107.0935025227416,1.151653150869393,32.645452068407344
2547,636.75,-1129.559189364314,22.465604187147413,-1107.0935851771667,1.1418593695374009,32.65601719694218
2548,637.0,-1129.5468619018793,22.45322494807195,-1107.0936369538074,1.1321391754596086,32.66657312951919
2549,637.25,-1129.5127746239305,22.41914214523316,-1107.0936324786974,1.1225970038917705,32.67709758291418
2550,637.5,-1129.4571514129639,22.36355109343595,-1107.093600319528,1.1133422047613035,32.687567464546774
2551,637.75,-1129.3808978274465,22.287372256614134,-1107.0935255708323,1.1044875365714315,32.6979592168503
2552,638.0,-1129.2856801450253,22.19229098182914,-1107.0933891631962,1.096147308180955,32.70824922920007
2553,638.25,-1129.1739367842674,22.080746925350713,-1107.0931898589167,1.088435151902081,32.71841431839813
2554,638.5,-1129.048812687397,21.955855140675965,-1107.092957546721,1.0814614983291952,32.728432260935236
2555,638.75,-1128.91399949044,21.821265282351007,-1107.0927342080888,1.0753308164418252,32.73828235870358
2556,639.0,-1128.7734238877892,21.68095761401529,-1107.0924662737739,1.0701387463473107,32.74794601296899
2557,639.25,-1128.6312141939998,21.53899276714669,-1107.092221426853,1.0659692533357974,32.75740727915487
2558,639.5,-1128.491261743009,21.399230225324587,-1107.0920315176845,1.062891765035228,32.76665340076203
2559,639.75,-1128.3568952679634,21.26504273255358,-1107.0918525354098,1.0609586919629992,32.77567525403853
2560,640.0,-1128.230842538178,21.13907548000189,-1107.0917670581762,1.060203487766215,32.78446766693825
2561,640.25,-1128.1148190945387,21.02307231651359,-1107.091746778025,1.0606393239959322,32.79302960425235
2562,640.5,-1128.009538128972,20.91779686309646,-1107.0917412658755,1.0622585824006225,32.80136417938798
2563,640.75,-1127.9148731902242,20.82306941391271,-1107.0918037763115,1.0650331625496836,32.809478504932024
2564,641.0,-1127.8298379331827,20.737907512063156,-1107.0919304211195,1.068915580342506,32.81738338851164
2565,641.25,-1127.752790234983,20.66074487116038,-1107.0920453638225,1.0738407366511222,32.82509290471516
2566,641.5,-1127.6818883419037,20.58969094227964,-1107.092197399624,1.07972833018907,32.83262385837126
2567,641.75,-1127.615066766739,20.52279721499712,-1107.0922695517418,1.086485556861866,32.83999520432822
2568,642.0,-1127.5506534278393,20.458294710695757,-1107.0923587171435,1.0940100580627545,32.84722743940259
2569,642.25,-1127.487196289003,20.394783879210745,-1107.0924124097921,1.1021927177757065,32.85434203630728
2570,642.5,-1127.4238269105554,20.33137234896061,-1107.0924545615946,1.110920500918065,32.86136089127367
2571,642.75,-1127.3601747378707,20.267740357503936,-1107.0924343803667,1.1200790472365363,32.86830583211733
2572,643.0,-1127.296518690884,20.204141258559243,-1107.0923774323248,1.129554971834424,32.87519819454599
2573,643.25,-1127.2336180657148,20.141345979979487,-1107.0922720857354,1.1392378506885203,32.882058470399556
2574,643.5,-1127.1727181747556,20.080548588590318,-1107.0921695861653,1.1490217957253661,32.888906038685214
2575,643.75,-1127.1153017506003,20.023244684480137,-1107.09205706612,1.1588067029670708,32.895758964195224
2576,644.0,-1127.0630271062255,19.971098230398084,-1107.0919288758273,1.168499113959087,32.90263387090874
2577,644.25,-1127.017630495131,19.925813545928865,-1107.0918169492022,1.1780127631744226,32.90954587495967
2578,644.5,-1126.980733834207,19.88901558979349,-1107.0917182444136,1.1872688508990907,32.9165085678002
2579,644.75,-1126.9537672623992,19.862150046831964,-1107.0916172155673,1.196196017185905,32.92353405230147
2580,645.0,-1126.938000716269,19.8464082578584,-1107.0915924584106,1.204730152483621,32.93063300575886
2581,645.25,-1126.934223510325,19.842679666835565,-1107.0915438434895,1.2128140071550693,32.93781477599491
2582,645.5,-1126.943038471043,19.85153070104179,-1107.0915077700013,1.2203968143619808,32.94508747269813
2583,645.75,-1126.9647346958518,19.873196323507603,-1107.0915383723443,1.2274338795038093,32.95245806237677
2584,646.0,-1126.999128781259,19.907585070769468,-1107.0915437104895,1.2338861478514365,32.959932463037326
2585,646.25,-1127.04589099437,19.954296660414503,-1107.0915943339555,1.2397197858866547,32.96751563332078
2586,646.5,-1127.1043050214648,20.01264953053242,-1107.0916554909325,1.244905751883962,32.975211665738684
2587,646.75,-1127.1734534874558,20.08171677775662,-1107.0917367096993,1.2494194275757942,32.9830238596556
2588,647.0,-1127.2521620765328,20.160366140490833,-1107.091795936042,1.2532402581247044,32.99095479888011
2589,647.25,-1127.3391989693046,20.247299076190775,-1107.0918998931138,1.2563514713817399,32.999006410139316
2590,647.5,-1127.433073118329,20.341087977080704,-1107.0919851412484,1.2587398306167321,33.00718001252787
2591,647.75,-1127.532299540937,20.440217487093456,-1107.0920820538436,1.2603954160055826,33.0154763680582
2592,648.0,-1127.635305263102,20.543120088496053,-1107.092185174606,1.2613114797652674,33.023895710568624
2593,648.25,-1127.7404864355922,20.648201404295396,-1107.0922850312968,1.2614843287588051,33.032437777803516
2594,648.5,-1127.8462364077568,20.753864050045994,-1107.0923723577107,1.2609132689218336,33.04110182656763
2595,648.75,-1127.950986303389,20.858527174890497,-1107.0924591284986,1.259600598174075,33.04988664241002
2596,649.0,-1128.0531816631556,20.960637438481857,-1107.0925442246737,1.2575516274876906,33.05879054934383
2597,649.25,-1128.1513142362237,21.058678559386532,-1107.092635676837,1.254774792147588,33.06781139464414
2598,649.5,-1128.2439180985093,21.151181022676678,-1107.0927370758327,1.2512817629639925,33.07694654863248
2599,649.75,-1128.329538680613,21.236724778276983,-1107.092813902336,1.2470876403350184,33.0861928810955
2600,650.0,-1128.4068174287677,21.3139391474156,-1107.0928782813521,1.242211190932561,33.09554673602781
2601,650.25,-1128.4744695201516,21.38150382037641,-1107.0929656997753,1.236675103066355,33.105003907727436
2602,650.5,-1128.5311882272363,21.43814571585225,-1107.093042511384,1.230506320983664,33.11455960211403
2603,650.75,-1128.575731858611,21.48263586698752,-1107.0930959916236,1.2237364011072913,33.124208399609216
2604,651.0,-1128.6069671735168,21.51378967503674,-1107.09317749848,1.2164019191492257,33.13394421139143
2605,651.25,-1128.6237259954214,21.530469518815636,-1107.0932564766058,1.2085448978346438,33.143760235136
2606,651.5,-1128.624896273017,21.531591605916123,-1107.0933046671007,1.2002132247500645,33.1536489182905
2607,651.75,-1128.6095142439008,21.5161463016219,-1107.093367942279,1.191461093297854,33.16360191602935
2608,652.0,-1128.5766459181905,21.483230491654716,-1107.0934154265358,1.18234937944417,33.17361006401556
2609,652.25,-1128.525528602302,21.432083038352744,-1107.0934455639494,1.1729460326995438,33.183663352586976
2610,652.5,-1128.4556307941675,21.36213904694569,-1107.0934917472218,1.1633263762800288,33.193750916399
2611,652.75,-1128.366605348885,21.273100578288403,-1107.0935047705966,1.1535732274262893,33.203861050883674
2612,653.0,-1128.2585145235062,21.165020278389058,-1107.0934942451172,1.1437767560325791,33.21398126824115
2613,653.25,-1128.1318413242698,21.03839863137761,-1107.0934426928923,1.134034073762457,33.22409838973234
2614,653.5,-1127.9876064658165,20.89428121294918,-1107.0933252528673,1.124448513709376,33.234198678535684
2615,653.75,-1127.8275505825877,20.73434154082959,-1107.0932090417582,1.1151285681654437,33.244268015571016
2616,654.0,-1127.6539637297392,20.560940466893005,-1107.0930232628461,1.1061864570946123,33.25429211689379
2617,654.25,-1127.4699492827058,20.377148436733187,-1107.0928008459725,1.0977363426874611,33.26425679123591
2618,654.5,-1127.2792411223054,20.186717931118558,-1107.0925231911867,1.0898921796155803,33.274148232453264
2619,654.75,-1127.0862268060446,19.994000390166114,-1107.0922264158785,1.082765249813537,33.2839533386339
2620,655.0,-1126.8956993222237,19.803794593019564,-1107.091904729204,1.0764614312249663,33.29366004632462
2621,655.25,-1126.712720707059,19.62112651237144,-1107.0915941946876,1.0710783314734476,33.30325766234556
2622,655.5,-1126.5422922372818,19.450980290489312,-1107.0913119467925,1.0667024167166093,33.312737179654455
2623,655.75,-1126.389044135809,19.297994488662624,-1107.0910496471463,1.0634061483301052,33.32209156458411
2624,656.0,-1126.2570314705372,19.166154638467546,-1107.0908768320696,1.0612454657604524,33.33131598686222
2625,656.25,-1126.1492720916867,19.058517071872963,-1107.0907550198137,1.0602576581224514,33.34040798150862
2626,656.5,-1126.0676896646619,18.97700244752689,-1107.090687217135,1.060459952749291,33.34936751568898
2627,656.75,-1126.0130150541663,18.922287878926102,-1107.0907271752403,1.061848814284143,33.35819695963916
2628,657.0,-1125.984669469297,18.893811539831123,-1107.0908579294658,1.064400084161996,33.366900958152854
2629,657.25,-1125.9809157550335,18.889889257410772,-1107.0910264976228,1.0680699502942863,33.37548622143789
2630,657.5,-1125.9991598203778,18.907920368420164,-1107.0912394519576,1.0727965936119699,33.38396123728022
2631,657.75,-1126.0361155420542,18.944651702562183,-1107.091463839492,1.078502498439518,33.392335938828346
2632,658.0,-1126.0881498083472,18.996464063843035,-1107.0916857445043,1.0850970977089753,33.400621345480644
2633,658.25,-1126.1515438482165,19.059648718057232,-1107.0918951301594,1.0924796418553708,33.40882920127089
2634,658.5,-1126.2227475047112,19.130644861076263,-1107.092102643635,1.1005421167629288,33.41697163854092
2635,658.75,-1126.2984905391932,19.206224822550347,-1107.0922657166427,1.109172045804804,33.42506086610434
2636,659.0,-1126.3760282099247,19.283621709940352,-1107.0924064999842,1.1182551272989392,33.43310889540073
2637,659.25,-1126.4530835151672,19.360592627375645,-1107.0924908877917,1.1276776465755232,33.441127308159615
2638,659.5,-1126.5279857367277,19.435430377007155,-1107.0925553597206,1.137328454919514,33.449127078668084
2639,659.75,-1126.5995085909963,19.50693294158168,-1107.0925756494146,1.1471006769015495,33.457118434940135
2640,660.0,-1126.6669564023614,19.574344806049893,-1107.0926115963116,1.156892983372806,33.465110769815894
2641,660.25,-1126.7298611998558,19.63728080036016,-1107.0925803994955,1.1666105566138874,33.473112586352514
2642,660.5,-1126.7881907075644,19.695640501470475,-1107.0925502060938,1.176165692001711,33.48113148029473
2643,660.75,-1126.8420733436942,19.749524885686004,-1107.0925484580082,1.1854781226617017,33.489174148864166
2644,661.0,-1126.8916549384594,19.799168771345556,-1107.0924861671137,1.1944750397305515,33.49724642636104
2645,661.25,-1126.9373761042953,19.844886509782636,-1107.0924895945127,1.2030909424126963,33.50535333342909
2646,661.5,-1126.9794925227761,19.88703493192482,-1107.0924575908514,1.2112672628606245,33.513499142085344
2647,661.75,-1127.0184025913477,19.92599319564979,-1107.0924093956978,1.2189519969039877,33.521687436424074
2648,662.0,-1127.054527245462,19.962144792908873,-1107.092382452553,1.2260992894201064,33.529921177181215
2649,662.25,-1127.0882199853659,19.995867159300943,-1107.0923528260648,1.2326690207746525,33.538202758329575
2650,662.5,-1127.1198912933469,20.027531833695797,-1107.092359459651,1.2386263649173563,33.546534066271576
2651,662.75,-1127.1498181894422,20.057507965651276,-1107.092310223791,1.2439413750700186,33.55491653391773
2652,663.0,-1127.178449653089,20.086160986421916,-1107.0922886666672,1.2485885884048615,33.56335118810372
2653,663.25,-1127.2061285227537,20.113855532224907,-1107.0922729905287,1.2525466796657596,33.57183869285969
2654,663.5,-1127.2331915572286,20.140960585958283,-1107.0922309712703,1.2557981574184403,33.58037938731405
2655,663.75,-1127.2600537016988,20.167850159017654,-1107.092203542681,1.2583291041526634,33.588973318396064
2656,664.0,-1127.2870863303542,20.19490173248484,-1107.0921845978694,1.260128966717536,33.59762026703867
2657,664.25,-1127.3146416321397,20.222493772882387,-1107.0921478592572,1.2611903856307969,33.60631977152642
2658,664.5,-1127.3431311249733,20.25100065589011,-1107.0921304690833,1.2615090778952125,33.61507114876657
2659,664.75,-1127.372887916863,20.28077958102525,-1107.0921083358378,1.2610837640540267,33.623873507845325
2660,665.0,-1127.404238395393,20.31215781858454,-1107.0920805768083,1.2599161513432389,33.63272576081605
2661,665.25,-1127.4374689087272,20.345421186928874,-1107.0920477217983,1.2580109601773333,33.6416266331253
2662,665.5,-1127.4728286489844,20.380795074593777,-1107.0920335743906,1.2553759986504953,33.65057466713805
2663,665.75,-1127.5104602649808,20.418425462894795,-1107.092034802086,1.2520222901277027,33.65956822680911
2664,666.0,-1127.550405755639,20.45836232639196,-1107.092043429247,1.2479642484852125,33.66860549753942
2665,666.25,-1127.5925907343626,20.500539934397704,-1107.092050799965,1.2432198991561043,33.67768448442547
2666,666.5,-1127.636829674244,20.544759813058604,-1107.0920698611853,1.2378111396184006,33.68680301328272
2667,666.75,-1127.6827696114779,20.59067558555928,-1107.0920940259186,1.2317640512276242,33.69595872665951
2668,667.0,-1127.7299238070846,20.637772098426346,-1107.0921517086583,1.2251092561935815,33.70514907950686
2669,667.25,-1127.7775511667132,20.685353898982363,-1107.0921972677309,1.2178823162641663,33.71437133726021
2670,667.5,-1127.8248179331422,20.73254347011018,-1107.092274463032,1.2101241469451929,33.723622575686825
2671,667.75,-1127.870653219521,20.778284066889345,-1107.0923691526316,1.2018814551862802,33.732899680409965
2672,668.0,-1127.9138100221753,20.821359744140853,-1107.0924502780344,1.1932071665553494,33.74219935310049
2673,668.25,-1127.9529728665948,20.860422557200533,-1107.0925503093943,1.1841608162811395,33.751518119977206
2674,668.5,-1127.9866745397449,20.89403405284631,-1107.0926404868985,1.1748089363170924,33.76085234566839
2675,668.75,-1128.013456337154,20.920734106125067,-1107.0927222310288,1.1652253987761536,33.77019825284295
2676,669.0,-1128.0319625139236,20.939116350177613,-1107.0928461637461,1.15549154426577,33.77955195280558
2677,669.25,-1128.0408324822783,20.947920167720458,-1107.092912314558,1.1456961241272412,33.7889094874954
2678,669.5,-1128.039118014276,20.94614963074903,-1107.092968383527,1.1359349316594072,33.79826688506912
2679,669.75,-1128.0261957198381,20.933197520237957,-1107.0929981996003,1.1263101568605645,33.807620225086204
2680,670.0,-1128.001930885017,20.908961255151446,-1107.0929696298654,1.1169293776043794,33.816965714211754
2681,670.25,-1127.966825708747,20.873938472441477,-1107.0928872363054,1.107904225069018,33.82629976865823
2682,670.5,-1127.9221041947603,20.829288470790956,-1107.0928157239694,1.0993486410742748,33.83561910208542
2683,670.75,-1127.8695001080632,20.77684945463455,-1107.0926506534286,1.091376812341002,33.84492081202992
2684,671.0,-1127.8115767240524,20.71909618940571,-1107.0924805346467,1.084100743651472,33.854202462252076
2685,671.25,-1127.7513025701046,20.659018512432223,-1107.0922840576725,1.0776275834022955,33.863462156667055
2686,671.5,-1127.691998951137,20.59994689336264,-1107.0920520577745,1.0720567892510506,33.872698596148034
2687,671.75,-1127.6371766626835,20.54533729127377,-1107.0918393714096,1.067477243350905,33.88191111773318
2688,672.0,-1127.5901788175106,20.498506555731478,-1107.0916722617792,1.0639643805860253,33.89109970241229
2689,672.25,-1127.5538677424192,20.462348563319008,-1107.0915191791003,1.06157754610948,33.90026495901036
2690,672.5,-1127.530535966158,20.439074119606992,-1107.0914618465508,1.0603578251281667,33.90940808119654
2691,672.75,-1127.5214339196682,20.43000949206283,-1107.0914244276053,1.0603264431951536,33.91853077167821
2692,673.0,-1127.5269574075937,20.435486597723393,-1107.0914708098703,1.0614839543358499,33.927635139892985
2693,673.25,-1127.5464276522398,20.454837805144585,-1107.0915898470953,1.0638102027575047,33.93672358898135
2694,673.5,-1127.578214161098,20.486491611413175,-1107.0917225496848,1.0672651155901807,33.94579868070872
2695,673.75,-1127.620064906776,20.52816141565226,-1107.0919034911237,1.0717902509416448,33.95486301337511
2696,674.0,-1127.6691747009754,20.57709585306061,-1107.0920788479148,1.07731095571119,33.963919100535854
2697,674.25,-1127.7226139307022,20.630354128610552,-1107.0922598020916,1.083738999433844,33.97296926116544
2698,674.5,-1127.7774762436748,20.685066296979965,-1107.0924099466947,1.090975409727458,33.98201553697395
2699,674.75,-1127.8312088623643,20.738653589948854,-1107.0925552724154,1.0989133648561005,33.99105963048565
2700,675.0,-1127.8816478773952,20.788997599271664,-1107.0926502781235,1.107441043623935,34.00010286595689
2701,675.25,-1127.9272160455585,20.834547261819434,-1107.092668783739,1.1164443087308726,34.00914617265209
2702,675.5,-1127.9670476019382,20.874356766522183,-1107.092690835416,1.1258091586207677,34.0181900835118
2703,675.75,-1128.0007275417447,20.908066866997313,-1107.0926606747473,1.1354237948422494,34.027234753078055
2704,676.0,-1128.0284631550312,20.935844092093554,-1107.0926190629377,1.1451803869663626,34.03627998689033
2705,676.25,-1128.0508142262697,20.958282830852312,-1107.0925313954174,1.1549764389856219,34.04532527838254
2706,676.5,-1128.0687476918101,20.976294610244913,-1107.0924530815653,1.1647157990971582,34.05436985115703
2707,676.75,-1128.083369024098,20.990996711871006,-1107.0923723122269,1.174309334971348,34.06341270287434
2708,677.0,-1128.095899231732,21.003601613173213,-1107.0922976185586,1.183675310276758,34.07245264920902
2709,677.25,-1128.1075095385313,21.015318345628113,-1107.092191192903,1.1927394634258095,34.08148836314326
2710,677.5,-1128.1194267347455,21.027276344382887,-1107.0921503903626,1.2014348787367726,34.090518411825634
2711,677.75,-1128.1325384750962,21.040471159768504,-1107.0920673153278,1.2097016662059286,34.09954128805431
2712,678.0,-1128.1477668210864,21.055732519236436,-1107.09203430185,1.2174865602020586,34.108555437296815
2713,678.25,-1128.1657091379166,21.073706807598054,-1107.0920023303186,1.2247425373983627,34.117559279646784
2714,678.5,-1128.1868349313736,21.094850800792386,-1107.0919841305813,1.2314283886815969,34.12655123034618
2715,678.75,-1128.2114064022899,21.119439433540656,-1107.0919669687491,1.2375082810500955,34.13552971493061
2716,679.0,-1128.2395641505718,21.14758150720532,-1107.0919826433665,1.2429513464920152,34.144493183972905
2717,679.25,-1128.2712254598737,21.179237423233246,-1107.0919880366405,1.247731270750097,34.153440121598415
2718,679.5,-1128.3062369599938,21.21424447615257,-1107.0919924838413,1.251825942460854,34.16236905745975
2719,679.75,-1128.344352915883,21.252338928743463,-1107.0920139871396,1.2552171394765999,34.171278571405146
2720,680.0,-1128.3852180987597,21.293177470791626,-1107.0920406279681,1.2578902633803877,34.1801673023559
2721,680.25,-1128.4284259304404,21.3363546259004,-1107.09207130454,1.2598341159857298,34.1890339543154
2722,680.5,-1128.4735073968768,21.38141760687562,-1107.0920897900012,1.2610407231130265,34.19787730637925
2723,680.75,-1128.519995816052,21.427880067435826,-1107.0921157486162,1.2615052064356171,34.2066962167318
2724,681.0,-1128.567375704646,21.475228935495263,-1107.0921467691508,1.2612257003541356,34.215489630003376
2725,681.25,-1128.6150924935937,21.52292694390813,-1107.0921655496857,1.2602033240786186,34.22425659005145
2726,681.5,-1128.6626269817352,21.570414424991345,-1107.0922125567438,1.2584422020253183,34.23299624775928
2727,681.75,-1128.709371007979,21.617108013151583,-1107.0922629948273,1.255949529301891,34.24170787602259
2728,682.0,-1128.7546762004495,21.66239295992048,-1107.092283240529,1.252735689888215,34.250390885852525
2729,682.25,-1128.7979585379362,21.705614680775724,-1107.0923438571606,1.2488144162749526,34.25904484110504
2730,682.5,-1128.8384533002973,21.746069688806486,-1107.0923836114907,1.2442030053025146,34.26766948173601
2731,682.75,-1128.8754200711846,21.78299948628451,-1107.0924205849,1.238922573127369,34.276264745159125
2732,683.0,-1128.9080637469888,21.81558199183138,-1107.0924817551575,1.2329983559702187,34.28483079752707
2733,683.25,-1128.935453094542,21.842918122000277,-1107.0925349725417,1.2264600557602992,34.29336806296879
2734,683.5,-1128.9566497728229,21.86402440796741,-1107.0926253648554,1.219342231777165,34.30187725996699
2735,683.75,-1128.970510609448,21.877836088111888,-1107.092674521336,1.2116847146179628,34.31035944153922
2736,684.0,-1128.975979179144,21.883215586221336,-1107.0927635929227,1.2035330400141897,34.318816038471276
2737,684.25,-1128.9718175455928,21.87896983533292,-1107.0928477102598,1.1949388839050599,34.32724890699314
2738,684.5,-1128.9568123593926,21.863880784370195,-1107.0929315750225,1.1859604590787138,34.335660377767105
2739,684.75,-1128.9297707229853,21.836740640366997,-1107.0930300826183,1.1766628906293297,34.34405330486095
2740,685.0,-1128.8894839137793,21.796405398839017,-1107.0930785149403,1.167118595990321,34.352431119869806
2741,685.25,-1128.8350319489837,21.741873371723102,-1107.0931585772605,1.1574074509410424,34.36079787952922
2742,685.5,-1128.7655618563294,21.672376759288387,-1107.093185097041,1.147616769941143,34.36915830150164
2743,685.75,-1128.6806846782565,21.58748782781042,-1107.093196850446,1.1378410114812965,34.37751778726402
2744,686.0,-1128.5804089009762,21.48722830366615,-1107.09318059731,1.1281811735667457,34.385882425066534
2745,686.25,-1128.4652776867151,21.372169519927834,-1107.0931081667873,1.118743877726664,34.3942589708081
2746,686.5,-1128.336513929069,21.243516423269703,-1107.0929975057993,1.1096400782272087,34.402654801241965
2747,686.75,-1128.196023710072,21.103162012026225,-1107.092861698046,1.100983414803644,34.41107783448966
2748,687.0,-1128.0463501885533,20.95370044732938,-1107.092649741224,1.0928882100142387,34.41953641680721
2749,687.25,-1127.8908077180386,20.798382229187606,-1107.092425488851,1.0854670995800384,34.42803917186655
2750,687.5,-1127.7331635430455,20.641000199100368,-1107.0921633439452,1.0788284023616752,34.43659481279607
2751,687.75,-1127.5776168555021,20.48571240197802,-1107.0919044535242,1.0730733151854042,34.44521192306571
2752,688.0,-1127.4284368380904,20.33680511297987,-1107.0916317251106,1.0682930180093861,34.45389871144151
2753,688.25,-1127.2898096069694,20.19841595319858,-1107.0913936537709,1.0645657977413254,34.46266274102764
2754,688.5,-1127.16545496881,20.074236772107646,-1107.0912181967024,1.061954346400809,34.47151065529794
2755,688.75,-1127.0583170056343,19.96723033436052,-1107.0910866712738,1.0605034714199415,34.48044791281779
2756,689.0,-1126.9704284369946,19.87940241398658,-1107.091026023008,1.0602384049993612,34.48947854892895
2757,689.25,-1126.9026917368174,19.811660716805545,-1107.0910310200118,1.0611637722449991,34.498604984650946
2758,689.5,-1126.854895696044,19.763780776071428,-1107.0911149199726,1.0632634429597856,34.50782790029345
2759,689.75,-1126.8257593214512,19.734480411652438,-1107.0912789097988,1.0665011468794066,34.51714617606603
2760,690.0,-1126.8130381777883,19.72160008884912,-1107.0914380889392,1.0708218797335642,34.526556905514724
2761,690.25,-1126.8139744624496,19.72235083328631,-1107.0916236291632,1.076153985780099,34.53605547970263
2762,690.5,-1126.8254209980369,19.733590543677487,-1107.0918304543593,1.0824116668699673,34.54563573534741
2763,690.75,-1126.8441319018602,19.75210168269216,-1107.092030219168,1.0894978162176305,34.55529014829599
2764,691.0,-1126.867029339075,19.77483771187848,-1107.0921916271966,1.0973069383040948,34.565010055458494
2765,691.25,-1126.8914238065481,19.799117747599922,-1107.0923060589482,1.1057279705476866,34.57478589430847
2766,691.5,-1126.915173150599,19.822762939156366,-1107.0924102114427,1.1146470309137784,34.58460745171689
2767,691.75,-1126.936606824398,19.84416830252316,-1107.0924385218748,1.1239499150254824,34.59446410620254
2768,692.0,-1126.954776585102,19.862316451519984,-1107.092460133582,1.133524242010379,34.60434505603806
2769,692.25,-1126.9691862985492,19.87674397121979,-1107.0924423273293,1.1432612860551759,34.61423952342909
2770,692.5,-1126.9798858463764,19.887470994390196,-1107.0924148519862,1.1530574150118054,34.624136931211346
2771,692.75,-1126.9872644245625,19.894911164821238,-1107.0923532597412,1.1628151621557439,34.6340270472065
2772,693.0,-1126.992055490613,19.89977163285574,-1107.0922838577571,1.172443980451113,34.64390010042816
2773,693.25,-1126.995167300105,19.902949664906966,-1107.092217635198,1.1818606659991926,34.653746863173474
2774,693.5,-1126.9975719749928,19.905440083852362,-1107.0921318911403,1.1909895018803809,34.66355870530958
2775,693.75,-1127.000304915011,19.908256184142267,-1107.0920487308686,1.1997621519814747,34.673327617299854
2776,694.0,-1127.0043573379517,19.91236882983589,-1107.0919885081157,1.208117382279005,34.6830462137261
2777,694.25,-1127.0106174722314,19.918668778519663,-1107.0919486937116,1.2160006576088884,34.692707718795646
2778,694.5,-1127.0198619142175,19.92793988595663,-1107.0919220282608,1.2233637632944787,34.70230595149226
2779,694.75,-1127.032701522112,19.940839676869423,-1107.0918618452424,1.2301643886510234,34.711835304550455
2780,695.0,-1127.0497355535626,19.957889558009,-1107.0918459955537,1.2363656762908142,34.721290712674566
2781,695.25,-1127.071300521493,19.979470005948865,-1107.0918305155442,1.2419358170115995,34.73066762828705
2782,695.5,-1127.0976149588823,20.00582288326425,-1107.091792075618,1.2468476334901994,34.73996198950816
2783,695.75,-1127.1288793981075,20.037059829109257,-1107.0918195689983,1.2510782122644593,34.749170191457324
2784,696.0,-1127.1650245264173,20.073169049615565,-1107.0918554768016,1.254608596712556,34.75828906644243
2785,696.25,-1127.2058661803603,20.114025067441336,-1107.091841112919,1.2574234951856798,34.7673158587625
2786,696.5,-1127.251266129315,20.15939810200364,-1107.0918680273112,1.2595110581764146,34.7762482099963
2787,696.75,-1127.3008498474956,20.208962178987388,-1107.0918876685082,1.2608626904045475,34.78508414787001
2788,697.0,-1127.3542297109962,20.262303568610157,-1107.091926142386,1.261472912930815,34.79382207804568
2789,697.25,-1127.4108924269676,20.31892987663571,-1107.0919625503318,1.2613392756904678,34.80246078312169
2790,697.5,-1127.4702793210745,20.378278520257886,-1107.0920008008165,1.260462314829202,34.81099942732509
2791,697.75,-1127.531747020781,20.439720900479173,-1107.0920261203019,1.2588455604769657,34.81943756505835
2792,698.0,-1127.5946646109223,20.502566682875315,-1107.092097928047,1.2564955951752539,34.82777515912998
2793,698.25,-1127.658224016428,20.56606788982129,-1107.0921561266066,1.2534221705149857,34.83601260836985
2794,698.5,-1127.72161436826,20.629422762754867,-1107.0921916055051,1.2496383441360726,34.844150771623525
2795,698.75,-1127.784038349986,20.691777702667814,-1107.0922606473182,1.2451606934890334,34.85219101047396
2796,699.0,-1127.8445527553558,20.752229479947314,-1107.0923232754085,1.240009564969811,34.86013523463259
2797,699.25,-1127.9022073298693,20.809826201880426,-1107.0923811279888,1.2342093637499079,34.86798595591307
2798,699.5,-1127.9560162425041,20.863569485641026,-1107.0924467568632,1.227788883145681,34.87574634620908
2799,699.75,-1128.004944756627,20.912419589456807,-1107.0925251671704,1.220781695003802,34.88342030877096
2800,700.0,-1128.0479048788548,20.95530252420995,-1107.092602354645,1.2132265687430457,34.89101255707756
2801,700.25,-1128.083819180727,20.991121978731552,-1107.0926972019954,1.2051678847899847,34.89852869094888
2802,700.5,-1128.1115451529622,21.018778640875663,-1107.0927665120867,1.1966560903665557,34.90597528750781
2803,700.75,-1128.1300367563963,21.037195071200006,-1107.0928416851964,1.1877480787350707,34.91335997737656
2804,701.0,-1128.1382535472512,21.04534525083659,-1107.0929082964146,1.178507587225957,34.92069153181393
2805,701.25,-1128.135274797678,21.04230211396224,-1107.0929726837157,1.1690055864018827,34.92797994944554
2806,701.5,-1128.1203110218048,21.027304065157868,-1107.0930069566468,1.1593204864172242,34.935236517967354
2807,701.75,-1128.0928731262684,20.99983520982905,-1107.0930379164392,1.1495381535522908,34.942473850885264
2808,702.0,-1128.0527584403753,20.959717177297456,-1107.0930412630778,1.139751686056445,34.949705887905644
2809,702.25,-1128.0002247840166,20.90720364268783,-1107.0930211413288,1.130060867337835,34.95694784585442
2810,702.5,-1127.9360103309155,20.84307181168725,-1107.0929385192283,1.120571309436735,34.96421611955766
2811,702.75,-1127.861512646079,20.768695076830724,-1107.0928175692484,1.1113932300699232,34.97152812193135
2812,703.0,-1127.7787592560053,20.686085414315755,-1107.0926738416895,1.1026398975786402,34.97890206410485
2813,703.25,-1127.6903562992811,20.59789872498988,-1107.0924575742913,1.0944256692568164,34.98635666368862
2814,703.5,-1127.5996385067701,20.507388651424733,-1107.0922498553455,1.086863721359351,34.99391079105709
2815,703.75,-1127.5102796331048,20.41829189233939,-1107.0919877407655,1.0800634166754943,35.001583044561386
2816,704.0,-1127.4263962432742,20.334648479326983,-1107.0917477639473,1.0741275823424619,35.009391288347025
2817,704.25,-1127.352062754333,20.26056915126643,-1107.0914936030665,1.069149584240924,35.01735214855116
2818,704.5,-1127.2912445887923,20.199960282440124,-1107.0912843063522,1.0652104589485503,35.02548049019188
2819,704.75,-1127.2473731562495,20.15622718658746,-1107.091145969662,1.0623761569696375,35.03378889977924
2820,705.0,-1127.2229933217168,20.131988234468114,-1107.0910050872487,1.0606951499747315,35.04228720960662
2821,705.25,-1127.2198168709874,20.12883848629815,-1107.0909783846892,1.0601965982891899,35.05098210057874
2822,705.5,-1127.238228596747,20.147197965809337,-1107.0910306309377,1.0608892158141945,35.05987681449537
2823,705.75,-1127.2774266377091,20.186268985795152,-1107.091157651914,1.0627609082944087,35.06897099521842
2824,706.0,-1127.3354825004935,20.24410804460987,-1107.0913744558836,1.0657792754761262,35.07826067769528
2825,706.25,-1127.409379966557,20.31779706907604,-1107.091582897481,1.0698928350022645,35.087738414711495
2826,706.5,-1127.4955327883363,20.403692339340157,-1107.0918404489962,1.0750330142063373,35.09739354152845
2827,706.75,-1127.5898248180747,20.497720751279477,-1107.0921040667952,1.081116563392183,35.10721253953875
2828,707.0,-1127.688043616712,20.595681057553293,-1107.0923625591588,1.0880483774151979,35.11717948580797
2829,707.25,-1127.7861038520932,20.693513521621544,-1107.0925903304717,1.0957243780440267,35.12727653409805
2830,707.5,-1127.8803069218993,20.787524263277643,-1107.0927826586217,1.1040343665551966,35.13748440867491
2831,707.75,-1127.967461489141,20.874552940171384,-1107.0929085489697,1.1128648053810315,35.147782902150034
2832,708.0,-1128.0451044812799,20.952073666197833,-1107.093030815082,1.1221013814876615,35.15815134788534
2833,708.25,-1128.111300908029,21.018232472385026,-1107.093068435644,1.1316311928873566,35.16856903942976
2834,708.5,-1128.1649617478251,21.0718283369725,-1107.0931334108527,1.1413446772338038,35.179015608329465
2835,708.75,-1128.2053647562861,21.11225842641677,-1107.0931063298694,1.151137104244664,35.189471330142815
2836,709.0,-1128.2324917688966,21.139442348278337,-1107.0930494206182,1.160909728302967,35.199917371640474
2837,709.25,-1128.2467354014516,21.153724172880608,-1107.093011228571,1.1705706101484856,35.210335978661575
2838,709.5,-1128.2487330809236,21.15577015441351,-1107.0929629265102,1.1800350944973812,35.220710599422006
2839,709.75,-1128.239354006946,21.146478043668658,-1107.0928759632775,1.189225985334167,35.23102594907205
2840,710.0,-1128.2196764573455,21.126897638304886,-1107.0927788190406,1.1980735115631198,35.24126803381638
2841,710.25,-1128.1908780112863,21.09816430059386,-1107.0927137106924,1.2065150827530542,35.25142413119315
2842,710.5,-1128.1540750041604,21.061454732136927,-1107.0926202720234,1.2144948754179945,35.26148273374206
2843,710.75,-1128.1105007007718,21.017954369941396,-1107.0925463308304,1.2219634726131998,35.27143350153054
2844,711.0,-1128.0612916871905,20.968830560064664,-1107.092461127126,1.2288774317219338,35.28126719687405
2845,711.25,-1128.0076102241874,20.915209323041726,-1107.0924009011455,1.2351988634829376,35.290975619619125
2846,711.5,-1127.9505011364818,20.85816054414865,-1107.0923405923331,1.2408950036833393,35.300551538302614
2847,711.75,-1127.890965424478,20.79869544329775,-1107.0922699811804,1.2459377943679297,35.3099886193837
2848,712.0,-1127.829997561872,20.737765058822898,-1107.0922325030492,1.2503035152722337,35.319281366806266
2849,712.25,-1127.7684282287955,20.67625640123778,-1107.0921718275576,1.2539724595587656,35.3284250683603
2850,712.5,-1127.7071118876338,20.61499166214932,-1107.0921202254845,1.2569286375839053,35.33741574454514
2851,712.75,-1127.6468192860484,20.55472790471457,-1107.0920913813338,1.2591595371951718,35.346250107834756
2852,713.0,-1127.5881971940398,20.49615482415202,-1107.0920423698878,1.2606559440989296,35.35492553850991
2853,713.25,-1127.5318972989917,20.439894098169,-1107.0920032008228,1.2614117738591317,35.36344005318843
2854,713.5,-1127.4784745648503,20.386498075962646,-1107.0919764888877,1.2614239874334103,35.37179229855279
2855,713.75,-1127.4284085854888,20.33644986333443,-1107.0919587221545,1.260692536377034,35.37998154556853
2856,714.0,-1127.3820967152715,20.29016134071818,-1107.0919353745533,1.2592203639416624,35.38800769788733
2857,714.25,-1127.339906387031,20.247968449183283,-1107.091937937848,1.2570134462478306,35.3958713070013
2858,714.5,-1127.3020151481032,20.210124007245344,-1107.0918911408578,1.2540809028050912,35.403573606034946
2859,714.75,-1127.2686778828502,20.176788316656555,-1107.0918895661937,1.2504351260487725,35.411116542830854
2860,715.0,-1127.2399169579148,20.148017512924312,-1107.0918994449905,1.2460919858850064,35.41850283348053
2861,715.25,-1127.2156616672873,20.12375368086156,-1107.091907986426,1.2410710735369457,35.42573602570673
2862,715.5,-1127.195768110454,20.10381869989435,-1107.0919494105597,1.235395972875664,35.432820566543114
2863,715.75,-1127.1798870489001,20.087902295259234,-1107.0919847536409,1.229094593336237,35.439761886006075
2864,716.0,-1127.1675758734345,20.075552262235433,-1107.092023611199,1.2221995349466415,35.44656648912184
2865,716.25,-1127.158225916326,20.066169828950304,-1107.0920560873758,1.2147485106838074,35.453242063550746
2866,716.5,-1127.1511457189918,20.059007829225603,-1107.0921378897663,1.2067847636371214,35.459797586684815
2867,716.75,-1127.1453524753451,20.053181553629834,-1107.0921709217153,1.1983575255851204,35.4662434460682
2868,717.0,-1127.139970086515,20.047688765453607,-1107.0922813210614,1.1895223892712623,35.47259153789417
2869,717.25,-1127.1338001564145,20.041436372124593,-1107.09236378429,1.1803417192721393,35.47885538200903
2870,717.5,-1127.125706024468,20.03328495557493,-1107.092421068893,1.1708850509838646,35.4850502332352
2871,717.75,-1127.1146486774087,20.02211222200148,-1107.0925364554073,1.1612293257005135,35.49119315803449
2872,718.0,-1127.0994627550244,20.006896794427327,-1107.092565960597,1.1514589586747006,35.49730307565876
2873,718.25,-1127.0794427618384,19.98681695544464,-1107.0926258063937,1.1416656618985495,35.50340074355895
2874,718.5,-1127.0539979711175,19.961357480614993,-1107.0926404905026,1.1319479645302313,35.50950867331071
2875,718.75,-1127.0230476483703,19.930413788305913,-1107.0926338600643,1.122410397627931,35.51565096783736
2876,719.0,-1126.9869846478105,19.89439051573138,-1107.092594132079,1.113162406062493,35.52185309163393
2877,719.25,-1126.9467758461833,19.854273129645357,-1107.0925027165379,1.1043167861704182,35.52814152767591
2878,719.5,-1126.9040212258697,19.811657470594827,-1107.0923637552748,1.095987865691739,35.53454336470391
2879,719.75,-1126.8609225973487,19.76873784804469,-1107.092184749304,1.0882892434567348,35.54108577624959
2880,720.0,-1126.8202563673258,19.728234131678498,-1107.0920222356474,1.0813312676617404,35.547795424440785
2881,720.25,-1126.785054564476,19.693249532574374,-1107.0918050319017,1.075218267811742,35.55469779563017
2882,720.5,-1126.7586593180895,19.667065737634115,-1107.0915935804553,1.070045682097782,35.56181649762344
2883,720.75,-1126.7442975789309,19.652894741182795,-1107.091402837748,1.0658971945713536,35.56917254366847
2884,721.0,-1126.744872123003,19.65359936354421,-1107.091272759459,1.0628419309304573,35.576783636073365
2885,721.25,-1126.7625846862793,19.671410708182332,-1107.091173978097,1.0609319512180533,35.58466351299137
2886,721.5,-1126.7988799512386,19.70769039493089,-1107.0911895563077,1.0602003128008877,35.592821416129
2887,721.75,-1126.8539883345366,19.762767182052105,-1107.0912211524844,1.0606597525788424,35.60126170674128
2888,722.0,-1126.9272053986788,19.835872980815907,-1107.0913324178628,1.062302255240525,35.60998368416318
2889,722.25,-1127.0166527926922,19.925187848974364,-1107.0914649437177,1.0650993119784922,35.61898158363101
2890,722.5,-1127.119692876935,20.027987835584856,-1107.0917050413502,1.0690030902334993,35.62824479323075
2891,722.75,-1127.2327955067158,20.140872670640988,-1107.091922836075,1.0739481627339829,35.6377582282548
2892,723.0,-1127.3522291332483,20.26004245690061,-1107.0921866763476,1.0798539731869012,35.647502884489676
2893,723.25,-1127.4740020856261,20.381586993185937,-1107.0924150924402,1.0866274786756207,35.65745646114635
2894,723.5,-1127.5943944081664,20.501750692116346,-1107.0926437160501,1.0941661563349934,35.66759407720635
2895,723.75,-1127.7099579051137,20.617149830997654,-1107.092808074116,1.1023607712208445,35.67788895061218
2896,724.0,-1127.8178676441312,20.724941150174672,-1107.0929264939566,1.111098218273123,35.688313102032645
2897,724.25,-1127.9159122630954,20.82291339928627,-1107.092998863809,1.1202641603049872,35.698838020431225
2898,724.5,-1128.00256190449,20.909523188179637,-1107.0930387163103,1.1297452661147236,35.709435238612336
2899,724.75,-1128.0769221410155,20.983877473878543,-1107.093044667137,1.139431192247006,35.720076849434214
2900,725.0,-1128.1386663243175,21.04566949881379,-1107.0929968255036,1.149216151184078,35.7307359230086
2901,725.25,-1128.1880553886294,21.09509331466037,-1107.0929620739691,1.1590001526468485,35.74138684413909
2902,725.5,-1128.2256322577596,21.132743360740385,-1107.0928888970193,1.1686898673111221,35.75200555566754
2903,725.75,-1128.2523373290896,21.15951013322058,-1107.0928271958692,1.1781991862716237,35.762569724784576
2904,726.0,-1128.269201181829,21.176478525501736,-1107.0927226563272,1.1874494573319279,35.77305882577157
2905,726.25,-1128.277479417622,21.184844853031446,-1107.0926345645908,1.1963694630342612,35.78345415477185
2906,726.5,-1128.2783988937736,21.185848610597496,-1107.092550283176,1.2048952306655745,35.79373879987116
2907,726.75,-1128.2731944546103,21.180720867547848,-1107.0924735870626,1.212969650846239,35.80389756003527
2908,727.0,-1128.2630637660623,21.17065549405057,-1107.0924082720117,1.2205420783350702,35.813916855524866
2909,727.25,-1128.2491083666682,21.15678722999591,-1107.0923211366724,1.2275679374081991,35.823784639172246
2910,727.5,-1128.2324452027678,21.140178102726047,-1107.092267100042,1.2340082810055855,35.83349029288675
2911,727.75,-1128.2140151634812,21.121812792197016,-1107.0922023712842,1.2398293719382527,35.84302452965457
2912,728.0,-1128.1947730109096,21.102596733016405,-1107.0921762778933,1.2450022580401081,35.85237929028359
2913,728.25,-1128.1754382178187,21.083355456377504,-1107.0920827614411,1.2495024061177018,35.861547657493084
2914,728.5,-1128.1569023355842,21.064837469807294,-1107.0920648657768,1.253309330296219,35.87052376115747
2915,728.75,-1128.1397326216102,21.047716860493622,-1107.0920157611165,1.2564063343970573,35.87930272100481
2916,729.0,-1128.124594964087,21.032594973732106,-1107.091999990355,1.2587802518224642,35.88788058239658
2917,729.25,-1128.111941061914,21.020001554461015,-1107.091939507453,1.260421226440764,35.896254261803314
2918,729.5,-1128.1023245677352,21.010391737044646,-1107.0919328306904,1.2613225710087632,35.90442151569396
2919,729.75,-1128.096077285707,21.004143092811052,-1107.091934192896,1.2614806539845773,35.91238091527875
2920,730.0,-1128.093459777534,21.001544075020263,-1107.0919157025137,1.2608948455195708,35.92013183707665
2921,730.25,-1128.094703413546,21.00278558999106,-1107.091917823555,1.25956749810614,35.927674461095876
2922,730.5,-1128.0998737737536,21.007955794266028,-1107.0919179794876,1.2575039943922006,35.93500978955532
2923,730.75,-1128.1089317575097,21.017030089758606,-1107.091901667751,1.254712818727368,35.94213966969982
2924,731.0,-1128.1217817291617,21.02986214667507,-1107.0919195824868,1.2512057118377449,35.9490668426147
2925,731.25,-1128.1381223127246,21.046171883466076,-1107.0919504292585,1.24699784516364,35.955794995415964
2926,731.5,-1128.157524652779,21.06553608054274,-1107.0919885722365,1.2421080608407993,35.9623288330836
2927,731.75,-1128.179433517158,21.087382131445604,-1107.0920513857125,1.2365591289845954,35.968674153395185
2928,732.0,-1128.2030958756804,21.110981296555735,-1107.0921145791247,1.2303780816646208,35.97483794688919
2929,732.25,-1128.2276306524873,21.135447678257915,-1107.0921829742294,1.223596575201888,35.98082850422593
2930,732.5,-1128.251991353929,21.159742327219003,-1107.09224902671,1.2162512919551594,35.98665553395064
2931,732.75,-1128.2750413045287,21.18267976585586,-1107.0923615386728,1.2083843494885886,35.99233028433833
2932,733.0,-1128.2953913733363,21.20295067071374,-1107.0924407026225,1.200043774866797,35.99786568709635
2933,733.25,-1128.3117017447948,21.219152565619538,-1107.0925491791754,1.19128387782112,36.00327646891489
2934,733.5,-1128.322465479374,21.22982547247802,-1107.0926400068959,1.182165668664392,36.00857928141571
2935,733.75,-1128.326252669096,21.23350312915458,-1107.0927495399415,1.1727572515241846,36.013792823368135
2936,734.0,-1128.3216249346733,21.228782926546714,-1107.0928420081266,1.1631340982004168,36.0189379302682
2937,734.25,-1128.307330161333,21.214417910184764,-1107.0929122511484,1.1533791769186066,36.024037625747795
2938,734.5,-1128.2823890447617,21.189419246220577,-1107.0929697985412,1.1435827947467399,36.029117090981735
2939,734.75,-1128.2461475729942,21.153164852547953,-1107.0929827204463,1.1338421935205172,36.0342035662342
2940,735.0,-1128.198485404253,21.10550965276458,-1107.0929757514884,1.1242608203748703,36.039326158783005
2941,735.25,-1128.1398083865643,21.046879337232227,-1107.092929049332,1.1149472465032506,36.04451555001876
2942,735.5,-1128.071173787117,20.978344515251305,-1107.0928292718656,1.106013767551756,36.049803609313855
2943,735.75,-1127.99433735013,20.90165748489528,-1107.092679865235,1.0975745615635963,36.05522287959916
2944,736.0,-1127.9117360711098,20.819235821274,-1107.0925002498357,1.0897435575193046,36.06080597489669
2945,736.25,-1127.826373361051,20.734088708140927,-1107.0922846529102,1.0826319464544714,36.06658487064101
2946,736.5,-1127.7417291030288,20.649675462441355,-1107.0920536405874,1.0763454634984975,36.07259012277777
2947,736.75,-1127.661518163979,20.569699491745332,-1107.0918186722338,1.0709815165111787,36.07885003518681
2948,737.0,-1127.589445643127,20.497852508586977,-1107.09159313454,1.0666263379437635,36.08538982527383
2949,737.25,-1127.528951741755,20.437529475595472,-1107.0914222661595,1.063352106547789,36.092230777148906
2950,737.5,-1127.4828306660056,20.391533030844702,-1107.0912976351608,1.061214384952281,36.09938947699259
2951,737.75,-1127.4530460610986,20.36181367877877,-1107.0912323823197,1.0602500861026296,36.10687719211256
2952,738.0,-1127.4405222162604,20.34928040123318,-1107.0912418150272,1.0604760267970315,36.11469941985773
2953,738.25,-1127.4450298026204,20.353704754598454,-1107.0913250480219,1.06188824917686,36.122855655922585
2954,738.5,-1127.4652332887053,20.37374390622444,-1107.0914893824809,1.0644622090871718,36.13133941223074
2955,738.75,-1127.4987497106194,20.40706968090574,-1107.0916800297136,1.0681536854298763,36.14013844853478
2956,739.0,-1127.5424780771136,20.450583079136656,-1107.091894997977,1.072900567992454,36.14923525936496
2957,739.25,-1127.5927911624312,20.500688034243275,-1107.092103128188,1.0786250306802059,36.158607686665206
2958,739.5,-1127.645938232541,20.553585076892084,-1107.092353155649,1.0852362830339162,36.168229700467144
2959,739.75,-1127.6981109380722,20.605544473633525,-1107.0925664644387,1.092633406620385,36.17807221456503
2960,740.0,-1127.7458864748478,20.653143818812268,-1107.0927426560356,1.1007082610859014,36.18810392757953
2961,740.25,-1127.786300048232,20.693445536660175,-1107.0928545115719,1.109348331042385,36.19829215308076
2962,740.5,-1127.8170708715916,20.724113921975174,-1107.0929569496163,1.1184393007771116,36.20860357713576
2963,740.75,-1127.836472555995,20.74346772301765,-1107.0930048329774,1.1278674800367265,36.219004973691
2964,741.0,-1127.8435022234917,20.75047809020872,-1107.093024133283,1.1375217713494057,36.22946379052073
2965,741.25,-1127.8377032577991,20.74471731102572,-1107.0929859467735,1.1472953947297566,36.239948665427924
2966,741.5,-1127.8192217350006,20.726270282551493,-1107.0929514524491,1.1570871603375712,36.25042981124964
2967,741.75,-1127.788549080491,20.695648811036406,-1107.0929002694547,1.1668023662715257,36.26087929100721
2968,742.0,-1127.7464911341667,20.653693837479157,-1107.0927972966876,1.176353461651957,36.27127122434209
2969,742.25,-1127.6942003369331,20.601474062366233,-1107.092726274567,1.1856603304808704,36.28158188104108
2970,742.5,-1127.6328194737434,20.540206356495645,-1107.0926131172478,1.194650309641084,36.29178969532876
2971,742.75,-1127.563708141446,20.471183961570894,-1107.0925241798752,1.203258045330686,36.30187523219527
2972,743.0,-1127.488172620535,20.39572662154347,-1107.0924459989915,1.2114250975160439,36.31182107613906
2973,743.25,-1127.407482340932,20.31514939267078,-1107.0923329482612,1.2190995887867444,36.32161173455521
2974,743.5,-1127.3230141699314,20.230736868232814,-1107.0922773016987,1.226235777111838,36.33123351500476
2975,743.75,-1127.2359345555305,20.143725007059757,-1107.0922095484707,1.232793657142289,36.340674413604326
2976,744.0,-1127.1474255770445,20.055289684823908,-1107.0921358922205,1.238738500193572,36.34992398043291
2977,744.25,-1127.0586090385914,19.96654284369845,-1107.092066194893,1.2440404604538078,36.35897320780187
2978,744.5,-1126.9705347120762,19.878533156365698,-1107.0920015557106,1.2486741589399333,36.3678144075122
2979,744.75,-1126.8841765224934,19.79224928968432,-1107.091927232809,1.2526183528269645,36.37644111628982
2980,745.0,-1126.8004959225655,19.708623238815015,-1107.0918726837504,1.2558556157203564,36.38484800089758
2981,745.25,-1126.7203617841005,19.628531812177005,-1107.0918299719235,1.2583721008123387,36.393030791939935
2982,745.5,-1126.6445877850056,19.552798127233913,-1107.0917896577716,1.260157322132566,36.4009862194871
2983,745.75,-1126.573944479227,19.48218794403004,-1107.091756535197,1.2612039889929814,36.40871196576872
2984,746.0,-1126.5091284811497,19.417399879878708,-1107.091728601271,1.261507880381498,36.4162066282098
2985,746.25,-1126.4507462084293,19.35906047379864,-1107.0916857346308,1.2610677732768172,36.42346969869832
2986,746.5,-1126.3993628621101,19.307719204047515,-1107.0916436580626,1.2598854344322223,36.43050156449493
2987,746.75,-1126.355469018221,19.26383840205087,-1107.09163061617,1.2579656439979998,36.43730351589393
2988,747.0,-1126.3193772435188,19.227779856045064,-1107.0915973874737,1.2553162776176452,36.44387777289289
2989,747.25,-1126.2914010882378,19.199792356839847,-1107.0916087313979,1.2519484158526273,36.45022751777562
2990,747.5,-1126.2716181576252,19.18000145730217,-1107.0916167003231,1.2478765498015587,36.45635696176239
2991,747.75,-1126.2599838376045,19.168398068408482,-1107.091585769196,1.2431187777447836,36.462271402826055
2992,748.0,-1126.2564524114132,19.164825989516814,-1107.0916264218963,1.2376970697574037,36.46797730773602
2993,748.25,-1126.2606075704098,19.168972137098876,-1107.0916354333108,1.2316376015048187,36.473482415995655
2994,748.5,-1126.2720548659563,19.180356535189105,-1107.0916983307673,1.2249710791742305,36.47879583781857
2995,748.75,-1126.2900685369968,19.19832771579366,-1107.091740821203,1.2177331811756535,36.483928191953794
2996,749.0,-1126.313885241747,19.222066443113384,-1107.0918187986335,1.2099649262812338,36.48889171570405
2997,749.25,-1126.342474013567,19.25059285104611,-1107.0918811625208,1.2017131370012406,36.493700409334565
2998,749.5,-1126.3747563660145,19.282785372748474,-1107.091970993266,1.1930308601573318,36.49837016508812
2999,749.75,-1126.4094724655151,19.317408620954104,-1107.092063844561,1.1839777636436655,36.502918889604516
3000,750.0,-1126.4452789127827,19.35315449375181,-1107.0921244190308,1.174620529970892,36.507366625514116
3001,750.25,-1126.4809428453445,19.3887000884083,-1107.0922427569362,1.1650331757602952,36.511735650246045
3002,750.5,-1126.5151318311691,19.422789334809792,-1107.0923424963594,1.1552972064512044,36.51605052544725
3003,750.75,-1126.5467118024826,19.45432884758904,-1107.0923829548935,1.1455015033189906,36.520338063998544
3004,751.0,-1126.5749252140522,19.48249122502453,-1107.0924339890278,1.1357419860496245,36.524627230039144
3005,751.25,-1126.5992546528578,19.50682559617717,-1107.0924290566807,1.126120962029538,36.52894894249694
3006,751.5,-1126.619762122631,19.52735844566184,-1107.0924036769693,1.1167461120970446,36.53333576790508
3007,751.75,-1126.6370233893394,19.544672305657503,-1107.092351083682,1.1077291228086779,36.53782150528381
3008,752.0,-1126.652198843658,19.55995585598132,-1107.0922429876766,1.0991839754036599,36.54244066602529
3009,752.25,-1126.667092062533,19.575005812213202,-1107.0920862503197,1.0912248276687007,36.54722783017691
3010,752.5,-1126.6840951442719,19.59217368794834,-1107.0919214563235,1.083963646134645,36.552216924475196
3011,752.75,-1126.7059676200151,19.614243565317715,-1107.0917240546974,1.0775074419386872,36.557440382455155
3012,753.0,-1126.7357854992151,19.644248691725583,-1107.0915368074895,1.0719554926020796,36.56292829663524
3013,753.25,-1126.776576936245,19.685242678994634,-1107.0913342572503,1.0673964526042468,36.5687075381793
3014,753.5,-1126.8312364965677,19.740023536770394,-1107.0912129597973,1.0639054578071554,36.574800875816294
3015,753.75,-1126.901962429285,19.81084467689526,-1107.09111775239,1.0615414907582934,36.58122617460148
3016,754.0,-1126.9902566671371,19.899158698603408,-1107.0910979685336,1.0603452741891564,36.587995751798694
3017,754.25,-1127.0965588837862,20.005416768725716,-1107.0911421150604,1.0603375946484694,36.595115873149396
3018,754.5,-1127.2201556414366,20.128960504792538,-1107.091195136644,1.061518600089738,36.60258653436825
3019,754.75,-1127.3594103306532,20.268022254203842,-1107.0913880764494,1.0638677736266071,36.61040145769568
3020,755.0,-1127.5114664137363,20.41983736199295,-1107.0916290517434,1.0673446372488502,36.61854831408916
3021,755.25,-1127.6727441549301,20.58085413922058,-1107.0918900157096,1.071890387531851,36.627009220633866
3022,755.5,-1127.8391413092613,20.746999062662674,-1107.0921422465985,1.0774300795067673,36.63576140936692
3023,755.75,-1128.0063925236464,20.913965344970574,-1107.0924271786757,1.0838752459605447,36.64477802667283
3024,756.0,-1128.1701614037156,21.07749396273063,-1107.092667440985,1.0911266986932022,36.65402899106968
3025,756.25,-1128.3264936432242,21.233617563560426,-1107.0928760796637,1.0990775012637215,36.66348189559636
3026,756.5,-1128.4718950018287,21.378850948331543,-1107.0930440534971,1.1076157647441092,36.673102861313446
3027,756.75,-1128.603491999209,21.510319470240862,-1107.0931725289681,1.116627341627131,36.68285735605444
3028,757.0,-1128.71908967942,21.625820313599924,-1107.09326936582,1.1259982450188857,36.69271092927183
3029,757.25,-1128.817128188908,21.72383408818297,-1107.0932941007252,1.1356167348247945,36.702629843544145
3030,757.5,-1128.8967997655272,21.803484769119326,-1107.093314996408,1.1453751015087945,36.7125816142744
3031,757.75,-1128.9577648863196,21.864472148403955,-1107.0932927379156,1.1551709450369394,36.7225353954083
3032,758.0,-1129.0002164915204,21.90697983702773,-1107.0932366544928,1.164908269175878,36.73246230788313
3033,758.25,-1129.0247528478503,21.931578097200447,-1107.09317475065,1.1744980550679973,36.74233560969675
3034,758.5,-1129.0322312787175,21.939127009762014,-1107.0931042689556,1.183858735888313,36.75213083678348
3035,758.75,-1129.0237019881606,21.930686934728683,-1107.0930150534318,1.1929161855385773,36.76182579467382
3036,759.0,-1129.0003983303905,21.907453526681916,-1107.0929448037086,1.2016036348049242,36.77140053033453
3037,759.25,-1128.963539890945,21.870703946322344,-1107.0928359446227,1.2098613295459042,36.78083722459223
3038,759.5,-1128.91453935951,21.821765924433823,-1107.0927734350762,1.217636130071584,36.79012006748746
3039,759.75,-1128.8546874299645,21.761992658240747,-1107.0926947717237,1.2248811430049702,36.79923514500044
3040,760.0,-1128.7853606268764,21.692746267799215,-1107.092614359077,1.2315552605842335,36.80817029446278
3041,760.25,-1128.7079066112638,21.615393471051586,-1107.092513140212,1.2376227594027782,36.81691498325123
3042,760.5,-1128.6237411126494,21.531303053939943,-1107.0924380587096,1.243052865536782,36.8254601736558
3043,760.75,-1128.5341816022992,21.441844270666785,-1107.0923373316325,1.2478193550448347,36.83379820089126
3044,761.0,-1128.4406410679221,21.348383114383495,-1107.0922579535386,1.2519001931469078,36.841922660648834
3045,761.25,-1128.3444735631347,21.25227782307622,-1107.0921957400585,1.2552772285360414,36.84982831621926
3046,761.5,-1128.2469706758857,21.15487421063839,-1107.0920964652473,1.2579359391099139,36.857511021476355
3047,761.75,-1128.1495159193873,21.05749754682772,-1107.0920183725596,1.2598651916388466,36.86496764393243
3048,762.0,-1128.0533822849393,20.961443407397724,-1107.0919388775415,1.2610570726952892,36.872196013840906
3049,762.25,-1127.9598320499063,20.867965297520858,-1107.0918667523854,1.2615067635922936,36.879194884766385
3050,762.5,-1127.8700644597411,20.778258666907917,-1107.0918057928332,1.2612124508440554,36.88596390341971
3051,762.75,-1127.78519474715,20.693441691505903,-1107.091753055644,1.2601753251446706,36.892503611166184
3052,763.0,-1127.7062393054366,20.614533711043777,-1107.0917055943928,1.2583995737746112,36.89881543610131
3053,763.25,-1127.6340307220817,20.5424313128459,-1107.0915994092359,1.2558924500967161,36.90490171244253
3054,763.5,-1127.5695060119033,20.477883102806075,-1107.0916229090972,1.2526643915105167,36.91076571354312
3055,763.75,-1127.5130537375808,20.4214673792627,-1107.0915863583182,1.248729210388833,36.916411708487395
3056,764.0,-1127.4651493653655,20.373571087163043,-1107.0915782782024,1.2441042751154523,36.92184501061799
3057,764.25,-1127.4259494319558,20.334368673974776,-1107.091580757981,1.2388107842493017,36.927072057161794
3058,764.5,-1127.3953858837485,20.303805216508426,-1107.0915806672401,1.2328740585070865,36.9321004915731
3059,764.75,-1127.3732152804732,20.281581338784843,-1107.0916339416883,1.2263238846258964,36.936939262276
3060,765.0,-1127.358841843903,20.267146441671226,-1107.0916954022318,1.2191949287173889,36.941598741588514
3061,765.25,-1127.3514451608062,20.259700980391273,-1107.091744180415,1.211527135271912,36.94609083764422
3062,765.5,-1127.3500527217984,20.25820406458687,-1107.0918486572116,1.2033661517215553,36.950429114058544
3063,765.75,-1127.3533332124352,20.261395929766792,-1107.0919372826684,1.1947637884810285,36.954628920727394
3064,766.0,-1127.3598852530122,20.267830095874277,-1107.0920551571378,1.1857783823025168,36.95870749182738
3065,766.25,-1127.368069626391,20.275915935600242,-1107.0921536907906,1.1764752087899664,36.96268406094543
3066,766.5,-1127.3762583062053,20.283984410409023,-1107.0922738957963,1.1669268273287317,36.96657995241156
3067,766.75,-1127.38276142627,20.290372775421684,-1107.0923886508483,1.1572132550709038,36.970418622829605
3068,767.0,-1127.3860023096204,20.293532277416425,-1107.092470032204,1.1474219682337088,36.97422565080076
3069,767.25,-1127.3847120925784,20.292145723581434,-1107.092566368997,1.1376475546777722,36.978028623463445
3070,767.5,-1127.3778586015105,20.285245832133942,-1107.0926127693765,1.1279911437747505,36.981856958179996
3071,767.75,-1127.3649512454867,20.272331520998108,-1107.0926197244887,1.1185594447955136,36.98574161026461
3072,768.0,-1127.3460566177964,20.253466545198687,-1107.0925900725977,1.1094634789619227,36.989714692647816
3073,768.25,-1127.32186742872,20.229346227337675,-1107.0925212013824,1.1008169217727084,36.99380898359506
3074,768.5,-1127.293724425137,20.20132042656927,-1107.0924039985678,1.092734079102345,36.99805733170883
3075,768.75,-1127.2636094465852,20.171356531976834,-1107.0922529146083,1.0853275131391438,37.00249196333153
3076,769.0,-1127.234007164836,20.14194109408086,-1107.092066070755,1.078705460022075,37.00714373259904
3077,769.25,-1127.207805171609,20.115913709274952,-1107.091891462334,1.0729689303568128,37.01204129076708
3078,769.5,-1127.1879492849112,20.096240132248735,-1107.0917091526624,1.0682088604032578,37.01721027340911
3079,769.75,-1127.1772911250591,20.085752104680132,-1107.091539020379,1.0645032548036233,37.022672492546
3080,770.0,-1127.1782778054476,20.08686354047063,-1107.091414264977,1.0619144855463178,37.02844518221071
3081,770.25,-1127.1926874369383,20.101301832514352,-1107.091385604424,1.0604869973694717,37.03454037072982
3082,770.5,-1127.2212930768728,20.12989216021626,-1107.0914009166565,1.0602455717852706,37.04096441828987
3083,770.75,-1127.2639058679342,20.172428586052114,-1107.0914772818821,1.0611944317741926,37.04771779618247
3084,771.0,-1127.3192470222712,20.22765279760289,-1107.0915942246684,1.0633170369753073,37.0547950702615
3085,771.25,-1127.3851122707129,20.2933396151583,-1107.0917726555545,1.0665767611673194,37.06218513419484
3086,771.5,-1127.4584825783968,20.366482131702085,-1107.0920004466948,1.070918271242497,37.069871642978
3087,771.75,-1127.5357954353094,20.44354960779256,-1107.0922458275168,1.0762695810220746,37.077833632129796
3088,772.0,-1127.6132638305426,20.520777125927616,-1107.0924867046149,1.0825446382186719,37.08604627892673
3089,772.25,-1127.6871417090297,20.59444751092847,-1107.0926941981013,1.0896461458667408,37.09448172478126
3090,772.5,-1127.7540194019675,20.661136400271477,-1107.092883001696,1.097468467417259,37.10310991239132
3091,772.75,-1127.8109282776713,20.717912406841936,-1107.0930158708295,1.1059004516176996,37.111899392700934
3092,773.0,-1127.855593599379,20.76247163558109,-1107.093121963798,1.1148281795308514,37.12081810073828
3093,773.25,-1127.8863527551293,20.793195997506327,-1107.093156757623,1.124137481789173,37.12983405955457
3094,773.5,-1127.902321882546,20.809163774259027,-1107.0931581082868,1.1337160237187398,37.13891595921176
3095,773.75,-1127.9032363817096,20.810117346251573,-1107.093119035458,1.1434551667240953,37.14803366560683
3096,774.0,-1127.889450326562,20.796387598537372,-1107.0930627280245,1.1532513959697896,37.15715860543791
3097,774.25,-1127.861759468913,20.76879912902452,-1107.0929603398886,1.1630073955060192,37.16626405031224
3098,774.5,-1127.8214212357998,20.728567649346815,-1107.092853586453,1.1726327523858617,37.175325295760175
3099,774.75,-1127.7699433490634,20.677188589965304,-1107.0927547590982,1.18204442107042,37.184319773386385
3100,775.0,-1127.708968885243,20.61633387133569,-1107.0926350139073,1.1911668200810808,37.19322706073336
3101,775.25,-1127.6402777507901,20.547774557843393,-1107.0925031929467,1.199931754853946,37.20202884423357
3102,775.5,-1127.5656994357705,20.473318334547496,-1107.092381101223,1.208278114687603,37.21070882089798
3103,775.75,-1127.4870168045163,20.39476109311604,-1107.0922557114002,1.2161515011789898,37.21925258347379
3104,776.0,-1127.406047783792,20.31385546969829,-1107.0921923140938,1.2235038198533308,37.22764749521192
3105,776.25,-1127.324366338551,20.23228279152971,-1107.0920835470213,1.2302928746150044,37.23588256850093
3106,776.5,-1127.2436200007796,20.151633359931633,-1107.091986640848,1.236481915147976,37.24394833052519
3107,776.75,-1127.165331326425,20.073395863845207,-1107.0919354625798,1.2420392231355017,37.2518367008694
3108,777.0,-1127.0907748416066,19.998948709667836,-1107.091826131939,1.2469377190203454,37.25954087863931
3109,777.25,-1127.021307401359,19.929556569356027,-1107.091750832003,1.251154572213385,37.26705522660199
3110,777.5,-1126.9580789133906,19.866366638165317,-1107.0917122752253,1.2546708902425248,37.27437518169642
3111,777.75,-1126.9020456150174,19.810403449517732,-1107.0916421654997,1.2574714575009809,37.281497179130305
3112,778.0,-1126.8541701361537,19.76256370144072,-1107.091606434713,1.2595444854622768,37.28841857802105
3113,778.25,-1126.8151673302054,19.723613423420723,-1107.0915539067846,1.260881450788155,37.29513761521464
3114,778.5,-1126.7857123687863,19.69418841259314,-1107.0915239561932,1.2614769321105528,37.30165335250893
3115,778.75,-1126.7663039788604,19.67478986554604,-1107.0915141133144,1.261328530196123,37.30796565200694
3116,779.0,-1126.7572751119733,19.665775538711888,-1107.0914995732614,1.260436845616132,37.31407516701952
3117,779.25,-1126.7588466778398,19.667354004884395,-1107.0914926729554,1.2588054688483548,37.31998333143574
3118,779.5,-1126.771091453731,19.679576331456147,-1107.0915151222748,1.2564410470186542,37.325692373919644
3119,779.75,-1126.7938716337085,19.702325147862872,-1107.0915464858456,1.253353397002226,37.33120534179076
3120,780.0,-1126.826889641583,19.73530630458318,-1107.0915833369997,1.249555646244459,37.336526130590634
3121,780.25,-1126.8696370199323,19.778042176053745,-1107.0915948438785,1.2450644449781896,37.34165953378314
3122,780.5,-1126.9215271100402,19.829864443241604,-1107.0916626667986,1.239900212101021,37.34661130006792
3123,780.75,-1126.9816267117858,19.889909762109504,-1107.0917169496763,1.2340874408145357,37.351388205381305
3124,781.0,-1127.048928849399,19.957120060803895,-1107.0918087885952,1.2276550168226148,37.355998126034336
3125,781.25,-1127.1221465989947,20.03024103462226,-1107.0919055643724,1.2206366074768655,37.360450128932364
3126,781.5,-1127.1998428478837,20.107828037456432,-1107.0920148104274,1.21307108588985,37.36475457078425
3127,781.75,-1127.280413992703,20.18826021512113,-1107.0921537775819,1.2050029559360538,37.368923194582365
3128,782.0,-1127.3620164468884,20.269765829323443,-1107.092250617565,1.1964827799013757,37.37296922472996
3129,782.25,-1127.4428554996848,20.350455870165494,-1107.0923996295194,1.1875675841877633,37.376907455082126
3130,782.5,-1127.5208969935775,20.428364008711867,-1107.0925329848656,1.1783212469865827,37.38075433088202
3131,782.75,-1127.5941889360547,20.50150937626103,-1107.0926795597936,1.1688148877611781,37.3845280282072
3132,783.0,-1127.6607627794147,20.56798009574509,-1107.0927826836696,1.1591270552939246,37.38824848056149
3133,783.25,-1127.7189287915826,20.626030655035418,-1107.092898136547,1.1493437705906584,37.39193736792819
3134,783.5,-1127.767154239118,20.67419282626247,-1107.0929614128556,1.1395582645661846,37.395618027427375
3135,783.75,-1127.8044130951166,20.711390476375247,-1107.0930226187413,1.1298704399752704,37.399315295392675
3136,784.0,-1127.8300890028477,20.737054406249015,-1107.0930345965987,1.1203860187443189,37.40305527174047
3137,784.25,-1127.8442291915417,20.751217037927383,-1107.0930121536144,1.1112152852901402,37.406864987308396
3138,784.5,-1127.847493633628,20.75457972134527,-1107.0929139122827,1.1024715475388218,37.41077200432522
3139,784.75,-1127.8413426727057,20.74854743764055,-1107.092795235065,1.09426918802151,37.414803922061544
3140,785.0,-1127.8278454765677,20.735203954056345,-1107.0926415225115,1.086721331859055,37.41898779789001
3141,785.25,-1127.8096647709608,20.717218493185484,-1107.0924462777753,1.0799372324806946,37.42334950913471
3142,785.5,-1127.7899390906096,20.69768814550302,-1107.0922509451066,1.074019529138657,37.42791309304507
3143,785.75,-1127.7719693481922,20.679926137447953,-1107.0920432107444,1.0690613895792234,37.432700073231395
3144,786.0,-1127.759057044983,20.66720184626439,-1107.0918551987186,1.0651435913124776,37.437728785465985
3145,786.25,-1127.754146054387,20.66245126639587,-1107.0916947879912,1.062331744041874,37.44301375477668
3146,786.5,-1127.7595946639776,20.668000484573536,-1107.0915941794042,1.0606739627703,37.44856518927399
3147,786.75,-1127.776907786727,20.685335248010475,-1107.0915725387165,1.0601990010069045,37.454388600311994
3148,787.0,-1127.806545123458,20.71495242137589,-1107.091592702082,1.0609151609230476,37.46048461098867
3149,787.25,-1127.8480236679316,20.756309480528483,-1107.091714187403,1.0628099620085356,37.46684895372797
3150,787.5,-1127.899753138423,20.807882639474958,-1107.091870498948,1.065850560263031,37.47347264686449
3151,787.75,-1127.9593940973282,20.867329745832564,-1107.0920643514955,1.069985149095716,37.48034238741047
3152,788.0,-1128.0239655822515,20.931726317935453,-1107.092239264316,1.0751448216041715,37.487441055911916
3153,788.25,-1128.0902831405401,20.997844414063163,-1107.092438726477,1.0812460886787525,37.49474835321659
3154,788.5,-1128.1550759151578,21.062426389576903,-1107.0926495255808,1.0881936387972286,37.50224148532639
3155,788.75,-1128.2152337655425,21.12243649217683,-1107.0927972733657,1.0958832161615413,37.50989586037552
3156,789.0,-1128.2681760564446,21.175264004082013,-1107.0929120523626,1.1042045518172887,37.517685776307914
3157,789.25,-1128.311855621636,21.21885814595019,-1107.0929974756857,1.1130440934116732,37.52558505581371
3158,789.5,-1128.3448302075267,21.251806465002907,-1107.0930237425239,1.1222874973175865,37.53356761329889
3159,789.75,-1128.3663748130202,21.273351083380103,-1107.0930237296402,1.1318219167644306,37.54160796127363
3160,790.0,-1128.3763295039535,21.283350434581422,-1107.092979069372,1.1415378809004413,37.54968161698372
3161,790.25,-1128.3751427009702,21.282208190284937,-1107.0929345106852,1.151330771088626,37.55776541299974
3162,790.5,-1128.363610766828,21.270778967975186,-1107.0928317988528,1.161101980879723,37.56583773084738
3163,790.75,-1128.342980004847,21.250260623609616,-1107.0927193812374,1.1707597048434728,37.5738786493843
3164,791.0,-1128.3146948292851,21.222086937649777,-1107.0926078916355,1.1802194186085955,37.58187002268295
3165,791.25,-1128.2803250327706,21.1878265169582,-1107.0924985158124,1.1894040893975037,37.5897954995203
3166,791.5,-1128.2414871230721,21.149092730780023,-1107.0923943922921,1.1982440915107682,37.597640477989756
3167,791.75,-1128.1997739002109,21.107475220040897,-1107.09229868017,1.2066769741774794,37.60539203008875
3168,792.0,-1128.1566962525249,21.06449539288884,-1107.092200859636,1.2146470491462127,37.61303878958769
3169,792.25,-1128.1136839464307,21.02157519739404,-1107.0921087490367,1.222105019214417,37.62057085066011
3170,792.5,-1128.0720565244555,20.98001569488437,-1107.0920408295713,1.2290075555082172,37.62797965762494
3171,792.75,-1128.0329559370875,20.940983572445706,-1107.0919723646418,1.235316874928179,37.63525789822002
3172,793.0,-1127.9974403306842,20.905503969550146,-1107.091936361134,1.2410003070128872,37.642399395810216
3173,793.25,-1127.966330319643,20.874458072675942,-1107.0918722469671,1.2460298905856035,37.64939901021415
3174,793.5,-1127.9404329508543,20.848587085155454,-1107.0918458656988,1.2503819831622702,37.65625254160721
3175,793.75,-1127.920317992568,20.82850020347422,-1107.0918177890937,1.2540369492283292,37.66295665610271
3176,794.0,-1127.9064733535051,20.814680357531486,-1107.0917929959737,1.256978875433539,37.66950881545074
3177,794.25,-1127.8992775529623,20.80748835885084,-1107.0917891941115,1.259195319203713,37.67590721433817
3178,794.5,-1127.898939564824,20.80716812151581,-1107.0917714433083,1.2606771238000158,37.68215073466236
3179,794.75,-1127.9056152403355,20.813851476849564,-1107.091763763486,1.2614182655394208,37.688238904090284
3180,795.0,-1127.9193452894688,20.8275604847074,-1107.0917848047613,1.2614157621363342,37.69417187161531
3181,795.25,-1127.9399953186512,20.84820858539461,-1107.0917867332566,1.2606696266065205,37.699950390391905
3182,795.5,-1127.9674226492643,20.875600474615112,-1107.0918221746492,1.2591828590175322,37.705575806328014
3183,795.75,-1128.0012578070164,20.909432574165685,-1107.0918252328506,1.2569615035680104,37.71105006356743
3184,796.0,-1128.0411618798971,20.949292627496916,-1107.0918692524,1.2540147343441728,37.71637571085793
3185,796.25,-1128.0865568965673,20.994654358994783,-1107.0919025375727,1.2503550133297203,37.72155592666484
3186,796.5,-1128.1368423849344,21.044872379448357,-1107.091970005486,1.2459982856021012,37.72659454763619
3187,796.75,-1128.1912003606558,21.099180061454717,-1107.092020299201,1.2409642190480612,37.731496106213164
3188,797.0,-1128.2487739920616,21.156684236114177,-1107.0920897559474,1.2352764752056822,37.73626586891089
3189,797.25,-1128.308519512415,21.216363428420134,-1107.0921560839947,1.2289630488217957,37.74090989233907
3190,797.5,-1128.3693146258593,21.2770678774976,-1107.0922467483617,1.2220566445650456,37.74543508150893
3191,797.75,-1128.4298289120197,21.337521653850633,-1107.092307258169,1.214595085903065,37.74984925268889
3192,798.0,-1128.4887287318707,21.396332534425852,-1107.0923961974447,1.206621732215917,37.754161193902036
3193,798.25,-1128.5445280969143,21.452009174079773,-1107.0925189228344,1.1981859212013493,37.758380730098025
3194,798.5,-1128.5956351906061,21.502989061276217,-1107.09264612933,1.1893433893981091,37.762518780717876
3195,798.75,-1128.6404005885124,21.54766837739715,-1107.0927322111152,1.1801566379106727,37.7665874031399
3196,799.0,-1128.6772885248065,21.584451846099864,-1107.0928366787066,1.1706953416266221,37.770599842619475
3197,799.25,-1128.7047547772527,21.611824084545876,-1107.092930692707,1.1610365884537364,37.77457054746129
3198,799.5,-1128.7214403674006,21.628433698689378,-1107.0930066687113,1.151264940770802,37.77851514906798
3199,799.75,-1128.726257584989,21.63319774867833,-1107.0930598363107,1.1414722472679384,37.78245039523756
3200,800.0,-1128.7185101732612,21.625406458007213,-1107.0931037152538,1.1317571541585094,37.78639402920134
3201,800.25,-1128.6979224011302,21.604830272722634,-1107.0930921284075,1.1222243259436149,37.790364617141954
3202,800.5,-1128.6648580953479,21.571813389714748,-1107.093044705633,1.112983278580594,37.79438131036301
3203,800.75,-1128.6202868446708,21.52734006990076,-1107.09294677477,1.1041468717349976,37.798463552358264
3204,801.0,-1128.5658776834607,21.473067812770985,-1107.0928098706897,1.0958294347699298,37.80263072956242
3205,801.25,-1128.5039265677333,21.411300484419083,-1107.0926260833141,1.088144514149458,37.80690176789176
3206,801.5,-1128.437338873744,21.34490414312814,-1107.0924347306159,1.081202375186603,37.81129469622599
3207,801.75,-1128.3693756908178,21.27715645449177,-1107.0922192363262,1.0751071816087,37.81582617766634
3208,802.0,-1128.3035395741463,21.211536159175765,-1107.0920034149706,1.069954174916965,37.820511049148735
3209,802.25,-1128.2432765066624,21.151468826089584,-1107.0918076805729,1.0658267775999901,37.82536187550516
3210,802.5,-1128.1916884481907,21.100039174638297,-1107.0916492735523,1.0627937807274608,37.83038853233727
3211,802.75,-1128.1512575298548,21.059705491190737,-1107.091552038664,1.0609068985036576,37.83559786907855
3212,803.0,-1128.1235716193914,21.032055871834277,-1107.0915157475572,1.0601987859976374,37.840993469925024
3213,803.25,-1128.1091950684786,21.017640338216545,-1107.091554730262,1.0606818039242267,37.84657554233264
3214,803.5,-1128.1075503975153,21.015903013435352,-1107.09164738408,1.062347505566804,37.85234093527182
3215,803.75,-1128.1170433312654,21.02522670438639,-1107.091816626879,1.0651669937783597,37.85828329575015
3216,804.0,-1128.1351126432419,21.043082662786038,-1107.092029980456,1.0690920345454031,37.86439334247558
3217,804.25,-1128.1585222035646,21.06626792041972,-1107.092254283145,1.0740568917165352,37.87065924413943
3218,804.5,-1128.1836544722319,21.091187859560453,-1107.0924666126714,1.079980722363618,37.87706706940103
3219,804.75,-1128.2068402841687,21.114143743875694,-1107.092696540293,1.0867702935686534,37.883601271969006
3220,805.0,-1128.2245193943381,21.131598047714988,-1107.0929213466231,1.0943229024084162,37.89024518206277
3221,805.25,-1128.2334519699216,21.140402608727264,-1107.0930493611943,1.1025292308077204,37.89698147377191
3222,805.5,-1128.2311274632812,21.13796929188436,-1107.0931581713967,1.1112761586436808,37.903792603238166
3223,805.75,-1128.2156058773398,21.122374383658695,-1107.093231493681,1.1204493108238838,37.91066119210957
3224,806.0,-1128.1856561526656,21.09240423482451,-1107.0932519178411,1.1299354058733866,37.91757036465486
3225,806.25,-1128.1407646611333,21.047536762262336,-1107.093227898871,1.1396241619004,37.924504008600586
3226,806.5,-1128.0810717865825,20.98789196234008,-1107.0931798242425,1.1494099022988846,37.931446981971376
3227,806.75,-1128.0072553381324,20.91415544217234,-1107.09309989596,1.1591927711618708,37.93838525691924
3228,807.0,-1127.9204549118876,20.82747875122129,-1107.0929761606665,1.1688795780517671,37.945306005964184
3229,807.25,-1127.82225253433,20.729375271477526,-1107.0928772628524,1.178384360357446,37.95219764570085
3230,807.5,-1127.7143465206027,20.621625862660487,-1107.0927206579422,1.1876286153086988,37.95904983342255
3231,807.75,-1127.5987618491054,20.506195945538096,-1107.0925659035672,1.196541278324155,37.965853430378644
3232,808.0,-1127.4776000455022,20.38516231666491,-1107.0924377288372,1.2050585150720914,37.972600439397745
3233,808.25,-1127.3529763147235,20.260656559681202,-1107.0923197550424,1.2131233463172895,37.97928392629718
3234,808.5,-1127.2270016819239,20.13482427070721,-1107.0921774112167,1.2206852512144704,37.985897936770755
3235,808.75,-1127.1018339544535,20.00979009393824,-1107.0920438605153,1.2276997673329824,37.992437418103506
3236,809.0,-1126.979548677802,19.887626638041688,-1107.0919220397604,1.2341280594478592,37.99889814130538
3237,809.25,-1126.8621210157871,19.77032841112262,-1107.0917926046645,1.2399364878133152,38.00527662359807
3238,809.5,-1126.7514883577824,19.65979135730104,-1107.0916970004814,1.2450961951084196,38.011570057329834
3239,809.75,-1126.649375975132,19.55779570304417,-1107.0915802720879,1.249582722793531,38.0177762442051
3240,810.0,-1126.5574727505445,19.4659839640194,-1107.0914887865251,1.253375677238108,38.02389353832418
3241,810.25,-1126.4772578030825,19.385840771969974,-1107.0914170311125,1.2564584291363112,38.0299207943881
3242,810.5,-1126.410012498498,19.318674269278468,-1107.0913382292194,1.258817871964034,38.03585732735295
3243,810.75,-1126.3568809777498,19.26559684523696,-1107.0912841325128,1.2604442188280327,38.04170287595066
3244,811.0,-1126.3187347203493,19.227509798619604,-1107.0912249217297,1.2613308462470858,38.04745757307465
3245,811.25,-1126.2962836325169,19.205087514683946,-1107.0911961178329,1.2614741799591251,38.05312192100147
3246,811.5,-1126.2899444252253,19.198759714780074,-1107.091184710445,1.260873643678623,38.05869677577564
3247,811.75,-1126.2998821884394,19.20870034485364,-1107.0911818435857,1.2595316534216405,38.06418333875867
3248,812.0,-1126.3260302245617,19.23481949782519,-1107.0912107267366,1.257453649601604,38.069583150153186
3249,812.25,-1126.368002295494,19.276756418353223,-1107.0912458771409,1.2546481832034675,38.07489808593256
3250,812.5,-1126.4251775741577,19.33387661382727,-1107.0913009603305,1.2511270617294652,38.08013036870388
3251,812.75,-1126.4966673105955,19.40527596082318,-1107.0913913497723,1.2469055282360517,38.08528257146061
3252,813.0,-1126.5812506079674,19.48979020779671,-1107.0914604001707,1.2420024984878664,38.09035763677687
3253,813.25,-1126.6775864809752,19.586007150432582,-1107.0915793305426,1.236440823600997,38.09535888648534
3254,813.5,-1126.7839684188366,19.69227779598239,-1107.0916906228542,1.2302476242531255,38.100290047042165
3255,813.75,-1126.8985597789288,19.806732191610532,-1107.0918275873182,1.2234546505363404,38.105155270953645
3256,814.0,-1127.0192706435919,19.927302470237603,-1107.0919681733542,1.2160986890612344,38.10995915879548
3257,814.25,-1127.1438676565886,20.051750684962332,-1107.0921169716262,1.2082219777542735,38.11470678290185
3258,814.5,-1127.269965916872,20.177704806110413,-1107.0922611107617,1.1998726489105846,38.119403710025
3259,814.75,-1127.3951441943645,20.302700492413322,-1107.0924437019512,1.1911051529081347,38.12405601883276
3260,815.0,-1127.5168343931437,20.42422686812731,-1107.0926075250163,1.1819806347456479,38.12867030803333
3261,815.25,-1127.6325481832027,20.53978628773263,-1107.0927618954702,1.1725673399660201,38.133253705912516
3262,815.5,-1127.7398820370436,20.64697170229494,-1107.0929103347487,1.1629408877166427,38.13781386188879
3263,815.75,-1127.8365908116102,20.74356268369956,-1107.0930281279107,1.1531843843524505,38.14235892219424
3264,816.0,-1127.9207703918219,20.827635949842705,-1107.0931344419791,1.1433882820664847,38.14689747760514
3265,816.25,-1127.9908997565508,20.897678972807515,-1107.0932207837432,1.1336499574160868,38.15143848613745
3266,816.5,-1128.0459468662739,20.952696214683456,-1107.0932506515903,1.1240729621479928,38.155991167110386
3267,816.75,-1128.0855450183153,20.992306319230764,-1107.0932386990846,1.1147659714365656,38.1605648708954
3268,817.0,-1128.109996587038,21.016817764785344,-1107.0931788222526,1.1058413261078792,38.16516892069528
3269,817.25,-1128.120365396142,21.027268269667708,-1107.0930971264743,1.0974132177885343,38.169812431311236
3270,817.5,-1128.118340626359,21.02541445330346,-1107.0929261730555,1.0895955457348936,38.174504112226735
3271,817.75,-1128.1064260676503,21.013661173395576,-1107.0927648942547,1.0824994213532657,38.17925205642284
3272,818.0,-1128.087484933436,20.994926915423754,-1107.0925580180121,1.0762304365814177,38.18406352844242
3273,818.25,-1128.0647995695472,20.972447691448924,-1107.0923518780983,1.0708858196655426,38.18894476126445
3274,818.5,-1128.0416808649898,20.949530445657004,-1107.0921504193327,1.0665515231640526,38.193900777277335
3275,818.75,-1128.0212549939752,20.929268558780343,-1107.0919864351947,1.0632994136326224,38.198935228374694
3276,819.0,-1128.0061382129788,20.914254279453473,-1107.0918839335254,1.0611847157776184,38.20405028524277
3277,819.25,-1127.9981242492795,20.90632845726457,-1107.0917957920149,1.060243949911912,38.20924658252485
3278,819.5,-1127.9982186481357,20.906399683225008,-1107.0918189649105,1.060493529958275,38.21452321912646
3279,819.75,-1128.00624563545,20.91435557258057,-1107.0918900628694,1.0619290854223211,38.219877827343474
3280,820.0,-1128.0210862532258,20.92908147114779,-1107.092004782078,1.0645256646272991,38.22530670504921
3281,820.25,-1128.0407824218273,20.948590558981184,-1107.0921918628462,1.068238704360419,38.23080498707218
3282,820.5,-1128.0626203119755,20.970241342739083,-1107.0923789692365,1.0730057287488952,38.23636686210847
3283,820.75,-1128.0835924446583,20.991006445172246,-1107.0925859994861,1.0787486374532138,38.241985807763044
3284,821.0,-1128.1005422845483,21.007757693886624,-1107.0927845906617,1.0853763979059652,38.247654833129346
3285,821.25,-1128.1104580536485,21.017530874928216,-1107.0929271787202,1.0927879320197582,38.25336670598411
3286,821.5,-1128.1108235940337,21.017752902411477,-1107.0930706916222,1.1008749855447053,38.25911416321789
3287,821.75,-1128.0995538011193,21.00641090060272,-1107.0931429005166,1.1095249667508311,38.26489009046923
3288,822.0,-1128.0753143653274,20.982153851106116,-1107.0931605142212,1.118623573457344,38.27068767544376
3289,822.25,-1128.0374695137143,20.944339553041154,-1107.0931299606732,1.1280571395001804,38.276500527140605
3290,822.5,-1127.9861254915595,20.893020829247487,-1107.093104662312,1.137714663838984,38.282322761972154
3291,822.75,-1127.9218996092677,20.82888153920163,-1107.0930180700661,1.1474894680220122,38.28814906007724
3292,823.0,-1127.8460359498858,20.75314784816719,-1107.0928881017187,1.1572804677569424,38.29397469491492
3293,823.25,-1127.7602314651012,20.66748106723787,-1107.0927503978635,1.166993117003963,38.29979554030025
3294,823.5,-1127.6664566993713,20.573864105227287,-1107.092592594144,1.1765400039211384,38.305608058574435
3295,823.75,-1127.5669436603785,20.474493833381214,-1107.0924498269972,1.1858411581260846,38.31140927453851
3296,824.0,-1127.4639803022146,20.371684915632684,-1107.092295386582,1.19482406348705,38.31719673705888
3297,824.25,-1127.3599334657192,20.267785694326278,-1107.092147771393,1.203423505935757,38.3229684757186
3298,824.5,-1127.257128804922,20.165115525484246,-1107.0920132794379,1.2115811844415025,38.32872295116046
3299,824.75,-1127.1577851474285,20.065921400706188,-1107.0918637467223,1.2192453425706258,38.33445900985444
3300,825.0,-1127.06409445405,19.972338073577173,-1107.0917563804728,1.2263703661723555,38.34017584119051
3301,825.25,-1126.9779738783836,19.88635827715851,-1107.0916156012252,1.2329163519069517,38.34587293499177
3302,825.5,-1126.9013530313969,19.80981509679935,-1107.0915379345975,1.2388486749943555,38.35155004541228
3303,825.75,-1126.8358043432236,19.744366265323556,-1107.0914380779,1.2441375750215866,38.35720715545433
3304,826.0,-1126.782830759883,19.69148078112583,-1107.091349978757,1.2487577595329875,38.36284444472064
3305,826.25,-1126.7437307238579,19.652429885787924,-1107.0913008380699,1.2526880608563387,38.368462266211594
3306,826.5,-1126.7195206433535,19.628279853216647,-1107.091240790137,1.255911134089581,38.374061119245596
3307,826.75,-1126.7110763937235,19.619886907524492,-1107.091189486199,1.2584131983382552,38.379641629024405
3308,827.0,-1126.7190625369549,19.627893353687444,-1107.0911691832675,1.2601838316765968,38.3852045304494
3309,827.25,-1126.743894815445,19.652723952004557,-1107.0911708634403,1.261215797918662,38.39075065276377
3310,827.5,-1126.7857383489609,19.694581524738396,-1107.0911568242225,1.2615049340951685,38.396280903838615
3311,827.75,-1126.8446323275566,19.753446963489086,-1107.0911853640675,1.2610500793483994,38.40179625730046
3312,828.0,-1126.9202811866999,19.829081637686087,-1107.0911995490137,1.2598530609464347,38.40729774641149
3313,828.25,-1127.012276172638,19.921027533668166,-1107.0912486389698,1.2579187184895173,38.412786449459865
3314,828.5,-1127.1199094504118,20.02860950933982,-1107.091299941072,1.2552549882382567,38.41826348381131
3315,828.75,-1127.2423010244966,20.150937837834768,-1107.0913631866617,1.2518730240513174,38.42372999343834
3316,829.0,-1127.37835303694,20.286913128109454,-1107.0914399088306,1.2477873789327414,38.42918714294343
3317,829.25,-1127.5267691239715,20.435232830411927,-1107.0915362935596,1.2430162249015049,38.434636104464275
3318,829.5,-1127.686046101153,20.594398480209836,-1107.0916476209431,1.2375816224697593,38.44007804996354
3319,829.75,-1127.8544732555747,20.76272631960725,-1107.0917469359674,1.2315098282889758,38.44551413590654
3320,830.0,-1128.030242152512,20.938358098377034,-1107.091884054135,1.2248316505807955,38.450945492205285
3321,830.25,-1128.2113095000386,21.119276584452255,-1107.0920329155863,1.21758285627248,38.456373203208614
3322,830.5,-1128.3954778462648,21.30332772913665,-1107.092150117128,1.2098045816219976,38.46179829138942
3323,830.75,-1128.5805625468493,21.488242956662745,-1107.0923195901864,1.2015437748443591,38.46722169280382
3324,831.0,-1128.764143526554,21.671671285950914,-1107.0924722406032,1.192853614367571,38.47264423323626
3325,831.25,-1128.9438575655222,21.851222333854484,-1107.0926352316676,1.1837939056766114,38.47806659968589
3326,831.5,-1129.1172951608896,22.024512692080958,-1107.0927824688088,1.1744314647562448,38.483489307591185
3327,831.75,-1129.2821402996778,22.189229853474878,-1107.092910446203,1.1648404597291708,38.48891266490152
3328,832.0,-1129.4362594038248,22.343215823191414,-1107.0930435806333,1.1551025290620993,38.49433673470001
3329,832.25,-1129.57769754529,22.484564612241382,-1107.0931329330485,1.1453067124010734,38.499761295826325
3330,832.5,-1129.7049647122622,22.611733067036138,-1107.093231645226,1.1355490748132642,38.5051858045613
3331,832.75,-1129.8169163614511,22.723650452362726,-1107.0932659090884,1.1259320394999879,38.5106093598436
3332,833.0,-1129.913079842925,22.819812691263568,-1107.0932671516614,1.1165633682513172,38.51603067534584
3333,833.25,-1129.9935743436217,22.90036238464582,-1107.0932119589759,1.1075548143424518,38.521448060895146
3334,833.5,-1130.0592616721988,22.966139178984267,-1107.0931224932144,1.0990203699280379,38.526859417462774
3335,833.75,-1130.111680187285,23.01867594418171,-1107.0930042431032,1.0910741815418767,38.53226224990958
3336,834.0,-1130.1529828757048,23.06013696168942,-1107.0928459140152,1.0838281098460456,38.53765369751533
3337,834.25,-1130.185832336545,23.093193041981856,-1107.0926392945632,1.0773890556391978,38.54303058997617
3338,834.5,-1130.2132930606604,23.120832784102525,-1107.0924602765579,1.071856105093989,38.54838952533373
3339,834.75,-1130.2383828610182,23.146124659679206,-1107.092258201339,1.067317654142089,38.5537269743413
3340,835.0,-1130.2640627473593,23.171940551533073,-1107.0921221958263,1.0638485383220004,38.55903940051466
3341,835.25,-1130.2926636636257,23.200670574893916,-1107.091993088732,1.061507430510182,38.56432340395584
3342,835.5,-1130.3259237408638,23.23396834855952,-1107.0919553923043,1.0603346583601831,38.56957587091652
3343,835.75,-1130.3645205646753,23.272554528418265,-1107.091966036257,1.060350633531257,38.574794122613405
3344,836.0,-1130.4081694036722,23.316115552262985,-1107.0920538514092,1.0615550827037532,38.57997605569573
3345,836.25,-1130.4555010050535,23.36330959304844,-1107.0921914120051,1.063927034363627,38.58512025600434
3346,836.5,-1130.5042655915022,23.411880287206348,-1107.092385304296,1.067425655145345,38.59022609507259
3347,836.75,-1130.5514577180147,23.458863146398063,-1107.0925945716167,1.0719918068463439,38.595293773377776
3348,837.0,-1130.5936730206013,23.50085400261783,-1107.0928190179834,1.0775502576206708,38.6003243438716
3349,837.25,-1130.6273569986224,23.534304034417094,-1107.0930529642053,1.0840122844819498,38.60531968751003
3350,837.5,-1130.649006254971,23.55579413516304,-1107.093212119808,1.0912785540294156,38.61028246455845
3351,837.75,-1130.6556310206652,23.56227264990498,-1107.0933583707601,1.0992419911705922,38.61521603591436
3352,838.0,-1130.6447252631187,23.55124536192317,-1107.0934799011957,1.1077906428097029,38.62012436833911
3353,838.25,-1130.6144387573004,23.5209017635275,-1107.093536993773,1.1168103329812156,38.62501192578179
3354,838.5,-1130.5637151151896,23.470172493867036,-1107.0935426213225,1.1261871094831886,38.629883550218594
3355,838.75,-1130.4922231584787,23.398730922498878,-1107.09349223598,1.1358093000116216,38.63474434934522
3356,839.0,-1130.4003655165434,23.30694479876805,-1107.0934207177754,1.1455692670774342,38.63959958319903
3357,839.25,-1130.2891216427088,23.19578663430922,-1107.0933350083997,1.1553647449314015,38.64445456458381
3358,839.5,-1130.1599076092243,23.066729424558876,-1107.0931781846655,1.1650998601111608,38.64931456852084
3359,839.75,-1130.0146731585264,22.921634600518594,-1107.0930385580077,1.1746857638187609,38.65418475943795
3360,840.0,-1129.855524495244,22.762639268421207,-1107.0928852268228,1.1840410194516053,38.6590701298354
3361,840.25,-1129.6847704052925,22.592047753790848,-1107.0927226515016,1.1930916594019705,38.663975458778374
3362,840.5,-1129.504821062088,22.4122391257735,-1107.0925819363144,1.2017710575998521,38.66890528121733
3363,840.75,-1129.3179996311665,22.22559896965292,-1107.0924006615135,1.2100195913988632,38.673863873462096
3364,841.0,-1129.1267279833555,22.034470039939833,-1107.0922579434157,1.2177842511087056,38.67885524705764
3365,841.25,-1128.9332401901484,21.841113411387962,-1107.0921267787603,1.2250182551371809,38.68388314222287
3366,841.5,-1128.7396661117673,21.647676032988016,-1107.0919900787792,1.2316806135670797,38.688951031307035
3367,841.75,-1128.548049159348,21.4561674467343,-1107.0918817126137,1.2377357002185578,38.694062123075085
3368,842.0,-1128.3602030575275,21.268443835974193,-1107.0917592215533,1.2431528317682932,38.69921936807629
3369,842.25,-1128.1778650954366,21.08619804332497,-1107.0916670521117,1.2479058703149672,38.70442546854962
3370,842.5,-1128.002525627613,20.910956485056257,-1107.0915691425569,1.2519728640514913,38.70968288693755
3371,842.75,-1127.835592277348,20.74407808546765,-1107.0915141918804,1.2553357391171156,38.71499385287368
3372,843.0,-1127.6781893149018,20.586751483198185,-1107.0914378317036,1.2579800354199613,38.72036036745613
3373,843.25,-1127.5313847139478,20.439993259753052,-1107.0913914541948,1.2598946889604727,38.72578420668296
3374,843.5,-1127.3959974348545,20.304647671702455,-1107.091349763152,1.2610718483029104,38.731266924666194
3375,843.75,-1127.27270193398,20.18138764889206,-1107.091314285088,1.2615067551577552,38.7368098516268
3376,844.0,-1127.1620055884123,20.070713187143113,-1107.0912924012691,1.2611976633460278,38.74241408932806
3377,844.25,-1127.0642213523388,19.972946450316144,-1107.0912749020226,1.2601458117925002,38.748080505126346
3378,844.5,-1126.9795178174973,19.888230546975517,-1107.0912872705217,1.2583554479426844,38.75380971664328
3379,844.75,-1126.9078366309404,19.816529442635417,-1107.091307188305,1.2558338938440723,38.759602077832376
3380,845.0,-1126.8489391505718,19.75762547012391,-1107.091313680448,1.2525916574142164,38.76545766186162
3381,845.25,-1126.80247669667,19.71111388291351,-1107.0913628137566,1.2486426110732503,38.77137623104427
3382,845.5,-1126.767797961831,19.676400374558842,-1107.0913975872722,1.2440042008007224,38.77735720670983
3383,845.75,-1126.7441708147526,19.6527008220594,-1107.0914699926932,1.2386976998829844,38.78339963610035
3384,846.0,-1126.7305707260966,19.63904333279492,-1107.0915273933017,1.2327485175061268,38.789502150115574
3385,846.25,-1126.7258854657412,19.634268060330548,-1107.0916174054107,1.2261865336196047,38.795662918622114
3386,846.5,-1126.7287573218346,19.63703171310991,-1107.0917256087246,1.2190465124879668,38.80187959072201
3387,846.75,-1126.7376516833901,19.645821254916957,-1107.0918304284733,1.211368508445851,38.80814924049173
3388,847.0,-1126.7509156018496,19.65897196535771,-1107.0919436364918,1.2031982900980387,38.8144683053804
3389,847.25,-1126.7667713090777,19.674696408950922,-1107.0920749001268,1.1945877845528794,38.820832515932636
3390,847.5,-1126.7833170965314,19.69112251863392,-1107.0921945778975,1.1855954697845512,38.827236834168815
3391,847.75,-1126.798659056425,19.706341153083205,-1107.0923179033418,1.176286758208055,38.833675384208654
3392,848.0,-1126.8109126836061,19.718474295763663,-1107.0924383878425,1.1667343610772127,38.84014138376563
3393,848.25,-1126.8183206394315,19.72576104869752,-1107.092559590734,1.1570184463471227,38.84662709364761
3394,848.5,-1126.8192973956466,19.726660723733474,-1107.0926366719132,1.1472266209611182,38.853123782375086
3395,848.75,-1126.8126683160663,19.719967349775263,-1107.092700966291,1.1374536203835517,38.859621720602235
3396,849.0,-1126.797663219273,19.704919684251475,-1107.0927435350216,1.1278006856575826,38.86611020969461
3397,849.25,-1126.7740174382925,19.681308687881863,-1107.0927087504106,1.1183746364320546,38.872577645368544
3398,849.5,-1126.7422055453062,19.649568665881453,-1107.0926368794248,1.1092865730579844,38.87901162645343
3399,849.75,-1126.7033840194345,19.61083386695287,-1107.0925501524816,1.1006502040624775,38.88539911304608
3400,850.0,-1126.6593367382884,19.566946545923834,-1107.0923901923645,1.0925798139160798,38.89172663329179
3401,850.25,-1126.6126207634807,19.520413610988847,-1107.0922071524917,1.0851879209540045,38.89798054319509
3402,850.5,-1126.566283263266,19.474297995111918,-1107.091985268154,1.0785826192600954,38.9041473345986
3403,850.75,-1126.5238028094172,19.432038036063183,-1107.091764773354,1.0728647498816686,38.910213983360904
3404,851.0,-1126.4887565523386,19.397214052011364,-1107.0915425003273,1.0681250439280214,38.916168320930254
3405,851.25,-1126.464602328837,19.37326899285063,-1107.0913333359863,1.0644412145563544,38.921999434437275
3406,851.5,-1126.4544410556555,19.363214039507636,-1107.0912270161477,1.0618752892889924,38.92769805556564
3407,851.75,-1126.460462987423,19.369348957637104,-1107.0911140297858,1.0604713139404403,38.933256923608944
3408,852.0,-1126.4841490015388,19.393040076808838,-1107.09110892473,1.060253715127124,38.93867109171686
3409,852.25,-1126.5257409885526,19.434584502507025,-1107.0911564860455,1.0612262872853058,38.94393815006802
3410,852.5,-1126.58444275707,19.493179275641186,-1107.0912634814288,1.063372059746483,38.949058355375826
3411,852.75,-1126.6584437787533,19.567002670820834,-1107.0914411079325,1.0666540003419598,38.95403464595898
3412,853.0,-1126.745039306581,19.65339055434862,-1107.0916487522325,1.0710164030225129,38.958872557925964
3413,853.25,-1126.8409350141883,19.74908524557596,-1107.0918497686123,1.0763870029059524,38.96358004011542
3414,853.5,-1126.9426173269749,19.85051857639656,-1107.0920987505783,1.0826794980414105,38.968167187291805
3415,853.75,-1127.046387590468,19.954091186403843,-1107.0922964040642,1.0897963892889864,38.972645917093054
3416,854.0,-1127.1489109173417,20.05641489739805,-1107.0924960199436,1.09763190734802,38.97702961672941
3417,854.25,-1127.2471277564764,20.154508226397514,-1107.092619530079,1.1060748244680763,38.98133277703577
3418,854.5,-1127.3386700823903,20.245932869877016,-1107.0927372125134,1.115011205925413,38.98557062321422
3419,854.75,-1127.42166493088,20.328863151580588,-1107.0928017792994,1.1243268683340693,38.989758764971384
3420,855.0,-1127.4949208647013,20.402099363024032,-1107.0928215016772,1.1339095520663907,38.99391287603361
3421,855.25,-1127.557840950787,20.465031283618664,-1107.0928096671685,1.143650720752837,38.99804841359191
3422,855.5,-1127.610352665186,20.517574032470442,-1107.0927786327154,1.1534469592961245,39.00218038724296
3423,855.75,-1127.6527943238616,20.560076992635224,-1107.0927173312264,1.1632010876004162,39.00632316411015
3424,856.0,-1127.685892648995,20.593223668354305,-1107.0926689806406,1.172822839174155,39.010490333995264
3425,856.25,-1127.7105291709304,20.617934097662225,-1107.092595073268,1.1822293107837034,39.014694607104154
3426,856.5,-1127.7277849391103,20.63527007497075,-1107.0925148641395,1.191345072747926,39.01894776255532
3427,856.75,-1127.7387750521302,20.64635894476195,-1107.0924161073683,1.2001020810977245,39.02326062800511
3428,857.0,-1127.7446822673082,20.652329801171994,-1107.0923524661362,1.2084393827947824,39.02764309342543
3429,857.25,-1127.7465819641948,20.654274586241478,-1107.0923073779534,1.216302697094708,39.03210414921395
3430,857.5,-1127.7454528287053,20.65322455502837,-1107.092228273677,1.2236440575741292,39.03665191281587
3431,857.75,-1127.7423081174493,20.650135913966093,-1107.0921722034832,1.2304213707847842,39.041293677610334
3432,858.0,-1127.7380136400461,20.645883246223214,-1107.0921303938228,1.2365979966451914,39.04603595466853
3433,858.25,-1127.733334057033,20.641253431403907,-1107.0920806256293,1.2421423159906664,39.050884525656116
3434,858.5,-1127.7289687022567,20.636949026007972,-1107.0920196762488,1.247027327105429,39.05584448932553
3435,858.75,-1127.725605674088,20.633596738938014,-1107.09200893515,1.2512302811759475,39.06092030701484
3436,859.0,-1127.7237194925547,20.631751106341607,-1107.091968386213,1.2547323716318037,39.066115836284055
3437,859.25,-1127.7238519489765,20.631897742561907,-1107.0919542064146,1.2575184480771202,39.07143436881286
3438,859.5,-1127.7263745293021,20.63445681480776,-1107.0919177144945,1.259576796460019,39.07687865399392
3439,859.75,-1127.7316899001598,20.63978549161138,-1107.0919044085485,1.260898945731001,39.08245092237059
3440,860.0,-1127.7400751188397,20.64817765360562,-1107.091897465234,1.2614795367702971,39.08815289691284
3441,860.25,-1127.7517482191324,20.659860383310523,-1107.0918878358218,1.2613162391242514,39.093985797949
3442,860.5,-1127.7668635994196,20.674990942465133,-1107.0918726569544,1.260409709859107,39.099950342028606
3443,860.75,-1127.7855136021972,20.69365209835926,-1107.091861503838,1.2587636005575296,39.10604673252574
3444,861.0,-1127.8076992109418,20.715845616805915,-1107.091853594136,1.2563846211574503,39.11227463885876
3445,861.25,-1127.8333689123392,20.741483468289367,-1107.09188544405,1.253282641239285,39.11863317223859
3446,861.5,-1127.8622548654675,20.7703764192288,-1107.0918784462388,1.2494708634106446,39.12512084203729
3447,861.75,-1127.8941611498594,20.80222162538873,-1107.0919395244707,1.2449660115647538,39.1317355164898
3448,862.0,-1127.928550414741,20.836588221545828,-1107.0919621931953,1.2397885876583448,39.13847436414756
3449,862.25,-1127.964910171926,20.872910156579692,-1107.0920000153462,1.2339631635418455,39.14533379206433
3450,862.5,-1128.0025327652693,20.910476391286025,-1107.0920563739833,1.2275187121471847,39.15230937246653
3451,862.75,-1128.0405705794692,20.94842325835373,-1107.0921473211154,1.2204890100404369,39.15939575355121
3452,863.0,-1128.077927544713,20.985735496124164,-1107.092192048589,1.212913042486132,39.16658657247444
3453,863.25,-1128.1135450527072,21.021248591250846,-1107.0922964614563,1.204835423529634,39.17387435948184
3454,863.5,-1128.1460421532393,21.05366187835661,-1107.0923802748825,1.1963068390392253,39.181250437047446
3455,863.75,-1128.1740676611662,21.081571189869997,-1107.0924964712963,1.1873844547556418,39.18870482138272
3456,864.0,-1128.196107082069,21.103502678507688,-1107.0926044035612,1.1781322885106507,39.19622612926035
3457,864.25,-1128.210669606924,21.117963437757247,-1107.0927061691668,1.1686216081415566,39.20380147694366
3458,864.5,-1128.216314315796,21.12351538262425,-1107.0927989331717,1.15893111512575,39.211416417477594
3459,864.75,-1128.2117440626025,21.118868794641333,-1107.0928752679613,1.1491469760338964,39.21905490386384
3460,865.0,-1128.1959308832884,21.10299373806133,-1107.092937145227,1.1393625652143518,39.22669930757876
3461,865.25,-1128.1681857481599,21.07522997779521,-1107.0929557703646,1.1296779081460804,39.23433049427906
3462,865.5,-1128.1283347159624,21.035393771167378,-1107.092940944795,1.120198818632618,39.24192796110024
3463,865.75,-1128.076771631837,20.983871858418567,-1107.0928997734184,1.111035679485256,39.24947004725325
3464,866.0,-1128.014487273991,20.921686082994796,-1107.0928011909964,1.1023018314167092,39.25693422656174
3465,866.25,-1127.9432132020593,20.850520408823698,-1107.0926927932355,1.0941116453882083,39.26429747193145
3466,866.5,-1127.86518561095,20.772689447433653,-1107.0924961635164,1.0865781676564537,39.27153671195434
3467,866.75,-1127.7833614051342,20.69104527174038,-1107.0923161333938,1.0798105971371885,39.27862933972688
3468,867.0,-1127.7008940577507,20.608819212358714,-1107.092074845392,1.0739114057868493,39.285553800276794
3469,867.25,-1127.6213073953986,20.529403964802768,-1107.091903430596,1.0689735382409908,39.29229018630905
3470,867.5,-1127.5478073135018,20.456091438287043,-1107.0917158752147,1.065077475788139,39.298820871741945
3471,867.75,-1127.4833474382758,20.391787231602695,-1107.0915602066732,1.062288506274135,39.30513112496552
3472,868.0,-1127.4302185699344,20.338737440130338,-1107.091481129804,1.060654368221596,39.31120965846637
3473,868.25,-1127.3897431865335,20.298299563450602,-1107.0914436230828,1.0602034471324888,39.31704907795039
3474,868.5,-1127.3622920513153,20.270796992461758,-1107.0914950588535,1.0609436341869356,39.32264620163651
3475,868.75,-1127.3470881134272,20.255480050787256,-1107.0916080626398,1.0628620090366498,39.3280022114885
3476,869.0,-1127.3423915952444,20.250597146400604,-1107.0917944488438,1.0659253884725215,39.33312262553982
3477,869.25,-1127.3455644920468,20.2535662770869,-1107.0919982149599,1.0700815621045832,39.338017113432464
3478,869.5,-1127.353416673839,20.261221526950038,-1107.092195146889,1.0752613283299899,39.34269913697511
3479,869.75,-1127.362516157329,20.270095824468086,-1107.092420332861,1.081380944382231,39.34718548549496
3480,870.0,-1127.3693359866738,20.276708381682997,-1107.0926276049909,1.0883448843901686,39.351495726847425
3481,870.25,-1127.3706279844046,20.277825762159594,-1107.092802222245,1.0960487597448392,39.35565161143065
3482,870.5,-1127.3636021316051,20.27067182945048,-1107.0929303021546,1.1043822128543335,39.35967646479248
3483,870.75,-1127.3461011201143,20.253074878601993,-1107.0930262415122,1.1132316547126868,39.36359459712736
3484,871.0,-1127.3165974393487,20.22355487401798,-1107.0930425653307,1.1224827632822907,39.367430752436626
3485,871.25,-1127.2743985131383,20.181342507205386,-1107.0930560059328,1.1320227647430783,39.371209595365
3486,871.5,-1127.2193398028612,20.126346367966395,-1107.0929934348949,1.141742257061915,39.374955288756496
3487,871.75,-1127.152012988925,20.059088436728505,-1107.0929245521966,1.1515367342513017,39.378691132504514
3488,872.0,-1127.0734221488237,19.980605954268494,-1107.0928161945553,1.1613077283599804,39.38243928223068
3489,872.25,-1126.9850361198187,19.89234459036663,-1107.0926915294522,1.1709635710392983,39.386220550778134
3490,872.5,-1126.8886105418205,19.7960477754047,-1107.0925627664158,1.1804198992507122,39.390054266283606
3491,872.75,-1126.7860831320286,19.69365212597687,-1107.0924310060518,1.1895998251376905,39.39395820655737
3492,873.0,-1126.679486811161,19.587198851767468,-1107.0922879593936,1.1984338663100966,39.39794858928864
3493,873.25,-1126.5708890408278,19.478754888715137,-1107.0921341521125,1.2068597020883722,39.402040103491316
3494,873.5,-1126.4623827934265,19.370357232652342,-1107.0920255607741,1.214821756498206,39.406245984784746
3495,873.75,-1126.3558635786176,19.263968523022108,-1107.0918950555954,1.222270849457453,39.410578073898165
3496,874.0,-1126.2532142177224,19.161438766408875,-1107.0917754513137,1.229163755807309,39.415046902760565
3497,874.25,-1126.156156219542,19.064478358794023,-1107.091677860748,1.2354627697172773,39.41966177984837
3498,874.5,-1126.0662147775292,18.97463726825523,-1107.091577509274,1.2411352898475154,39.424430872229344
3499,874.75,-1125.9847819954157,18.893290858466187,-1107.0914911369496,1.2461534137910177,39.42936128781
3500,875.0,-1125.913073271513,18.821629777598293,-1107.0914434939148,1.2504935498247316,39.43445915668525
3501,875.25,-1125.8520673960447,18.760650066391214,-1107.0914173296535,1.254136104975811,39.43972969254561
3502,875.5,-1125.8024994134903,18.711145867842898,-1107.0913535456475,1.25706519830552,39.44517725322264
3503,875.75,-1125.7650299593806,18.673708302245238,-1107.0913216571355,1.259268415158293,39.45080539218479
3504,876.0,-1125.7400403246284,18.648723966316876,-1107.0913163583116,1.2607366202461,39.45661689413689
3505,876.25,-1125.7277018874884,18.636373727911863,-1107.0913281595765,1.2614638073329647,39.462613805663906
3506,876.5,-1125.7279787287116,18.636634442259336,-1107.0913442864523,1.2614470136643992,39.46879744690189
3507,876.75,-1125.7406717166305,18.649278324636597,-1107.091393391994,1.2606862664651732,39.47516842003685
3508,877.0,-1125.765255637467,18.673877071779412,-1107.0913785656876,1.2591845947926377,39.48172659864868
3509,877.25,-1125.8012399673462,18.709806756152243,-1107.091433211194,1.2569480589941817,39.488471116732214
3510,877.5,-1125.847773477435,18.756251584074903,-1107.09152189336,1.253985868397876,39.495400331295734
3511,877.75,-1125.903800919652,18.812211185164315,-1107.0915897344876,1.2503105199809241,39.502511782872894
3512,878.0,-1125.9681773632765,18.876506755614965,-1107.0916706076616,1.2459380039690973,39.50980213667872
3513,878.25,-1126.039541579783,18.947787762683237,-1107.0917538170997,1.240888039343284,39.51726711708544
3514,878.5,-1126.1163987368345,19.02454180204569,-1107.091856934789,1.235184355396221,39.524901430521574
3515,878.75,-1126.1970710754395,19.105106563851546,-1107.091964511588,1.2288550349835592,39.532698668403626
3516,879.0,-1126.2797604948282,19.187682153674636,-1107.0920783411536,1.2219328754775265,39.54065120975943
3517,879.25,-1126.3625966608524,19.270349505426434,-1107.092247155426,1.214455804702594,39.54875010411917
3518,879.5,-1126.443459942937,19.3510957326798,-1107.092364210257,1.2064673274666067,39.55698494502635
3519,879.75,-1126.5203214883804,19.42784157757813,-1107.0924799108022,1.1980169169665718,39.565343761469954
3520,880.0,-1126.5911245942116,19.498475136722153,-1107.0926494574894,1.1891604670577307,39.5738128845444
3521,880.25,-1126.6536580845714,19.560898406252605,-1107.0927596783188,1.1799606799102593,39.582376832571256
3522,880.5,-1126.7059790119529,19.613082167520496,-1107.0928968444323,1.1704874246568784,39.591018203257285
3523,880.75,-1126.7461600378156,19.653144718915595,-1107.0930153189,1.1608180112122413,39.599717582309
3524,881.0,-1126.7725680693984,19.67944425466322,-1107.0931238147352,1.151037214930946,39.60845351689106
3525,881.25,-1126.7838664278388,19.690682251067383,-1107.0931841767715,1.1412371408936994,39.61720252828208
3526,881.5,-1126.7792144492269,19.686015544806065,-1107.093198904421,1.131516686625049,39.62593922951406
3527,881.75,-1126.7583466395736,19.66515836256817,-1107.0931882770053,1.1219807594653657,39.634636507207226
3528,882.0,-1126.7216230258346,19.628474585393104,-1107.0931484404414,1.1127391280819765,39.64326580123908
3529,882.25,-1126.6700501218438,19.57704089951301,-1107.0930092223307,1.1039049116512554,39.65179748217167
3530,882.5,-1126.605547182262,19.51267542435817,-1107.0928717579038,1.0955927125399518,39.660201328593324
3531,882.75,-1126.5306014493108,19.437908991970108,-1107.0926924573407,1.0879162765192651,39.66844713224929
3532,883.0,-1126.448341190815,19.355892333527514,-1107.0924488572875,1.0809860154005535,39.676505352443655
3533,883.25,-1126.3624509125948,19.270241456713894,-1107.092209455881,1.0749062177949988,39.68434786037758
3534,883.5,-1126.27679631114,19.18481797474907,-1107.091978336391,1.0697721453302134,39.69194872322888
3535,883.75,-1126.1952302753925,19.103461601785483,-1107.091768673607,1.0656671194084737,39.69928500323013
3536,884.0,-1126.1212520748377,19.029697353312834,-1107.0915547215247,1.0626597472663144,39.706337533802994
3537,884.25,-1126.0578633844852,18.966444711404574,-1107.0914186730806,1.0608014588966208,39.71309162065916
3538,884.5,-1126.0071082562208,18.915764482276586,-1107.0913437739441,1.0601245081315445,39.7195376255558
3539,884.75,-1125.9700630381703,18.878686453907097,-1107.0913765842633,1.060640744580954,39.72567135134326
3540,885.0,-1125.946587651968,18.85513920424006,-1107.091448447728,1.062341123283457,39.731494230950254
3541,885.25,-1125.935554228723,18.843994491383516,-1107.0915597373396,1.0651960992136877,39.73701327924146
3542,885.5,-1125.9349528253078,18.84321590195451,-1107.0917369233534,1.0691567498030146,39.7422408390131
3543,885.75,-1125.942014746368,18.850087489180744,-1107.091927257187,1.074156613378952,39.74719412692125
3544,886.0,-1125.9536227732897,18.861491289641176,-1107.0921314836485,1.0801141184236873,39.75189461260233
3545,886.25,-1125.966534934938,18.874193966683222,-1107.0923409682548,1.0869353539639959,39.75636729222658
3546,886.5,-1125.9776263013482,18.885107075640818,-1107.0925192257073,1.0945169857366344,39.76063991046391
3547,886.75,-1125.9841291308403,18.891506646254914,-1107.0926224845855,1.1027491179060163,39.76474218700405
3548,887.0,-1125.9839117527008,18.891192506043744,-1107.092719246657,1.11151815645426,39.768705035673534
3549,887.25,-1125.9753404706717,18.882582899657898,-1107.0927575710139,1.1207093189306374,39.77255986771309
3550,887.5,-1125.957516528666,18.86474793498372,-1107.0927685936822,1.1302090121945334,39.77633792868529
3551,887.75,-1125.9301337748766,18.83738774975598,-1107.0927460251205,1.1399067606320006,39.780069751558585
3552,888.0,-1125.8934552893043,18.800766595935972,-1107.0926886933682,1.1496968122574749,39.78378469618781
3553,888.25,-1125.8482329174876,18.75562700333374,-1107.0926059141539,1.159479231016661,39.787510628565954
3554,888.5,-1125.7955905124545,18.703091676110855,-1107.0924988363436,1.169160846046597,39.79127363859984
3555,888.75,-1125.736928485334,18.64455002938776,-1107.0923784559461,1.1786557416928019,39.795097885398725
3556,889.0,-1125.6738393902779,18.581564982793843,-1107.092274407484,1.1878854487410904,39.79900552771016
3557,889.25,-1125.607958316803,18.515789091247573,-1107.0921692255554,1.1967789586965047,39.80301670311679
3558,889.5,-1125.5409386605024,18.448887911941217,-1107.0920507485612,1.205272504533247,39.80714957572218
3559,889.75,-1125.474461004138,18.382495505956427,-1107.0919654981815,1.2133091508176816,39.81142043897715
3560,890.0,-1125.4100519567728,18.318182405362744,-1107.0918695514101,1.220838445045506,39.8158438015993
3561,890.25,-1125.3491720557213,18.257424245437825,-1107.0917478102836,1.2278159895221286,39.82043249851626
3562,890.5,-1125.2932806834579,18.201585449689343,-1107.0916952337684,1.2342029865207185,39.82519781223792
3563,890.75,-1125.2435243576765,18.151908389551927,-1107.0916159681246,1.23996585722557,39.830149569916685
3564,891.0,-1125.201082855463,18.109507170265605,-1107.0915756851973,1.2450757944683029,39.835296266372964
3565,891.25,-1125.1668719649315,18.075364441974113,-1107.0915075229573,1.2495084028215189,39.84064515875241
3566,891.5,-1125.1418134644628,18.0503320948297,-1107.0914813696331,1.2532433497203226,39.84620236174392
3567,891.75,-1125.1265621110797,18.03513105894995,-1107.0914310521298,1.2562640914751728,39.85197292008115
3568,892.0,-1125.1217458248138,18.030348962817282,-1107.0913968619966,1.2585576185016585,39.857960878259874
3569,892.25,-1125.1278028860688,18.03644043284085,-1107.091362453228,1.2601142643989165,39.86416933028142
3570,892.5,-1125.1451001390815,18.05372401893924,-1107.0913761201423,1.260927549273361,39.87060046128821
3571,892.75,-1125.173735179007,18.08237822702322,-1107.091356951984,1.2609940893043097,39.8772555692358
3572,893.0,-1125.2137950658798,18.122437035887774,-1107.091358029992,1.2603135218067574,39.88413508560578
3573,893.25,-1125.2651822715998,18.17378549785621,-1107.0913967737436,1.2588885223106374,39.891238564198474
3574,893.5,-1125.3275774046779,18.23615375776759,-1107.0914236469102,1.2567248449541262,39.89856466679178
3575,893.75,-1125.4005793854594,18.309108925449742,-1107.0914704600098,1.2538314087003877,39.906111135943654
3576,894.0,-1125.4835676178336,18.39204771977327,-1107.0915198980604,1.2502204546909415,39.913874743613846
3577,894.25,-1125.5757549703121,18.484191338949973,-1107.091563631362,1.2459077297462775,39.921851235322535
3578,894.5,-1125.676227927208,18.58458135385108,-1107.091646573357,1.2409127225195447,39.93003525715175
3579,894.75,-1125.7838021703064,18.692076354666355,-1107.09172581564,1.235258960039947,39.93842026345175
3580,895.0,-1125.8971895873547,18.805351630537,-1107.0918379568177,1.2289743244892497,39.946998419699895
3581,895.25,-1126.0148426741362,18.922901850313398,-1107.0919408238228,1.2220914366436688,39.95576048428117
3582,895.5,-1126.1351150721312,19.043047955442674,-1107.0920671166884,1.214648057984506,39.96469568573357
3583,895.75,-1126.256136290729,19.16394836334857,-1107.0921879273806,1.2066875021347396,39.973791595016664
3584,896.0,-1126.3759420737624,19.283627366014073,-1107.0923147077483,1.1982591178311706,39.98303397365868
3585,896.25,-1126.4924934580922,19.400014208131935,-1107.0924792499602,1.1894186607639483,39.992406659303576
3586,896.5,-1126.6036175861955,19.510985867759562,-1107.092631718436,1.1802287170223227,40.00189143000763
3587,896.75,-1126.7071771621704,19.6144274461075,-1107.0927497160628,1.1707590944991788,40.01146788020056
3588,897.0,-1126.8011871874332,19.708311813763697,-1107.0928753736696,1.1610870720623878,40.02111333693407
3589,897.25,-1126.8838047087193,19.79079754055352,-1107.0930071681657,1.151297481061535,40.030802825842834
3590,897.5,-1126.953405879438,19.86033471327511,-1107.0930711661629,1.14148251098882,40.04050911923791
3591,897.75,-1127.0089276954532,19.91577774153919,-1107.093149953914,1.1317412559429856,40.05020286129472
3592,898.0,-1127.0496755167842,19.956502430854474,-1107.0931730859297,1.122178950231276,40.059852787004544
3593,898.25,-1127.0756322219968,19.98250899863941,-1107.0931232233575,1.1129058637156954,40.06942604389409
3594,898.5,-1127.0875670835376,19.994507283293473,-1107.0930598002442,1.1040358116020499,40.07888863133101
3595,898.75,-1127.0869021862745,19.993955411891132,-1107.0929467743833,1.0956841493420306,40.088205994555715
3596,899.0,-1127.0758034214377,19.983041474237567,-1107.0927619472002,1.087965565297114,40.097343686131985
3597,899.25,-1127.057170048356,19.964605407002875,-1107.0925646413532,1.080991479305901,40.10626814696096
3598,899.5,-1127.0343158766627,19.941990522610972,-1107.0923253540518,1.0748672693046142,40.114947545624815
3599,899.75,-1127.0109342262149,19.918830846921356,-1107.0921033792936,1.0696893152890565,40.123352674732935
3600,900.0,-1126.99066708982,19.898786780338806,-1107.0918803094812,1.065542041885789,40.131457852983495
3601,900.25,-1126.9769740477204,19.88525386182771,-1107.0917201858927,1.0624950832408104,40.13924179188779
3602,900.5,-1126.9726584628224,19.88107250371209,-1107.0915859591103,1.0606007541803284,40.14668837702441
3603,900.75,-1126.9798107743263,19.88827516379271,-1107.0915356105336,1.0598921152221166,40.153787274842124
3604,901.0,-1126.9994546622038,19.907909249584996,-1107.0915454126189,1.060381634751961,40.16053435615633
3605,901.25,-1127.0315633788705,19.93996276527749,-1107.091600613593,1.0620606864184663,40.16693186875179
3606,901.5,-1127.075120396912,19.983401970587707,-1107.0917184263244,1.0648999136873154,40.17298834880017
3607,901.75,-1127.1282209306955,20.036316126115317,-1107.0919048045803,1.0688503929474864,40.17871828577136
3608,902.0,-1127.1882156282663,20.096145750968393,-1107.092069877298,1.0738454303487062,40.18414158971227
3609,902.25,-1127.2522385269403,20.15995871775396,-1107.0922798091865,1.0798030651822725,40.18928284550867
3610,902.5,-1127.3171994313598,20.224736837693463,-1107.0924625936664,1.0866287802312742,40.19417049506382
3611,902.75,-1127.3802105113864,20.287636025198573,-1107.092574486188,1.0942185565005793,40.198835917386845
3612,903.0,-1127.4388979375362,20.346194561951492,-1107.0927033755847,1.1024617452497463,40.2033125555799
3613,903.25,-1127.4912660494447,20.39848941847563,-1107.092776630969,1.1112438831862,40.20763505889953
3614,903.5,-1127.5360325723886,20.443226536042776,-1107.0928060363458,1.12044936583546,40.2118384683318
3615,903.75,-1127.5725550577044,20.479766271982907,-1107.0927887857215,1.1299637733411787,40.2159575035782
3616,904.0,-1127.600855305791,20.508087221727777,-1107.0927680840632,1.1396758713489856,40.22002594917062
3617,904.25,-1127.6213992461562,20.52871144071501,-1107.0926878054413,1.149479169209312,40.22407617395308
3618,904.5,-1127.635192297399,20.542601954962187,-1107.0925903424368,1.159273191107287,40.228138738800865
3619,904.75,-1127.643542021513,20.55104600094714,-1107.092496020566,1.1689642437757362,40.232242157475596
3620,905.0,-1127.6479009240866,20.5555410759945,-1107.092359848092,1.1784659677000182,40.236412723608055
3621,905.25,-1127.6499633416533,20.55768958428592,-1107.0922737573674,1.1876994965779535,40.24067445901746
3622,905.5,-1127.6512706801295,20.559107860891537,-1107.092162819238,1.1965934771228095,40.24504910351057
3623,905.75,-1127.6534131839871,20.561344949730277,-1107.0920682342569,1.205083831548305,40.24955618556623
3624,906.0,-1127.6577876359224,20.565825036719136,-1107.0919625992033,1.213113381722007,40.25421313416627
3625,906.25,-1127.6657387465239,20.573814921518018,-1107.0919238250058,1.2206314249094736,40.259035408550695
3626,906.5,-1127.6782764792442,20.586400307762656,-1107.0918761714815,1.2275933795745184,40.26403660279194
3627,906.75,-1127.69629766047,20.60447075871087,-1107.091826901759,1.2339603021209007,40.269228594854916
3628,907.0,-1127.720495045185,20.628714740281193,-1107.091780304904,1.2396984802080833,40.274621669059776
3629,907.25,-1127.7513793334365,20.659617811023473,-1107.091761522413,1.2447790136622485,40.28022464538609
3630,907.5,-1127.7892370820045,20.69746859467912,-1107.0917684873255,1.2491774498316413,40.28604498800141
3631,907.75,-1127.8341317921877,20.74236957091794,-1107.0917622212698,1.252873443230714,40.2920889106026
3632,908.0,-1127.8860455155373,20.794251208790484,-1107.0917943067468,1.255850446519391,40.298361472884125
3633,908.25,-1127.9447028711438,20.85288778220014,-1107.0918150889436,1.2580955055357472,40.304866639002604
3634,908.5,-1128.0097654014826,20.91791044038121,-1107.0918549611013,1.259599034435335,40.31160734948225
3635,908.75,-1128.080702662468,20.988821674457732,-1107.0918809880102,1.2603546723726538,40.31858556451747
3636,909.0,-1128.1569126993418,21.065006590957154,-1107.0919061083846,1.2603591820443474,40.3258022949489
3637,909.25,-1128.2377088814974,21.14574163460844,-1107.091967246889,1.2596124002858402,40.333257618131775
3638,909.5,-1128.322222046554,21.230203839583986,-1107.0920182069701,1.2581172420482736,40.34095067554766
3639,909.75,-1128.4095630794764,21.317479757679255,-1107.0920833217972,1.2558797601207525,40.348879654497416
3640,910.0,-1128.4987458363175,21.40657348473379,-1107.0921723515837,1.2529092337542285,40.35704176197449
3641,910.25,-1128.588644400239,21.496412237826252,-1107.0922321624128,1.2492183212585757,40.36543317767064
3642,910.5,-1128.678172275424,21.585852216783753,-1107.0923200586403,1.2448232558430412,40.3740489948745
3643,910.75,-1128.766092658043,21.673681994783134,-1107.0924106632597,1.2397441046041087,40.382883140564964
3644,911.0,-1128.851100280881,21.758623841026182,-1107.0924764398546,1.2340050352099428,40.391928295940055
3645,911.25,-1128.9319152384996,21.839337367029767,-1107.09257787147,1.227634666678087,40.40117578806851
3646,911.5,-1129.0070862174034,21.9144217487013,-1107.0926644687022,1.220666461409644,40.41061546992208
3647,911.75,-1129.0751734301448,21.98241884838576,-1107.092754581759,1.2131391292326819,40.42023559741172
3648,912.0,-1129.1347003877163,22.04182439277322,-1107.0928759949431,1.205097057098652,40.430022698205526
3649,912.25,-1129.1840567216277,22.09110767931224,-1107.0929490423155,1.1965907589423521,40.43996143503683
3650,912.5,-1129.2218000367284,22.1287366171538,-1107.0930634195745,1.187677259859642,40.450034490685404
3651,912.75,-1129.2463604211807,22.153211588853797,-1107.093148832327,1.1784205350141919,40.46022243334903
3652,913.0,-1129.2563659995794,22.16311857278871,-1107.0932474267906,1.1688918879486163,40.47050360308021
3653,913.25,-1129.2505342662334,22.1572011521533,-1107.0933331140802,1.159170190310283,40.4808540405235
3654,913.5,-1129.227832429111,22.13444368021666,-1107.0933887488943,1.1493419018749285,40.491247483774345
3655,913.75,-1129.1875792518258,22.09417246982401,-1107.0934067820017,1.1395009025335876,40.50165542245609
3656,914.0,-1129.129564769566,22.036166262890216,-1107.0933985066758,1.1297479761897238,40.51204725908098
3657,914.25,-1129.0541171208024,21.960761514187418,-1107.093355606615,1.1201900275990624,40.522390552134745
3658,914.5,-1128.9622141644359,21.868953334006694,-1107.0932608304292,1.1109389197891568,40.53265137598594
3659,914.75,-1128.85557500273,21.762455933993795,-1107.093119068736,1.1021097453222715,40.54279485132348
3660,915.0,-1128.7366424128413,21.643722514027065,-1107.0929198988142,1.0938189294648457,40.55278572959163
3661,915.25,-1128.6086250171065,21.515915841582167,-1107.0927091755243,1.0861818592817696,40.5625891194758
3662,915.5,-1128.4752284660935,21.3828046289396,-1107.092423837154,1.0793102039355105,40.57217130504826
3663,915.75,-1128.3407324329019,21.248592355432805,-1107.0921400774691,1.0733090425065412,40.581500621118124
3664,916.0,-1128.20954618603,21.11768887853931,-1107.0918573074905,1.0682739202053555,40.59054834774819
3665,916.25,-1128.0860217958689,20.994430486000763,-1107.0915913098681,1.0642878168759977,40.59928962638873
3666,916.5,-1127.97418243438,20.882770079198682,-1107.0914123551813,1.06141830480587,40.60770431609832
3667,916.75,-1127.877240858972,20.785975718145327,-1107.0912651408266,1.0597150460881626,40.61577774108136
3668,917.0,-1127.7975738048553,20.706376217498374,-1107.0911975873569,1.0592078719301417,40.623501258085625
3669,917.25,-1127.736378006637,20.645198127566832,-1107.0911798790703,1.059905650920774,40.63087258537066
3670,917.5,-1127.6937279105186,20.602508454813282,-1107.0912194557054,1.0617959126443914,40.63789589468519
3671,917.75,-1127.6686282530427,20.577272274830396,-1107.0913559782123,1.064845332854556,40.6445816434501
3672,918.0,-1127.6590395122766,20.567520310220008,-1107.0915192020566,1.0690009793490993,40.65094617358112
3673,918.25,-1127.6623122170568,20.570594716725,-1107.0917175003317,1.0741924268527128,40.65701105563744
3674,918.5,-1127.675342477858,20.58343574694911,-1107.091906730909,1.0803342327697583,40.66280231982956
3675,918.75,-1127.6949797868729,20.60287806373195,-1107.092101723141,1.0873288756476385,40.66834955597539
3676,919.0,-1127.7182013094425,20.62590988969652,-1107.092291419746,1.0950697814725605,40.67368498990121
3677,919.25,-1127.7422623187304,20.649885120022315,-1107.092377198708,1.103444215394078,40.6788426032449
3678,919.5,-1127.7651346698403,20.67266938922141,-1107.0924652806189,1.1123362508926284,40.683857238986896
3679,919.75,-1127.7852333933115,20.692718538329874,-1107.0925148549816,1.1216292545210442,40.688763851134624
3680,920.0,-1127.8016256988049,20.70910187717337,-1107.0925238216314,1.1312082605398368,40.69359679595233
3681,920.25,-1127.813956990838,20.721464568705926,-1107.0924924221322,1.1409619022085329,40.69838925837538
3682,920.5,-1127.8223844990134,20.729947399996405,-1107.092437099017,1.150783990546506,40.703172786621714
3683,920.75,-1127.8274427130818,20.735083577950384,-1107.0923591351313,1.160574574880579,40.70797698388681
3684,921.0,-1127.8299982994795,20.737690934578612,-1107.0923073649008,1.1702407464046507,40.71282927867361
3685,921.25,-1127.8310071974993,20.738762698919235,-1107.09224449858,1.179697076005742,40.717754804675366
3686,921.5,-1127.8315141499043,20.73937254719446,-1107.0921416027097,1.18886573550073,40.722776375552314
3687,921.75,-1127.832663178444,20.74059473408644,-1107.0920684443574,1.1976764416849057,40.72791451190498
3688,922.0,-1127.835452452302,20.743439286745648,-1107.0920131655564,1.2060662000366522,40.73318752783339
3689,922.25,-1127.840781994164,20.74881066423451,-1107.0919713299295,1.2139788807088063,40.73861166644486
3690,922.5,-1127.84939815104,20.757486587578704,-1107.0919115634613,1.2213648195674398,40.744201226214116
3691,922.75,-1127.8620043769479,20.770104100417996,-1107.09190027653,1.2281803948694892,40.74996869512178
3692,923.0,-1127.8790270239115,20.787151329819814,-1107.0918756940916,1.2343875940328746,40.75592488507998
3693,923.25,-1127.9008195698261,20.808970957127713,-1107.0918486126984,1.239953578961018,40.762079068531115
3694,923.5,-1127.927624873817,20.835769679020895,-1107.0918551947962,1.2448503151758388,40.768439091476985
3695,923.75,-1127.959477379918,20.867629132050276,-1107.0918482478678,1.2490541802207105,40.77501149559449
3696,924.0,-1127.9963801130652,20.90451936093677,-1107.0918607521285,1.2525456405685313,40.78180161839256
3697,924.25,-1128.038186736405,20.94631249504088,-1107.091874241364,1.2553089769716281,40.78881367770106
3698,924.5,-1128.0846893042326,20.99279563115875,-1107.0918936730739,1.2573320483713137,40.79605084631348
3699,924.75,-1128.135603427887,21.043683729223538,-1107.0919196986633,1.2586061094514591,40.80351530857988
3700,925.0,-1128.1905533075333,21.098630091747125,-1107.0919232157862,1.2591256828244124,40.81120830076042
3701,925.25,-1128.249192930758,21.157234108734617,-1107.0919588220233,1.258888456390227,40.81913014732529
3702,925.5,-1128.3110568970442,21.219044515745953,-1107.0920123812982,1.257895267409275,40.827280266254
3703,925.75,-1128.3756121248007,21.283557663185523,-1107.0920544616151,1.2561501195580915,40.83565716866289
3704,926.0,-1128.442284911871,21.350216574002836,-1107.092068337868,1.2536602480661128,40.84425844417331
3705,926.25,-1128.5105343610048,21.41841261626773,-1107.0921217447371,1.250436220551184,40.853080737302236
3706,926.5,-1128.579655840993,21.487478961038473,-1107.0921768799544,1.2464921383635474,40.86211969021063
3707,926.75,-1128.6488905921578,21.55667955455484,-1107.092211037603,1.2418458382458368,40.87136989131101
3708,927.0,-1128.7174959853292,21.625203325677173,-1107.092292659652,1.2365191383463174,40.880824811000025
3709,927.25,-1128.78449524194,21.69216002189863,-1107.0923352200414,1.2305381850328851,40.89047670440052
3710,927.5,-1128.848988585174,21.756575830577898,-1107.0924127545961,1.2239337758180031,40.9003165294894
3711,927.75,-1128.9098955988884,21.817387625323786,-1107.0925079735646,1.2167417888556546,40.91033382807594
3712,928.0,-1128.9660370722413,21.873441050903015,-1107.0925960213383,1.209003564623308,40.92051662830253
3713,928.25,-1129.0161837935448,21.92349943244652,-1107.0926843610982,1.2007663632682888,40.93085132252314
3714,928.5,-1129.0590358376503,21.966265599130175,-1107.0927702385202,1.1920837898021992,40.94132255761028
3715,928.75,-1129.093274615705,22.000409344842197,-1107.0928652708628,1.1830162149589907,40.95191312717144
3716,929.0,-1129.1175623610616,22.024599880995844,-1107.0929624800658,1.173631181634643,40.96260387147999
3717,929.25,-1129.1306150630116,22.037567515601676,-1107.09304754741,1.1640037931022116,40.97337358071419
3718,929.5,-1129.1313065737486,22.038188895608613,-1107.09311767814,1.1542167971621207,40.984198990492715
3719,929.75,-1129.118748433888,22.02557947953951,-1107.0931689543484,1.1443605789748688,40.995054800953
3720,930.0,-1129.0924056246877,21.9992043246263,-1107.0932013000613,1.1345328405040072,41.00591378539491
3721,930.25,-1129.0521829351783,21.95898910877121,-1107.093193826407,1.1248379461171851,41.0167469917528
3722,930.5,-1128.9985531494021,21.905424854091518,-1107.0931282953106,1.1153860082072884,41.02752401638396
3723,930.75,-1128.9327010214329,21.83965078843241,-1107.0930502330004,1.1062914511200963,41.03821342025
3724,931.0,-1128.8563632294536,21.763498484363538,-1107.09286474509,1.0976711877187197,41.04878324941115
3725,931.25,-1128.772204093635,21.679491785766775,-1107.0927123078684,1.08964247008994,41.05920164026709
3726,931.5,-1128.683267481625,21.590781901463263,-1107.0924855801618,1.082320351449617,41.069437524714765
3727,931.75,-1128.5932663828135,21.501018385430275,-1107.092247997383,1.0758149322976973,41.07946138717203
3728,932.0,-1128.5061402469873,21.41414762352211,-1107.0919926234653,1.0702282873264675,41.08924609328875
3729,932.25,-1128.4259092360735,21.334151896183158,-1107.0917573398904,1.0656515101914172,41.098767683284535
3730,932.5,-1128.356327086687,21.264748499568643,-1107.0915785871184,1.0621617002734893,41.108006162830556
3731,932.75,-1128.3004784882069,21.209069083993707,-1107.0914094042132,1.0598191518010558,41.116946227047734
3732,933.0,-1128.2607272714376,21.169372725241224,-1107.0913545461965,1.0586651060719297,41.125577822908774
3733,933.25,-1128.2381814718246,21.14682836960108,-1107.0913531022236,1.0587200579611191,41.13389654777459
3734,933.5,-1128.2328334897757,21.14139603284461,-1107.091437456931,1.0599829971382182,41.14190379517928
3735,933.75,-1128.2434119433165,21.151828369883074,-1107.0915835734334,1.0624314019751433,41.14960669113433
3736,934.0,-1128.2675730735064,21.175793015241265,-1107.0917800582652,1.0660221395308622,41.1570177863779
3737,934.25,-1128.3021136522293,21.21009335377243,-1107.0920202984569,1.0706931856809265,41.16415453997717
3738,934.5,-1128.3432211875916,21.250957423423024,-1107.0922637641686,1.0763659507605574,41.17103864551213
3739,934.75,-1128.3868695124984,21.29435154990332,-1107.0925179625951,1.0829481285482236,41.177695234705986
3740,935.0,-1128.4290278479457,21.336273578185075,-1107.0927542697607,1.0903366587902912,41.184152057107845
3741,935.25,-1128.4659690633416,21.373008877552426,-1107.0929601857893,1.0984207848754968,41.190438653287494
3742,935.5,-1128.4944211617112,21.401332429568615,-1107.0930887321426,1.1070850288944833,41.19658556003972
3743,935.75,-1128.5118408426642,21.418637651996807,-1107.0932031906675,1.1162120092349899,41.20262357135546
3744,936.0,-1128.5162832513452,21.42299841279503,-1107.09328483855,1.1256848754589472,41.2085831059988
3745,936.25,-1128.5064722523093,21.41318111808292,-1107.0932911342263,1.1353894518515226,41.214493661953775
3746,936.5,-1128.4818864390254,21.388605530408057,-1107.0932809086173,1.145216052905094,41.22038336346646
3747,936.75,-1128.4425128623843,21.349267790017414,-1107.093245072367,1.1550608020635196,41.22627864111157
3748,937.0,-1128.3888087645173,21.29564265234651,-1107.0931661121708,1.1648266136578302,41.232204002568864
3749,937.25,-1128.32166480273,21.228582372414326,-1107.0930824303157,1.1744237359367555,41.238181918730206
3750,937.5,-1128.2421973124146,21.149219802908004,-1107.0929775095067,1.1837700736041676,41.24423276633995
3751,937.75,-1128.1517777219415,21.05888138405174,-1107.0928963378897,1.1927911758324463,41.25037485608249
3752,938.0,-1128.051809988916,20.959016671663864,-1107.092793317252,1.201420101537301,41.25662448864688
3753,938.25,-1127.9438007846475,20.8511373574089,-1107.0926634272387,1.2095970641590357,41.2629960671317
3754,938.5,-1127.8293435499072,20.73677822102901,-1107.0925653288782,1.21726898444665,41.26950223005053
3755,938.75,-1127.7099341526628,20.617472481488026,-1107.0924616711748,1.2243890761692005,41.2761539734523
3756,939.0,-1127.5870967879891,20.494725304569815,-1107.0923714834194,1.2309164349542148,41.2829607687583
3757,939.25,-1127.4623032137752,20.370000334917155,-1107.092302878858,1.2368155743804943,41.28993069528838
3758,939.5,-1127.3368949517608,20.24471061108137,-1107.0921843406793,1.2420560460828165,41.297070544884114
3759,939.75,-1127.2123413458467,20.120213643105792,-1107.0921277027408,1.2466120159658172,41.304385943776296
3760,940.0,-1127.0898634269834,19.997808776901625,-1107.0920546500818,1.2504619470105278,41.311881437656595
3761,940.25,-1126.9707024618983,19.878733755222267,-1107.091968706676,1.2535882763034283,41.31956058291215
3762,940.5,-1126.8560470119119,19.764160201082866,-1107.091886810829,1.2559771663260024,41.32742601622271
3763,940.75,-1126.7470167651772,19.655186086610925,-1107.0918306785663,1.2576183010626918,41.33547951188368
3764,941.0,-1126.6446048542857,19.552827824295196,-1107.0917770299905,1.2585047225900197,41.343722030027486
3765,941.25,-1126.5497461035848,19.458014912089453,-1107.0917311914952,1.2586327160463058,41.35215375255985
3766,941.5,-1126.4632749781013,19.37158348900423,-1107.091691489097,1.2580017545065736,41.360774102760544
3767,941.75,-1126.3858999237418,19.294260656304612,-1107.0916392674371,1.2566144938786017,41.369581753892035
3768,942.0,-1126.3182498440146,19.226654402541254,-1107.0915954414734,1.2544768065860805,41.37857463073167
3769,942.25,-1126.2608119025826,19.16924437026619,-1107.0915675323165,1.2515978769257994,41.38774989332525
3770,942.5,-1126.213929347694,19.122367446278382,-1107.0915619014156,1.2479903468968307,41.39710391217123
3771,942.75,-1126.1777686998248,19.086203426842154,-1107.0915652729827,1.243670512115893,41.40663222913152
3772,943.0,-1126.152348704636,19.060760412214975,-1107.0915882924212,1.2386585544228432,41.416329514238335
3773,943.25,-1126.1374632641673,19.04586309096964,-1107.0916001731978,1.2329788227902603,41.426189511770325
3774,943.5,-1126.1327841058373,19.04114177241748,-1107.09164233342,1.2266601742008258,41.43620497341744
3775,943.75,-1126.1377203837037,19.046025949828728,-1107.091694433875,1.2197363582141505,41.44636758100684
3776,944.0,-1126.1515274122357,19.059742784349517,-1107.0917846278862,1.212246388778909,41.456667879609036
3777,944.25,-1126.1731658503413,19.081318710792363,-1107.091847139549,1.2042349884461827,41.4670951918655
3778,944.5,-1126.2015078365803,19.109591416149808,-1107.0919164204304,1.1957530083399168,41.477637542580226
3779,944.75,-1126.2352683320642,19.143233313860023,-1107.0920350182041,1.1868578819410498,41.48828157510655
3780,945.0,-1126.272912144661,19.180783223549533,-1107.0921289211115,1.1776140215852806,41.49901248894824
3781,945.25,-1126.312948256731,19.220697203772968,-1107.092251052958,1.1680932323685418,41.50981397211107
3782,945.5,-1126.3537656888366,19.261421589883028,-1107.0923440989536,1.1583749178328722,41.520668184746384
3783,945.75,-1126.3939169421792,19.301479643060993,-1107.0924372991183,1.1485461406994717,41.53155577701702
3784,946.0,-1126.4320977553725,19.33957605411399,-1107.0925217012586,1.1387014657551564,41.54245595557594
3785,946.25,-1126.467295460403,19.374719327721003,-1107.0925761326819,1.1289424938729273,41.55334661887032
3786,946.5,-1126.4989264681935,19.406330850079442,-1107.092595618114,1.119376951505445,41.56420458830321
3787,946.75,-1126.5269147232175,19.434346547081272,-1107.0925681761362,1.1101175975697357,41.57500587622436
3788,947.0,-1126.5517965778708,19.45929749856916,-1107.0924990793017,1.1012805003255286,41.58572608241394
3789,947.25,-1126.5747305005789,19.482343666036435,-1107.0923868345424,1.0929831114797695,41.59634082909942
3790,947.5,-1126.5975082591176,19.505252445642615,-1107.092255813475,1.0853418089007647,41.606826291933
3791,947.75,-1126.6223894655704,19.530311510137278,-1107.092077955433,1.0784692673877316,41.61715975817269
3792,948.0,-1126.6521000266075,19.560176262355224,-1107.0919237642522,1.0724715454463059,41.62732022734324
3793,948.25,-1126.689409352839,19.597649200808338,-1107.0917601520307,1.067445042178306,41.63728901598959
3794,948.5,-1126.7370043992996,19.645412335298897,-1107.0915920640007,1.0634734510991468,41.64705034805818
3795,948.75,-1126.7972066253424,19.705728216429513,-1107.091478408913,1.0606248562064151,41.6565918944065
3796,949.0,-1126.8716071248055,19.78015064198221,-1107.0914564828233,1.058949192263195,41.66590521939969
3797,949.25,-1126.960775077343,19.869286841540287,-1107.0914882358027,1.0584762319589824,41.67498609510215
3798,949.5,-1127.064214579761,19.97265004894385,-1107.091564530817,1.059214451682976,41.68383463777157
3799,949.75,-1127.1803591400385,20.088623060515687,-1107.091736079523,1.061150665751917,41.69245527554977
3800,950.0,-1127.3065234422684,20.2145396183569,-1107.0919838239115,1.0642505651904592,41.70085653741831
3801,950.25,-1127.4391142353415,20.346876569818846,-1107.0922376655226,1.068460089966901,41.709050684901115
3802,950.5,-1127.5740438774228,20.48153219430416,-1107.0925116831186,1.0737075185768536,41.71705321467716
3803,950.75,-1127.7069019973278,20.61414010921393,-1107.092761888114,1.0799061513662758,41.72488226590967
3804,951.0,-1127.8333915546536,20.740377095780413,-1107.0930144588733,1.0869572750550356,41.73255799008622
3805,951.25,-1127.9494563564658,20.856240433958078,-1107.0932159225076,1.0947532127479678,41.74010192331293
3806,951.5,-1128.0516465231776,20.95827287480592,-1107.0933736483717,1.1031803197137817,41.74753639526603
3807,951.75,-1128.1372100412846,21.043713325596094,-1107.0934967156884,1.1121218822562275,41.75488397556684
3808,952.0,-1128.204124763608,21.110575238396134,-1107.0935495252118,1.1214607165523558,41.762166993063516
3809,952.25,-1128.2512191161513,21.157660000876824,-1107.0935591152745,1.1310815018882727,41.76940711983705
3810,952.5,-1128.2780601382256,21.184525044325202,-1107.0935350939003,1.1408726312160797,41.776625048450235
3811,952.75,-1128.284870058298,21.191411985734767,-1107.0934580725634,1.1507278342313878,41.783840221145994
3812,953.0,-1128.2724943310022,21.17913729469824,-1107.093357036304,1.160547229611104,41.79107066676276
3813,953.25,-1128.2422239482403,21.148980483919665,-1107.0932434643207,1.1702380925081217,41.798332889476534
3814,953.5,-1128.1956920921803,21.102563499179,-1107.0931285930012,1.1797152919321048,41.80564182243195
3815,953.75,-1128.1347359865904,21.041743234313333,-1107.092992752277,1.1889013685983172,41.81301084234194
3816,954.0,-1128.0613786280155,20.968520820115888,-1107.0928578078997,1.197726443829072,41.820451807276264
3817,954.25,-1127.977663591504,20.88496429754447,-1107.0926992939596,1.206127954333264,41.827975105972286
3818,954.5,-1127.8857164680958,20.79315381918646,-1107.0925626489093,1.214050244828928,41.83558972172131
3819,954.75,-1127.787589929998,20.69514183724096,-1107.092448092757,1.2214441354810774,41.84330330763027
3820,955.0,-1127.685239776969,20.59292034468784,-1107.092319432281,1.2282664982577516,41.85112226703012
3821,955.25,-1127.5805857032537,20.48839636910939,-1107.0921893341445,1.2344798123804872,41.85905185293899
3822,955.5,-1127.4754919707775,20.383380617623942,-1107.0921113531535,1.2400517248553435,41.86709627483135
3823,955.75,-1127.371566541493,20.279577671274584,-1107.0919888702183,1.2449546788877306,41.87525879906216
3824,956.0,-1127.2704641073942,20.17857035566696,-1107.0918937517272,1.2491655315378227,41.88354185463545
3825,956.25,-1127.1736501827836,20.08180919632724,-1107.0918409864564,1.2526652150799762,41.89194711374994
3826,956.5,-1127.082340978086,19.990605297542626,-1107.0917356805435,1.2554384657694837,41.90047556892352
3827,956.75,-1126.9977994635701,19.906124359750418,-1107.0916751038196,1.2574735725236594,41.90912762576404
3828,957.0,-1126.9209972396493,19.82937729464997,-1107.0916199449994,1.258762203590076,41.917903172510016
3829,957.25,-1126.8528106436133,19.761206611417876,-1107.0916040321954,1.2592992773349314,41.92680163039807
3830,957.5,-1126.7938278615475,19.702270727214408,-1107.091557134333,1.259082864173256,41.935821995306256
3831,957.75,-1126.7445775195956,19.653031987925612,-1107.09154553167,1.2581141557813873,41.94496284516638
3832,958.0,-1126.7052894681692,19.613747960494845,-1107.0915415076743,1.2563974818103538,41.954222331109165
3833,958.25,-1126.6760088577867,19.584459882973015,-1107.0915489748136,1.2539403710845396,41.9635981613958
3834,958.5,-1126.6565644964576,19.564984492126495,-1107.091580004331,1.2507536573476885,41.973087580897385
3835,958.75,-1126.646538078785,19.554909135591966,-1107.091628943193,1.2468516435484254,41.98268734407632
3836,959.0,-1126.6452612504363,19.553587316495438,-1107.091673933941,1.2422523113441637,41.99239370989897
3837,959.25,-1126.651898123324,19.560136211827377,-1107.0917619114966,1.2369775460107308,42.00220242510928
3838,959.5,-1126.6652706488967,19.573439899620094,-1107.0918307492766,1.2310534538164108,42.012108689651
3839,959.75,-1126.684093348682,19.59215552841528,-1107.0919378202666,1.2245106924286007,42.02210712660411
3840,960.0,-1126.7067949995399,19.614725330883395,-1107.0920696686564,1.217384841584797,42.03219174762375
3841,960.25,-1126.7315766885877,19.63939410579942,-1107.0921825827882,1.2097167920686747,42.04235592061035
3842,960.5,-1126.756554864347,19.66423416843753,-1107.0923206959094,1.2015531676111662,42.052592333100314
3843,960.75,-1126.7796475812793,19.68718299139575,-1107.0924645898835,1.1929467364131203,42.0628929545693
3844,961.0,-1126.7987023815513,19.706085821672126,-1107.0926165598792,1.18395682704946,42.07324900410011
3845,961.25,-1126.8115186616778,19.71875634189626,-1107.0927623197815,1.1746497396331004,42.083650917117055
3846,961.5,-1126.8159637227654,19.723064885058385,-1107.092898837707,1.165099074802205,42.094088340094096
3847,961.75,-1126.8100422546268,19.7170300032249,-1107.093012251402,1.1553858625995481,42.104550171521495
3848,962.0,-1126.7920508235693,19.69892339034371,-1107.0931274332256,1.1455985579791745,42.115024592887615
3849,962.25,-1126.760591328144,19.667397098153916,-1107.09319422999,1.1358327676464552,42.1254991421949
3850,962.5,-1126.7148430496454,19.621612796840754,-1107.0932302528047,1.1261906931577943,42.135960845987334
3851,962.75,-1126.654563806951,19.561360778140163,-1107.0932030288109,1.116780193040931,42.146396398229896
3852,963.0,-1126.5802971571684,19.48716459283196,-1107.0931325643364,1.1077134897843186,42.15679236374396
3853,963.25,-1126.4933525398374,19.4003435702622,-1107.093008969575,1.099105425146486,42.167135449070685
3854,963.5,-1126.3958480581641,19.303022940601924,-1107.0928251175621,1.0910714359806772,42.17741278441349
3855,963.75,-1126.290707655251,19.19808958852284,-1107.0926180667282,1.0837251387160267,42.187612217616284
3856,964.0,-1126.1814534515142,19.089074688849998,-1107.0923787626643,1.0771756086485227,42.197722633206304
3857,964.25,-1126.0720789581537,18.97996513437126,-1107.0921138237825,1.0715245021615183,42.20773425824027
3858,964.5,-1125.9667816907167,18.874957447996177,-1107.0918242427206,1.0668630391778682,42.21763893712959
3859,964.75,-1125.8697714656591,18.77816490198928,-1107.0916065636698,1.0632690470666795,42.227430384500586
3860,965.0,-1125.7847140356898,18.693298494074522,-1107.0914155416153,1.0608041344225798,42.237104384254785
3861,965.25,-1125.7146622985601,18.623374940000282,-1107.0912873585598,1.0595114055022334,42.246658913217374
3862,965.5,-1125.6617026925087,18.57048473872961,-1107.091217953779,1.0594137714628853,42.256094192374256
3863,965.75,-1125.6268754452467,18.535647228013225,-1107.0912282172335,1.0605130049577804,42.26541267120274
3864,966.0,-1125.6100757420063,18.518781696394782,-1107.0912940456114,1.0627896454758563,42.27461890532426
3865,966.25,-1125.6102050170302,18.5187906709883,-1107.091414346042,1.066203812194686,42.28371936048834
3866,966.5,-1125.6253049746156,18.533738866788305,-1107.0915661078272,1.070696769055605,42.29272212910217
3867,966.75,-1125.6528667658567,18.561105374429594,-1107.091761391427,1.0761931929892057,42.30163659789285
3868,967.0,-1125.6899973973632,18.598066298864467,-1107.0919310984987,1.0826038978795365,42.310473091289765
3869,967.25,-1125.73381960392,18.641762915896514,-1107.0920566880234,1.0898288525159288,42.31924253300351
3870,967.5,-1125.7817272096872,18.689526060545074,-1107.092201149142,1.097760198159038,42.327956127059224
3871,967.75,-1125.8313518315554,18.739054578884765,-1107.0922972526705,1.1062851720068438,42.336625072953765
3872,968.0,-1125.8808872327209,18.788527717688673,-1107.0923595150323,1.1152888656984,42.345260314700326
3873,968.25,-1125.9290689900517,18.836649734139137,-1107.0924192559125,1.124656714169414,42.35387233077475
3874,968.5,-1125.9750597327948,18.8826406123567,-1107.092419120438,1.1342766048194721,42.36247096611245
3875,968.75,-1126.0186064690351,18.92618909526777,-1107.0924173737674,1.1440406108530463,42.37106531715668
3876,969.0,-1126.059740677476,18.967373951858065,-1107.092366725618,1.153846335874298,42.37966366079188
3877,969.25,-1126.0988642200828,19.006559967111365,-1107.0923042529714,1.1635978489520613,42.38827342463968
3878,969.5,-1126.1365661397576,19.04430170339707,-1107.0922644363607,1.1732062700165424,42.39690118226644
3879,969.75,-1126.1734639257193,19.081254264241895,-1107.0922096614775,1.182590106738207,42.405552673143646
3880,970.0,-1126.2102273330092,19.11809337972058,-1107.0921339532886,1.1916753092351247,42.4142328428695
3881,970.25,-1126.2475639805198,19.155456997115614,-1107.0921069834042,1.2003951368177985,42.42294589656299
3882,970.5,-1126.285979129374,19.193902752407872,-1107.0920763769661,1.2086898377532413,42.43169536333595
3883,970.75,-1126.325940683484,19.23388172268828,-1107.0920589607958,1.2165062593162561,42.44048416174556
3884,971.0,-1126.3677634373307,19.27573038659525,-1107.0920330507354,1.2237974002035015,42.44931466245616
3885,971.25,-1126.4116945788264,19.31967480698496,-1107.0920197718415,1.2305220042422529,42.45818874194259
3886,971.5,-1126.4578545764089,19.365839365158244,-1107.0920152112506,1.2366441390769292,42.467107836492296
3887,971.75,-1126.5062790215015,19.414259225915895,-1107.0920197955857,1.242132799058483,42.47607298347732
3888,972.0,-1126.5569225102663,19.46489557069851,-1107.0920269395679,1.246961525985123,42.48508486678792
3889,972.25,-1126.6096818372607,19.517650781908973,-1107.0920310553518,1.251108075610135,42.49414385474089
3890,972.5,-1126.664420902729,19.57238097644389,-1107.0920399262852,1.2545541037929901,42.503250032952295
3891,972.75,-1126.7209630534053,19.628908386180257,-1107.092054667225,1.2572849221352478,42.51240323268437
3892,973.0,-1126.7790980637074,19.687033289244667,-1107.0920647744626,1.2592892716771817,42.52160305623038
3893,973.25,-1126.8386403247714,19.746543818950414,-1107.092096505821,1.2605591591296865,42.5308488962455
3894,973.5,-1126.8993134573102,19.80722217348488,-1107.0920912838253,1.2610897272863217,42.5401399574981
3895,973.75,-1126.9609505310655,19.868841613412023,-1107.0921089176534,1.2608791740798724,42.54947527131461
3896,974.0,-1127.0232727006078,19.93116241879967,-1107.0921102818081,1.2599287163966364,42.55885370644765
3897,974.25,-1127.086049079895,19.993927361579523,-1107.0921217183154,1.258242599086308,42.56827398285151
3898,974.5,-1127.1490090116858,20.05686105297349,-1107.0921479587123,1.2558281546701928,42.577734678537944
3899,974.75,-1127.2118272483349,20.119665503064333,-1107.0921617452705,1.2526958949353815,42.58723423985199
3900,975.0,-1127.2741865068674,20.182002667362834,-1107.0921838395045,1.248859662759296,42.59677098648013
3901,975.25,-1127.3357120752335,20.243486019815563,-1107.092226055418,1.2443368165253492,42.606343120885114
3902,975.5,-1127.3959190323949,20.303672766070303,-1107.0922462663245,1.2391484546919502,42.615948736493735
3903,975.75,-1127.454331330955,20.362050381923233,-1107.0922809490319,1.2333196902509755,42.62558582555472
3904,976.0,-1127.5103552043438,20.418030589334574,-1107.0923246150091,1.2268799683409572,42.63525228908693
3905,976.25,-1127.5633227527142,20.470943263786705,-1107.0923794889275,1.2198633898746478,42.64494595331712
3906,976.5,-1127.6124551221728,20.52003092552349,-1107.0924241966493,1.2123090996561434,42.654664581202276
3907,976.75,-1127.6569729745388,20.564460226738326,-1107.0925127478006,1.2042616798086307,42.66440589333499
3908,977.0,-1127.69588676095,20.603332715771504,-1107.0925540451785,1.1957715320812454,42.67416758907764
3909,977.25,-1127.728310726583,20.63570355068168,-1107.0926071759013,1.1868953006754341,42.68394737396504
3910,977.5,-1127.7533239349723,20.660617626307626,-1107.0927063086647,1.177696269930986,42.693742989679805
3911,977.75,-1127.7699110731483,20.677154472247093,-1107.092756600901,1.1682447226151795,42.70355224981226
3912,978.0,-1127.777303442359,20.68449171553725,-1107.0928117268218,1.1586181538431453,42.71337308461889
3913,978.25,-1127.774820536375,20.681982081598765,-1107.0928384547763,1.148901282633553,42.72320359047121
3914,978.5,-1127.7620962709188,20.669242402388313,-1107.0928538685305,1.1391858277170246,42.73304208315724
3915,978.75,-1127.7391057088971,20.646247586698088,-1107.092858122199,1.1295700274688336,42.742887156597206
3916,979.0,-1127.7062269896269,20.613419631444913,-1107.092807358182,1.1201578693846752,42.75273774236502
3917,979.25,-1127.6644341424108,20.57171105249864,-1107.0927230899122,1.1110580215511865,42.762593168238205
3918,979.5,-1127.615285038948,20.522669393300994,-1107.0926156456471,1.102382352417526,42.772453208462004
3919,979.75,-1127.5608999952674,20.468458854819968,-1107.0924411404474,1.0942440458158667,42.78231812657324
3920,980.0,-1127.5040541887283,20.411824000348318,-1107.09223018838,1.0867553427235819,42.792188701373945
3921,980.25,-1127.4480194970965,20.355993144439687,-1107.0920263526568,1.0800249576019054,42.802066233718826
3922,980.5,-1127.3963052406907,20.304514378308944,-1107.0917908623817,1.0741552359624602,42.811952520098856
3923,980.75,-1127.3525911346078,20.261036281779674,-1107.091554852828,1.0692392477741852,42.821849806384286
3924,981.0,-1127.3204125612974,20.22904350772006,-1107.0913690535774,1.065357790522102,42.831760707279656
3925,981.25,-1127.302797473967,20.21156161366081,-1107.0912358603064,1.0625765486119492,42.84168809030635
3926,981.5,-1127.3020283803344,20.2108713332125,-1107.091157047122,1.0609436498004976,42.85163494195133
3927,981.75,-1127.319420337677,20.228276825922862,-1107.0911435117541,1.0604878177387789,42.861604214003634
3928,982.0,-1127.355161473155,20.263959874453857,-1107.0912015987012,1.0612172097863148,42.871598654426755
3929,982.25,-1127.408274129033,20.316940415683348,-1107.0913337133497,1.063119115364025,42.88162065423499
3930,982.5,-1127.476678095758,20.385151965102004,-1107.091526130656,1.0661604717037678,42.891672102522264
3931,982.75,-1127.5573633387685,20.465619064252206,-1107.0917442745163,1.0702892127920294,42.901754261610634
3932,983.0,-1127.6467204838991,20.554713873033194,-1107.0920066108658,1.0754363007523715,42.911867687863186
3933,983.25,-1127.7407268434763,20.648454339118896,-1107.0922725043574,1.0815182683409903,42.92201218501555
3934,983.5,-1127.8353098034859,20.74280134344767,-1107.0925084600383,1.0884401265981687,42.932186789779905
3935,983.75,-1127.926640175283,20.833921190679266,-1107.0927189846036,1.096098391890621,42.942389800140454
3936,984.0,-1128.011266604066,20.91839515857003,-1107.0928714454958,1.104383968534575,42.95261882743995
3937,984.25,-1128.086384177208,20.993371665682222,-1107.0930125115258,1.1131849322628853,42.96287086894392
3938,984.5,-1128.1497336402535,21.05665122521276,-1107.0930824150407,1.1223890442417757,42.973142396797996
3939,984.75,-1128.1998325362802,21.106704079473158,-1107.093128456807,1.131885924042885,42.98342945999128
3940,985.0,-1128.2357728555799,21.142638971929983,-1107.09313388365,1.1415688151501557,42.993727783299825
3941,985.25,-1128.257259964943,21.164139343160056,-1107.0931206217829,1.1513359751427754,43.00403286442252
3942,985.5,-1128.2644440606236,21.171380530910557,-1107.0930635297132,1.1610916887077598,43.01434006658792
3943,985.75,-1128.2579334154725,21.164938408915155,-1107.0929950065574,1.1707469728037956,43.0246447109074
3944,986.0,-1128.238615758717,21.145690987446233,-1107.0929247712709,1.180220011303951,43.03494215975128
3945,986.25,-1128.2075527384877,21.114727400380495,-1107.0928253381073,1.1894362898766229,43.0452278718769
3946,986.5,-1128.1660119146109,21.07327006310759,-1107.0927418515032,1.1983285501451408,43.05549746277349
3947,986.75,-1128.1152618452907,21.022607223389148,-1107.0926546219016,1.2068365376836165,43.06574673861161
3948,987.0,-1128.0566154196858,20.964046963356726,-1107.0925684563292,1.2149065728105588,43.07597170417686
3949,987.25,-1127.9913762882352,20.898892473114227,-1107.0924838151209,1.2224911038289947,43.08616856712427
3950,987.5,-1127.9208281859756,20.828427621163883,-1107.0924005648117,1.2295482827862196,43.09633374605871
3951,987.75,-1127.8462363258004,20.75390266783532,-1107.0923336579651,1.2360415977300425,43.106463885063334
3952,988.0,-1127.7687718048692,20.676521210414585,-1107.0922505944545,1.2419394552834508,43.11655585112504
3953,988.25,-1127.689639262855,20.597440264860605,-1107.0921989979945,1.2472147651850045,43.12660671674449
3954,988.5,-1127.6098935380578,20.517771461407918,-1107.09212207665,1.2518445920698358,43.136613756013084
3955,988.75,-1127.5306244269013,20.43858348611423,-1107.092040940787,1.2558098259773154,43.14657443623755
3956,989.0,-1127.4529046937823,20.360904258652727,-1107.0920004351296,1.2590948904477592,43.15648640895376
3957,989.25,-1127.3776563555002,20.285717342701272,-1107.091939012799,1.2616874973826353,43.16634750249539
3958,989.5,-1127.3058500215411,20.213963211231704,-1107.0918868103095,1.263578438128545,43.17615571389954
3959,989.75,-1127.2383584454656,20.146535611729888,-1107.0918228337357,1.2647614338014879,43.185909211807925
3960,990.0,-1127.1760488077998,20.084273335705564,-1107.0917754720942,1.2652330351252774,43.19560634334079
3961,990.25,-1127.1196937337518,20.027951415612026,-1107.0917423181397,1.264992539171019,43.20524563820546
3962,990.5,-1127.0699729546905,19.978273210830437,-1107.09169974386,1.2640419711775654,43.21482582327638
3963,990.75,-1127.0275231823325,19.935860049404532,-1107.091663132928,1.262386094244537,43.22434583673871
3964,991.0,-1126.9928697049618,19.9012357533835,-1107.0916339515784,1.26003244486726,43.233804842108334
3965,991.25,-1126.9664368778467,19.8748121107694,-1107.0916247670773,1.2569914186623723,43.24320224870737
3966,991.5,-1126.9484793394804,19.856870474860752,-1107.0916088646197,1.2532763790761736,43.25253773459088
3967,991.75,-1126.9391460120678,19.847544836062923,-1107.0916011760048,1.2489038145454732,43.26181127479938
3968,992.0,-1126.938425168395,19.8468059061535,-1107.0916192622415,1.2438935273528169,43.27102317505897
3969,992.25,-1126.9460948482156,19.854445576666834,-1107.0916492715487,1.2382688742092256,43.280174114781985
3970,992.5,-1126.9617634043097,19.870068666242723,-1107.091694738067,1.23205703206887,43.28926519384856
3971,992.75,-1126.9848254695535,19.89308414515679,-1107.0917413243967,1.22528932028459,43.29829798847139
3972,993.0,-1127.0145105347037,19.922700378620206,-1107.0918101560835,1.2180015430503812,43.30727461268427
3973,993.25,-1127.0498366877437,19.957930924203897,-1107.0919057635397,1.210234364947388,43.31619778875331
3974,993.5,-1127.089577563107,19.997605700175573,-1107.0919718629314,1.2020336835641519,43.325070919189095
3975,993.75,-1127.132477812469,20.040390278068024,-1107.092087534401,1.1934509779502163,43.333898159121574
3976,994.0,-1127.1770076230168,20.084815414895317,-1107.0921922081216,1.1845436845976252,43.34268449921496
3977,994.25,-1127.2216088622808,20.12932163018531,-1107.0922872320955,1.1753755685651377,43.351435852054024
3978,994.5,-1127.2647281438112,20.17232088814898,-1107.0924072556622,1.1660169539935847,43.36015912877968
3979,994.75,-1127.3047865703702,20.2122687517338,-1107.0925178186365,1.1565448027472458,43.36886230126818
3980,995.0,-1127.3403406217694,20.24774962415237,-1107.092590997617,1.1470426248886074,43.3775544483255
3981,995.25,-1127.3702472820878,20.277571385276676,-1107.0926758968112,1.137600156711351,43.38624577249695
3982,995.5,-1127.3935707360506,20.30085992617606,-1107.0927108098745,1.1283127659556744,43.394947580855984
3983,995.75,-1127.4098668023944,20.317152692848367,-1107.092714109546,1.119280617644075,43.40367222863166
3984,996.0,-1127.4191826060414,20.32648209364403,-1107.0927005123974,1.1106075054384807,43.41243301284926
3985,996.25,-1127.422076381743,20.329434336618355,-1107.0926420451246,1.102399320606864,43.421244009651964
3986,996.5,-1127.419707417488,20.32715952392751,-1107.0925478935605,1.0947621367595513,43.43011984733323
3987,996.75,-1127.4137336984277,20.32133261270181,-1107.092401085726,1.0878000591154258,43.43907542161858
3988,997.0,-1127.4063137620687,20.31406345334701,-1107.0922503087218,1.0816127668591704,43.448125549473076
3989,997.25,-1127.3998509719968,20.307739631094872,-1107.092111340902,1.076292856828431,43.45728456728374
3990,997.5,-1127.3967905417085,20.304828818636143,-1107.0919617230722,1.0719232091253996,43.466565902826076
3991,997.75,-1127.3994798138738,20.307649083908114,-1107.0918307299657,1.0685743082828638,43.47598160963461
3992,998.0,-1127.4099015146494,20.318121188492338,-1107.091780326157,1.0663018263494728,43.48554191152022
3993,998.25,-1127.42927839607,20.337541131491626,-1107.0917372645783,1.0651445831756283,43.495254777041566
3994,998.5,-1127.4581543803215,20.366408375088092,-1107.0917460052335,1.0651231112938913,43.50512555986967
3995,998.75,-1127.4961501285434,20.404333396031106,-1107.0918167325124,1.066238851096297,43.51515673163208
3996,999.0,-1127.5420083329082,20.450037701692054,-1107.091970631216,1.0684741169923115,43.525347722242586
3997,999.25,-1127.593566533178,20.501446731457282,-1107.0921198017209,1.0717928161344161,43.535694891706896
3998,999.5,-1127.6481989398599,20.555862518442094,-1107.0923364214177,1.076141907869653,43.54619163087901
3999,999.75,-1127.7027257308364,20.610192873927726,-1107.0925328569087,1.0814533530158181,43.55682856909551
4000,1000.0,-1127.7539249658585,20.661202391517723,-1107.0927225743408,1.087646626937395,43.56759389548023
