step,time_fs,temperature_K,potential_eV,kinetic_eV,total_eV,max_force_eV_A
0,0.0,300.0000000000001,-42.76703542465198,0.3102238921398197,-42.45681153251216,1.2564353210468412e-06
1,0.5,299.78898207288444,-42.766810344566196,0.3100056827976161,-42.45680466176858,0.042126778724054514
2,1.0,299.1566468726662,-42.76615956778815,0.3093517978411204,-42.456807769947034,0.0842979670580775
3,1.5,298.1052228061152,-42.76507056418145,0.3082645416204039,-42.45680602256105,0.1264901873560948
4,2.0,296.63849853082667,-42.763551904412694,0.3067478319091507,-42.456804072503544,0.1686815223351514
5,2.5,294.76182977271765,-42.76161490732397,0.3048072069544914,-42.456807700369474,0.2108383359899304
6,3.0,292.4821366357546,-42.75925587657286,0.3024498226950477,-42.45680605387781,0.252932832535078
7,3.5,289.8078823651492,-42.75649347258495,0.2996844308003853,-42.45680904178457,0.2949356187866075
8,4.0,286.74906545276383,-42.75332800398742,0.29652137050737426,-42.45680663348005,0.336807002878871
9,4.5,283.3172008852161,-42.7497770031502,0.29297254922923627,-42.45680445392097,0.37851547456000956
10,5.0,279.52530352792667,-42.745858009065444,0.28905142537332623,-42.45680658369212,0.42001343662295765
11,5.5,275.3878972767078,-42.74157327265214,0.28477301780460373,-42.456800254847536,0.46125629172465693
12,6.0,270.9210800583512,-42.73695497023514,0.2801539730614179,-42.45680099717372,0.5021773940111938
13,6.5,266.14248965836515,-42.73201492062522,0.27521253001866575,-42.456802390606555,0.5427160746512419
14,7.0,261.0711803648673,-42.72676803887453,0.26996839232775327,-42.45679964654678,0.5828066899006573
15,7.5,255.7275398839517,-42.7212379683721,0.2644426425004682,-42.45679532587163,0.6223901960771703
16,8.0,250.13317808870252,-42.71545675074814,0.2586576268665998,-42.45679912388154,0.6614087226047249
17,8.5,244.31081507906316,-42.70943318512491,0.25263683981892904,-42.45679634530598,0.6997948073203936
18,9.0,238.28417044484314,-42.70319744365162,0.24640480930235806,-42.45679263434926,0.7374849390388641
19,9.5,232.07789847530708,-42.696776629414444,0.23998702981546557,-42.45678959959898,0.7744111257748014
20,10.0,225.71748014632996,-42.690201299087974,0.23340985071662315,-42.45679144837135,0.8105051776525806
21,10.5,219.22907868951052,-42.683488747019375,0.2267003268709558,-42.45678842014842,0.845695121486382
22,11.0,212.6394424359245,-42.67667355113831,0.21988611818304543,-42.45678743295526,0.8799118675752179
23,11.5,205.97576981160586,-42.66978003581433,0.21299534999150643,-42.45678468582282,0.9130676705235368
24,12.0,199.2655446196351,-42.66284234109024,0.20605644273754697,-42.45678589835269,0.9450946405626491
25,12.5,192.53638561446476,-42.655879278363734,0.19909795641284145,-42.45678132195089,0.9759095810208426
26,13.0,185.81589495462052,-42.6489277290659,0.19214843384755417,-42.45677929521835,1.0054382220178097
27,13.5,179.1315125252872,-42.64201544466426,0.18523625006829147,-42.45677919459597,1.033600661002238
28,14.0,172.51035762588904,-42.63516649561634,0.1783894485904517,-42.45677704702589,1.0603197917010911
29,14.5,165.97905996030514,-42.62841080687181,0.17163556664864785,-42.456775240223166,1.085519513151157
30,15.0,159.56360980635284,-42.62177353233727,0.1650014802600209,-42.45677205207725,1.109129151478033
31,15.5,153.28918394006814,-42.61528206406365,0.15851322421608224,-42.45676883984757,1.1310784682303636
32,16.0,147.17999666029417,-42.60896623162038,0.1521958380302737,-42.456770393590105,1.15130100057419
33,16.5,141.2591569130168,-42.60284078989072,0.14607321819315192,-42.45676757169757,1.1697324030946261
34,17.0,135.54851800599468,-42.59693416827709,0.14016796276534696,-42.45676620551174,1.1863343950224883
35,17.5,130.06854643308995,-42.59126580967611,0.13450123573147338,-42.45676457394464,1.2010551347343248
36,18.0,124.83818799117918,-42.585858254565366,0.12909262855435366,-42.45676562601101,1.2138484484876966
37,18.5,119.8747448245981,-42.5807217491448,0.12396003302918174,-42.456761716115615,1.2246807883125632
38,19.0,115.19377179566031,-42.57588147636373,0.1191195341223864,-42.45676194224135,1.2335196028448001
39,19.5,110.80899226024565,-42.571346277682146,0.11458532287688185,-42.45676095480526,1.2403414706304678
40,20.0,106.73221680426548,-42.56712860382001,0.11036961237910099,-42.45675899144091,1.2451307735063502
41,20.5,102.97328168065023,-42.56324283910455,0.10648257409793767,-42.45676026500661,1.2478841609896503
42,21.0,99.54001382312298,-42.55969103806634,0.10293230170620218,-42.456758736360136,1.2485969925191447
43,21.5,96.43821405440265,-42.55648306033287,0.09972479371656615,-42.456758266616305,1.2472771061291672
44,22.0,93.67164561656992,-42.553620501634065,0.09686394162104732,-42.45675656001302,1.2439434313838602
45,22.5,91.24204544300845,-42.55110999437982,0.09435154154709458,-42.45675845283273,1.238617105583645
46,23.0,89.1491665477809,-42.54894589031711,0.09218733809157865,-42.45675855222553,1.2313327560123153
47,23.5,87.39083313681023,-42.5471302646211,0.09036908131014264,-42.45676118331096,1.222125303022029
48,24.0,85.96299675465966,-42.54565400665531,0.08889258477744401,-42.456761421877864,1.2110449232784857
49,24.5,84.85981396409656,-42.544513155722655,0.08775180591401016,-42.456761349808644,1.1981363221498336
50,25.0,84.07374005480493,-42.543700781231166,0.08693894288851012,-42.45676183834266,1.183469761388924
51,25.5,83.59562876988664,-42.543208356007916,0.08644453774289905,-42.45676381826502,1.1671042860993703
52,26.0,83.41485305378173,-42.54302279652585,0.08625760125538429,-42.456765195270464,1.14911519143326
53,26.5,83.51942670645214,-42.5431290799399,0.08636573874053993,-42.45676334119936,1.1295765738405508
54,27.0,83.89612505364157,-42.5435212406081,0.08675527483196574,-42.456765965776135,1.1085654676005687
55,27.5,84.53061604276446,-42.54417247991546,0.0874113890458769,-42.456761090869584,1.086163177859632
56,28.0,85.40760748649058,-42.545085516539004,0.08831826804269702,-42.456767248496305,1.0624585483875442
57,28.5,86.51098721547282,-42.546230137854394,0.08945925055614051,-42.456770887298255,1.0375381616146722
58,29.0,87.82394573877205,-42.547585694861766,0.09081695423386064,-42.45676874062791,1.011489437272251
59,29.5,89.3291326145843,-42.549142468870016,0.09237343733723481,-42.45676903153278,0.9844101544559459
60,30.0,91.00881323839478,-42.55088341084608,0.09411036087280257,-42.45677304997328,0.963422909328018
61,30.5,92.84499452955131,-42.55278251688635,0.09600911856219223,-42.45677339832416,0.9521888966942235
62,31.0,94.8195341673877,-42.55482414637114,0.09805094980097208,-42.45677319657017,0.9402605728569925
63,31.5,96.91425862064833,-42.556992295359656,0.1002170617104753,-42.45677523364918,0.9276627233784495
64,32.0,99.11108273980545,-42.55926505766502,0.10248875280578049,-42.45677630485924,0.9144289930874719
65,32.5,101.39209812566213,-42.56162770786136,0.10484750437588472,-42.45678020348548,0.9005786248644544
66,33.0,103.73967806420217,-42.56405658122501,0.10727508899469555,-42.45678149223031,0.8861482197034741
67,33.5,106.13657091639244,-42.566533163452135,0.10975366709352416,-42.456779496358614,0.8711611223262956
68,34.0,108.56597250092366,-42.5690436207375,0.11226586181060388,-42.4567777589269,0.8556495386574114
69,34.5,111.01160174737292,-42.57157454981047,0.11479483722248543,-42.45677971258799,0.8396492621213225
70,35.0,113.45774543796873,-42.57410860583421,0.11732434461058508,-42.456784261223625,0.8231867061754932
71,35.5,115.88931445565369,-42.576620797986465,0.11983878062616117,-42.456782017360304,0.8063034518034327
72,36.0,118.2918669261223,-42.57910855722432,0.1223232112210242,-42.4567853460033,0.7890260189486549
73,36.5,120.65163907625092,-42.5815464842498,0.12476340355761104,-42.45678308069219,0.7713964836778809
74,37.0,122.95559957085193,-42.583929381283134,0.12714588219751607,-42.45678349908562,0.7534547449300578
75,37.5,125.19145370295603,-42.586240855319865,0.12945793343457684,-42.456782921885285,0.7352393756557462
76,38.0,127.34768372106161,-42.58847371788991,0.1316876469964616,-42.45678607089345,0.7167940673751328
77,38.5,129.41355091963874,-42.590611401287866,0.13382391820641687,-42.45678748308145,0.6981654051128566
78,39.0,131.37906169978996,-42.59264566152224,0.13585641288728784,-42.456789248634955,0.6794010058958511
79,39.5,133.2349832235183,-42.59456351480217,0.13777558354927805,-42.45678793125289,0.660560988085543
80,40.0,134.97282609535995,-42.59636049740045,0.1395726514813786,-42.45678784591907,0.6416952115734293
81,40.5,136.5848438465422,-42.598027371281326,0.14123960621794607,-42.45678776506338,0.6228748270225498
82,41.0,138.06406054059423,-42.599559595467255,0.14276923408510275,-42.456790361382154,0.604163123170795
83,41.5,139.40424536794657,-42.60094142374338,0.14415509192952936,-42.45678633181385,0.5856512215285201
84,42.0,140.5999091644543,-42.60218252236717,0.14539150351834035,-42.45679101884883,0.5674369317243916
85,42.5,141.64626715526992,-42.60325995761792,0.1464735210132818,-42.45678643660464,0.5496067999492575
86,43.0,142.5391976435414,-42.604185899788995,0.14739688225155473,-42.45678901753744,0.5322705568339938
87,43.5,143.27522649660912,-42.604945894073175,0.14815799470330765,-42.456787899369864,0.5160383954403418
88,44.0,143.85151965152798,-42.60554308719976,0.1487539277217492,-42.456789159478014,0.5222862967260702
89,44.5,144.26585280079394,-42.605974616794086,0.14918238119577532,-42.45679223559831,0.5286190513287496
90,45.0,144.51658132698756,-42.60623440952307,0.1494416544599962,-42.45679275506307,0.5349460158513847
91,45.5,144.60264313399682,-42.60632106872187,0.1495306492224462,-42.45679041949942,0.5411808441104943
92,46.0,144.52352634406694,-42.60624104297466,0.14944883616076068,-42.4567922068139,0.5472567974666681
93,46.5,144.2792627370567,-42.6059861100762,0.1491962481378446,-42.456789861938354,0.5531085122227538
94,47.0,143.87040728138496,-42.60556578200334,0.14877345903524095,-42.4567923229681,0.5586739757338446
95,47.5,143.29801721684728,-42.6049711995517,0.1481815621230975,-42.4567896374286,0.5639100461211471
96,48.0,142.5636489567231,-42.60421133306981,0.1474221668566986,-42.45678916621311,0.5687718953814691
97,48.5,141.66934113897182,-42.60328777490997,0.14649738135005236,-42.45679039355992,0.5732232520497691
98,49.0,140.6176124504965,-42.60219711009402,0.14540981012600593,-42.45678729996801,0.577231278885201
99,49.5,139.41145789290994,-42.60095145422437,0.14416255025475033,-42.456788903969624,0.5807728431118929
100,50.0,138.05432625497468,-42.59954539491271,0.14275916805852912,-42.45678622685418,0.5838219436829238
101,50.5,136.5501158719209,-42.59798739422594,0.14120369472643554,-42.4567836994995,0.5863678220883897
102,51.0,134.9031806179295,-42.59628956089431,0.13950063251111722,-42.4567889283832,0.5883922359826872
103,51.5,133.1183368314408,-42.59444250235699,0.1376549618900969,-42.45678754046689,0.5898879030675521
104,52.0,131.20083633745247,-42.592457271027186,0.13567211366867996,-42.4567851573585,0.59085133766459
105,52.5,129.1563966441717,-42.59034420927247,0.1335580002056976,-42.45678620906678,0.5912734335478409
106,53.0,126.99119867599944,-42.58810374456682,0.1313190130692322,-42.45678473149759,0.6041884326569159
107,53.5,124.71184867741827,-42.5857494081921,0.12896198364220304,-42.456787424549894,0.6278423109157557
108,54.0,122.32540378004212,-42.583281713727644,0.12649420956073223,-42.45678750416691,0.651403101822425
109,54.5,119.83935389210828,-42.58071024268962,0.1239234359864369,-42.456786806703185,0.674853615061649
110,55.0,117.26161869264598,-42.57804121312882,0.1212578524981602,-42.45678336063066,0.6981612378047516
111,55.5,114.60055870511731,-42.57528874160345,0.11850610454299793,-42.456782637060456,0.7213114063568065
112,56.0,111.86496485536547,-42.57246358322497,0.11567728263838536,-42.456786300586586,0.7442763087217175
113,56.5,109.06404803250705,-42.56956137443048,0.11278091157722857,-42.45678046285325,0.7670346558475627
114,57.0,106.20744104637804,-42.56661168913324,0.10982695245205944,-42.45678473668118,0.789563614506111
115,57.5,103.30518919291109,-42.56360540073328,0.10682579289888436,-42.4567796078344,0.8118381486604592
116,58.0,100.3677318792174,-42.56056828534349,0.10378822809605558,-42.456780057247435,0.8338303413593793
117,58.5,97.40588784116493,-42.557506410674954,0.10072544547806972,-42.456780965196884,0.85551564489837
118,59.0,94.43082738594373,-42.554425357962984,0.09764899603216978,-42.456776361930814,0.8768668187816179
119,59.5,91.4540577571315,-42.5513504650821,0.09457077916465732,-42.456779685917446,0.8978502891020407
120,60.0,88.48741179735771,-42.54828420745549,0.09150303097718433,-42.4567811764783,0.9184282432929155
121,60.5,85.5430108032065,-42.5452372927497,0.08845828585576453,-42.45677900689393,0.9385634880888449
122,61.0,82.63321207647179,-42.54222801151624,0.08544932223459409,-42.45677868928164,0.9582252476261333
123,61.5,79.77056514084026,-42.53926521511241,0.08248911732061495,-42.456776097791796,0.9773773537378845
124,62.0,76.96777822208804,-42.53636685744128,0.07959081243136866,-42.45677604500991,0.9959739734814246
125,62.5,74.2376741880582,-42.53354534102506,0.07676766743342413,-42.45677767359164,1.0139850091289058
126,63.0,71.59312758016527,-42.53080886092634,0.07403299562793846,-42.456775865298404,1.0313598234968844
127,63.5,69.04701583904767,-42.5281727226581,0.07140011331409714,-42.456772609344,1.048061327527697
128,64.0,66.61216085805287,-42.52565256137595,0.06888227935076303,-42.45677028202519,1.0640467798364341
129,64.5,64.30125919479569,-42.52326594233989,0.06649262298966961,-42.45677331935022,1.0792726694221597
130,65.0,62.12680651023953,-42.52101861467334,0.06424406573941331,-42.45677454893392,1.0936964957653679
131,65.5,60.10102338050925,-42.51892143978056,0.062149244648959594,-42.456772195131606,1.1072753951507055
132,66.0,58.235809175921865,-42.51699088914643,0.06022046461488768,-42.45677042453154,1.1199654627107196
133,66.5,56.54266594543917,-42.51523754658121,0.058469619671852574,-42.45676792690936,1.1317279895040877
134,67.0,55.03261466858474,-42.513676371204724,0.05690810639039763,-42.45676826481433,1.1425226915310005
135,67.5,53.716123673254586,-42.5123133685411,0.055546749855269806,-42.45676661868583,1.1523107444772207
136,68.0,52.603043842723544,-42.51116762936135,0.05439573666430424,-42.45677189269705,1.161055235606404
137,68.5,51.702526882104344,-42.51023040824273,0.05346453040943354,-42.45676587783329,1.168724701703378
138,69.0,51.02296865651533,-42.50952793050577,0.052761813083840696,-42.45676611742193,1.1752849765506903
139,69.5,50.571947526064335,-42.50906264897534,0.05229542131542134,-42.45676722765992,1.1807077827199701
140,70.0,50.35614670963571,-42.508840994698275,0.052072266084756534,-42.45676872861352,1.1849735399456
141,70.5,50.3813168242608,-42.50886617749008,0.05209829398783854,-42.45676788350224,1.1880565233729805
142,71.0,50.652235612905656,-42.5091435889788,0.052378445591395914,-42.45676514338741,1.1899390692464655
143,71.5,51.172649660584035,-42.50967985115753,0.05291659516271267,-42.456763255994815,1.1906067485794345
144,72.0,51.945241028462,-42.51047654466542,0.05371551616663509,-42.45676102849879,1.190052849984077
145,72.5,52.97160891442549,-42.51154018655088,0.05477686230113814,-42.45676332424974,1.1882686518536008
146,73.0,54.25223686941941,-42.512864575333154,0.056101133596409045,-42.45676344173675,1.1852551665540818
147,73.5,55.78648187146014,-42.514454304827794,0.05768766511650618,-42.45676663971129,1.1810173658467424
148,74.0,57.572569921000664,-42.516300004256564,0.05953462240461578,-42.45676538185195,1.1755594370210534
149,74.5,59.60760881852616,-42.51840014280644,0.0616390146961034,-42.45676112811034,1.1688928924270094
150,75.0,61.88760052991428,-42.52076086253298,0.06399670770528124,-42.4567641548277,1.16103597092629
151,75.5,64.40745090166766,-42.52336622815957,0.06660243367173226,-42.456763794487834,1.1520095789272808
152,76.0,67.16100176148385,-42.526214636520166,0.069449824554856,-42.45676481196531,1.1418372154073386
153,76.5,70.14106191155275,-42.52930109911223,0.0725314440834065,-42.45676965502882,1.1305410671286211
154,77.0,73.33944544621879,-42.53260650631322,0.07583882737900655,-42.45676767893421,1.1181597957143317
155,77.5,76.74702838279516,-42.53612635772756,0.07936253951691974,-42.45676381821064,1.104722860181957
156,78.0,80.35379754834165,-42.5398600119091,0.08309222607887214,-42.45676778583022,1.0902676828116908
157,78.5,84.14890581665243,-42.54378771434848,0.08701667027249675,-42.456771044075985,1.0748377650895917
158,79.0,88.12073601081204,-42.547887894126404,0.09112385901166557,-42.45676403511474,1.058471959592872
159,79.5,92.25697791241863,-42.55216933232085,0.0954010625501596,-42.45676826977069,1.0412224591429324
160,80.0,96.54469110299762,-42.55660567401134,0.09983489946469512,-42.45677077454664,1.0231242277261945
161,80.5,100.9703574766272,-42.56118334104126,0.10441139095716076,-42.4567719500841,1.0042326264678993
162,81.0,105.51996960251543,-42.565893304724426,0.1091160522285593,-42.45677725249587,0.984594077675765
163,81.5,110.17911508420256,-42.57071475518676,0.11393397971314143,-42.456780775473625,0.9642646911201466
164,82.0,114.93304043971598,-42.57562475240494,0.11884991713557326,-42.45677483526937,0.9432914781339135
165,82.5,119.76672508422877,-42.580625347317714,0.12384833201489738,-42.45677701530282,0.9217382474652246
166,83.0,124.66496826223678,-42.58569328484462,0.12891350555932726,-42.4567797792853,0.8996622301702487
167,83.5,129.61244767800787,-42.590804646553146,0.1340295932948011,-42.45677505325835,0.8771160114211309
168,84.0,134.59379493053143,-42.59595979627116,0.13918070307072727,-42.45677909320043,0.854162108565829
169,84.5,139.59365960317697,-42.601133634572655,0.14435096133379557,-42.45678267323886,0.8308507887241454
170,85.0,144.59676206658045,-42.60630753609183,0.1495245677303667,-42.456782968361466,0.8072449364031056
171,85.5,149.58796446605479,-42.61146821054788,0.1546858685131085,-42.45678234203478,0.7833996891581396
172,86.0,154.55234201814355,-42.616601836810396,0.15981943026731027,-42.456782406543084,0.7593818203518038
173,86.5,159.47526609225966,-42.6216947293745,0.16491012582391398,-42.45678460355058,0.7352503591233728
174,87.0,164.3424375452356,-42.62672736331642,0.16994316873009405,-42.45678419458633,0.7110718433230346
175,87.5,169.13991632878356,-42.6316903562183,0.1749041438657289,-42.45678621235257,0.6869162950852944
176,88.0,173.8541746934918,-42.63656332500137,0.17977906246057054,-42.4567842625408,0.6628514385186627
177,88.5,178.4721377776499,-42.64133942415063,0.1845544040663223,-42.456785020084304,0.6389548804879004
178,89.0,182.98121709084927,-42.64600440881727,0.18921715118134846,-42.45678725763592,0.6153071122564224
179,89.5,187.36935445907713,-42.65054348819557,0.19375483469340124,-42.456788653502166,0.5920055532225081
180,90.0,191.62506247109428,-42.654943570540745,0.19815557570439649,-42.45678799483635,0.569147784135851
181,90.5,195.73745928525244,-42.65919956100757,0.20240812152343496,-42.456791439484135,0.5468517755383044
182,91.0,199.696286377083,-42.66329243963243,0.20650186401922244,-42.456790575613205,0.5307805941073394
183,91.5,203.49195375653133,-42.667218763970304,0.21042688637829113,-42.45679187759201,0.5331328839549694
184,92.0,207.11556602808116,-42.67096571870293,0.2141739900532438,-42.456791728649684,0.5353321080880319
185,92.5,210.5589343932999,-42.674527576185326,0.2177347071743414,-42.45679286901098,0.5373756313449274
186,93.0,213.81460592847213,-42.67789141208844,0.22110133082490793,-42.456790081263534,0.5392683615592067
187,93.5,216.87589496304898,-42.68105817387716,0.22426694748914586,-42.45679122638801,0.5410040327738576
188,94.0,219.73690400420924,-42.68401921280045,0.22722545868979901,-42.45679375411065,0.5425824984509092
189,94.5,222.39252846059628,-42.686766004531876,0.2299715858728726,-42.456794418659,0.5440046941216725
190,95.0,224.83848940527292,-42.689295769930276,0.23250090428713788,-42.45679486564314,0.5452679104958639
191,95.5,227.07135508503103,-42.69160611083261,0.23480986522647115,-42.456796245606135,0.5463661396145376
192,96.0,229.0885583975098,-42.69369064376887,0.23689581410258614,-42.45679482966628,0.5472989562378981
193,96.5,230.8883830786211,-42.695555828523354,0.2387569761617317,-42.45679885236162,0.5480653474634224
194,97.0,232.4699852970081,-42.69718858816671,0.24039247881508163,-42.45679610935163,0.5486571667448827
195,97.5,233.83337866204107,-42.69859798337827,0.24180233613580876,-42.456795647242465,0.5490691816820201
196,98.0,234.9794192102584,-42.69978408349072,0.24298743333386888,-42.45679665015685,0.5668097131263007
197,98.5,235.90988205158237,-42.7007453036319,0.2439496060142922,-42.45679569761761,0.584803860774215
198,99.0,236.6275195954872,-42.701487378882476,0.24469170038767826,-42.4567956784948,0.6026786676087627
199,99.5,237.13605419137426,-42.70201156148386,0.2452175656597577,-42.4567939958241,0.6203911688467261
200,100.0,237.44006237805172,-42.70232416998098,0.24553193433613588,-42.45679223564485,0.6379015406204912
201,100.5,237.54492881407353,-42.7024345260146,0.24564037458259425,-42.45679415143201,0.6551542280014022
202,101.0,237.45683057432137,-42.702343985839555,0.24554927398650567,-42.45679471185305,0.6721000336321009
203,101.5,237.18265793267003,-42.70205720135955,0.24526575763980119,-42.45679144371975,0.6886907052893215
204,102.0,236.7300137497622,-42.7015889847202,0.24479768750588082,-42.45679129721432,0.7048696388660134
205,102.5,236.10715828073003,-42.70094458709116,0.2441536053464017,-42.45679098174475,0.7205840054005751
206,103.0,235.32296792891668,-42.70013359432156,0.24334269006934162,-42.456790904252216,0.7357697910959359
207,103.5,234.3868815166477,-42.699165031174715,0.24237470216869733,-42.45679032900602,0.7503740565027839
208,104.0,233.30887982184095,-42.698049174913045,0.24125996256370974,-42.456789212349335,0.76433788175477
209,104.5,232.09950372563213,-42.696798331878554,0.24000937136495387,-42.4567889605136,0.7775907963498917
210,105.0,230.76972523183272,-42.69542579006695,0.23863427449818628,-42.45679151556876,0.7900813289803529
211,105.5,229.33090160603902,-42.693933818721376,0.23714641628053146,-42.456787402440845,0.8017539548052237
212,106.0,227.79471291131162,-42.69234399215386,0.2355578748273997,-42.45678611732646,0.8125551568739569
213,106.5,226.17316923960735,-42.69066706591989,0.23388106953036372,-42.45678599638953,0.8224173149295095
214,107.0,224.47873231951343,-42.68891570173105,0.23212888680924057,-42.456786814921806,0.8312816034197146
215,107.5,222.72404508064278,-42.687099215966185,0.23031440046013885,-42.45678481550605,0.8390817442878146
216,108.0,220.92161210944926,-42.68523222375209,0.22845054122132286,-42.45678168253077,0.845767256384129
217,108.5,219.0837191496953,-42.68333415468477,0.22655001353028537,-42.456784141154486,0.8623005832986035
218,109.0,217.2223369477297,-42.68140682859417,0.22462519609210685,-42.456781632502064,0.8848966856231222
219,109.5,215.34902729960308,-42.67946907313258,0.22268804472469045,-42.45678102840789,0.9066133287603687
220,110.0,213.47494950884166,-42.67753186022384,0.22075009903661447,-42.45678176118722,0.9273704866535177
221,110.5,211.61087262392024,-42.67560184712348,0.2188224950816538,-42.45677935204183,0.9470924297724627
222,111.0,209.7669931290343,-42.673694787716315,0.2169157768365194,-42.45677901087979,0.9657095973143088
223,111.5,207.9527900936835,-42.67181863220723,0.2150397464139914,-42.456778885793234,0.9831521295403651
224,112.0,206.17696102057053,-42.66997783366495,0.21320339772453756,-42.45677443594042,0.9993634719102897
225,112.5,204.4473706257138,-42.66819496938615,0.21141486351087055,-42.45678010587528,1.0142911438516764
226,113.0,202.77102508870937,-42.6664605180153,0.2096813887206681,-42.45677912929463,1.0278831308214422
227,113.5,201.15398679035218,-42.66478352977454,0.20800924233848306,-42.456774287436055,1.0400990614496706
228,114.0,199.60132429325466,-42.66318110895544,0.2064036656617193,-42.456777443293724,1.050899050349504
229,114.5,198.11707022020903,-42.66164635768169,0.20486882874350398,-42.45677752893818,1.0602603578395764
230,115.0,196.70423088401847,-42.66018567654383,0.20340784035069975,-42.45677783619313,1.068150242793826
231,115.5,195.3648129364581,-42.65880135418027,0.20202277552105272,-42.45677857865922,1.0745589135297762
232,116.0,194.09980196379425,-42.65749204588293,0.20071465342925485,-42.45677739245368,1.079471896076178
233,116.5,192.90918704486577,-42.656258486434794,0.19948346278195578,-42.45677502365284,1.0828845797680164
234,117.0,191.7920393236435,-42.655104930038604,0.19832824306804675,-42.45677668697056,1.0847840334199805
235,117.5,190.74654679285848,-42.65402321553751,0.19724712052770263,-42.4567760950098,1.0851733055827963
236,118.0,189.77013803536767,-42.653014833959304,0.1962374361108086,-42.4567773978485,1.084068418661364
237,118.5,188.85953314934693,-42.652073160751485,0.19529579813766565,-42.45677736261382,1.0814884209739681
238,119.0,188.01069888023332,-42.651194568516786,0.19441803590184537,-42.45677653261494,1.0774551619196158
239,119.5,187.21890078444446,-42.65037959079483,0.1935992536116303,-42.4567803371832,1.0719995166031948
240,120.0,186.47877491470953,-42.64961008329036,0.19283390451835516,-42.45677617877201,1.0651553218652388
241,120.5,185.78441198339624,-42.648894660148855,0.19211587794798976,-42.456778782200864,1.0569516413483369
242,121.0,185.12944809604363,-42.6482228922606,0.19143859312683792,-42.45678429913376,1.0474446628197158
243,121.5,184.50716076857697,-42.64757386444725,0.1907950984709846,-42.45677876597627,1.0366685465908947
244,122.0,183.9105585543654,-42.64695936499538,0.19017816426781145,-42.45678120072757,1.0246734255555057
245,122.5,183.3325178361223,-42.646360620253205,0.18958042412971587,-42.45678019612349,1.0115158947667213
246,123.0,182.76589649056038,-42.645776938316075,0.1889944925324168,-42.45678244578366,0.9972454147875816
247,123.5,182.20358512570334,-42.64519593859893,0.18841301779841546,-42.456782920800514,0.9819145184939863
248,124.0,181.6385818524233,-42.644610791236914,0.1878287594167199,-42.4567820318202,0.9655849412655431
249,124.5,181.0640885447992,-42.64401728001906,0.1872346875837218,-42.45678259243533,0.9483166265900369
250,125.0,180.47357887479734,-42.64340248002144,0.18662405355647455,-42.45677842646497,0.9301634815118194
251,125.5,179.8608787910787,-42.64277268962093,0.18599047287418924,-42.45678221674674,0.9111864547739668
252,126.0,179.22026851698854,-42.64211000612194,0.18532803083227922,-42.45678197528966,0.8914454020761897
253,126.5,178.54657241842466,-42.64141084150053,0.18463137541289287,-42.45677946608764,0.871000158306411
254,127.0,177.8352912495772,-42.64067938922671,0.18389585403754083,-42.456783535189174,0.8499112176264235
255,127.5,177.0826866942756,-42.639898114938276,0.1831176009895814,-42.456780513948694,0.8282350445978042
256,128.0,176.28569932071676,-42.639078508404836,0.18229345257287569,-42.45678505583196,0.8060319973098975
257,128.5,175.44189746978293,-42.63820583118884,0.18142089425823743,-42.4567849369306,0.7833633625960492
258,129.0,174.54946908531494,-42.6372875743469,0.18049805223528506,-42.45678952211161,0.7700613130887952
259,129.5,173.60722259361734,-42.63631046863199,0.17952369432192,-42.45678677431007,0.7584611393081563
260,130.0,172.6146225892886,-42.63528200277284,0.17849726686631712,-42.456784735906524,0.7464722283903437
261,130.5,171.5717411414949,-42.63420233253139,0.1774188443937339,-42.45678348813765,0.7341097821946613
262,131.0,170.47923622405867,-42.63307703444329,0.17628910730150402,-42.45678792714178,0.7214080730672754
263,131.5,169.3383275225903,-42.631895108504544,0.17510931684168501,-42.45678579166286,0.7083855281947742
264,132.0,168.1507403402149,-42.63066752090722,0.17388125711511215,-42.456786263792104,0.6950778755263755
265,132.5,166.91867907640886,-42.629390957193564,0.17260720764640344,-42.456783749547164,0.694669543208467
266,133.0,165.6447574938288,-42.62807081491312,0.17128987127430706,-42.45678094363882,0.7143312211446576
267,133.5,164.33197578449548,-42.62671603136047,0.16993235043630925,-42.45678368092416,0.7335101574756364
268,134.0,162.98368671287614,-42.625318994428625,0.1685381121578848,-42.45678088227074,0.7521223950125319
269,134.5,161.60353464821372,-42.623892941888144,0.1671109250070702,-42.45678201688107,0.7700869772065001
270,135.0,160.19538645299625,-42.6224382579429,0.16565478762763677,-42.456783470315266,0.7873408746731969
271,135.5,158.76321848155013,-42.62095584295537,0.16417381188663674,-42.456782031068734,0.8038148680129883
272,136.0,157.3110551457256,-42.619452556645705,0.1626721593464293,-42.456780397299276,0.8194594978873055
273,136.5,155.84293527344397,-42.61793563501439,0.16115400647673925,-42.45678162853765,0.8342116417756056
274,137.0,154.36283067988452,-42.61640330588833,0.15962346045077913,-42.45677984543755,0.8480306471935273
275,137.5,152.8745952248394,-42.61486318532961,0.15808450646649722,-42.45677867886312,0.8608638344012088
276,138.0,151.38193102080496,-42.61331989217243,0.1565409728030527,-42.45677891936938,0.8726773766575632
277,138.5,149.88831502322256,-42.61177788733915,0.15499645490927833,-42.45678143242987,0.8834384312632451
278,139.0,148.39694600587836,-42.61023453896674,0.15345426057202083,-42.456780278394724,0.8931145483920249
279,139.5,146.91072236838846,-42.60869683563188,0.1519173869673131,-42.45677944866457,0.9016868264356528
280,140.0,145.4322072512553,-42.60716422543337,0.1503884845865644,-42.45677574084681,0.9091348154583985
281,140.5,143.96357490371187,-42.605645978364656,0.14886980177663986,-42.456776176588015,0.915449049378885
282,141.0,142.50662670380947,-42.60414586877121,0.1473632013059071,-42.456782667465305,0.9206182646472164
283,141.5,141.06276929166052,-42.602654215919,0.14587013775226784,-42.456784078166734,0.9246447802406144
284,142.0,139.6329952657795,-42.601168674290804,0.14439163754163709,-42.456777036749166,0.927538275064516
285,142.5,138.21791457119147,-42.59971154980619,0.142928331405747,-42.45678321840044,0.9292998154938908
286,143.0,136.81775534424025,-42.59826201516689,0.14148045525574607,-42.45678155991114,0.9299493533687822
287,143.5,135.43236981457392,-42.59682895769757,0.14004785628532182,-42.45678110141225,0.9295078176628392
288,144.0,134.0612750603581,-42.59540901382651,0.1386300351148374,-42.456778978711675,0.927995357774472
289,144.5,132.70367390127393,-42.59400165298963,0.13722616739635535,-42.456775485593276,0.9254519895479975
290,145.0,131.358485959258,-42.592616151246375,0.1358351359329162,-42.45678101531346,0.9219040358181931
291,145.5,130.02439857342083,-42.59123772201478,0.1344555833286194,-42.456782138686165,0.917396197035607
292,146.0,128.69990101623614,-42.58986717237223,0.13308594737088766,-42.45678122500134,0.9119697107931078
293,146.5,127.38333410618641,-42.58850464530151,0.13172451233389393,-42.456780132967616,0.9056709292580949
294,147.0,126.07293458478972,-42.58714936619072,0.13036945486794113,-42.45677991132278,0.8985503707001663
295,147.5,124.76690628661844,-42.58579787273919,0.12901891759492967,-42.456778955144266,0.8906702320802916
296,148.0,123.46346503825328,-42.584450917219996,0.1276710555374516,-42.45677986168254,0.882080093863607
297,148.5,122.16086793091212,-42.583106721696396,0.1263240663890201,-42.45678265530738,0.8728458097647899
298,149.0,120.85748034324948,-42.58175991632967,0.12497625982098198,-42.45678365650869,0.8630231936911946
299,149.5,119.55183182113791,-42.58040708645824,0.12362611526666181,-42.45678097119158,0.8543798210476827
300,150.0,118.2426502375792,-42.57905221274529,0.12227231724543063,-42.45677989549986,0.8546442921847328
301,150.5,116.92889091600644,-42.577695886051956,0.12091378547851972,-42.456782100573434,0.8546713136315413
302,151.0,115.60978638884545,-42.57632974330057,0.11954972634333592,-42.45678001695723,0.8545007454726543
303,151.5,114.28486020579815,-42.57495980008984,0.1181796471523263,-42.45678015293752,0.8541736484447205
304,152.0,112.9539577667384,-42.573588144493755,0.11680338803664798,-42.456784756457104,0.8537247549740694
305,152.5,111.61727423964265,-42.57220286445433,0.1154211508155319,-42.456781713638804,0.8531835552007533
306,153.0,110.2753591489595,-42.57081449413831,0.11403350374102227,-42.45678099039729,0.8525821545393771
307,153.5,108.92913534005243,-42.569421680423396,0.1126414011087208,-42.45678027931468,0.8519396485185029
308,154.0,107.57990056927001,-42.56802932497417,0.1112461849020458,-42.456783140072126,0.8512783654992694
309,154.5,106.22934264423436,-42.566633265910035,0.10984960044849634,-42.456783665461536,0.8506057047167626
310,155.0,104.87950655355614,-42.56523215972045,0.10845376242915969,-42.456778397291295,0.8499391909311225
311,155.5,103.53278350256629,-42.56383913973663,0.10706114354078473,-42.45677799619585,0.849280450687175
312,156.0,102.1919123947529,-42.562453178080204,0.10567457602770573,-42.4567786020525,0.8486379239839098
313,156.5,100.85994699826983,-42.5610767076211,0.10429721772939728,-42.4567794898917,0.8480063466686877
314,157.0,99.54022558515776,-42.55971439731241,0.10293252068501098,-42.4567818766274,0.8473823656820133
315,157.5,98.23632931637191,-42.55836365863168,0.10158418810017987,-42.456779470531494,0.8467600904766811
316,158.0,96.95208381390296,-42.55703360562864,0.10025617597271662,-42.45677742965592,0.8461415170267764
317,158.5,95.69152207703647,-42.555731911258285,0.09895265474507244,-42.456779256513215,0.8455163344234976
318,159.0,94.45881688113424,-42.5544570332353,0.0976779393992932,-42.45677909383601,0.844870907630226
319,159.5,93.25824527842846,-42.553212938698465,0.09643645274801345,-42.45677648595045,0.8441887379115727
320,160.0,92.09414030005756,-42.55201184987821,0.09523267549051491,-42.4567791743877,0.8434491696955456
321,160.5,90.97084182727163,-42.550849417180814,0.09407109540964036,-42.456778321771175,0.8426369676672193
322,161.0,89.89264313255781,-42.54973377286771,0.0929561520910597,-42.45677762077665,0.84172950543672
323,161.5,88.86379576010015,-42.548668858248554,0.09189224197005423,-42.4567766162785,0.8441810033424432
324,162.0,87.88847978910084,-42.54765924568089,0.09088368758142246,-42.456775558099466,0.8506026712633445
325,162.5,86.9707154079311,-42.54671208877046,0.08993464612010989,-42.45677744265035,0.855966271811295
326,163.0,86.11431645402251,-42.545822758512074,0.08904906139775658,-42.456773697114315,0.8602497726072525
327,163.5,85.32284284199369,-42.54500601229626,0.08823061464959144,-42.45677539764667,0.863431316798747
328,164.0,84.59956585790152,-42.544259992715865,0.08748268864592403,-42.45677730406994,0.8654994687862959
329,164.5,83.94745108190267,-42.54358691938057,0.08680835003281653,-42.456778569347755,0.8664434300478069
330,165.0,83.36913533616392,-42.54298672819926,0.08621032549438713,-42.456776402704875,0.8662610189440847
331,165.5,82.86689254314123,-42.542466343158175,0.08569096644755156,-42.456775376710624,0.8649432995598916
332,166.0,82.44261083999665,-42.54202964487955,0.08525222537650748,-42.45677741950304,0.8625050728025215
333,166.5,82.09780099412211,-42.54166856860441,0.08489566453505638,-42.456772904069354,0.8589476817662691
334,167.0,81.83358385606398,-42.54140022794505,0.08462244297192825,-42.45677778497312,0.8542824904577534
335,167.5,81.65068910594346,-42.5412074659088,0.0844333152344805,-42.45677415067432,0.8485292824122994
336,168.0,81.54944470139253,-42.541104624237114,0.08432862045702327,-42.45677600378009,0.8417074913258862
337,168.5,81.52979537157587,-42.541085625056695,0.08430830148511106,-42.456777323571586,0.8338416816950401
338,169.0,81.59130397810475,-42.54114631703207,0.08437190628283602,-42.45677441074924,0.8249621803984664
339,169.5,81.73317416095647,-42.5412900044724,0.08451861135051217,-42.45677139312189,0.81509834440137
340,170.0,81.95426480817497,-42.541522959295676,0.08474723668749828,-42.45677572260818,0.8042817708992154
341,170.5,82.25309863797612,-42.541829662604584,0.08505625466677816,-42.4567734079378,0.7925550930940085
342,171.0,82.62789891884002,-42.542221173663094,0.08544382800646048,-42.45677734565663,0.7799518750897234
343,171.5,83.0765906048523,-42.542684401491776,0.08590781094381217,-42.45677659054797,0.7730509667681682
344,172.0,83.59683944758312,-42.543220006941375,0.08644578968005615,-42.45677421726132,0.7668987653097658
345,172.5,84.18606715517447,-42.54383241423232,0.08705509805607485,-42.45677731617624,0.7605326607022096
346,173.0,84.84149845688289,-42.54451291066484,0.0877328662208957,-42.456780044443946,0.7539743821546203
347,173.5,85.56020867197692,-42.5452566065834,0.08847606982171943,-42.456780536761684,0.7472465518225031
348,174.0,86.33911510185584,-42.5460613059588,0.08928152110268532,-42.45677978485612,0.7403760827671942
349,174.5,87.17500043835412,-42.54692491300538,0.09014589311092232,-42.456779019894455,0.7333862434605367
350,175.0,88.06455124335848,-42.54784820333057,0.09106575948753753,-42.45678244384303,0.7263123627665311
351,175.5,89.00437352892045,-42.54881376165645,0.09203761057869345,-42.456776151077754,0.7191780376129424
352,176.0,89.99101168492531,-42.549836872183924,0.09305787300832506,-42.4567789991756,0.712026730536115
353,176.5,91.02097680997309,-42.55090115078312,0.09412293897452705,-42.45677821180859,0.7124989283626985
354,177.0,92.09076573375842,-42.55200477277334,0.09522918592020956,-42.45677558685313,0.7226510011614219
355,177.5,93.19687898464124,-42.55315092757753,0.09637299511299723,-42.45677793246453,0.7321889087465525
356,178.0,94.3358416018685,-42.55432810368045,0.09755077316672386,-42.456777330513724,0.7410978959989648
357,178.5,95.50420501607749,-42.55553478299895,0.09875895398602282,-42.456775829012926,0.7493622396552384
358,179.0,96.69858582141798,-42.556775816440464,0.09999403885978887,-42.45678177758067,0.7569700530843736
359,179.5,97.91566578699047,-42.55803108503948,0.10125259647300654,-42.45677848856648,0.7639046522054248
360,180.0,99.152207980785,-42.559314677287034,0.1025312795801867,-42.45678339770685,0.7701670469669454
361,180.5,100.40507321756657,-42.56060690087192,0.10382684201379021,-42.45678005885813,0.7757447372241507
362,181.0,101.67121794339091,-42.56191560856508,0.10513613649664866,-42.45677947206843,0.7806402911095481
363,181.5,102.94772331491055,-42.56323364429404,0.10645614471228268,-42.456777499581754,0.7848430759083508
364,182.0,104.23179469174141,-42.56456557698971,0.1077839767799687,-42.45678160020974,0.7883669245742952
365,182.5,105.52078222561214,-42.565896673745094,0.10911689254555898,-42.456779781199536,0.7912126192157616
366,183.0,106.81219070136952,-42.56723108231476,0.110452311757865,-42.456778770556895,0.7933857022638158
367,183.5,108.10367735668007,-42.56856722912864,0.11178781181405525,-42.456779417314586,0.7948990192180221
368,184.0,109.39306542141173,-42.56990152549519,0.11312114176045422,-42.45678038373474,0.7957653476908081
369,184.5,110.67837024085597,-42.57123211294769,0.11445024930603441,-42.45678186364166,0.79599888331943
370,185.0,111.95780058524255,-42.57255257495335,0.11577328217655906,-42.45677929277679,0.7956234681573086
371,185.5,113.22975937433158,-42.57387117142222,0.1170885888638679,-42.456782582558354,0.7946531597769899
372,186.0,114.49286469914618,-42.57517608375556,0.11839474036402296,-42.45678134339153,0.7931189969933625
373,186.5,115.74595836435408,-42.57647411758459,0.11969053901081145,-42.45678357857378,0.7910449474148792
374,187.0,116.98811005287288,-42.57775619161954,0.12097502278227928,-42.45678116883726,0.7884566423905061
375,187.5,118.21863907574262,-42.57902815961296,0.12224748779183148,-42.45678067182113,0.7853882597302099
376,188.0,119.4371104505432,-42.58029253516906,0.12350748423300346,-42.456785050936055,0.781873243343864
377,188.5,120.64335239189002,-42.581535264857145,0.12475483446602646,-42.45678043039112,0.7779447405677011
378,189.0,121.83747137980947,-42.58277509860198,0.12598964859972792,-42.45678545000225,0.7736412043564098
379,189.5,123.01985089891944,-42.583994149854846,0.1272123231877436,-42.456781826667104,0.7690024442236528
380,190.0,124.1911591249594,-42.5852042338907,0.12842354917700194,-42.4567806847137,0.7640652374018142
381,190.5,125.3523506777776,-42.58640368526562,0.1296243137204524,-42.45677937154517,0.7588742127570041
382,191.0,126.50468750449902,-42.587597151993634,0.1308159217719243,-42.45678123022171,0.7534677192969526
383,191.5,127.64973776604978,-42.58878122632322,0.1319999949347043,-42.45678123138852,0.7478888261621387
384,192.0,128.78936479678774,-42.589959151100174,0.1331784600449152,-42.45678069105526,0.7421793955355733
385,192.5,129.92572516662344,-42.59113600552942,0.1343535471675948,-42.45678245836183,0.7363832765640429
386,193.0,131.06125868858047,-42.59230626175946,0.13552777926371729,-42.45677848249574,0.7305431586446467
387,193.5,132.1986814224953,-42.59348495037041,0.13670396495546186,-42.45678098541495,0.7246944298647328
388,194.0,133.34096325934465,-42.59466659579369,0.13788517534662195,-42.456781420447065,0.729952549834336
389,194.5,134.49132427081065,-42.59585553424563,0.1390747402477649,-42.456780793997865,0.7394210348517946
390,195.0,135.65322043536815,-42.59705628383256,0.14027623341586942,-42.45678005041669,0.748897396639016
391,195.5,136.83030598822745,-42.59827365816232,0.14149343362116795,-42.45678022454115,0.7583134767851182
392,196.0,138.02641731344295,-42.59951113505547,0.1427303079903042,-42.45678082706517,0.7676027372669405
393,196.5,139.2455499231785,-42.60077513718155,0.14399098820105996,-42.45678414898049,0.7766984829029534
394,197.0,140.4918171700956,-42.60205667854261,0.14527972778767664,-42.456776950754936,0.7855297159967739
395,197.5,141.76940526554174,-42.60337812873663,0.14660085562607933,-42.45677727311055,0.7940298752114768
396,198.0,143.082563376599,-42.604737465247446,0.14795876569343652,-42.45677869955401,0.8021330767099628
397,198.5,144.4355472191953,-42.606131929459245,0.14935785873894492,-42.4567740707203,0.809776078506123
398,199.0,145.83257345759583,-42.60757899747884,0.15080249512927177,-42.45677650234957,0.8168942404530447
399,199.5,147.27776882798034,-42.60907804125898,0.1522969422382822,-42.4567810990207,0.823426238308082
400,200.0,148.77511159826958,-42.610623954037415,0.15384531391183737,-42.45677864012558,0.8293120485410257
401,200.5,150.3284234103693,-42.612228193240284,0.15545156203202515,-42.45677663120826,0.8344888092247953
402,201.0,151.94128563923937,-42.61389557694764,0.1571193900257764,-42.456776186921864,0.8389085680189888
403,201.5,153.61697836620834,-42.615628193275086,0.15885218975841206,-42.45677600351667,0.8425154275310575
404,202.0,155.35845444119232,-42.61743169193312,0.16065301471191176,-42.45677867722121,0.845256036353988
405,202.5,157.16827932994033,-42.61929998007331,0.16252451778217483,-42.456775462291134,0.8470869710985556
406,203.0,159.0485972794596,-42.62124200531518,0.16446891629137564,-42.456773089023805,0.8479641490226684
407,203.5,161.00107422994003,-42.62326353832026,0.1664879329543467,-42.45677560536591,0.8478476233003734
408,204.0,163.02684539854303,-42.625361782180676,0.1685827416760422,-42.456779040504635,0.8466968929553861
409,204.5,165.1264703360794,-42.62752724677853,0.1707539210765634,-42.45677332570197,0.8444838814629527
410,205.0,167.29989090582825,-42.6297806296199,0.17300141103791083,-42.45677921858199,0.8411800212065714
411,205.5,169.54640388361236,-42.632105108740205,0.17532448437028017,-42.45678062436993,0.8367609373715459
412,206.0,171.86463559583495,-42.63449706909032,0.17772172058577235,-42.45677534850455,0.8312095578935316
413,206.5,174.25250275408519,-42.6369691343844,0.1801909653982565,-42.45677816898615,0.824506771918238
414,207.0,176.70718399821405,-42.639507492405116,0.18272930129664405,-42.45677819110847,0.8166462379163637
415,207.5,179.22514078534982,-42.64211018545838,0.1853330691457945,-42.45677711631259,0.8076277310151576
416,208.0,181.802092886119,-42.64478000223515,0.18799784284765617,-42.456782159387494,0.7974541589636309
417,208.5,184.4330024310393,-42.64749958513632,0.1907184128439661,-42.45678117229236,0.7866793233495721
418,209.0,187.1121111433797,-42.65026995074278,0.19348882461799255,-42.45678112612479,0.7834001671068644
419,209.5,189.83293974304715,-42.65308211603869,0.19630237807810647,-42.45677973796058,0.779132051483026
420,210.0,192.58830924599968,-42.65593171455089,0.19915164958307077,-42.456780064967816,0.7738882839882263
421,210.5,195.3704512617748,-42.6588108537606,0.20202860599846906,-42.45678224776213,0.7676764213145211
422,211.0,198.17102454698488,-42.66170610812492,0.20492462181433796,-42.45678148631058,0.7605135602717755
423,211.5,200.98109402993182,-42.664611846689574,0.20783045745494838,-42.45678138923463,0.7524177924720976
424,212.0,203.7911593815146,-42.66751803801502,0.21073628882339926,-42.45678174919162,0.7434141946872812
425,212.5,206.5912069735564,-42.67041748232261,0.21363176103066572,-42.45678572129194,0.7335204324603333
426,213.0,209.37082294211064,-42.67328793496129,0.21650610531206202,-42.45678182964922,0.7227741380599786
427,213.5,212.11937092606456,-42.67612927966286,0.2193483228231128,-42.456780956839744,0.7112019602525702
428,214.0,214.8261944173615,-42.678934363613536,0.22214739388579827,-42.45678696972774,0.6988431871169565
429,214.5,217.4805970603095,-42.68167621002652,0.22489225761647008,-42.45678395241005,0.685739723697088
430,215.0,220.07174018602473,-42.68435501278896,0.2275717059683058,-42.456783306820654,0.6719267896035674
431,215.5,222.58873005405906,-42.68696494160674,0.23017447394609947,-42.45679046766064,0.6574439997554284
432,216.0,225.02087991222152,-42.68947379950714,0.2326895105969877,-42.45678428891015,0.6423357974504021
433,216.5,227.35785562864464,-42.691895379155625,0.23510612960560445,-42.45678924955002,0.6266502877065891
434,217.0,229.5895906486507,-42.69420400164956,0.23741392135270784,-42.456790080296855,0.6104342652549649
435,217.5,231.70625561302066,-42.69638952153517,0.23960272149805065,-42.456786800037115,0.5937284542692984
436,218.0,233.69832032648785,-42.69845217472081,0.24166267506073794,-42.456789499660076,0.576594702770034
437,218.5,235.55662357187302,-42.70037633659002,0.24358430861260275,-42.456792027977414,0.5590731306742637
438,219.0,237.2724402202591,-42.702150759962805,0.24535859967547155,-42.456792160287335,0.541222732306418
439,219.5,238.83755110313723,-42.70377026667482,0.24697704897452769,-42.456793217700294,0.5268905660339428
440,220.0,240.2443014377177,-42.70522542310002,0.24843174085473615,-42.456793682245284,0.5204415565512326
441,220.5,241.4856486435262,-42.7065102636002,0.24971539272701215,-42.45679487087319,0.5141390696351307
442,221.0,242.55517435917758,-42.7076161298594,0.25082136749452216,-42.45679476236488,0.5097032828221301
443,221.5,243.44711869096895,-42.70853828469694,0.2517437089684567,-42.45679457572849,0.5090006568349262
444,222.0,244.1564258273058,-42.70926950511296,0.25247718903697997,-42.456792316075976,0.5086405424422776
445,222.5,244.6787853542858,-42.709812213912855,0.25301735038883344,-42.456794863524024,0.5086150569535263
446,223.0,245.0106527199234,-42.71015539670311,0.2533605276749744,-42.45679486902814,0.5089210855870101
447,223.5,245.14932004251705,-42.7102964228077,0.25350392073006645,-42.45679250207763,0.5095540338538495
448,224.0,245.09297013305738,-42.710238213834444,0.2534456504359521,-42.456792563398494,0.5105017514976737
449,224.5,244.84060069920125,-42.70998079095301,0.2531846803425255,-42.45679611061048,0.5117496401236931
450,225.0,244.39201779505387,-42.709513334752636,0.2527208098942856,-42.45679252485835,0.5132834360309078
451,225.5,243.74786243554865,-42.70884846822612,0.25205470195172414,-42.4567937662744,0.5150857082869418
452,226.0,242.90970646893012,-42.70798195229964,0.25118798193110875,-42.45679397036853,0.5171395203179122
453,226.5,241.88003266511754,-42.70691702301639,0.2501232172142649,-42.45679380580212,0.5204340122381543
454,227.0,240.66206877148812,-42.705658986671324,0.24886374554903995,-42.456795241122286,0.5378825810631569
455,227.5,239.25978104098814,-42.7042093953487,0.24741366835685455,-42.45679572699184,0.5550065103307245
456,228.0,237.6778698420669,-42.70256980682442,0.24577784619302484,-42.4567919606314,0.5717556766100789
457,228.5,235.92170517895457,-42.700755479568386,0.24396183206959443,-42.45679364749879,0.5880809481718424
458,229.0,233.99731538653236,-42.69876351484352,0.2419718597649299,-42.45679165507859,0.6039284502463662
459,229.5,231.911361036912,-42.69660536838151,0.23981481684104586,-42.456790551540465,0.6192544205763579
460,230.0,229.67109037991457,-42.694287353481265,0.23749819856551127,-42.456789154915754,0.6346663022527872
461,230.5,227.28429910000474,-42.691821790308325,0.23503006629691459,-42.45679172401141,0.6568498717163264
462,231.0,224.7592570777457,-42.689211687849166,0.23241897175037524,-42.45679271609879,0.6785172670503651
463,231.5,222.1046814289959,-42.686465706061895,0.22967392911792606,-42.456791776943966,0.6995733902688583
464,232.0,219.32970084517208,-42.683593506678335,0.22680437819350524,-42.45678912848483,0.7199528166990731
465,232.5,216.4438800828859,-42.68060662794171,0.22382020969719083,-42.45678641824452,0.7395750736142768
466,233.0,213.45724576920796,-42.677517742021095,0.22073179195989912,-42.456785950061196,0.7583818994082056
467,233.5,210.38012319277522,-42.67433629111139,0.21754980215239153,-42.456786488959,0.7763191755480983
468,234.0,207.22299273741766,-42.671071995561036,0.21428507782621092,-42.456786917734824,0.7933327292223172
469,234.5,203.99642886594432,-42.66773390984398,0.210948553818057,-42.456785356025925,0.8093823382777037
470,235.0,200.71106010544435,-42.664337531393286,0.20755122087140074,-42.456786310521885,0.824427169025902
471,235.5,197.37755473684922,-42.66088815892152,0.2041041108383522,-42.45678404808317,0.8384318748007675
472,236.0,194.00658427562632,-42.6573986247249,0.20061825891578908,-42.45678036580911,0.8513735907994789
473,236.5,190.60876708564928,-42.65388930303492,0.19710464533760821,-42.45678465769731,0.8632209821112851
474,237.0,187.19456658272702,-42.65035926944659,0.1935740901090673,-42.45678517933752,0.8739633384411167
475,237.5,183.77421126544198,-42.64682253049073,0.190037170312303,-42.45678536017843,0.8835789050004473
476,238.0,180.35766691480566,-42.64328515958782,0.1865041913585606,-42.45678096822926,0.8920560763854346
477,238.5,176.9545984909615,-42.639763956749555,0.18298514758635043,-42.456778809163204,0.8993935638428323
478,239.0,173.57431112687098,-42.63627086421202,0.17948966124421972,-42.456781202967804,0.9055885247205937
479,239.5,170.22573382459936,-42.63280503135731,0.17602696563141385,-42.45677806572589,0.9106403821377529
480,240.0,166.9173926402058,-42.62938283973098,0.17260587736891708,-42.45677696236206,0.9145577607946838
481,240.5,163.65737439580283,-42.62601051560042,0.16923475887483205,-42.45677575672559,0.9173418780524262
482,241.0,160.453310640185,-42.62269927487558,0.16592150177839243,-42.45677777309719,0.9190130789334543
483,241.5,157.31235298745432,-42.6194514717754,0.16267350141813752,-42.45677797035726,0.9195842857819155
484,242.0,154.2411747162163,-42.61627422449823,0.15949765849560854,-42.45677656600262,0.9190742928968539
485,242.5,151.24594459941252,-42.613177348056496,0.15640035201331096,-42.45677699604318,0.9174972866542306
486,243.0,148.33232340676923,-42.610160203559616,0.15338743565796806,-42.45677276790165,0.9148828411019196
487,243.5,145.50546786102421,-42.60723839459617,0.15046424189157456,-42.4567741527046,0.9112543984021919
488,244.0,142.7700204488291,-42.60441104305906,0.14763557141505798,-42.456775471644,0.906640004467608
489,244.5,140.13012393588346,-42.60168213973843,0.14490570817808357,-42.45677643156034,0.9010682685614908
490,245.0,137.58941346406624,-42.59905005196743,0.14227841120685844,-42.45677164076057,0.9054051117715336
491,245.5,135.15103314991035,-42.59653080199318,0.13975693176827658,-42.45677387022491,0.9156986454611759
492,246.0,132.817643440534,-42.59411789997307,0.13734402097653747,-42.456773878996536,0.925308317917737
493,246.5,130.59150590202265,-42.59181514745791,0.13504201747108563,-42.45677312998682,0.9342044875472253
494,247.0,128.47450364028978,-42.58962879208052,0.13285286853340708,-42.45677592354711,0.942351240630449
495,247.5,126.46807515725568,-42.58755302921732,0.1307780616890503,-42.45677496752827,0.9497337506812605
496,248.0,124.57323366479366,-42.58559357959734,0.128818644679785,-42.456774934917554,0.9563174220267323
497,248.5,122.79056842630803,-42.583748400682694,0.1269752268509004,-42.45677317383179,0.9620890430177551
498,249.0,121.12027020120574,-42.582021764370744,0.12524800546281553,-42.45677375890793,0.9670230894485718
499,249.5,119.56215594983954,-42.58040904339147,0.1236367912379577,-42.45677225215351,0.9711042764718675
500,250.0,118.11567035826634,-42.57891430335255,0.12214100993748436,-42.45677329341506,0.9743270645955754
501,250.5,116.77988574182632,-42.57753746694293,0.12075970226157597,-42.456777764681355,0.9766765277111487
502,251.0,115.55351673210475,-42.57626550173668,0.11949153903692436,-42.45677396269976,0.97813958733338
503,251.5,114.4349413844995,-42.575109464277766,0.1183348430436385,-42.456774621234125,0.9787169720657982
504,252.0,113.42219518099256,-42.57406216698689,0.11728758281363269,-42.45677458417326,0.9784065126872956
505,252.5,112.51299872502457,-42.57312460495984,0.11634740126933228,-42.45677720369051,0.9772157087634189
506,253.0,111.70477597234337,-42.57228674048346,0.11551163457582321,-42.45677510590764,0.9751400173609494
507,253.5,110.99466990519997,-42.57155266960076,0.11477732834921879,-42.45677534125154,0.972194439463853
508,254.0,110.3795499696401,-42.57091748187387,0.11414124534741153,-42.45677623652646,0.9683840270763491
509,254.5,109.85602359472131,-42.57037600493959,0.113599877381861,-42.45677612755773,0.9637307608215622
510,255.0,109.42046854412521,-42.56993015770877,0.11314947877173742,-42.45678067893703,0.9582459060400883
511,255.5,109.06904902490717,-42.569563325272455,0.11278608300165167,-42.4567772422708,0.9519510008088419
512,256.0,108.79773919074525,-42.56928047652781,0.1125055270258866,-42.45677494950192,0.9448613739577769
513,256.5,108.60235090545986,-42.56907801008894,0.1123034799780874,-42.45677453011085,0.9370041564691203
514,257.0,108.47854883241604,-42.56895401032136,0.1121754587749053,-42.456778551546456,0.9284014575911855
515,257.5,108.42185510755878,-42.56889428142,0.11211683294828823,-42.45677744847171,0.9190939274259007
516,258.0,108.42765859816373,-42.56890208553279,0.11212283421976643,-42.45677925131302,0.9091034721531392
517,258.5,108.4912463409836,-42.568966964447256,0.11218858900999965,-42.45677837543725,0.8984696165192559
518,259.0,108.60782807534929,-42.569087209579465,0.11230914380795744,-42.45677806577151,0.8872225788668193
519,259.5,108.77253268871893,-42.56925694795832,0.11247946149533382,-42.45677748646299,0.8754039863254043
520,260.0,108.98044897205685,-42.56947289196344,0.11269446349085493,-42.45677842847259,0.8630541296840677
521,260.5,109.2266521486602,-42.56973124649697,0.11294905718319852,-42.45678218931377,0.8502097968488314
522,261.0,109.5062430490103,-42.57002075835,0.11323817644091014,-42.45678258190909,0.8369133610313837
523,261.5,109.81435837784164,-42.57033552167266,0.11355679222937014,-42.45677872944329,0.8232059745850024
524,262.0,110.1461785436443,-42.570678729725934,0.11389992070712274,-42.456778809018815,0.8091295146029092
525,262.5,110.49692611598331,-42.57104237945441,0.11426262163062142,-42.45677975782379,0.7947281132461894
526,263.0,110.86186733260217,-42.57142253284808,0.1146399999126939,-42.456782532935385,0.7800326159111569
527,263.5,111.23635821424416,-42.5718105159199,0.11502725330894006,-42.45678326261096,0.7650989674688946
528,264.0,111.61583360697077,-42.57220168890023,0.11541966108661651,-42.45678202781361,0.7499598250455822
529,264.5,111.9958044906533,-42.57259414237666,0.11581258124140252,-42.45678156113526,0.7346503294532339
530,265.0,112.3718959924904,-42.57298278197618,0.11620148980640456,-42.45678129216977,0.7192127049875761
531,265.5,112.73985213498818,-42.5733634523811,0.11658198576194596,-42.456781466619155,0.7095822584551646
532,266.0,113.09554357360498,-42.57372783777829,0.11694979903690768,-42.45677803874138,0.7026342336369527
533,266.5,113.43496494780875,-42.57408488889871,0.1173007877695108,-42.4567841011292,0.6994899126923696
534,267.0,113.75424359093464,-42.574415721214436,0.1176309473140029,-42.45678477390043,0.705774952385313
535,267.5,114.04964537454974,-42.574718951776575,0.11793641628419665,-42.45678253549238,0.7116650514091888
536,268.0,114.31756864368154,-42.574998944980194,0.11821347028201296,-42.45678547469818,0.7171357764365303
537,268.5,114.55456314439812,-42.57524333955995,0.1184585414701064,-42.45678479808984,0.7221578427466144
538,269.0,114.75733600457137,-42.57545609536157,0.11866822475645063,-42.45678787060512,0.7267141805723207
539,269.5,114.92275735976335,-42.57562453612866,0.11883928361195296,-42.4567852525167,0.7307766370698199
540,270.0,115.04785224045027,-42.57574892454901,0.11896864168119783,-42.45678028286781,0.7343307280466422
541,270.5,115.12980195493391,-42.57583647792882,0.11905338421248737,-42.45678309371633,0.7373469328339368
542,271.0,115.16596569061053,-42.57587452749047,0.11909078039527377,-42.456783747095194,0.7398153047194906
543,271.5,115.15386522348484,-42.575863076003216,0.11907826754857896,-42.456784808454636,0.7417104366087572
544,272.0,115.09119547792872,-42.57579800748572,0.11901346204062618,-42.456784545445096,0.7430233520178366
545,272.5,114.97584932149644,-42.57567794140894,0.11889418492865354,-42.456783756480284,0.743733985111615
546,273.0,114.80588790280261,-42.57549937451967,0.11871843128591753,-42.45678094323375,0.7438277993371523
547,273.5,114.5795629965239,-42.57526718516454,0.11848439330820433,-42.456782791856334,0.7432993020580718
548,274.0,114.29533586810727,-42.574970402821535,0.11819047982144056,-42.45677992300009,0.7421378220134949
549,274.5,113.9518643796683,-42.57461952049141,0.11783530294816523,-42.456784217543245,0.7403293007579674
550,275.0,113.54801414706834,-42.574202397125234,0.11741768964483615,-42.456784707480395,0.7378775257253146
551,275.5,113.08287638134512,-42.57372001322198,0.11693670015128987,-42.45678331307069,0.7347677841529946
552,276.0,112.55577288707335,-42.57317946283263,0.11639163315944492,-42.45678782967318,0.7310071144780965
553,276.5,111.96626735946204,-42.572566670477684,0.11578203749539986,-42.456784632982284,0.7265880301180274
554,277.0,111.31416397456913,-42.571891902224834,0.1151077106616031,-42.45678419156323,0.7215210054745259
555,277.5,110.59951258222233,-42.57115414127747,0.11436870420674655,-42.45678543707072,0.715805508592907
556,278.0,109.82263447129071,-42.57034725830575,0.11356535036910842,-42.456781907936644,0.7094455665410827
557,278.5,108.98413906214299,-42.56948123046801,0.1126982793378845,-42.45678295113012,0.7024524617546452
558,279.0,108.08493755686752,-42.56855203915644,0.11176843336860269,-42.456783605787834,0.6948314216114935
559,279.5,107.12623818430023,-42.56756393275182,0.11077706186610327,-42.456786870885715,0.6866003083502614
560,280.0,106.10956389081201,-42.56651054153493,0.10972573967822188,-42.456784801856706,0.6777679358596048
561,280.5,105.03677290057398,-42.56539796265406,0.1086163883567413,-42.45678157429732,0.6808089294186954
562,281.0,103.91005174499901,-42.56423222281308,0.10745126894927882,-42.456780953863806,0.6847107032673451
563,281.5,102.73197268048358,-42.56301776903715,0.10623304137380411,-42.45678472766335,0.6882204704288053
564,282.0,101.50547144470437,-42.56174921646999,0.10496474141687837,-42.45678447505311,0.6913493612874148
565,282.5,100.23384922347753,-42.56042999276221,0.10364978276754346,-42.45678020999467,0.7077443343252906
566,283.0,98.92080960925445,-42.55907571839423,0.10229199523534994,-42.456783723158885,0.7263505116438435
567,283.5,97.57044238016006,-42.55768005855926,0.10089560797659086,-42.45678445058267,0.7443725071332163
568,284.0,96.18724920723977,-42.556246233150056,0.09946527607764234,-42.45678095707241,0.7617881466848894
569,284.5,94.77613190647712,-42.55478577366782,0.09800606840661424,-42.456779705261205,0.7785754729574434
570,285.0,93.34245710523332,-42.55330380194789,0.09652353448359881,-42.45678026746429,0.7947109532686731
571,285.5,91.89207910294739,-42.551802984262665,0.09502372812045508,-42.45677925614221,0.8101738181428761
572,286.0,90.43129094309724,-42.55029399302281,0.09351315682532015,-42.456780836197495,0.8249436553427398
573,286.5,88.96679466305642,-42.548777572143464,0.09199875103859165,-42.45677882110487,0.8390009760322983
574,287.0,87.50569145244667,-42.54726737621745,0.0904878539558805,-42.45677952226157,0.8523237452390968
575,287.5,86.05548539863888,-42.54576982605637,0.08898822540115724,-42.45678160065521,0.8648912787494826
576,288.0,84.62404045570524,-42.544285844803184,0.08750799732922145,-42.456777847473965,0.8766852036740994
577,288.5,83.2195814167925,-42.54283572409506,0.08605567483121324,-42.45678004926385,0.8876926996741176
578,289.0,81.85066284224517,-42.5414166332295,0.08464010400381802,-42.456776529225685,0.8978900654554461
579,289.5,80.5261309647097,-42.54004650266131,0.0832704325561103,-42.4567760701052,0.9072681242018504
580,290.0,79.25511506450029,-42.53873308720406,0.0819561008909951,-42.45677698631306,0.9158072456327484
581,290.5,78.04699619722847,-42.53748250106096,0.08070680976708638,-42.45677569129387,0.9234923106445149
582,291.0,76.91136030137547,-42.53630789966088,0.07953247180820236,-42.45677542785268,0.9303146582355603
583,291.5,75.85794770161739,-42.53521756406046,0.0784431592857821,-42.45677440477468,0.9362581737455388
584,292.0,74.89660073901294,-42.53422549998446,0.07744904996432896,-42.45677645002013,0.9413164580649791
585,292.5,74.03721564888437,-42.53333379800971,0.0765603773393069,-42.4567734206704,0.9454786340515698
586,293.0,73.28969147495086,-42.532559017910714,0.07578737781028604,-42.45677164010043,0.9487424583187476
587,293.5,72.66387345153092,-42.531911264031315,0.07514023213363076,-42.45677103189768,0.9510943710661669
588,294.0,72.16948982679702,-42.531400632998086,0.07462900009271363,-42.45677163290537,0.9525369774521751
589,294.5,71.81610243225637,-42.5310317606541,0.07426356938282179,-42.45676819127128,0.9530682621526191
590,295.0,71.61302531914784,-42.53082374721407,0.07405357147471163,-42.45677017573936,0.9526835166634328
591,295.5,71.56925958477316,-42.530777517361976,0.07400831421984475,-42.45676920314213,0.9513888996524903
592,296.0,71.69344729362967,-42.530908799799086,0.07413673420116938,-42.45677206559792,0.9491787758932944
593,296.5,71.99379034996865,-42.53121377764215,0.07444731284088486,-42.45676646480127,0.9460663228439291
594,297.0,72.47798340839881,-42.53171555045091,0.0749480070246625,-42.45676754342625,0.9420545583143274
595,297.5,73.15315823274344,-42.532415567300234,0.07564619156427252,-42.45676937573596,0.9371560956532339
596,298.0,74.02582200644274,-42.53331580655184,0.07654859540562726,-42.456767211146214,0.9313758219951607
597,298.5,75.10178010288773,-42.53443124454034,0.07766122176715565,-42.456770022773185,0.924722669308477
598,299.0,76.38608483587468,-42.53575879881336,0.07898929514369166,-42.45676950366967,0.9172174741978824
599,299.5,77.88298728066111,-42.53730466337047,0.08053721148560919,-42.45676745188486,0.908870158771099
600,300.0,79.59587495762106,-42.53907612619733,0.08230847375875869,-42.45676765243857,0.8997014626651315
601,300.5,81.52723049118889,-42.54106947670178,0.08430564919452264,-42.45676382750726,0.8897300212812201
602,301.0,83.67859164005398,-42.543296473772315,0.08653032795785373,-42.45676614581446,0.8789707251966002
603,301.5,86.05050428550028,-42.54575001143459,0.08898307453347375,-42.45676693690112,0.8709740384098905
604,302.0,88.64250578714137,-42.54843173074279,0.09166341051437828,-42.45676832022841,0.8769009184794899
605,302.5,91.45309952103545,-42.55133264691281,0.09456978827221964,-42.456762858640595,0.8836664913585881
606,303.0,94.47972305523398,-42.554469832629366,0.09769955804828978,-42.456770274581075,0.8891738485730326
607,303.5,97.71875038723223,-42.55781678262358,0.1010489702672223,-42.45676781235636,0.8934151967076439
608,304.0,101.1654904666498,-42.56138335424413,0.10461317400932639,-42.456770180234805,0.8963916735503022
609,304.5,104.81418352217209,-42.56515440923144,0.10838621321235191,-42.45676819601909,0.8981024900919818
610,305.0,108.65801583819173,-42.569126916523714,0.11236104195171334,-42.456765874572,0.898559188617325
611,305.5,112.68914611783542,-42.57329543407468,0.11652955170195917,-42.45676588237272,0.8977656526799889
612,306.0,116.89871758517542,-42.57765194448398,0.12088258385142231,-42.456769360632556,0.8957396211728265
613,306.5,121.27689723227047,-42.58218068856836,0.12540997028678622,-42.45677071828157,0.8924924539995517
614,307.0,125.8129301033714,-42.586876203319214,0.13010058952727652,-42.45677561379194,0.8880494914423168
615,307.5,130.49517513183451,-42.59172051290476,0.13494240378288366,-42.45677810912187,0.88242753862242
616,308.0,135.3111596101806,-42.596697856422146,0.13992251528074195,-42.4567753411414,0.8756559877259859
617,308.5,140.24763233213085,-42.60180133720665,0.1450272212182268,-42.45677411598842,0.8677627096306061
618,309.0,145.29062518977213,-42.607018034816456,0.15024207745932944,-42.456775957357124,0.8587812462801739
619,309.5,150.4254964554979,-42.61232980131278,0.15555194329163066,-42.45677785802115,0.8487348543700277
620,310.0,155.63701743065508,-42.617718203602195,0.16094107102790256,-42.456777132574295,0.8376688377369014
621,310.5,160.90947062886573,-42.623170221251705,0.1663932075354824,-42.45677701371622,0.8256146039521967
622,311.0,166.22668435134125,-42.628669757706945,0.1718916299899011,-42.456778127717044,0.812605569699498
623,311.5,171.57212158603025,-42.634199059175586,0.1774192378036822,-42.4567798213719,0.7986805216750653
624,312.0,176.9289731228877,-42.63973955068058,0.18295864891494587,-42.45678090176563,0.783879827993179
625,312.5,182.28021992995335,-42.64527455833465,0.18849226428924148,-42.456782294045404,0.7682446811207488
626,313.0,187.6087074061589,-42.65078591136063,0.19400234470286407,-42.45678356665776,0.7518109973947513
627,313.5,192.8972439372826,-42.6562568701074,0.19947111265756012,-42.456785757449836,0.7346306205562292
628,314.0,198.1286676624082,-42.66166345183285,0.20488082142236363,-42.45678263041049,0.7167379999931186
629,314.5,203.2859089209336,-42.66700267126835,0.21021381960877633,-42.456788851659574,0.6981751697899362
630,315.0,208.35208605287755,-42.6722418523069,0.21545265023591434,-42.45678920207098,0.6789872073191229
631,315.5,213.31058350966245,-42.67737260686555,0.22058013150327838,-42.45679247536228,0.6592165746655366
632,316.0,218.14510220954386,-42.6823699951782,0.2255794088622782,-42.45679058631592,0.6388975322944004
633,316.5,222.83973825950173,-42.687228072087215,0.23043403642093768,-42.45679403566628,0.6180772763303581
634,317.0,227.3790652454739,-42.69191954040742,0.2351280620385497,-42.45679147836887,0.5967964080624226
635,317.5,231.74824549392812,-42.696435095832626,0.23964614237900267,-42.456788953453625,0.575094030946228
636,318.0,235.93314438890073,-42.70076775518006,0.24397366112370278,-42.456794094056356,0.5530102623594357
637,318.5,239.9203892564006,-42.70488765279812,0.2480967898627372,-42.456790862935385,0.5305915368139151
638,319.0,243.69737487971062,-42.70879837220839,0.2520024937981351,-42.456795878410254,0.5078773713196565
639,319.5,247.25223662862822,-42.71247088156798,0.2556785039573624,-42.45679237761062,0.48491046899970325
640,320.0,250.5738779439886,-42.71591086255485,0.2591133456145075,-42.45679751694034,0.47125943118169644
641,320.5,253.65201737250288,-42.71909416893406,0.26229638692804996,-42.456797782006014,0.45781339243277763
642,321.0,256.47722872173193,-42.72201537138163,0.2652178804643014,-42.45679749091733,0.44439342610017823
643,321.5,259.0409472306122,-42.72467118827764,0.2678689695782205,-42.456802218699416,0.43106221037976206
644,322.0,261.33552030716396,-42.72704122545581,0.2702417408802442,-42.45679948457556,0.4179058837385339
645,322.5,263.3542105218563,-42.72912914974906,0.2723292273316657,-42.456799922417396,0.405006034335715
646,323.0,265.09121247391676,-42.73092674767684,0.27412542568574116,-42.4568013219911,0.39246310689488334
647,323.5,266.54169952198424,-42.732425342477434,0.2756253448109075,-42.45679999766653,0.3803747037832879
648,324.0,267.7018064182726,-42.73362397887449,0.2768249877331236,-42.45679899114137,0.36884787453618373
649,324.5,268.56867281131764,-42.734523231691085,0.2777213966211757,-42.45680183506991,0.3580028086497015
650,325.0,269.1405561082827,-42.735113904249474,0.2783127694952899,-42.45680113475419,0.34990852792704863
651,325.5,269.41680715699385,-42.73539725580873,0.2785984350804195,-42.45679882072831,0.3644649964748109
652,326.0,269.39793831575486,-42.73537764227068,0.27857892319585503,-42.456798719074825,0.3789813668466138
653,326.5,269.0856647360834,-42.73505555209454,0.27825600744486134,-42.456799544649684,0.3933809982683132
654,327.0,268.4829012977918,-42.734431894050985,0.27763270204530666,-42.456799192005676,0.407612547325108
655,327.5,267.5938189051646,-42.733513958040994,0.27671332004439403,-42.4568006379966,0.42162185976101946
656,328.0,266.42377047589076,-42.732301747589204,0.27550339678532265,-42.45679835080388,0.4353522985460546
657,328.5,264.97915013845915,-42.7308048764809,0.2740095443061814,-42.45679533217472,0.44876507125763654
658,329.0,263.26728996201,-42.729039320517586,0.2722393445503907,-42.45679997596719,0.4618106295758158
659,329.5,261.29644721480634,-42.72699972767414,0.27020133619094716,-42.4567983914832,0.47445727082907385
660,330.0,259.0757682884226,-42.72470174055003,0.2679049773251617,-42.45679676322487,0.4866590901583859
661,330.5,256.6153520656791,-42.722156444075225,0.2653607110021502,-42.45679573307307,0.49838973066286385
662,331.0,253.9262388793906,-42.719377232827554,0.26257995380530047,-42.456797279022254,0.5158762168163216
663,331.5,251.0202467641425,-42.71637235045553,0.2595749265235675,-42.45679742393196,0.5366864636256734
664,332.0,247.9098920464984,-42.71315192743459,0.25635857203542417,-42.456793355399164,0.5576821861404723
665,332.5,244.60834506188166,-42.70973655696126,0.25294450951658987,-42.45679204744467,0.5787562950982187
666,333.0,241.12934495992522,-42.70614172845285,0.24934694634197732,-42.45679478211087,0.5998055122139906
667,333.5,237.48716603172377,-42.70237425062517,0.2455806432653897,-42.45679360735978,0.6207290943130142
668,334.0,233.69653298921298,-42.69845130278624,0.24166082681165135,-42.456790475974586,0.6414455575981486
669,334.5,229.7725799585049,-42.69439248305768,0.23760314687245102,-42.45678933618523,0.6618574311534985
670,335.0,225.730800399761,-42.69021044633237,0.23342362491950203,-42.45678682141287,0.6818915116043172
671,335.5,221.5869470442507,-42.68592491910856,0.22913855053149185,-42.45678636857706,0.7014741770901939
672,336.0,217.35699539486552,-42.68154919969019,0.22476444365070677,-42.45678475603948,0.7205459794244582
673,336.5,213.05708614391858,-42.67710339971102,0.22031799503845084,-42.45678540467257,0.7390447305981601
674,337.0,208.7034363264203,-42.67259984217026,0.21581597440045708,-42.4567838677698,0.7569148472698736
675,337.5,204.31235414574743,-42.66805921516525,0.21127524571780992,-42.45678396944744,0.7741026691556625
676,338.0,199.90018998042837,-42.66349350238153,0.20671271658405954,-42.45678078579747,0.7905557980656582
677,338.5,195.4831582220407,-42.65892640247683,0.2021451539714188,-42.45678124850541,0.806241417349367
678,339.0,191.07724788725952,-42.65437230144339,0.19758909179650258,-42.456783209646886,0.8211153710067322
679,339.5,186.69815017954295,-42.649838752436665,0.19306075601334124,-42.45677799642333,0.8351456636697174
680,340.0,182.36118640309792,-42.64535480045299,0.18857599007068063,-42.45677881038231,0.8482984797107503
681,340.5,178.08125128946554,-42.64092551346033,0.18415019630715757,-42.45677531715317,0.8605437539373617
682,341.0,173.87275155254824,-42.6365746226782,0.1797982724123046,-42.45677635026589,0.8718617761750118
683,341.5,169.7495691897847,-42.6323046063432,0.17553457347704204,-42.45677003286615,0.8822290741120866
684,342.0,165.72503804337293,-42.62814776718432,0.1713728877561161,-42.45677487942821,0.8916253531665927
685,342.5,161.81186184772884,-42.6240990664408,0.16732635192264408,-42.45677271451815,0.9000426310338637
686,343.0,158.0220630232093,-42.62017706574509,0.1634073981167462,-42.45676966762834,0.9074644790517354
687,343.5,154.366990298816,-42.616399308564965,0.15962776182802826,-42.45677154673694,0.9138892282267419
688,344.0,150.85726315289915,-42.6127697082671,0.15599842444284456,-42.45677128382426,0.919304717053849
689,344.5,147.50269519618882,-42.60929804410159,0.15252953401625058,-42.45676851008534,0.92372175351141
690,345.0,144.31226506081256,-42.606000674510426,0.1492303751689286,-42.4567702993415,0.9271361526499172
691,345.5,141.2941098990084,-42.60287673665679,0.14610936236433933,-42.45676737429245,0.9295727999767472
692,346.0,138.45555138154893,-42.59994068900282,0.14317406679316297,-42.456766622209656,0.9310692220111977
693,346.5,135.8030714563711,-42.59720005504393,0.14043119130579163,-42.456768863738134,0.9316357064523937
694,347.0,133.34223825584996,-42.59465472510234,0.13788649379454976,-42.45676823130779,0.9312898243031387
695,347.5,131.07769406102622,-42.592311914252704,0.1355447747477469,-42.456767139504954,0.9300491424434338
696,348.0,129.01315252531592,-42.59017796768199,0.13340987437877233,-42.45676809330322,0.9279354659373443
697,348.5,127.15139655171195,-42.588254233200644,0.1314846704309524,-42.45676956276969,0.9249759829721697
698,349.0,125.49428846723873,-42.58654131929766,0.12977108869874693,-42.45677023059891,0.9211935474875314
699,349.5,124.04276812613148,-42.58503860970177,0.12827010106628556,-42.456768508635484,0.9166164025027177
700,350.0,122.79686464923611,-42.5837519342989,0.12698173764684217,-42.45677019665206,0.9112764578993818
701,350.5,121.75571856310106,-42.58267203701074,0.125905109676419,-42.45676692733432,0.9052124519590031
702,351.0,120.91761979394073,-42.58180588788686,0.12503844880253062,-42.45676743908433,0.907319431964894
703,351.5,120.28003667191497,-42.58115080018753,0.124379137076939,-42.456771663110594,0.9109345799866219
704,352.0,119.83962258446546,-42.58069330498258,0.12392371383573302,-42.45676959114685,0.9135664907409502
705,352.5,119.5922422539287,-42.58043809346197,0.12366790287247319,-42.456770190589495,0.9152014591635844
706,353.0,119.5329979533398,-42.58037724945059,0.12360663954742056,-42.456770609903174,0.9158371645961542
707,353.5,119.65626608166535,-42.58049738811724,0.12373410860924036,-42.456763279507996,0.915470801758072
708,354.0,119.95573403543094,-42.580812970047276,0.12404378232320139,-42.45676918772408,0.9140962957434005
709,354.5,120.42441791108773,-42.581298381329184,0.12452843877683281,-42.45676994255235,0.911710651947661
710,355.0,121.05470570525384,-42.58195156149948,0.12518020655241424,-42.456771354947065,0.9083208137612135
711,355.5,121.83839101634383,-42.58275604120062,0.12599059957714473,-42.456765441623475,0.9039219244662322
712,356.0,122.76671495147006,-42.58372362386628,0.1269505604582161,-42.45677306340806,0.8985243762418523
713,356.5,123.83040922118852,-42.58482578279213,0.12805050504621238,-42.45677527774592,0.8921257285267798
714,357.0,125.0197300723,-42.58605362400533,0.12928035752432854,-42.456773266481,0.8847376016918324
715,357.5,126.32450287243643,-42.587402625091585,0.1306295965123835,-42.4567730285792,0.8763665700018565
716,358.0,127.73416939842392,-42.58886529628069,0.1320873039667537,-42.45677799231393,0.8670207510822835
717,358.5,129.237817465543,-42.59041660741573,0.1336421958193877,-42.45677441159634,0.8567074598096718
718,359.0,130.8242337972285,-42.59205427908668,0.13528267664928653,-42.45677160243739,0.8454459640010028
719,359.5,132.48198305022206,-42.59377325780541,0.136996921400805,-42.4567763364046,0.8332731616564524
720,360.0,134.19943212192075,-42.59554921225656,0.13877290051938596,-42.45677631173717,0.8202005039921416
721,360.5,135.96479087410293,-42.59738050809504,0.14059842206313614,-42.45678208603191,0.8062525698355958
722,361.0,137.76617154377763,-42.59924285632958,0.14246119313837585,-42.45678166319121,0.791450704553863
723,361.5,139.59161783910113,-42.60113046984941,0.1443488499871341,-42.45678161986228,0.7758177435145845
724,362.0,141.42913118601754,-42.60303393802746,0.146248985128265,-42.45678495289919,0.7593674415877476
725,362.5,143.26670998454324,-42.60492964678258,0.14814918795157253,-42.456780458831005,0.7421195536257182
726,363.0,145.0923897191236,-42.606819414987335,0.15003708619511358,-42.45678232879222,0.7240895270156155
727,363.5,146.89427343509755,-42.608687626126375,0.15190037746028956,-42.45678724866609,0.7053007662391965
728,364.0,148.66057764966246,-42.610513764165574,0.15372687668744056,-42.45678688747813,0.6857718926636901
729,364.5,150.37971158899938,-42.612289162594706,0.1555045980933431,-42.45678456450136,0.6655178055009093
730,365.0,152.04030212884996,-42.61400096333675,0.15722178096175313,-42.456779182374994,0.644563393605713
731,365.5,153.63119342445756,-42.61565387346339,0.15886688926073564,-42.45678698420265,0.6229266471635223
732,366.0,155.1414732096895,-42.617217780749954,0.16042863883805145,-42.456789141911905,0.6006244489027868
733,366.5,156.56050059453784,-42.618684141095606,0.16189602616598692,-42.45678811492962,0.5776767004395398
734,367.0,157.87794054929293,-42.62004340810368,0.16325836400073568,-42.45678504410295,0.5541070280673696
735,367.5,159.08380004984906,-42.621294458492734,0.16450531875952334,-42.45678913973321,0.5299350939111975
736,368.0,160.16850464038234,-42.62241476757197,0.1656269896925139,-42.456787777879455,0.5204019634606212
737,368.5,161.12289803185746,-42.62340269479134,0.1666139084676337,-42.456788786323706,0.5131433261070112
738,369.0,161.93825527897278,-42.62424698541976,0.16745705279658207,-42.456789932623174,0.5067316449827262
739,369.5,162.60632496737637,-42.62493790654714,0.16814789005977274,-42.45679001648737,0.501240058377076
740,370.0,163.119343443181,-42.62546957829129,0.16867839202078527,-42.4567911862705,0.49673981302008974
741,370.5,163.47006791372417,-42.62583315326594,0.16904106905518718,-42.45679208421075,0.4932980260133476
742,371.0,163.65179824740198,-42.62602138774048,0.16922899269329852,-42.45679239504718,0.49098240516518293
743,371.5,163.6584109856115,-42.6260307988329,0.1692358307912487,-42.45679496804165,0.4898550442889519
744,372.0,163.48440011579027,-42.625843960638036,0.1690558896935468,-42.45678807094449,0.4899671734295873
745,372.5,163.12487071722924,-42.62547912848744,0.16868410766234582,-42.4567950208251,0.4913693328207305
746,373.0,162.57557893661735,-42.624906569684015,0.1681160962153397,-42.45679047346867,0.49409362229992243
747,373.5,161.83298739161472,-42.62414015479544,0.16734819741747026,-42.45679195737797,0.4981610051050572
748,374.0,160.8942645294465,-42.62316961492999,0.16637748321766205,-42.456792131712334,0.5035872329738644
749,374.5,159.75731015197826,-42.621994065675565,0.16520178184378337,-42.45679228383178,0.5103734004671803
750,375.0,158.42077710608422,-42.620613719608684,0.16381970023221426,-42.45679401937647,0.5185085638750851
751,375.5,156.88409356432314,-42.61902399693568,0.16223064706783985,-42.456793349867844,0.5279665411438722
752,376.0,155.147485912513,-42.617227593312506,0.1604348564516254,-42.45679273686088,0.5387168554441388
753,376.5,153.212012746842,-42.61522760543339,0.1584334230563366,-42.45679418237705,0.5507125506928232
754,377.0,151.07955595744153,-42.613021662187734,0.15622829290624396,-42.45679336928149,0.5639023671050513
755,377.5,148.75284481236886,-42.610616820938205,0.15382228828187883,-42.456794532656325,0.578232030764712
756,378.0,146.23548102566969,-42.60801107634394,0.15121913364240663,-42.456791942701535,0.5936317336095673
757,378.5,143.5319337062949,-42.60521618334056,0.14842345040240457,-42.456792732938155,0.6100335807125595
758,379.0,140.6475665893311,-42.602231980375706,0.1454407850911225,-42.45679119528458,0.6273724572216286
759,379.5,137.5886418586224,-42.59906523571139,0.1422776133053785,-42.45678762240601,0.6455664004000573
760,380.0,134.36232223049873,-42.595731129634075,0.13894134186429977,-42.45678978776977,0.6645426050187435
761,380.5,130.97666261014334,-42.59223218033662,0.13544030018134218,-42.45679188015528,0.684228702333152
762,381.0,127.44060661220635,-42.58857135335077,0.13178373666632762,-42.456787616684444,0.7045402336534221
763,381.5,123.76399278090744,-42.58477468118555,0.1279818251575255,-42.456792856028024,0.7254021018762113
764,382.0,119.95753599600714,-42.58083540071185,0.12404564569394616,-42.4567897550179,0.7467342731381004
765,382.5,116.0328207569202,-42.57677450359128,0.11998717757057946,-42.4567873260207,0.7684623696783254
766,383.0,112.00227204121822,-42.57260363273337,0.11581926920376538,-42.4567843635296,0.7905038824685602
767,383.5,107.8791140036793,-42.568342290467626,0.11155559542272238,-42.456786695044904,0.8127842053732717
768,384.0,103.67736838941775,-42.56399463543373,0.10721065582859693,-42.456783979605135,0.8352238436683251
769,384.5,99.41180387739092,-42.55958190591147,0.10279972241161542,-42.456782183499854,0.8577403851200402
770,385.0,95.0978827751573,-42.55512074138381,0.0983387844292187,-42.45678195695459,0.8802633058456762
771,385.5,90.75172187750462,-42.55062740951143,0.09384450793076635,-42.45678290158066,0.9027110353593101
772,386.0,86.39003968786139,-42.546113761185666,0.08933418118027282,-42.456779580005396,0.9250025740763552
773,386.5,82.0300770089107,-42.54160515062275,0.08482563254077803,-42.45677951808197,0.9470697214136296
774,387.0,77.68953827275686,-42.53711394788579,0.08033716980506704,-42.45677677808072,0.9688235015803859
775,387.5,73.38654822215418,-42.53266578766554,0.07588753540061076,-42.45677825226493,0.9901979816126663
776,388.0,69.13955968973845,-42.52827087527246,0.0714958110259468,-42.456775064246514,1.011108860566122
777,388.5,64.96724681117662,-42.52395539459735,0.06718130722457166,-42.45677408737278,1.031487516487722
778,389.0,60.88840803274255,-42.519734715470186,0.0629634630870495,-42.456771252383135,1.0512578338243732
779,389.5,56.92188395183153,-42.515636618641004,0.05886176129156105,-42.456774857349444,1.0703451178875587
780,390.0,53.086458892384265,-42.51166718758786,0.05489562632505328,-42.456771561262805,1.0886836500156847
781,390.5,49.40075436173154,-42.50785800247174,0.05108431430913177,-42.45677368816261,1.1061996652584187
782,391.0,45.883123780743574,-42.50421362505287,0.04744680414265129,-42.45676682091022,1.122823540523464
783,391.5,42.55153674411084,-42.50077191370747,0.04400167781762871,-42.45677023588984,1.1384981495112247
784,392.0,39.4234654532233,-42.49753406000314,0.0407670029817955,-42.456767057021345,1.1531548702817291
785,392.5,36.51578663810491,-42.494525751747894,0.03776023151806708,-42.45676552022983,1.1667389558776418
786,393.0,33.84467100258626,-42.491763784238415,0.03499808522204667,-42.456765699016366,1.1791958474235733
787,393.5,31.425472741051134,-42.48926164467606,0.032496441553542296,-42.45676520312252,1.1904702501371875
788,394.0,29.272638700557863,-42.48703281096354,0.03027023970296591,-42.456762571260576,1.2005141958556933
789,394.5,27.399607787217526,-42.48509316935129,0.028333376569517107,-42.45675979278177,1.209289450367477
790,395.0,25.818717385564298,-42.48345870909571,0.02669860999135928,-42.45676009910435,1.2167568506890123
791,395.5,24.541123480450125,-42.48214021736695,0.02537747614529718,-42.45676274122165,1.2228741476038594
792,396.0,23.576718869981317,-42.48113909386606,0.02438020497243978,-42.456758888893624,1.227620160684918
793,396.5,22.934063599159927,-42.48047499797372,0.023715648241045176,-42.45675934973268,1.23096657337748
794,397.0,22.62032892287367,-42.4801463048324,0.023391221599789347,-42.456755083232615,1.2328972606998123
795,397.5,22.641236834704472,-42.480171180296615,0.023412842045738236,-42.45675833825088,1.23339412978574
796,398.0,23.001022330628906,-42.48054509723531,0.02378488890200868,-42.4567602083333,1.2324546201055053
797,398.5,23.702402474514912,-42.48126861295676,0.02451017182902836,-42.45675844112773,1.230070296904492
798,399.0,24.74655013058912,-42.48235185158771,0.025589903661815062,-42.45676194792589,1.2262462064777482
799,399.5,26.133089229298005,-42.483782147111526,0.02702369551450009,-42.456758451597025,1.220987989500326
800,400.0,27.86008622569243,-42.485570622071265,0.02880954794761761,-42.45676107412365,1.2143101022379728
801,400.5,29.924063187447146,-42.48770302567249,0.030943864502159166,-42.45675916117033,1.2062306008142287
802,401.0,32.320022435874876,-42.49017750399263,0.03342147718034466,-42.456756026812286,1.1967689897019211
803,401.5,35.04146849480348,-42.49299806321986,0.03623566914250934,-42.45676239407735,1.1859537902739206
804,402.0,38.080453160027965,-42.496139044538644,0.03937822131250656,-42.45676082322614,1.173820864895172
805,402.5,41.427621296287704,-42.49959865084761,0.042839459735429505,-42.45675919111218,1.1603964373666926
806,403.0,45.072266982815066,-42.5033702130352,0.04660831363657991,-42.456761899398614,1.1457312757249096
807,403.5,49.002399028474976,-42.50743391644917,0.05067238316934008,-42.45676153327983,1.12985751971156
808,404.0,53.20481063578675,-42.511781552813645,0.05501801145331946,-42.456763541360324,1.1128258335461336
809,404.5,57.66515773709408,-42.516391805458156,0.0596303655801932,-42.456761439877965,1.0946909110485628
810,405.0,62.3680368522109,-42.52125772483948,0.06449351712470856,-42.45676420771477,1.0754968987847382
811,405.5,67.2970789077587,-42.526354899653235,0.06959053916135155,-42.45676436049188,1.0553024101486492
812,406.0,72.43503543187552,-42.5316728486047,0.07490359539654054,-42.45676925320816,1.0341617992885739
813,406.5,77.76387654640776,-42.537185578447726,0.08041404150035683,-42.45677153694737,1.012135861013265
814,407.0,83.26487988894486,-42.54287384223744,0.08610251705901022,-42.45677132517843,0.9892811214712405
815,407.5,88.91872242156353,-42.548720774090114,0.09194904051239229,-42.456771733577725,0.9656618649205738
816,408.0,94.70560269069982,-42.55470942100473,0.09793313558052091,-42.45677628542421,0.9413441962308204
817,408.5,100.60532239229897,-42.56081190373904,0.10403391560840113,-42.45677798813063,0.9163852981353166
818,409.0,106.59737108569846,-42.567006360130804,0.11023017116692682,-42.45677618896388,0.8908557330256247
819,409.5,112.66104209669041,-42.57328177231733,0.11650048990587789,-42.456781282411455,0.8648200814093598
820,410.0,118.77552466550472,-42.57960481943935,0.1228233518422734,-42.45678146759708,0.8383464074726122
821,410.5,124.91998984327023,-42.58595926364033,0.12917721818415343,-42.45678204545618,0.8115044058448482
822,411.0,131.07368210909914,-42.592323775045266,0.13554062606994058,-42.456783148975326,0.7843624411488005
823,411.5,137.2160069222797,-42.598676711506094,0.14189227910438013,-42.45678443240171,0.7569961074690169
824,412.0,143.32663874150776,-42.60499531931094,0.14821115905902799,-42.45678416025191,0.7294842237915113
825,412.5,149.38559223357666,-42.61126116057693,0.1544765995077072,-42.45678456106922,0.7019027681034768
826,413.0,155.37327597521983,-42.617454387992794,0.16066834135849006,-42.456786046634306,0.6743351594891385
827,413.5,161.2705793742542,-42.623554958348436,0.16676662273708284,-42.45678833561135,0.6468686668986403
828,414.0,167.05895190424062,-42.629542110394,0.17275226092177484,-42.45678984947222,0.6208185108257547
829,414.5,172.72047289377193,-42.63540109606015,0.17860672451112047,-42.45679437154903,0.59546750222395
830,415.0,178.23789611545888,-42.64110254821648,0.18431217953250165,-42.456790368683976,0.5703018688755737
831,415.5,183.59473032580578,-42.646642087419025,0.18985157272677347,-42.45679051469225,0.5454387616330958
832,416.0,188.77528387663386,-42.65200266072521,0.19520867768002897,-42.45679398304518,0.5209992558571772
833,416.5,193.76470767116828,-42.65716080823138,0.20036813924361396,-42.45679266898777,0.4971225875073397
834,417.0,198.54907009119287,-42.66211055573739,0.20531555101477236,-42.45679500472262,0.4739752753161001
835,417.5,203.11539048322828,-42.66683332158904,0.2100374899640212,-42.456795831625016,0.4522010920039015
836,418.0,207.45165750745096,-42.671316980790436,0.21452153540939423,-42.45679544538104,0.43708983315096134
837,418.5,211.54686885214593,-42.67555303457585,0.21875631008434895,-42.4567967244915,0.422086850431963
838,419.0,215.39110370390787,-42.679528992616234,0.22273155507772607,-42.456797437538505,0.40726348369358156
839,419.5,218.97551114321016,-42.683235205047836,0.22643811783384366,-42.45679708721399,0.39268003068832014
840,420.0,222.29234202210972,-42.686668413388524,0.22986798511658285,-42.45680042827194,0.3784171039249624
841,420.5,225.33505724768824,-42.68981589123807,0.23301439498308973,-42.45680149625498,0.3645250763759789
842,421.0,228.0983344106345,-42.69267418979534,0.23587184363825728,-42.45680234615708,0.35108038305884637
843,421.5,230.57802761252017,-42.695234535887764,0.23843604389292936,-42.45679849199483,0.3502829811539828
844,422.0,232.77114746418476,-42.69750272178293,0.24070390448063766,-42.45679881730229,0.35594072340172456
845,422.5,234.67589183698027,-42.699468490358846,0.2426735618568378,-42.456794928502006,0.36185024477829053
846,423.0,236.29163574905218,-42.701147975370766,0.24434436974051837,-42.45680360563025,0.36798128128307317
847,423.5,237.61890901443016,-42.70251988894398,0.24571687600158065,-42.4568030129424,0.3743008098462456
848,424.0,238.65938915181016,-42.70359371075875,0.24679281532795463,-42.456800895430796,0.38078263109803656
849,424.5,239.4158901321579,-42.704374114665015,0.24757509758972485,-42.45679901707529,0.3873937547716267
850,425.0,239.89234030708087,-42.70486665826221,0.2480677850153092,-42.4567988732469,0.39548344484698417
851,425.5,240.09376453179993,-42.70507641250033,0.24827607370518784,-42.45680033879515,0.4123031579146553
852,426.0,240.02625672258333,-42.7050046554325,0.24820626525410447,-42.45679839017839,0.43050001489916906
853,426.5,239.69693867377222,-42.70466112796034,0.2478657241645909,-42.45679540379575,0.44982900704506434
854,427.0,239.11396003799436,-42.70406288959343,0.24726287782650633,-42.45680001176692,0.47007702157728654
855,427.5,238.28660697594518,-42.703202909166706,0.246407328869564,-42.45679558029714,0.4910544156790659
856,428.0,237.2252729814086,-42.70210659638976,0.24530982499407925,-42.45679677139568,0.5125927506016366
857,428.5,235.94123930049417,-42.70077555211277,0.24398203190697293,-42.4567935202058,0.5345479620951727
858,429.0,234.44657737441065,-42.69922660232349,0.24243643243983015,-42.45679016988366,0.5567998737547342
859,429.5,232.75410400739065,-42.69748103411399,0.2406862801889637,-42.45679475392503,0.57923133374584
860,430.0,230.87726707896888,-42.69553504678159,0.2387454813328079,-42.45678956544879,0.6017573240017317
861,430.5,228.8301074282355,-42.69342316179627,0.2366285552172009,-42.45679460657907,0.6242942757569305
862,431.0,226.62720294201358,-42.691141412387246,0.23435057653810745,-42.45679083584914,0.6467532535242501
863,431.5,224.28358959475418,-42.688711830056015,0.23192709369058198,-42.456784736365435,0.6690556044367345
864,432.0,221.8146905177545,-42.68616269842227,0.22937405542069117,-42.45678864300158,0.6911417700946615
865,432.5,219.2362532485381,-42.6834976667477,0.22670774593637555,-42.456789920811325,0.7129422474845489
866,433.0,216.5642817680051,-42.68073124733375,0.2239447146284504,-42.4567865327053,0.7343964811736302
867,433.5,213.8148996258365,-42.67788851082153,0.22110163453137285,-42.45678687629016,0.7554646787713055
868,434.0,211.00425555511427,-42.67497989490353,0.21819520472124235,-42.45678469018229,0.7760984894393597
869,434.5,208.14841687579326,-42.672024357169306,0.215242040086501,-42.456782317082805,0.7962648094703161
870,435.0,205.26333915626637,-42.66904178005393,0.21225863995557598,-42.45678314009835,0.8159392418084126
871,435.5,202.36505810545142,-42.66604433771448,0.20926158652857965,-42.456782751185905,0.835051015001159
872,436.0,199.4696764145405,-42.663047282780134,0.20626753127063044,-42.4567797515095,0.8535378726586395
873,436.5,196.59300336794084,-42.66007176575894,0.20329282224086426,-42.45677894351808,0.8713701032036184
874,437.0,193.75034871189771,-42.65713080719976,0.200353290936174,-42.45677751626359,0.8885132834665606
875,437.5,190.95646641419765,-42.65424151262053,0.1974641941342638,-42.45677731848627,0.9049446818931056
876,438.0,188.22548618174542,-42.65141825272731,0.19464014307736968,-42.45677810964994,0.9206242174947384
877,438.5,185.57083384961769,-42.64867240439426,0.19189502114820062,-42.45677738324606,0.9355291373034254
878,439.0,183.00515311597294,-42.64602314126142,0.18924190293760254,-42.45678123832382,0.9496371688256792
879,439.5,180.5403094988024,-42.64346484523179,0.18669305833615377,-42.45677178689564,0.9629190478220457
880,440.0,178.18738391819173,-42.64103323011618,0.18425994589771247,-42.456773284218464,0.9753537855944558
881,440.5,175.95656914976482,-42.638724063494394,0.18195310576403118,-42.45677095773036,0.9869154935437205
882,441.0,173.8571016161011,-42.63655330080814,0.17978208913165,-42.45677121167649,0.9975877723127833
883,441.5,171.89728693643,-42.63453050965343,0.1777554846723156,-42.45677502498111,1.0073531056863605
884,442.0,170.08448624232767,-42.63265724423492,0.17588090438232165,-42.456776339852595,1.016192350884433
885,442.5,168.42502851015277,-42.63093759635104,0.17416489292726559,-42.45677270342377,1.0240859028598857
886,443.0,166.92417474562725,-42.62938432933962,0.1726128906060529,-42.45677143873357,1.0310260365815025
887,443.5,165.58611993424242,-42.62799927380561,0.17122923536777218,-42.45677003843783,1.0369947067093643
888,444.0,164.41399057776718,-42.62678491748163,0.17001716026424854,-42.45676775721738,1.041985947620575
889,444.5,163.40985452424272,-42.625751624655024,0.16897880361504097,-42.45677282103998,1.045988045584582
890,445.0,162.57475316424348,-42.62488394938754,0.16811524230094022,-42.456768707086596,1.0489960561517004
891,445.5,161.9087076814704,-42.624198134073936,0.16742649822758018,-42.45677163584636,1.0510027480888124
892,446.0,161.41074449170026,-42.62368293560997,0.16691156463133736,-42.456771370978636,1.0520099072397175
893,446.5,161.0789376930603,-42.62333967617996,0.16656844997629555,-42.456771226203664,1.0520144886452787
894,447.0,160.91043861455336,-42.62316446456025,0.1663942085097742,-42.456770256050476,1.051018442646056
895,447.5,160.90152459113457,-42.62315353454932,0.16638499069964222,-42.45676854384968,1.0490284855658187
896,448.0,161.0476432684139,-42.62330966801832,0.16653608904890863,-42.45677357896941,1.0460462844444702
897,448.5,161.34346948055037,-42.62361326128816,0.1668419969119951,-42.456771264376165,1.0420855078751299
898,449.0,161.7829449590631,-42.62406853630553,0.1672964495568092,-42.45677208674872,1.0371544333666025
899,449.5,162.35931982265757,-42.6246682242986,0.16789246706852867,-42.456775757230076,1.03126533365925
900,450.0,163.0652221397084,-42.62539546090506,0.16862242628274876,-42.45677303462231,1.0244359733689168
901,450.5,163.89271060084204,-42.626253338807444,0.16947811525312764,-42.45677522355432,1.016679103102918
902,451.0,164.83331754398196,-42.62722297029481,0.17045077774270967,-42.4567721925521,1.0080184361246003
903,451.5,165.8781116680091,-42.6283036156732,0.1715311780748447,-42.45677243759835,0.9984665361171426
904,452.0,167.01775551807532,-42.62948490721141,0.17270966057758053,-42.45677524663383,0.9880576458285707
905,452.5,168.24255872622024,-42.63075496612248,0.17397620463870073,-42.45677876148378,0.9768036794351446
906,453.0,169.54261919608064,-42.63209782774993,0.1753205707019581,-42.456777257047975,0.9647344296118004
907,453.5,170.90787504562314,-42.63350717651919,0.1767323539799972,-42.45677482253919,0.9518715242310459
908,454.0,172.32807061066043,-42.63497329370257,0.17820094929928249,-42.45677234440329,0.9382435867339342
909,454.5,173.79282407427328,-42.63649275608678,0.1797156210343067,-42.45677713505248,0.9238784522536652
910,455.0,175.29175021473353,-42.6380451800602,0.18126563003871898,-42.45677955002149,0.9088048802029709
911,455.5,176.81447902515285,-42.639619880874285,0.1828402528995247,-42.45677962797476,0.8930471040355168
912,456.0,178.35062759795457,-42.641213437653136,0.18442875286339,-42.456784684789746,0.8766389972890766
913,456.5,179.88983315818453,-42.64280271300311,0.18602041399571595,-42.45678229900739,0.8596064754484497
914,457.0,181.42180053481988,-42.64438561414498,0.18760459026975276,-42.45678102387523,0.8419960842936463
915,457.5,182.93633542022874,-42.64595027038917,0.18917073995952968,-42.45677953042964,0.8238320870403009
916,458.0,184.42335270432375,-42.64749256443582,0.19070843425803347,-42.45678413017779,0.805162617654168
917,458.5,185.87290100953965,-42.64899727003707,0.19220738264832932,-42.456789887388744,0.786016989774997
918,459.0,187.27521851463348,-42.65044228862887,0.19365749062981602,-42.45678479799905,0.766445058719572
919,459.5,188.62081117704372,-42.65183315964393,0.19504894060637498,-42.45678421903755,0.7464860339612419
920,460.0,189.90052963106137,-42.6531620505298,0.19637227140520336,-42.4567897791246,0.7261890473875228
921,460.5,191.10558376467873,-42.654408198612764,0.19761839335043652,-42.456789805262325,0.7055995545515754
922,461.0,192.22747717982045,-42.655567317550386,0.19877852048980754,-42.456788797060575,0.6847713497687564
923,461.5,193.25798090133847,-42.65663156617104,0.19984414340765383,-42.45678742276339,0.6637646600117791
924,462.0,194.18913252966766,-42.6575989990059,0.20080702834869585,-42.4567919706572,0.6426385930500397
925,462.5,195.01325164764094,-42.65844712601391,0.20165923314991088,-42.456787892864,0.6214644699373906
926,463.0,195.72294992212363,-42.65918469329979,0.20239311768642734,-42.456791575613366,0.600316005167079
927,463.5,196.31114778306525,-42.659790931402696,0.20300136111899275,-42.4567895702837,0.5792788197430735
928,464.0,196.77110662487598,-42.66026935937816,0.20347699519276158,-42.456792364185404,0.5584488774044082
929,464.5,197.09642366524662,-42.66059928919148,0.20381339892090553,-42.456785890270574,0.5379338698337727
930,465.0,197.281066241518,-42.660794015734695,0.204004334049791,-42.4567896816849,0.5178537165483054
931,465.5,197.31938635031625,-42.6608319552977,0.20404396009411968,-42.456787995203584,0.5031852246907279
932,466.0,197.20613118381928,-42.66071775556672,0.20392684523226756,-42.456790910334455,0.5006758430416997
933,466.5,196.93647976666173,-42.66044228321212,0.20364800419176213,-42.45679427902036,0.49902223690802705
934,467.0,196.50606264051925,-42.65999528682808,0.20320291860471026,-42.45679236822337,0.49713534280686494
935,467.5,195.9109928744833,-42.65938005503506,0.2025875690749956,-42.456792485960065,0.49501434865883104
936,468.0,195.14793505651414,-42.658589114300554,0.20179850652093523,-42.45679060777962,0.4926620169071151
937,468.5,194.21410866003774,-42.6576270266947,0.2008328556566092,-42.45679417103809,0.4900763055233349
938,469.0,193.1073055466024,-42.656479656139524,0.19968833309100123,-42.45679132304852,0.4872689261094938
939,469.5,191.8259804797597,-42.65515875216006,0.19836334092656038,-42.4567954112335,0.4863109794367781
940,470.0,190.36924151500423,-42.65364891309176,0.19685695682163315,-42.45679195627012,0.496545668405217
941,470.5,188.73680847757964,-42.651961545814444,0.1951688910532082,-42.45679265476124,0.5066682226019629
942,471.0,186.92903741108324,-42.650090055625206,0.19329951179872065,-42.456790543826486,0.5166617233254067
943,471.5,184.94696122011095,-42.648041774887844,0.19124988716378366,-42.45679188772406,0.5265151680429507
944,472.0,182.79228698376707,-42.64581008113662,0.1890217824041437,-42.45678829873247,0.536213513686715
945,472.5,180.46743301975266,-42.64340673980635,0.18661769825289956,-42.45678904155345,0.5457440875087606
946,473.0,177.97561081932153,-42.640832699931714,0.1840409556477724,-42.45679174428394,0.5550870861667697
947,473.5,175.32084292937412,-42.6380908138713,0.18129571422261473,-42.45679509964869,0.5642360537578276
948,474.0,172.50793277264978,-42.635177296060505,0.17838694109908587,-42.45679035496142,0.5731734317601251
949,474.5,169.5424721406099,-42.63210957084031,0.17532041863488979,-42.456789152205424,0.5818899342108371
950,475.0,166.430829363358,-42.628891935565406,0.17210273219053032,-42.456789203374875,0.5903789443281925
951,475.5,163.1801675059827,-42.62553115810712,0.16874128894577892,-42.45678986916134,0.5986274969579689
952,476.0,159.79844656023965,-42.622033497665136,0.1652443201660484,-42.45678917749909,0.6066320389742009
953,476.5,156.2944232288225,-42.618409433915076,0.16162088097931182,-42.45678855293576,0.6143805099487706
954,477.0,152.6776313169466,-42.61466921585746,0.15788083009943862,-42.456788385758024,0.6218603617125701
955,477.5,148.9583508298262,-42.61082465032266,0.1540347978705247,-42.45678985245214,0.6290743388974362
956,478.0,145.1476055027123,-42.60688151660883,0.15009418371275504,-42.45678733289608,0.6360063904005544
957,478.5,141.2571465394386,-42.6028555215224,0.14607113930676496,-42.45678438221564,0.642647590721723
958,479.0,137.29940067951202,-42.598764088722795,0.14197851489087604,-42.45678557383192,0.6640233111150976
959,479.5,133.28742332524956,-42.594609261760056,0.13782981079082232,-42.456779450969236,0.6858548016997253
960,480.0,129.23484106179362,-42.59042274093757,0.13363911798086864,-42.4567836229567,0.7076868199295159
961,480.5,125.15580195412042,-42.58620460840512,0.12942106668695894,-42.45678354171816,0.7294000288524803
962,481.0,121.06491415830232,-42.58197092592865,0.12519076290587233,-42.45678016302278,0.7508916132002078
963,481.5,116.97716780951079,-42.577742182106384,0.12096370763119751,-42.456778474475186,0.7720581174170417
964,482.0,112.90785462410585,-42.57353340903924,0.11675571371549016,-42.45677769532375,0.7927980243321501
965,482.5,108.87246919869904,-42.56936138446326,0.11258280380564348,-42.45677858065761,0.8130121736290885
966,483.0,104.88662374706101,-42.56524047698092,0.10846112217406033,-42.456779354806855,0.8326695991158968
967,483.5,100.96596489696357,-42.561186594212195,0.10440684867996147,-42.45677974553223,0.8529194561579132
968,484.0,97.12607206981372,-42.55721299503358,0.10043609368583413,-42.456776901347745,0.8722412187344096
969,484.5,93.38232261185658,-42.55333745688675,0.09656475859235478,-42.456772698294394,0.890547195148787
970,485.0,89.74979071067297,-42.549577350264094,0.09280843130999732,-42.4567689189541,0.9077585164564219
971,485.5,86.24316396757015,-42.545956701572045,0.08918229998824087,-42.45677440158381,0.9237986915173898
972,486.0,82.87660756238377,-42.54247306368304,0.085701012551157,-42.456772051131885,0.9386020201833001
973,486.5,79.66364593450496,-42.53914846355038,0.08237855434616882,-42.45676990920421,0.9520989380147509
974,487.0,76.61708749917884,-42.53599838854992,0.07922817029470793,-42.456770218255215,0.9642310152630051
975,487.5,73.74891222771063,-42.53303320285099,0.07626224864119442,-42.456770954209794,0.9749371811841613
976,488.0,71.07016847307298,-42.53026118767856,0.07349221426249801,-42.45676897341606,0.9841704671488605
977,488.5,68.5908796925333,-42.527697553956266,0.07092843221170599,-42.45676912174456,0.9918853850134496
978,489.0,66.31997997686474,-42.52535065769346,0.06858014105019296,-42.45677051664327,0.9980400654224081
979,489.5,64.26523481532205,-42.52322461387229,0.06645537091229549,-42.45676924295999,1.0026046908112785
980,490.0,62.43316934296472,-42.52133159086577,0.06456086930732993,-42.45677072155844,1.0055543990432039
981,490.5,60.82902630657731,-42.51967116083914,0.0629020576530063,-42.45676910318613,1.0068654414042042
982,491.0,59.45672414692238,-42.518250105161854,0.061482987929139525,-42.456767117232715,1.006524659203599
983,491.5,58.31882469474275,-42.51707241419282,0.06030630927274308,-42.45676610492008,1.00452709647057
984,492.0,57.41652776901425,-42.516142426945564,0.059373262392192115,-42.45676916455337,1.0008666622181828
985,492.5,56.74965563995062,-42.51544644714547,0.05868366350073315,-42.45676278364474,0.9955518035998895
986,493.0,56.31666147354862,-42.51500537061857,0.05823591304881628,-42.45676945756975,0.9885904700617599
987,493.5,56.114671276803364,-42.514796044082,0.05802703909878827,-42.45676900498321,0.9800064985240696
988,494.0,56.13951263275482,-42.51482336875235,0.058052727039219244,-42.456770641713135,0.9714059577617612
989,494.5,56.38576116992913,-42.51507633298081,0.05830736763800575,-42.4567689653428,0.9614624057754538
990,495.0,56.846795567656116,-42.51555172215762,0.058784113922249755,-42.45676760823537,0.9501641857058598
991,495.5,57.514845902708196,-42.516242547898855,0.05947493117253365,-42.456767616726324,0.9375475207982745
992,496.0,58.38108640168359,-42.517139819242495,0.060370692836271264,-42.45676912640622,0.9236726527439797
993,496.5,59.43572341857264,-42.518233073685636,0.0614612715035181,-42.45677180218212,0.9085794275274693
994,497.0,60.6680557201865,-42.519505441368196,0.06273560124690568,-42.45676984012129,0.8923258800719048
995,497.5,62.066593993522936,-42.52095532494965,0.06418180120177545,-42.45677352374787,0.8749727740750872
996,498.0,63.61916405501677,-42.522558825473936,0.06578728229276337,-42.456771543181176,0.8565823649125741
997,498.5,65.31299534780503,-42.52431449301554,0.06753883874702003,-42.45677565426852,0.8372220628669756
998,499.0,67.13484431108488,-42.52619653187763,0.06942277566795192,-42.45677375620968,0.816960482184272
999,499.5,69.07109270709545,-42.52820264048826,0.07142501071315153,-42.45677762977511,0.7958617431076791
1000,500.0,71.1078518854813,-42.530306574834576,0.07353118191205273,-42.45677539292252,0.7762245013495293
1001,500.5,73.231078844455,-42.532504675208536,0.07572676768241611,-42.45677790752612,0.7654319960154782
1002,501.0,75.42666978983168,-42.53477494091366,0.07799718357782177,-42.456777757335836,0.7541494247604443
1003,501.5,77.68055892715495,-42.53710698295636,0.0803278844465954,-42.45677909850976,0.7424376907633586
1004,502.0,79.97882431078982,-42.539487154082664,0.08270447388820015,-42.456782680194465,0.7303554841503922
1005,502.5,82.30777605064209,-42.541893289516864,0.0851127954660094,-42.456780494050854,0.7179688972786858
1006,503.0,84.6540501808913,-42.54432245738914,0.08753902977505235,-42.45678342761409,0.7053467640619795
1007,503.5,87.0046812821347,-42.54675048570668,0.08996976953909445,-42.456780716167586,0.6925631639945512
1008,504.0,89.3471842641468,-42.549175793347345,0.09239210418052422,-42.45678368916682,0.6796959331785664
1009,504.5,91.66962292360903,-42.551580461095014,0.09479369071450541,-42.45678677038051,0.6668310249885624
1010,505.0,93.9606742631491,-42.55394840446502,0.09716282025998631,-42.45678558420503,0.6645061892564489
1011,505.5,96.20967660048655,-42.55627128999814,0.09948846778838756,-42.45678282220975,0.6680939773674842
1012,506.0,98.40668722688753,-42.55854858661381,0.1017603517470364,-42.45678823486677,0.6712104889655648
1013,506.5,100.54255178398978,-42.56075061695883,0.10396900580032892,-42.4567816111585,0.6738507484686995
1014,507.0,102.60890274712271,-42.56288948876812,0.10610577726136212,-42.45678371150676,0.6760132315041427
1015,507.5,104.59821108302044,-42.56495206665047,0.1081628805101234,-42.45678918614035,0.6777012676533433
1016,508.0,106.50382666751591,-42.566923557286316,0.110133438788605,-42.45679011849771,0.6789127663802222
1017,508.5,108.3199755603572,-42.56879874023625,0.11201148138274716,-42.4567872588535,0.6796540318384924
1018,509.0,110.04177321054114,-42.570581804081336,0.11379195727780468,-42.45678984680353,0.6799373482283545
1019,509.5,111.66525574241331,-42.572260477808186,0.115470767510666,-42.45678971029752,0.679761806775404
1020,510.0,113.1873743971894,-42.57383378342438,0.11704475942194355,-42.45678902400243,0.6791431372661514
1021,510.5,114.60598339683251,-42.5753008981404,0.11851171410625642,-42.45678918403414,0.678087426565003
1022,511.0,115.91984621552037,-42.576657478534955,0.1198703528974269,-42.456787125637526,0.6766109477421498
1023,511.5,117.12862697240108,-42.577906530712724,0.1211203284679044,-42.45678620224482,0.6747306459330892
1024,512.0,118.23288013931163,-42.579049636962225,0.12226221418572678,-42.4567874227765,0.672459997490862
1025,512.5,119.2340214789613,-42.580084966275216,0.12329747406228742,-42.456787492212925,0.6698212725876983
1026,513.0,120.1343166319603,-42.58101434599014,0.12422845095041397,-42.45678589503973,0.6668303424861237
1027,513.5,120.936855593756,-42.58184206853028,0.12505834015148767,-42.45678372837879,0.6635100099766982
1028,514.0,121.64552088861448,-42.58257771871138,0.1257911565048057,-42.456786562206574,0.6598837442606318
1029,514.5,122.2649579629459,-42.583218523819184,0.1264317037719217,-42.45678682004726,0.6559807255501874
1030,515.0,122.80051551747438,-42.5837728925221,0.1269855129353574,-42.45678737958674,0.654397500576363
1031,515.5,123.25823293154447,-42.584243224152544,0.12745882919433404,-42.45678439495821,0.6676961027741499
1032,516.0,123.64479753394471,-42.58464404154016,0.127858567779401,-42.45678547376076,0.6804232927035558
1033,516.5,123.96750283324565,-42.58497691780499,0.1281922707592786,-42.45678464704571,0.6925588819580981
1034,517.0,124.23420011071123,-42.58525560943686,0.1284680569840735,-42.45678755245278,0.7040680721489825
1035,517.5,124.45322033408242,-42.585474441149145,0.12869454133791197,-42.45677989981123,0.7149231747978366
1036,518.0,124.63334021215512,-42.58566286668334,0.12888079963667018,-42.456782067046674,0.7250986910495648
1037,518.5,124.78369451726421,-42.58582126191359,0.1290362779624399,-42.456784983951145,0.7345778319778403
1038,519.0,124.91372731286474,-42.58595294972635,0.1291707422289633,-42.45678220749738,0.7433253372127536
1039,519.5,125.03312588466275,-42.586076016873555,0.12929420986116036,-42.4567818070124,0.7513259036866712
1040,520.0,125.15173321765441,-42.586200171802815,0.129416859289417,-42.4567833125134,0.7585623211795978
1041,520.5,125.27950977628495,-42.5863289988917,0.12954899042722567,-42.45678000846448,0.7650132639800277
1042,521.0,125.42646467025831,-42.58648114925947,0.12970095349115038,-42.45678019576832,0.7706668300393451
1043,521.5,125.60257078808021,-42.586660888405746,0.12988306124215152,-42.45677782716359,0.7755018981905895
1044,522.0,125.81769047478657,-42.58688475912163,0.130105512130438,-42.45677924699119,0.779515791359274
1045,522.5,126.08152107525898,-42.58715934424805,0.13037833398291845,-42.45678101026513,0.7826943915785304
1046,523.0,126.40351665119178,-42.58749008206595,0.1307113030523107,-42.45677877901364,0.785025441087511
1047,523.5,126.7928172584532,-42.58789200723062,0.13111387088430082,-42.45677813634632,0.7865108074086642
1048,524.0,127.25818123781858,-42.588373153538484,0.13159509430076882,-42.45677805923771,0.7871428250062183
1049,524.5,127.80791389942546,-42.58894064453489,0.13216356165383572,-42.456777082881054,0.7869236986437427
1050,525.0,128.4498104265919,-42.589600901613196,0.1328273337838644,-42.45677356782933,0.7858528555097234
1051,525.5,129.19110870908372,-42.59036650041355,0.13359389524530166,-42.45677260516825,0.7839329419973046
1052,526.0,130.03845031700408,-42.59124362909506,0.13447011395057187,-42.45677351514449,0.7811735258716366
1053,526.5,130.99779532329322,-42.5922360459057,0.13546215308975829,-42.45677389281594,0.7775744918084335
1054,527.0,132.07437368924454,-42.593352491094905,0.13657542085935476,-42.45677707023555,0.773154388598426
1055,527.5,133.2726613755308,-42.59458688765115,0.13781454575916455,-42.456772341891984,0.7831447222386306
1056,528.0,134.59631301337063,-42.59595505433683,0.1391833069689243,-42.4567717473679,0.794447907283028
1057,528.5,136.04813494774348,-42.597456879647126,0.1406846064728413,-42.45677227317429,0.8050373087217721
1058,529.0,137.6300590727286,-42.59909368018631,0.14232044200325056,-42.456773238183054,0.814916759958993
1059,529.5,139.34311732330752,-42.600866943971596,0.1440918806631066,-42.45677506330849,0.8240839417522489
1060,530.0,141.18742038580612,-42.60277233625274,0.14599903691088562,-42.456773299341855,0.8325331335211489
1061,530.5,143.16213826011443,-42.60481351524459,0.14804105246037227,-42.456772462784215,0.8402679526117721
1062,531.0,145.26552641091664,-42.60699141528281,0.1502161233231144,-42.4567752919597,0.8472876078165683
1063,531.5,147.49492914882887,-42.60929220786221,0.15252150330478875,-42.45677070455742,0.8535844397674678
1064,532.0,149.84678399713454,-42.61172298392016,0.15495350852075304,-42.456769475399405,0.8591642964345766
1065,532.5,152.3166427275905,-42.614279865489024,0.15750753914874493,-42.45677232634028,0.8640177808401839
1066,533.0,154.8991834346307,-42.61694997868494,0.16017809191457003,-42.456771886770376,0.8681460865865631
1067,533.5,157.58824744895816,-42.61973412242526,0.162958798263696,-42.45677532416156,0.8715504165307498
1068,534.0,160.37687761300919,-42.62261383782987,0.16584246394113072,-42.456771373888735,0.8742278329269835
1069,534.5,163.2573696689506,-42.62559508645023,0.16882112213070397,-42.45677396431953,0.8761764846527325
1070,535.0,166.2213122611925,-42.62865993785993,0.17188607482085155,-42.456773863039075,0.8773956878158913
1071,535.5,169.2596228889712,-42.631806934907196,0.17502792998244915,-42.45677900492475,0.8778826375169645
1072,536.0,172.36261938584005,-42.63501540323374,0.17823667548429875,-42.45677872774944,0.8776397529802913
1073,536.5,175.52008652488433,-42.63827701731341,0.18150174796822507,-42.45677526934519,0.8766703226462148
1074,537.0,178.7213469779028,-42.64159090792107,0.18481210622652067,-42.45677880169455,0.874962561117224
1075,537.5,181.9553045127347,-42.64493575964804,0.18815627587142214,-42.45677948377662,0.8725315093659878
1076,538.0,185.21051348875898,-42.64829974264011,0.19152242119899124,-42.45677732144112,0.869372407093872
1077,538.5,188.47527000596898,-42.651681855966174,0.194898439444517,-42.45678341652166,0.8654959993944199
1078,539.0,191.7376650449624,-42.65505536702714,0.1982720157334976,-42.45678335129364,0.8608982556837552
1079,539.5,194.98561811493104,-42.658415325869186,0.20163065787634143,-42.45678466799284,0.8555929884873583
1080,540.0,198.20695997694693,-42.66174403511185,0.2049617819108331,-42.45678225320102,0.8495884185660691
1081,540.5,201.3895087813264,-42.665037516026445,0.20825279083423154,-42.456784725192215,0.8428863050545274
1082,541.0,204.52109574741402,-42.66827655667029,0.21149110115821163,-42.45678545551208,0.8355003102728857
1083,541.5,207.58967916694377,-42.67144769556619,0.21466426079741907,-42.45678343476877,0.8274473031564439
1084,542.0,210.58338918762178,-42.67454390111947,0.21775999537926144,-42.45678390574021,0.818730548783592
1085,542.5,213.49055695113233,-42.67755279449012,0.22076623837492698,-42.45678655611519,0.8093726439034019
1086,543.0,216.29980295932367,-42.68045938891722,0.2236712224770582,-42.45678816644016,0.799388212497996
1087,543.5,219.0000874460289,-42.68325287397485,0.22646353168822647,-42.456789342286626,0.7887899232158541
1088,544.0,221.58094402444556,-42.685922921950834,0.22913234293093002,-42.4567905790199,0.7776065317596066
1089,544.5,224.03282122292745,-42.68845426560971,0.23166777922280313,-42.4567864863869,0.7658507286462729
1090,545.0,226.3469796173644,-42.69085155678992,0.23406080330330403,-42.45679075348662,0.753546282877317
1091,545.5,228.51523169213547,-42.69309647002045,0.23630294862922308,-42.456793521391226,0.7407174816949241
1092,546.0,230.52995983347,-42.69517814881311,0.23838633798125117,-42.45679181083186,0.7273955124278236
1093,546.5,232.38414885524014,-42.69709480686838,0.24030371709823936,-42.45679108977014,0.7136045632299823
1094,547.0,234.07140436186748,-42.698840908195024,0.24204847366590693,-42.45679243452912,0.6993745998432065
1095,547.5,235.5859618167917,-42.70040800025561,0.24361464669436017,-42.456793353561245,0.6847350886151463
1096,548.0,236.92275137464534,-42.701792995376294,0.24499699355972426,-42.45679600181657,0.6697299501861174
1097,548.5,238.07745200826324,-42.702985659277104,0.24619104597578179,-42.45679461330132,0.654387006880343
1098,549.0,239.0464672077946,-42.70398690132252,0.24719308486491934,-42.456793816457605,0.6387538240932104
1099,549.5,239.8268906156231,-42.70479546318377,0.24800010482189794,-42.45679535836187,0.6228707976285479
1100,550.0,240.41649094153667,-42.70540658563628,0.2486097985149373,-42.45679678712135,0.6067839032220665
1101,550.5,240.81373068502074,-42.70581310352991,0.24902057604605815,-42.456792527483856,0.5905468439741246
1102,551.0,241.01781035221268,-42.706022350598346,0.24923161067493443,-42.45679073992341,0.5742378387768224
1103,551.5,241.02866830129884,-42.70603481541902,0.24924283865902164,-42.456791976759995,0.561239570541857
1104,552.0,240.84693027617902,-42.70584880070059,0.24905490706734673,-42.45679389363325,0.5667955738380173
1105,552.5,240.4739028025669,-42.705463055047545,0.24866916695154995,-42.456793888095994,0.5723803310534432
1106,553.0,239.91156917350065,-42.704880692585476,0.24808766919458314,-42.456793023390894,0.5779411158553671
1107,553.5,239.16257895593296,-42.70410901300164,0.24731315365968815,-42.45679585934195,0.5834239185281228
1108,554.0,238.23019093723394,-42.70314273459964,0.24634899019253698,-42.4567937444071,0.58878841298178
1109,554.5,237.11830356327837,-42.7019891248857,0.24519921009663825,-42.45678991478906,0.5939794057679809
1110,555.0,235.831528330813,-42.70066168740705,0.24386858202688982,-42.45679310538016,0.5989589965195452
1111,555.5,234.3750713281412,-42.699156095900626,0.24236248949321268,-42.456793606407416,0.6036990101933134
1112,556.0,232.75465752408326,-42.69748225814597,0.2406868525693062,-42.45679540557666,0.6081738207724219
1113,556.5,230.97650468833868,-42.69564406127647,0.23884810092422573,-42.456795960352245,0.612364913597902
1114,557.0,229.04728803010363,-42.69364360712626,0.23685313725589688,-42.45679046987036,0.6162607194223445
1115,557.5,226.97416073004797,-42.69149786083777,0.23470935852281494,-42.45678850231496,0.6198520175055212
1116,558.0,224.76493467504,-42.68921323354432,0.23242484283814405,-42.45678839070618,0.6231279123071074
1117,558.5,222.4280420045729,-42.68679434383034,0.23000830970565964,-42.45678603412468,0.6260899392164239
1118,559.0,219.9723205403077,-42.68425809230223,0.22746889813680748,-42.456789194165424,0.6287445103305457
1119,559.5,217.40702141594295,-42.68160450887534,0.22481617454059646,-42.45678833433474,0.631083422565902
1120,560.0,214.74170170801727,-42.67884625160171,0.22206002169529757,-42.45678622990641,0.6331205652593649
1121,560.5,211.9861054135953,-42.6759955445458,0.21921051566989208,-42.456785028875906,0.6348603536713637
1122,561.0,209.1501356278668,-42.67306163501358,0.21627789705349332,-42.45678373796009,0.6363141033982707
1123,561.5,206.24383465863355,-42.67005946638639,0.2132725503921424,-42.45678691599425,0.6375002523737635
1124,562.0,203.2773557831159,-42.66699080203071,0.21020497498309695,-42.45678582704761,0.6384297734042633
1125,562.5,200.26092014073126,-42.66386941155656,0.20708574029853083,-42.45678367125803,0.6391230245571565
1126,563.0,197.20478856891972,-42.660707378785524,0.20392545686153496,-42.45678192192399,0.6477663184176701
1127,563.5,194.11923805475578,-42.657518799400805,0.20073475189520842,-42.45678404750559,0.6572633625725652
1128,564.0,191.01453285456432,-42.65430287362041,0.19752423945804132,-42.45677863416237,0.666430411875916
1129,564.5,187.90090063291117,-42.65108447175274,0.19430449576973066,-42.45677997598301,0.6752473775137362
1130,565.0,184.78848894021456,-42.64786830375759,0.1910860142055646,-42.456782289552024,0.6837091300639812
1131,565.5,181.68739369450495,-42.644656019154,0.18787923474883014,-42.45677678440517,0.6918007424822553
1132,566.0,178.60773540846105,-42.64147375815135,0.18469462281563956,-42.45677913533571,0.6995138544680741
1133,566.5,175.5595812714638,-42.638317926567936,0.18154258868156828,-42.45677533788637,0.7068312210677798
1134,567.0,172.55282253588132,-42.63521247134875,0.17843336068930896,-42.45677911065944,0.7137439287048554
1135,567.5,169.59711551020365,-42.63215366959024,0.17537692423087314,-42.45677674535936,0.720233284524604
1136,568.0,166.70185097524612,-42.62915772778199,0.17238299012151012,-42.456774737660474,0.7262958716608638
1137,568.5,163.87612243269146,-42.62623695577351,0.1694609617661705,-42.45677599400734,0.7319103716167972
1138,569.0,161.12868151454865,-42.62339584803583,0.1666198890493356,-42.45677595898649,0.737064848942912
1139,569.5,158.46791190632337,-42.6206433803047,0.163868441369499,-42.4567749389352,0.7417436353274284
1140,570.0,155.90179646550308,-42.61798538002272,0.16121487363706113,-42.45677050638566,0.7459368770037823
1141,570.5,153.4378680644956,-42.61543956661581,0.1586669754420132,-42.4567725911738,0.7496315229710037
1142,571.0,151.083182224419,-42.61300677179709,0.15623204275509625,-42.456774729041996,0.7528105957452694
1143,571.5,148.84428300011854,-42.61068900844467,0.15391684265019187,-42.45677216579448,0.7554640448540639
1144,572.0,146.72715151415449,-42.608502189325606,0.15172756008436677,-42.45677462924124,0.7575779282418246
1145,572.5,144.73718621757664,-42.60644120180918,0.1496697774859416,-42.45677142432324,0.7591416634622413
1146,573.0,142.8791578793123,-42.60452000443209,0.14774842820993345,-42.45677157622215,0.7601407232659856
1147,573.5,141.15719191694512,-42.60273655684847,0.145967778266674,-42.4567687785818,0.760570676340164
1148,574.0,139.57472458247224,-42.60110400819262,0.144331381014393,-42.456772627178225,0.7604203200479411
1149,574.5,138.13447058690736,-42.59961079681318,0.14284204368047945,-42.4567687531327,0.7596802437176505
1150,575.0,136.83842596374149,-42.59827602114446,0.1415018303225281,-42.45677419082193,0.7591506244621671
1151,575.5,135.68786548016217,-42.597085093001226,0.14031205915133396,-42.45677303384989,0.7692951804758345
1152,576.0,134.68333430340496,-42.59604311162593,0.1392732939132359,-42.4567698177127,0.7785651096365773
1153,576.5,133.824586330545,-42.59515524582673,0.1383852801182099,-42.456769965708524,0.7869286850860092
1154,577.0,133.1105688656259,-42.594418519593624,0.13764692919479987,-42.45677159039882,0.7943472350778965
1155,577.5,132.53944399111967,-42.593831159512746,0.13705634058990923,-42.45677481892284,0.8008007115792334
1156,578.0,132.10859222119552,-42.593383464556915,0.1366108055465719,-42.45677265901034,0.8062642910853186
1157,578.5,131.81459041507716,-42.593077041165635,0.13630678426460466,-42.45677025690103,0.8107160242659308
1158,579.0,131.65320339272603,-42.59291439443912,0.13613989723055592,-42.45677449720856,0.8141509639651173
1159,579.5,131.61940946256027,-42.59287703067828,0.13610495161540018,-42.45677207906288,0.8165532741340085
1160,580.0,131.7073951904715,-42.59296859066856,0.13619593586528475,-42.456772654803274,0.8179196172675339
1161,580.5,131.9105878663493,-42.59317949771208,0.1364060532745018,-42.45677344443758,0.8182396280115533
1162,581.0,132.22170185370774,-42.593502098545756,0.1367277699146934,-42.45677432863106,0.8175335973697685
1163,581.5,132.63274172753862,-42.59392859895983,0.13715281787964165,-42.45677578108019,0.8157983135649315
1164,582.0,133.13507072766433,-42.594448716035025,0.13767226607148733,-42.456776449963535,0.8130521095728793
1165,582.5,133.71944434927673,-42.59505651232453,0.13827655493602212,-42.45677995738851,0.8093123159578965
1166,583.0,134.37605984555495,-42.59573036530859,0.13895554765233795,-42.45677481765625,0.8046025399265889
1167,583.5,135.09464419923685,-42.596478759052445,0.1396986211024379,-42.456780137950005,0.7989503754014453
1168,584.0,135.86451224329429,-42.597271611230255,0.1404947259726431,-42.45677688525761,0.7923880797523656
1169,584.5,136.67460935054135,-42.59811146299562,0.14133243089804773,-42.45677903209757,0.7849544809317813
1170,585.0,137.51355026933754,-42.59897874863848,0.14219996262172876,-42.45677878601675,0.7767056157687884
1171,585.5,138.36972589897036,-42.59986321973423,0.1430853164089953,-42.45677790332524,0.7676926171772066
1172,586.0,139.2313751947864,-42.60075703678777,0.14397633040302057,-42.45678070638475,0.757966726977659
1173,586.5,140.08662407963206,-42.60164328200432,0.14486072586237078,-42.456782556141945,0.7475886171465649
1174,587.0,140.9236300456652,-42.60250771511285,0.14572625669079428,-42.45678145842206,0.7366271414364683
1175,587.5,141.73068382287656,-42.603345871438755,0.1465608145705698,-42.456785056868185,0.7251479436717868
1176,588.0,142.49620147399716,-42.60413710413703,0.147352420788011,-42.45678468334902,0.7132282666723768
1177,588.5,143.20879118327215,-42.60486928957992,0.14808929529837792,-42.45677999428155,0.7009476922697858
1178,589.0,143.85733360495593,-42.605540873675096,0.14875993981261965,-42.456780933862476,0.6883954080973917
1179,589.5,144.4310435140881,-42.60613891444563,0.14935320154918685,-42.45678571289644,0.6756650732773094
1180,590.0,144.91954724530237,-42.60664507764994,0.14985835331192726,-42.45678672433801,0.6628546061082177
1181,590.5,145.31293221582092,-42.6070500898938,0.15026514470080585,-42.45678494519299,0.6500703305918882
1182,591.0,145.60181556450812,-42.6073537198762,0.15056387309015293,-42.45678984678605,0.6374172845807714
1183,591.5,145.77738591087723,-42.60753400972525,0.1507454268108028,-42.45678858291445,0.6250036786165447
1184,592.0,145.83144273412967,-42.607592876003224,0.1508013258711564,-42.45679155013207,0.6129435805836849
1185,592.5,145.75647630465494,-42.60751623927315,0.15072380461271817,-42.456792434660436,0.6013520589616211
1186,593.0,145.54568820790405,-42.60729592452097,0.15050583293341546,-42.45679009158755,0.5903440925308553
1187,593.5,145.19301553209033,-42.60693221709848,0.15014114129960782,-42.456791075798876,0.5800448620938466
1188,594.0,144.69319691798057,-42.60641409994808,0.14962428904683095,-42.45678981090125,0.5705656943475097
1189,594.5,144.0417847409489,-42.60574421576481,0.14895067697701084,-42.4567935387878,0.562020442302573
1190,595.0,143.23517791979353,-42.60490712937423,0.148116581285393,-42.45679054808884,0.5545242409266617
1191,595.5,142.27065060884672,-42.60391287731526,0.14711918323046944,-42.45679369408479,0.5481716778217305
1192,596.0,141.14636658076722,-42.60274429150064,0.14595658400693123,-42.45678770749371,0.5430546107774873
1193,596.5,139.86137771435307,-42.60141979536256,0.1446278031819468,-42.45679199218061,0.539252139513134
1194,597.0,138.41563970855762,-42.5999221603286,0.1431327949447057,-42.4567893653839,0.5368190255644533
1195,597.5,136.8100281843571,-42.59826166072397,0.14147246475703226,-42.45678919596694,0.5358009790066202
1196,598.0,135.04630563545197,-42.596436952893654,0.13964863517777856,-42.456788317715876,0.5362146072692029
1197,598.5,133.1271455279852,-42.59445312871445,0.13766407078385248,-42.4567890579306,0.5380681974507239
1198,599.0,131.0561197871796,-42.59231472193778,0.1355224652304043,-42.45679225670738,0.5413414964718639
1199,599.5,128.8376855736666,-42.59001868335052,0.13322842757649714,-42.456790255774024,0.5459904533654345
1200,600.0,126.47715486151996,-42.587575646308466,0.13078745082637144,-42.4567881954821,0.5519652311473793
1201,600.5,123.9806733964733,-42.584993885696974,0.1282058901705658,-42.45678799552641,0.5591961215235108
1202,601.0,121.35521820847906,-42.58227907249825,0.12549096041370494,-42.456788112084546,0.5675917021793209
1203,601.5,118.60856086405984,-42.57944177694257,0.12265069797450444,-42.45679107896807,0.5770644998019006
1204,602.0,115.74924453927751,-42.57648316084928,0.11969393717739478,-42.45678922367188,0.5875079210699125
1205,602.5,112.78654506819534,-42.573417821504876,0.11663026997352911,-42.45678755153135,0.5988137432727636
1206,603.0,109.73042198190038,-42.570256088300496,0.11346999531123318,-42.45678609298926,0.6108745487113981
1207,603.5,106.59149675296534,-42.56700835045704,0.11022409663904618,-42.45678425381799,0.6235758503062546
1208,604.0,103.381004995793,-42.56369309389879,0.10690419247707014,-42.456788901421724,0.6368136464791765
1209,604.5,100.11074101906642,-42.56030584630354,0.1035224790797876,-42.45678336722376,0.6504752997201066
1210,605.0,96.79301735018994,-42.55687455333713,0.10009168858111005,-42.45678286475602,0.6644593188482248
1211,605.5,93.44062073035126,-42.55340421018262,0.09662504348976761,-42.456779166692854,0.6786627179897351
1212,606.0,90.06676195433742,-42.549917885493024,0.09313620481968395,-42.45678168067334,0.6929864753401365
1213,606.5,86.68501522342005,-42.54642124054193,0.08963920937602962,-42.4567820311659,0.7073390955700644
1214,607.0,83.30926087026626,-42.542928286522354,0.08614841052821859,-42.45677987599414,0.7216306155401498
1215,607.5,79.95362456233312,-42.53945419522958,0.08267841534137621,-42.456775779888204,0.7357784623887937
1216,608.0,76.63242984350225,-42.53602292253163,0.0792440355006098,-42.45677888703102,0.7497030913870942
1217,608.5,73.36014238804968,-42.532636674189895,0.07586022966517378,-42.45677644452472,0.7633255080129288
1218,609.0,70.15129915343816,-42.529318653602076,0.07254203020681473,-42.456776623395264,0.7765767333548648
1219,609.5,67.02043317984813,-42.52607647311444,0.06930446544649731,-42.456772007667944,0.7893872350378316
1220,610.0,63.981995109256744,-42.522938531201454,0.06616247849888177,-42.45677605270257,0.8016971408441161
1221,610.5,61.05030341240975,-42.51990478587871,0.06313087580304888,-42.45677391007566,0.8134406051815568
1222,611.0,58.23947899643709,-42.516997043834834,0.06022425950156664,-42.45677278433327,0.8245633545263615
1223,611.5,55.56336013062307,-42.514231128916244,0.05745693946696121,-42.456774189449284,0.8350172582701963
1224,612.0,53.035445720925736,-42.511612356256876,0.05484287464305241,-42.456769481613826,0.8447558734594457
1225,612.5,50.668838430156356,-42.50916475827263,0.052395614226689244,-42.45676914404594,0.8537281560468838
1226,613.0,48.47617855640338,-42.50689637346208,0.0501282292927744,-42.4567681441693,0.8619002554379681
1227,613.5,46.46957359541374,-42.504822398706565,0.04805323995615681,-42.45676915875041,0.8692310018320677
1228,614.0,44.66053127363453,-42.50294793216979,0.04618254612246347,-42.45676538604732,0.8756945747395427
1229,614.5,43.05991446786131,-42.50129489099734,0.044527380871425555,-42.456767510125914,0.8812518759106726
1230,615.0,41.67788536341008,-42.49986341192992,0.043098252711980985,-42.456765159217944,0.8858866192063858
1231,615.5,40.52383746840476,-42.498675048412345,0.04190487527963326,-42.45677017313271,0.8895711548002556
1232,616.0,39.60636478788962,-42.497719788898635,0.04095613546002873,-42.45676365343861,0.8922899007586452
1233,616.5,38.933206209901165,-42.497024350636366,0.040260035879725785,-42.45676431475664,0.8940324109404311
1234,617.0,38.51119654173514,-42.496591338950815,0.03982364427379546,-42.45676769467702,0.8947814765241698
1235,617.5,38.34624179978309,-42.49641502621061,0.039653067933544506,-42.45676195827707,0.8945346131424636
1236,618.0,38.44327226390233,-42.496518161931625,0.03975340516099519,-42.45676475677063,0.893289682516323
1237,618.5,38.80622718433443,-42.496893292114066,0.040128729454621,-42.456764562659444,0.8910436367252035
1238,619.0,39.43802884920501,-42.49754667043544,0.040782062693076236,-42.456764607742365,0.8877977371853069
1239,619.5,40.34055061382689,-42.49848188435425,0.04171534207494923,-42.4567665422793,0.8835655256195685
1240,620.0,41.51462020297775,-42.49969724460663,0.042929423533580494,-42.45676782107305,0.8783522823152186
1241,620.5,42.960012923858436,-42.501186845706606,0.044424074718721056,-42.456762770987886,0.8721699328870527
1242,621.0,44.67543285159019,-42.50296056022772,0.04619795554083823,-42.45676260468688,0.8650416724304099
1243,621.5,46.65852030848768,-42.505013638391354,0.04824862590527955,-42.45676501248607,0.8569752290583624
1244,622.0,48.905877132930954,-42.50733536001363,0.05057257184229881,-42.456762788171325,0.8480077454659701
1245,622.5,51.41306284696168,-42.50993418216614,0.05316520154404536,-42.456768980622094,0.8381522088594868
1246,623.0,54.17461568940012,-42.512787961451224,0.05602086711448214,-42.45676709433674,0.8306415154487778
1247,623.5,57.184074620300535,-42.51590102188758,0.05913288732374503,-42.45676813456384,0.8274766536522239
1248,624.0,60.43400475611644,-42.519260686927225,0.06249357391012937,-42.456767113017094,0.823792802694594
1249,624.5,63.91604372621469,-42.52286206454964,0.0660942795164174,-42.45676778503322,0.819589684737382
1250,625.0,67.62091470427625,-42.52669171840643,0.06992541116538445,-42.45676630724105,0.8148740827106874
1251,625.5,71.53848160045185,-42.53074269467798,0.07397648733288348,-42.4567662073451,0.8096431108610558
1252,626.0,75.65778793841632,-42.535005514517316,0.07823617814981537,-42.4567693363675,0.8039100345811415
1253,626.5,79.96710099094692,-42.5394637155872,0.08269235104183194,-42.45677136454537,0.7976764286041235
1254,627.0,84.45396600489036,-42.54410596598477,0.08733212680227033,-42.456773839182496,0.8005199459329215
1255,627.5,89.10524328363674,-42.54891682671841,0.09214191793838437,-42.45677490878003,0.8031193053801378
1256,628.0,93.90718633063929,-42.553877179747865,0.09710750947796729,-42.4567696702699,0.8048027682624022
1257,628.5,98.84548403152455,-42.5589892936568,0.10221410258901312,-42.456775191067784,0.8055519953634637
1258,629.0,103.90531910915324,-42.56422399254812,0.10744637502690497,-42.45677761752122,0.805344566101627
1259,629.5,109.07143424704442,-42.56956280205084,0.1127885495113018,-42.45677425253954,0.8041617509145359
1260,630.0,114.32818848314658,-42.57499955849021,0.11822445204178877,-42.456775106448426,0.8019930328565421
1261,630.5,119.6596284229956,-42.580516682393494,0.12373758553795426,-42.45677909685554,0.7988330640521101
1262,631.0,125.04954780664787,-42.586089445352535,0.12931119143634248,-42.45677825391619,0.7946708604232066
1263,631.5,130.48154687821975,-42.591708032577074,0.13492831108328554,-42.45677972149379,0.7894996617764094
1264,632.0,135.9391011673005,-42.5973521125115,0.1405718568603622,-42.45678025565114,0.783329250989287
1265,632.5,141.40561948172055,-42.60300755433215,0.14622467215353885,-42.456782882178615,0.776155666660223
1266,633.0,146.8645008933936,-42.60864950203528,0.15186959028106858,-42.45677991175421,0.7679910745333711
1267,633.5,152.29921312709658,-42.614272308084914,0.1574895155537327,-42.45678279253118,0.7588486868925709
1268,634.0,157.69335175538217,-42.61985544198458,0.16306748448709438,-42.45678795749749,0.7487320340197461
1269,634.5,163.0307019844157,-42.62537142838623,0.16858672969297486,-42.456784698693255,0.7376675609471193
1270,635.0,168.29528296369207,-42.63081729711902,0.17403072569922945,-42.45678657141979,0.7256633594934548
1271,635.5,173.47141669163284,-42.636170743465314,0.17938326020362272,-42.45678748326169,0.7127464362859193
1272,636.0,178.5438127020946,-42.64141791621823,0.18462852164642252,-42.45678939457181,0.6989479674862586
1273,636.5,183.4975929253686,-42.64654373618022,0.1897511249186536,-42.45679261126157,0.6842765570537106
1274,637.0,188.31834770795982,-42.651528237790714,0.1947361692910106,-42.4567920684997,0.668775181179946
1275,637.5,192.99220767229312,-42.65636091866109,0.1995693127225171,-42.45679160593858,0.652464108488798
1276,638.0,197.5058809433228,-42.66102934194434,0.20423681035580477,-42.45679253158854,0.6353802221479595
1277,638.5,201.8467207304141,-42.66552068133234,0.2087255844021609,-42.45679509693018,0.6175500550670651
1278,639.0,206.00283080708942,-42.66981556388179,0.21302333321598674,-42.456792230665805,0.5990100001384944
1279,639.5,209.9631418993662,-42.67391539331168,0.21711861028642207,-42.45679678302526,0.5797927845396867
1280,640.0,213.7173860299032,-42.67779489791493,0.22100079770714962,-42.45679410020778,0.5599328340750545
1281,640.5,217.25607193063317,-42.681453605539275,0.2246600807510988,-42.456793524788175,0.5394633558549806
1282,641.0,220.57055234252118,-42.68488555366439,0.22808751746375577,-42.45679803620063,0.5184247479813833
1283,641.5,223.6530390201428,-42.688070480349964,0.23127505417909217,-42.45679542617087,0.49684853043757127
1284,642.0,226.49660890438145,-42.69101172814049,0.23421553190262578,-42.45679619623786,0.48575231876744784
1285,642.5,229.0952766787758,-42.69369763367838,0.23690276134046226,-42.45679487233792,0.4749650652665493
1286,643.0,231.44400909003735,-42.69612908228261,0.2393315377078506,-42.45679754457476,0.46448470941878267
1287,643.5,233.53873830527903,-42.698296240453516,0.24149765454162148,-42.4567985859119,0.4544085995060718
1288,644.0,235.37637296613448,-42.70019369639757,0.24339791513102688,-42.45679578126654,0.4448436386462706
1289,644.5,236.95478322270583,-42.70182819597507,0.24503011704165012,-42.45679807893342,0.4359132033251954
1290,645.0,238.27279725990033,-42.703192250344124,0.24639304852336144,-42.456799201820765,0.4277340444425278
1291,645.5,239.3301981783707,-42.704285794688104,0.24748648528496175,-42.456799309403145,0.420428043289343
1292,646.0,240.1277325516586,-42.70510878245762,0.24831119934295062,-42.45679758311467,0.4141118247679266
1293,646.5,240.66708508716408,-42.70566699291619,0.24886893281895062,-42.45679806009724,0.41336741877381344
1294,647.0,240.95085685693437,-42.705961939676016,0.24916237542860908,-42.456799564247405,0.4251216392320577
1295,647.5,240.98264491769706,-42.705988755509146,0.24919524681505367,-42.45679350869409,0.441223357174808
1296,648.0,240.76706510035504,-42.705768402850296,0.24897232011504492,-42.45679608273525,0.4568326231745569
1297,648.5,240.30964446492234,-42.705293567725136,0.2484993107488149,-42.45679425697632,0.47194196289086066
1298,649.0,239.6167678420882,-42.70457758281998,0.24778282113978722,-42.45679476168019,0.48653491524802195
1299,649.5,238.69567588598588,-42.70362236885713,0.24683033870098475,-42.456792030156144,0.5006042687437582
1300,650.0,237.55445934786306,-42.70244545839619,0.2456502299135488,-42.45679522848264,0.5141378489712289
1301,650.5,236.20210747528287,-42.70104345008961,0.24425179037536746,-42.45679165971424,0.5271231524243949
1302,651.0,234.64844589502403,-42.699440979919686,0.24264518056704745,-42.45679579935264,0.5395568504301494
1303,651.5,232.90400007638527,-42.697635261815215,0.24084128466209695,-42.45679397715312,0.5514255847316162
1304,652.0,230.97993572209396,-42.69564059796782,0.2388516488863778,-42.45678894908144,0.5627199847260352
1305,652.5,228.8880064813499,-42.69347817001085,0.23668842744922874,-42.45678974256162,0.5734335463723992
1306,653.0,226.64051386776484,-42.69115728629755,0.2343643410954226,-42.45679294520213,0.5835566695372525
1307,653.5,224.25037789111263,-42.68868225734211,0.23189275014402105,-42.45678950719809,0.5930793918416621
1308,654.0,221.73111632041335,-42.686076416999704,0.22928763304475236,-42.45678878395495,0.6019956981942246
1309,654.5,219.0966688754527,-42.683349420109934,0.22656340457804072,-42.4567860155319,0.6102954117171355
1310,655.0,216.3613018376214,-42.680521681640684,0.2237348172150174,-42.456786864425666,0.6179738384645146
1311,655.5,213.53971167596887,-42.67760379851674,0.22081706827511316,-42.45678673024163,0.6250210377120163
1312,656.0,210.6469887998496,-42.67460984875133,0.2178257624434078,-42.45678408630792,0.6314309864124389
1313,656.5,207.69837955241334,-42.67156073834096,0.21477666565294398,-42.456784072688016,0.6371950200411542
1314,657.0,204.7091759155087,-42.66846874216152,0.21168559103081377,-42.45678315113071,0.642311218260594
1315,657.5,201.69463284736125,-42.66535060089762,0.20856831341873439,-42.45678228747888,0.6467706422517099
1316,658.0,198.66988771081944,-42.662224162248734,0.20544048605543774,-42.4567836761933,0.6505700414069697
1317,658.5,195.6498893442982,-42.65910203591302,0.20231756723037736,-42.45678446868264,0.6538747791021522
1318,659.0,192.6493193615215,-42.65599445863745,0.19921473890139435,-42.456779719736055,0.6600475606228006
1319,659.5,189.6825281871312,-42.6529244973554,0.19614684055044296,-42.45677765680496,0.6656271789623759
1320,660.0,186.76347603853515,-42.64990341103979,0.19312830815412105,-42.456775102885665,0.6706141574497526
1321,660.5,183.90567516270886,-42.64694393714207,0.190173114451923,-42.456770822690146,0.6828738511748025
1322,661.0,181.12211590946174,-42.64406768377578,0.18729469250010922,-42.45677299127567,0.6970721087631777
1323,661.5,178.4251943889614,-42.64128038062335,0.18450586086382503,-42.45677451975953,0.710842183163193
1324,662.0,175.82666502414293,-42.63859423510714,0.18181877455251302,-42.45677546055463,0.7241277854558559
1325,662.5,173.33758531639467,-42.63602195733213,0.17924486790323332,-42.4567770894289,0.7368861556611935
1326,663.0,170.96826439690315,-42.63356868069728,0.17679480137865683,-42.456773879318625,0.7490689950425021
1327,663.5,168.7282154681798,-42.631251020045525,0.1744784123878162,-42.45677260765771,0.7606377749798525
1328,664.0,166.62610696782133,-42.62907859816127,0.17230466478554485,-42.45677393337573,0.7715626520169878
1329,664.5,164.66977022974444,-42.62705196479325,0.17028165679480373,-42.45677030799845,0.7817973698581329
1330,665.0,162.8662319042878,-42.6251864446012,0.16841665453164875,-42.45676979006955,0.7913219459689328
1331,665.5,161.2216752273925,-42.62348182014634,0.1667160519544788,-42.45676576819186,0.8001030385826472
1332,666.0,159.74136061570695,-42.62195581225174,0.16518528875305036,-42.45677052349869,0.8081139787794318
1333,666.5,158.4296233367778,-42.62059730699963,0.16382884793926936,-42.456768459060356,0.8153152576345363
1334,667.0,157.28985265087266,-42.6194185644407,0.1626502342781748,-42.456768330162525,0.821682956664905
1335,667.5,156.32447413954347,-42.61842197704896,0.16165195601426585,-42.45677002103469,0.8272007675870795
1336,668.0,155.53495587693936,-42.61760681747225,0.1608355312531308,-42.45677128621912,0.8318473043780528
1337,668.5,154.92181774798794,-42.616974776301426,0.16020149759718869,-42.45677327870424,0.8356067946506641
1338,669.0,154.484642581081,-42.61651903792999,0.15974942365777287,-42.45676961427222,0.8384709318911727
1339,669.5,154.2221131273195,-42.61624702165713,0.1594779472946154,-42.45676907436251,0.8404287337317369
1340,670.0,154.13204194651146,-42.61615309717717,0.1593848065203491,-42.45676829065682,0.841473656246692
1341,670.5,154.21133351107244,-42.616241531978176,0.1594668003129223,-42.456774731665256,0.8416039468742942
1342,671.0,154.45598477139774,-42.61649217717424,0.15971978920023905,-42.456772387974,0.8408222476615571
1343,671.5,154.8611306017424,-42.61690561981155,0.16013874225481817,-42.45676687755673,0.8391312988010055
1344,672.0,155.42107504466404,-42.617488464453714,0.16071776940303556,-42.45677069505068,0.8365398174496057
1345,672.5,156.12932099191713,-42.618224783809985,0.16145015211753258,-42.456774631692454,0.8330586832698738
1346,673.0,156.97862672532997,-42.61910372236235,0.1623284018849859,-42.45677532047736,0.8287022732592693
1347,673.5,157.96103661131446,-42.620115612027405,0.16334429194667505,-42.45677132008073,0.8234813869311417
1348,674.0,159.06793007411875,-42.62126506192343,0.16448890794072596,-42.4567761539827,0.8174265662522013
1349,674.5,160.29008548888922,-42.622524432688394,0.16575271397262545,-42.45677171871577,0.8105652517701993
1350,675.0,161.61771084882102,-42.62390342806708,0.16712558432749736,-42.45677784373958,0.8137387222834311
1351,675.5,163.0405190752096,-42.62537293109233,0.16859688134669343,-42.456776049745635,0.8163014073773466
1352,676.0,164.54778081713482,-42.626934840163734,0.1701555100268717,-42.45677933013686,0.8180796387774316
1353,676.5,166.1283612430097,-42.6285671953454,0.1717899560653881,-42.45677723928001,0.8190824803047669
1354,677.0,167.7708069647595,-42.63026657810619,0.17348837574682016,-42.45677820235937,0.8193062619060546
1355,677.5,169.46344133482347,-42.63201619874605,0.17523869448765642,-42.4567775042584,0.8187441896298648
1356,678.0,171.19459175370613,-42.63380978552837,0.1770288418904073,-42.456780943637966,0.8174046606345411
1357,678.5,172.95263911033484,-42.63562698704995,0.17884680286887222,-42.45678018418108,0.8152909032390471
1358,679.0,174.72589143133905,-42.637467868755294,0.18068048699143185,-42.45678738176386,0.8124037325832747
1359,679.5,176.50261517122678,-42.63929994804174,0.18251776083758248,-42.456782187204155,0.8087417129133837
1360,680.0,178.27111429594666,-42.641130558918846,0.18434652977663737,-42.456784029142206,0.8043091525204037
1361,680.5,180.01990549357106,-42.642940184384045,0.18615491914952703,-42.456785265234515,0.7991176303104992
1362,681.0,181.7377693189234,-42.64471517348299,0.18793132715641703,-42.45678384632657,0.7931638025510587
1363,681.5,183.41365833601225,-42.64644943522153,0.1896643298686693,-42.45678510535286,0.7864645883019334
1364,682.0,185.03668851488047,-42.648126063248846,0.19134267233249894,-42.45678339091635,0.7790252417584043
1365,682.5,186.596182813299,-42.64974464592489,0.19295531363591645,-42.45678933228898,0.7708564495962139
1366,683.0,188.08172544812203,-42.65127539920239,0.19449148302963126,-42.45678391617276,0.7619705411385992
1367,683.5,189.4831761485858,-42.65272522165293,0.19594069466609776,-42.45678452698683,0.7523772912420968
1368,684.0,190.7907165558266,-42.65407813553236,0.19729279558031218,-42.45678533995205,0.7420905851123551
1369,684.5,191.99489968480756,-42.65532521635023,0.1985380168373841,-42.456787199512846,0.731122178611584
1370,685.0,193.0866607005887,-42.65645365892732,0.19966698467605792,-42.45678667425126,0.7194869066287713
1371,685.5,194.05735743535743,-42.65746219992805,0.20067076240654916,-42.456791437521495,0.7071986370158025
1372,686.0,194.8988069191023,-42.65832934144963,0.2015408881861704,-42.45678845326346,0.6942743473552555
1373,686.5,195.60331861839074,-42.65906367848807,0.20226940939087473,-42.456794269097195,0.6807322166625126
1374,687.0,196.16373004561711,-42.65963565605709,0.20284891943805405,-42.45678673661904,0.6665848087555815
1375,687.5,196.57341079908284,-42.66006501351887,0.20327256196430377,-42.45679245155456,0.6518556087193478
1376,688.0,196.82627850066757,-42.66032567764994,0.20353404730624397,-42.4567916303437,0.6365615374249768
1377,688.5,196.91686336699317,-42.66042049841748,0.20362771927224563,-42.45679277914523,0.6207280880958533
1378,689.0,196.84031450671625,-42.66033964077568,0.20354856165433238,-42.45679107912135,0.6043747678741352
1379,689.5,196.592373131818,-42.66008358967653,0.20329217052652093,-42.45679141915001,0.5875246279093532
1380,690.0,196.16948230159758,-42.65964609953267,0.2028548677288502,-42.45679123180382,0.5702097939335471
1381,690.5,195.56882261837333,-42.659026186701766,0.2022337377795792,-42.45679244892219,0.5685453249367793
1382,691.0,194.7882268047712,-42.65821587146362,0.20142653954130021,-42.456789331922316,0.5690510486953092
1383,691.5,193.82618416447576,-42.657224469881754,0.20043171083371047,-42.45679275904804,0.569399134787757
1384,692.0,192.68186460172313,-42.65603922916503,0.19924839327168095,-42.45679083589335,0.569596293181699
1385,692.5,191.3551048205681,-42.65467030799019,0.19787641799419933,-42.456793889995986,0.5696389077229499
1386,693.0,189.84640458097908,-42.653108022150235,0.19631630179287404,-42.45679172035736,0.5695333456424111
1387,693.5,188.1569443395532,-42.65136611153867,0.19456926535383867,-42.45679684618483,0.5692848157046724
1388,694.0,186.2885826002273,-42.64943062676912,0.19263723051817597,-42.456793396250944,0.5688954252147966
1389,694.5,184.2438447720867,-42.64731390723448,0.190522808760005,-42.45679109847447,0.5683778861292124
1390,695.0,182.025908520479,-42.645018499963626,0.18822928603836583,-42.45678921392526,0.567733323729995
1391,695.5,179.6385943463408,-42.64255151517936,0.18576061305549346,-42.45679090212387,0.5669799567235898
1392,696.0,177.08637228236063,-42.639915447814786,0.1831214121811833,-42.4567940356336,0.5661154608013412
1393,696.5,174.37433129326914,-42.63710909994948,0.18031694581025431,-42.45679215413922,0.5651517840791886
1394,697.0,171.5081667781699,-42.63414584255237,0.17735310343896393,-42.45679273911341,0.5641041182448046
1395,697.5,168.4941792095847,-42.63102481820872,0.17423640025767215,-42.45678841795105,0.5629826019293059
1396,698.0,165.339240340814,-42.62776425244045,0.1709739422065613,-42.45679031023389,0.5617879592233865
1397,698.5,162.050750219753,-42.624366329492716,0.16757338152449835,-42.45679294796822,0.5623115879931755
1398,699.0,158.6366252393503,-42.62083321014593,0.16404290439225733,-42.45679030575367,0.57547392379519
1399,699.5,155.1052766594058,-42.61717726252749,0.16039120872234797,-42.456786053805146,0.5900236101573896
1400,700.0,151.46556152161145,-42.61341691540965,0.1566274534012587,-42.456789462008395,0.604157728215008
1401,700.5,147.7267691636052,-42.60954822528559,0.1527612443439143,-42.45678698094168,0.6178440772514324
1402,701.0,143.8985833546337,-42.60558844155848,0.14880259533893575,-42.456785846219546,0.6310643433987239
1403,701.5,139.99102946624396,-42.60154805863273,0.14476187341892793,-42.4567861852138,0.6437986217518531
1404,702.0,136.014448536985,-42.597434942016775,0.1406497720413156,-42.45678516997546,0.656028223937797
1405,702.5,131.97945191552387,-42.59326181400923,0.1364772641857133,-42.45678454982352,0.6677272954583405
1406,703.0,127.89688435380657,-42.58903976131191,0.13225556418931425,-42.456784197122595,0.6788726176141396
1407,703.5,123.77777854008099,-42.58478203005109,0.1279960807304152,-42.456785949320675,0.6894511311865147
1408,704.0,119.63329264677732,-42.58049332128388,0.12371035224795107,-42.45678296903593,0.6994394281075458
1409,704.5,115.47469196069025,-42.576191465356985,0.11941002794564023,-42.456781437411344,0.7088233845039236
1410,705.0,111.31330124555589,-42.571884255287095,0.11510681853109526,-42.456777436756,0.7175743488187716
1411,705.5,107.16045532290188,-42.567592618951025,0.11081244511248624,-42.45678017383854,0.7256865402966958
1412,706.0,103.02746300934969,-42.563318243780536,0.10653860190683918,-42.456779641873695,0.7331338930839474
1413,706.5,98.92555648718296,-42.559076556245145,0.1022969038851716,-42.45677965235998,0.7399022524327276
1414,707.0,94.86587438808283,-42.55487946001838,0.09809886927972762,-42.456780590738646,0.7479743274201176
1415,707.5,90.85940576292833,-42.55073299087721,0.09395586164428928,-42.45677712923292,0.7596256118419465
1416,708.0,86.91694688391588,-42.54665529296311,0.08987904518412784,-42.45677624777898,0.7704410418994402
1417,708.5,83.04908204866399,-42.5426539001127,0.08587936490591923,-42.456774535206776,0.7804106959464631
1418,709.0,79.26613548049619,-42.538737371102584,0.08196749687880593,-42.45676987422378,0.7895205899740331
1419,709.5,75.57815031936568,-42.53492550544117,0.0781538265093399,-42.45677167893183,0.7977655500477941
1420,710.0,71.99486194587904,-42.53121869395206,0.07444842095639861,-42.45677027299566,0.805133144645971
1421,710.5,68.52567302876378,-42.52763176825502,0.0708610033282792,-42.45677076492674,0.8154404521737619
1422,711.0,65.1796218656492,-42.5241712349622,0.06740091994454461,-42.45677031501766,0.8258094636216851
1423,711.5,61.96536268833974,-42.52084927044271,0.0640771199701077,-42.4567721504726,0.8361721267498061
1424,712.0,58.89115661959285,-42.51766932276526,0.06089814606381932,-42.45677117670144,0.8465263036533976
1425,712.5,55.96484822485975,-42.514642516561715,0.05787211013110089,-42.456770406430614,0.8568648200022329
1426,713.0,53.19385065570269,-42.51177265009528,0.055006677961054615,-42.45676597213423,0.8671880136667462
1427,713.5,50.58513765247976,-42.5090789865463,0.0523090609566027,-42.4567699255897,0.8774857074001204
1428,714.0,48.14523509723332,-42.506556820067665,0.049786007399501224,-42.45677081266816,0.8877457359269781
1429,714.5,45.8802120890123,-42.50421178749693,0.047443793221512674,-42.45676799427542,0.897960535404847
1430,715.0,43.79568585337948,-42.50206026607809,0.0452882270812274,-42.45677203899686,0.9081047818668523
1431,715.5,41.89680359379931,-42.500095361897316,0.04332463159695335,-42.45677073030036,0.9181652652175825
1432,716.0,40.188244908769015,-42.49832445946866,0.04155784584622205,-42.45676661362244,0.9281165553680256
1433,716.5,38.6742215841007,-42.49676126873034,0.039992225150991795,-42.45676904357935,0.9379372844312013
1434,717.0,37.35846732292709,-42.49540097975536,0.0386316304576557,-42.4567693492977,0.9475938953859142
1435,717.5,36.244251069120544,-42.49424702445406,0.03747944211451798,-42.456767582339545,0.9570586761918944
1436,718.0,35.33436514042998,-42.49330716555721,0.03653854760051251,-42.4567686179567,0.9663011390637273
1437,718.5,34.631125701272,-42.492577582053045,0.03581134201410646,-42.45676624003894,0.9774221127858423
1438,719.0,34.13637556392019,-42.49206707114647,0.03529973096995317,-42.45676734017652,0.9970925639325254
1439,719.5,33.851481092152476,-42.49177349536158,0.03500512739701685,-42.456768367964564,1.0159174710424927
1440,720.0,33.777338980746066,-42.491694979343315,0.03492845854911031,-42.456766520794204,1.033844059566028
1441,720.5,33.91436770322227,-42.49183796215151,0.035070157161182024,-42.45676780499033,1.0508356046513954
1442,721.0,34.262504142442516,-42.49219600422562,0.03543015796508404,-42.45676584626054,1.0668475723233923
1443,721.5,34.82120686975379,-42.49277441948905,0.03600790108046949,-42.456766518408585,1.0818300576074344
1444,722.0,35.58943772117817,-42.49356885301508,0.03680231296310535,-42.45676654005197,1.095757118657178
1445,722.5,36.565665220659795,-42.49457819146061,0.03781180994478239,-42.45676638151583,1.1085816995534867
1446,723.0,37.74786313764703,-42.49580617164911,0.03903429674174028,-42.45677187490737,1.1202741907050968
1447,723.5,39.13349775559912,-42.49723676101121,0.04046715328928952,-42.45676960772192,1.130797083994121
1448,724.0,40.71952588728306,-42.49887615154084,0.04210723268947031,-42.456768918851374,1.1401226732113035
1449,724.5,42.50238978622342,-42.500719706096305,0.04395085594908648,-42.45676885014722,1.1482321910387727
1450,725.0,44.47802641857556,-42.50276411248576,0.04599382156756077,-42.45677029091819,1.1550972137703892
1451,725.5,46.64186490480854,-42.50500292288944,0.04823140289143121,-42.45677151999801,1.1606963632576064
1452,726.0,48.988820627555924,-42.50742462948093,0.0506583420213996,-42.45676628745953,1.1650206757607653
1453,726.5,51.513304096623884,-42.5100414239712,0.05326885897945592,-42.456772564991745,1.1680599935477964
1454,727.0,54.209217403263466,-42.51282629620283,0.05605664804231346,-42.45676964816052,1.1698012539534492
1455,727.5,57.06996147504447,-42.51578553447618,0.059014885243526195,-42.45677064923265,1.1702483806918622
1456,728.0,60.08844729224131,-42.51890877225504,0.062136239972125015,-42.45677253228291,1.1694013285346296
1457,728.5,63.257102871749396,-42.52218838189126,0.06541288219454353,-42.45677549969672,1.1672618807266277
1458,729.0,66.56789451770177,-42.525608759451096,0.06883650442944801,-42.45677225502165,1.1638487924642027
1459,729.5,70.01234204962623,-42.529172024128314,0.07239833749486468,-42.45677368663345,1.159175843632778
1460,730.0,73.58153701012891,-42.532864513714394,0.07608916933637459,-42.456775344378016,1.1532606824354945
1461,730.5,77.26617885081203,-42.53667510584973,0.0798993824462344,-42.456775723403496,1.1461267534833426
1462,731.0,81.05659774667072,-42.54059408882141,0.08381897745527975,-42.45677511136613,1.13780602161992
1463,731.5,84.94276493240933,-42.54461392048562,0.08783758382149935,-42.45677633666412,1.1283297972908064
1464,732.0,88.91433719108358,-42.54871804485628,0.09194450583483421,-42.45677353902145,1.117737775346066
1465,732.5,92.96071114485746,-42.55290492711173,0.09612877875814396,-42.45677614835359,1.1060692418567604
1466,733.0,97.07104564286223,-42.55715543060732,0.100379191978036,-42.45677623862928,1.09336998767668
1467,733.5,101.23429225442061,-42.561460932889446,0.10468432053728785,-42.45677661235216,1.0796918584939559
1468,734.0,105.43924507807913,-42.56581125956923,0.10903257664135342,-42.456778682927876,1.0650873217918189
1469,734.5,109.67458229900949,-42.57019285635274,0.11341225263202563,-42.456780603720716,1.0496137647745774
1470,735.0,113.92891827003527,-42.57459060834446,0.11781157484336582,-42.45677903350109,1.03332924295301
1471,735.5,118.19084183073183,-42.578998668534624,0.12221874322670477,-42.45677992530792,1.0163009391348048
1472,736.0,122.44894546359738,-42.58340417524529,0.12662196150044563,-42.456782213744845,0.9985967308592774
1473,736.5,126.69188089788156,-42.58779285031285,0.13100949464885095,-42.456783355664,0.9802861103926063
1474,737.0,130.9084022354578,-42.59214961506868,0.13536971351762928,-42.45677990155105,0.9614453927985358
1475,737.5,135.0873997508399,-42.59647522460413,0.13969112976584416,-42.456784094838284,0.9421521753179725
1476,738.0,139.2179476980303,-42.60074652368503,0.14396244530200267,-42.45678407838303,0.9224813079753582
1477,738.5,143.2893499024471,-42.604957215770064,0.14817259942973873,-42.45678461634032,0.9025246677038964
1478,739.0,147.29116510522965,-42.60909763667782,0.15231079505584375,-42.45678684162197,0.8823635143314046
1479,739.5,151.21325025916713,-42.61315679657428,0.15636654346170473,-42.45679025311257,0.8620871041614412
1480,740.0,155.04579602941766,-42.61711490545126,0.16032970101387511,-42.45678520443739,0.8417942227606435
1481,740.5,158.77936413902538,-42.620979057227856,0.16419050778231384,-42.45678854944554,0.821580326449254
1482,741.0,162.404919832782,-42.624730757548605,0.1679396211106034,-42.456791136438,0.801539037184218
1483,741.5,165.91384615937642,-42.6283569114741,0.17156813038483007,-42.45678878108927,0.7817792321826853
1484,742.0,169.29798875192276,-42.63185465037179,0.17506760334021626,-42.456787047031575,0.7624022421031262
1485,742.5,172.54967793549397,-42.63521891457881,0.17843010892207098,-42.456788805656736,0.7435185924649523
1486,743.0,175.6617473726848,-42.63843696116399,0.18164823656678672,-42.4567887245972,0.7252358897400263
1487,743.5,178.62755545083476,-42.641507780505876,0.1847151183179314,-42.456792662187944,0.7076701982727662
1488,744.0,181.44099427474288,-42.644415694579095,0.18762443812543156,-42.45679125645366,0.6909283189411572
1489,744.5,184.09652035730232,-42.647165879531606,0.1903704635821329,-42.45679541594947,0.6751234036005325
1490,745.0,186.5891874342752,-42.64974197362642,0.19294807985689058,-42.45679389376953,0.6603699482976352
1491,745.5,188.9146262768287,-42.652143197426824,0.19535276881912414,-42.4567904286077,0.6467681220440824
1492,746.0,191.06907484962494,-42.65437604428414,0.1975806402246839,-42.456795404059456,0.6344243357120586
1493,746.5,193.04938959628507,-42.65642127072719,0.19962844338591984,-42.456792827341275,0.6234244872132382
1494,747.0,194.85304946461437,-42.65828846018522,0.20149357133408488,-42.456794888851135,0.6138537774434758
1495,747.5,196.47817626987668,-42.65996269010529,0.2031740818765823,-42.456788608228706,0.6057822689697837
1496,748.0,197.92353326153187,-42.66146136331247,0.20466869611485822,-42.45679266719761,0.5992627790556693
1497,748.5,199.18853475659,-42.66277238705085,0.20597680840605698,-42.456795578644794,0.5943259384408995
1498,749.0,200.2732630101022,-42.66389380852999,0.20709850380845224,-42.45679530472154,0.5909955442222977
1499,749.5,201.17843734292993,-42.66482519219444,0.20803452615710186,-42.45679066603734,0.5892638382794922
1500,750.0,201.90540533378228,-42.66557938667846,0.20878626895571278,-42.456793117722746,0.5891061576945956
1501,750.5,202.45616669911237,-42.66614640205944,0.20935580007035592,-42.456790601989084,0.5904849498997903
1502,751.0,202.8333528157216,-42.66653743051556,0.209745840554208,-42.456791589961355,0.5933370963260145
1503,751.5,203.04022705528615,-42.666751426560964,0.2099597649934786,-42.456791661567486,0.5975846571162783
1504,752.0,203.08066287171084,-42.66679102660815,0.21000157884798898,-42.456789447760166,0.6031438550949602
1505,752.5,202.95914197939302,-42.66666810628416,0.20987591656735186,-42.456792189716815,0.6099130166810175
1506,753.0,202.6807526648575,-42.66638069437819,0.20958803984506735,-42.456792654533125,0.6177879500509003
1507,753.5,202.25116458383806,-42.6659348519359,0.20914381155669828,-42.4567910403792,0.626661153030496
1508,754.0,201.67662384667906,-42.66534173247553,0.2085496906777838,-42.45679204179775,0.6364218026912717
1509,754.5,200.96392794659363,-42.66460716908633,0.2078127063576618,-42.456794462728666,0.6469605086411795
1510,755.0,200.12038329904328,-42.66372687550654,0.20694041401180588,-42.45678646149474,0.6581684612088402
1511,755.5,199.15379219243587,-42.66272857365776,0.2059408818278076,-42.45678769182995,0.669947770233528
1512,756.0,198.0724104186305,-42.661612930376414,0.20482264695194438,-42.45679028342447,0.6821966668223799
1513,756.5,196.88491055094812,-42.66038298859151,0.2035946775157179,-42.45678831107579,0.6948313586173273
1514,757.0,195.6003778834782,-42.659050286394525,0.20226636843677365,-42.45678391795775,0.7077658479806411
1515,757.5,194.2283058210944,-42.65763238539589,0.2008475366518103,-42.456784848744086,0.72092475497177
1516,758.0,192.7785312533783,-42.656133668591984,0.1993483542880696,-42.456785314303914,0.734240923594883
1517,758.5,191.26116343965296,-42.65456155967227,0.1977792751247977,-42.45678228454747,0.7476553517165125
1518,759.0,189.68656651304318,-42.65293750103986,0.1961510165010501,-42.45678648453881,0.7611033590383681
1519,759.5,188.06535028900961,-42.651256445883305,0.19447454981098372,-42.45678189607232,0.774535428385477
1520,760.0,186.40826468913735,-42.64954056799106,0.1927609913296463,-42.45677957666141,0.7879095656787645
1521,760.5,184.72610736113938,-42.647805855892074,0.1910215066847028,-42.45678434920737,0.80118971076302
1522,761.0,183.02965518336063,-42.64604645815759,0.1892672400266375,-42.456779218130954,0.8143515316086971
1523,761.5,181.3296349326154,-42.644288615402665,0.18750928369696182,-42.456779331705704,0.8273778675815378
1524,762.0,179.6367576946417,-42.642539611233325,0.18575871381136477,-42.45678089742196,0.8402299478539476
1525,762.5,177.96173078808957,-42.640805710311106,0.1840266025900664,-42.45677910772104,0.8528541305095845
1526,763.0,176.31526792319136,-42.63910496834198,0.18232402886269172,-42.45678093947929,0.867131964459645
1527,763.5,174.70807897120542,-42.637441872296016,0.18066206748906108,-42.456779804806956,0.8895296151838521
1528,764.0,173.15069959844485,-42.635829090094035,0.17905161318720755,-42.45677747690683,0.9107180814595052
1529,764.5,171.65332079001527,-42.634280570920495,0.1775032042473452,-42.45677736667315,0.9306580248256453
1530,765.0,170.22570804961478,-42.63280473718723,0.17602693897802707,-42.4567777982092,0.9493195830641722
1531,765.5,168.8771092954652,-42.63141058421525,0.1746323804632031,-42.45677820375205,0.9666710164483255
1532,766.0,167.6162053100342,-42.63010221324726,0.17332850532328636,-42.45677370792398,0.9826776350102021
1533,766.5,166.45104388201918,-42.62889638066336,0.17212363561271968,-42.45677274505064,0.9973176342659443
1534,767.0,165.3890185396273,-42.627800923615695,0.17102541682849323,-42.4567755067872,1.0105683835927437
1535,767.5,164.4368796789442,-42.62681679522586,0.17004082941776427,-42.45677596580809,1.0224168238426712
1536,768.0,163.6007186056645,-42.6259448667941,0.16917617227573548,-42.45676869451837,1.0328406186391421
1537,768.5,162.88590844893415,-42.6252084284751,0.16843700164586226,-42.456771426829235,1.0418325667026682
1538,769.0,162.29713668219003,-42.624597767068266,0.16782816474899095,-42.45676960231928,1.0493905057559023
1539,769.5,161.83853995137545,-42.624124635747314,0.1673539392064713,-42.45677069654084,1.0555108250941363
1540,770.0,161.51360990896399,-42.62379382329121,0.1670179356650378,-42.45677588762617,1.0601900795429606
1541,770.5,161.3250459596267,-42.62359583541169,0.16682294552410223,-42.45677288988759,1.0634369993899184
1542,771.0,161.2747498672222,-42.62354187724891,0.16677093535895177,-42.45677094188996,1.0652672448558724
1543,771.5,161.36382254422142,-42.62363294771785,0.16686304360075846,-42.456769904117095,1.0656840822274218
1544,772.0,161.59257083656115,-42.623870349203486,0.16709958755265836,-42.45677076165083,1.0647148905329686
1545,772.5,161.96054588879537,-42.624253947365226,0.1674801030623732,-42.45677384430285,1.0623746392375033
1546,773.0,162.46655872291035,-42.62477350449953,0.16800336063194604,-42.45677014386759,1.0586931619047066
1547,773.5,163.10865459976023,-42.625442021016866,0.1686673389054237,-42.456774682111444,1.0633714847856865
1548,774.0,163.88414193082573,-42.62624649587141,0.1694692545659179,-42.456777241305495,1.069000317848909
1549,774.5,164.78962690237302,-42.62718014931249,0.17040559813974296,-42.45677455117274,1.0741275219204651
1550,775.0,165.82101676998374,-42.62824598154805,0.1714721374032222,-42.45677384414483,1.078727415318382
1551,775.5,166.97354987920065,-42.62943854917412,0.17266394842642643,-42.45677460074769,1.0827678761600485
1552,776.0,168.2418411309714,-42.630750089799854,0.17397546258806382,-42.45677462721179,1.086218623218619
1553,776.5,169.61990698388084,-42.632175821293785,0.17540049242977895,-42.456775328864005,1.089044008057398
1554,777.0,171.1012057212597,-42.63371050241062,0.17693227329555053,-42.45677822911507,1.091218685500626
1555,777.5,172.6786980730627,-42.63534084349353,0.17856352601954092,-42.45677731747399,1.0927039213924052
1556,778.0,174.34489262423168,-42.637063821141055,0.18028650388196027,-42.456777317259096,1.0934690709296275
1557,778.5,176.09185037141424,-42.63887232655418,0.18209299732107623,-42.4567793292331,1.09348337820858
1558,779.0,177.91119540541814,-42.6407514231018,0.1839743449797227,-42.45677707812207,1.0927215910431778
1559,779.5,179.79416181207907,-42.64270235529699,0.1859214822045323,-42.456780873092455,1.091152172585697
1560,780.0,181.73163610278695,-42.644706294233416,0.18792498492247975,-42.456781309310934,1.0887557456183465
1561,780.5,183.71419314551585,-42.646755361400835,0.18997510679642832,-42.4567802546044,1.0855072720716987
1562,781.0,185.7321405641546,-42.6488406476503,0.19206182513757372,-42.45677882251273,1.0813951448307446
1563,781.5,187.77555278329612,-42.65095998364545,0.19417487611046755,-42.456785107534984,1.076395829457491
1564,782.0,189.83431562212797,-42.6530880118203,0.1963038008466517,-42.45678421097365,1.0704973235392934
1565,782.5,191.89817521001743,-42.65522230082246,0.19843799602726886,-42.45678430479519,1.0636955485772863
1566,783.0,193.9567717037905,-42.65735451629555,0.2005667487494144,-42.45678776754613,1.0559782872831487
1567,783.5,195.99969567191565,-42.65946275354446,0.20267929483187277,-42.456783458712586,1.0473489663279316
1568,784.0,198.01656732678717,-42.66154822025366,0.2047649007476085,-42.45678331950605,1.037807926137212
1569,784.5,199.9970426242132,-42.66359974416444,0.20681286993112274,-42.45678687423332,1.0273564647784952
1570,785.0,201.930806028841,-42.66559887741501,0.2088125352973267,-42.45678634211768,1.0160125779594837
1571,785.5,203.80763172329682,-42.66754003167913,0.21075332253666704,-42.45678670914246,1.0037816527196393
1572,786.0,205.6174233191777,-42.66940991282277,0.21262479117945404,-42.45678512164332,0.9906867072775161
1573,786.5,207.3503960832783,-42.67120709885374,0.21441682303229267,-42.45679027582145,0.9767396100174677
1574,787.0,208.99722802807725,-42.6729109920161,0.2161197784176784,-42.45679121359842,0.9619764285503575
1575,787.5,210.54902701657892,-42.67451452981142,0.21772446215778382,-42.456790067653635,0.9464130666996972
1576,788.0,211.9973542828429,-42.676010520841004,0.21922214789655928,-42.456788372944445,0.9300739754472398
1577,788.5,213.33412774261987,-42.677395758766494,0.22060447811523,-42.45679128065127,0.9129885173430342
1578,789.0,214.5515303234508,-42.67865610794502,0.22186336933831813,-42.4567927386067,0.8951984269029925
1579,789.5,215.6420518853765,-42.679779133434636,0.22299105548299475,-42.45678807795164,0.8767494909766863
1580,790.0,216.59847652356842,-42.680769790166394,0.22398007472898915,-42.4567897154374,0.8576844462745181
1581,790.5,217.4139385243235,-42.681614464412526,0.2248233273815437,-42.45679113703098,0.8380609337300301
1582,791.0,218.0820046291375,-42.68230592959565,0.2255141609390173,-42.45679176865663,0.817935047333167
1583,791.5,218.596644679357,-42.68283860104955,0.22604633973711774,-42.45679226131244,0.7973747282807686
1584,792.0,218.9522106390188,-42.68320817412085,0.22641402325684679,-42.456794150864006,0.7764571581460067
1585,792.5,219.14345153147815,-42.683402903743215,0.22661178157016357,-42.45679112217305,0.7552602143261319
1586,793.0,219.16552401053013,-42.68342974815643,0.22663460627136583,-42.45679514188506,0.7338805773199045
1587,793.5,219.0139920920015,-42.68327265208907,0.22647791019953462,-42.45679474188954,0.7124135070397737
1588,794.0,218.684885931123,-42.68292699516509,0.2261375882190182,-42.45678940694607,0.6909785349270489
1589,794.5,218.1747426490636,-42.68240405697331,0.22561005943732004,-42.45679399753599,0.6697052648513058
1590,795.0,217.48057176023113,-42.681686234426024,0.22489223145417414,-42.45679400297185,0.6487386576877202
1591,795.5,216.5998977128769,-42.68077744872747,0.22398154435191828,-42.456795904375554,0.6282344021256177
1592,796.0,215.5307761770736,-42.679669260933856,0.22287598753856028,-42.4567932733953,0.608369717047327
1593,796.5,214.2717553195314,-42.67836736019354,0.22157405970285377,-42.45679330049069,0.5893353050420643
1594,797.0,212.82188953650763,-42.676869946012225,0.2200747830152205,-42.456795162997004,0.5713526862123073
1595,797.5,211.18083305114274,-42.675169912793365,0.21837779991484987,-42.45679211287852,0.554657059048621
1596,798.0,209.3489188183111,-42.67327497133748,0.21648345470359864,-42.45679151663388,0.5428795713052642
1597,798.5,207.32713222191506,-42.67118408398416,0.21439276634689833,-42.45679131763726,0.5529340470479861
1598,799.0,205.11709392790306,-42.66890181411834,0.21210741074241016,-42.45679440337593,0.5624693115615497
1599,799.5,202.72103762458022,-42.66642466313881,0.20962969770173362,-42.456794965437076,0.5714886269058125
1600,800.0,200.14180974645114,-42.663758897205284,0.20696257066483786,-42.45679632654045,0.579999029127267
1601,800.5,197.38287354098145,-42.6609016469479,0.20410961090541696,-42.45679203604248,0.5880052178245833
1602,801.0,194.44831341078458,-42.6578652898382,0.20107504202105692,-42.45679024781714,0.5955144824189921
1603,801.5,191.3428758826546,-42.654655359527794,0.19786377229847843,-42.45679158722932,0.6025383827922808
1604,802.0,188.07197145111692,-42.65127357724255,0.1944813966199151,-42.456792180622635,0.609075934058195
1605,802.5,184.64167057982664,-42.647724650815825,0.19093419232824083,-42.45679045848758,0.6151391756030208
1606,803.0,181.05871034177875,-42.64402216919585,0.18722912609347606,-42.45679304310237,0.6207382708537293
1607,803.5,177.33050816928449,-42.64016351693756,0.18337386813135836,-42.45678964880621,0.6258793946128984
1608,804.0,173.46516443587217,-42.63616389142255,0.1793767948732336,-42.45678709654931,0.630569385881822
1609,804.5,169.47146318907716,-42.632033763433384,0.17524698972381894,-42.45678677370957,0.6348228152120879
1610,805.0,165.35887760440306,-42.627780806411515,0.17099424870103325,-42.45678655771048,0.6386346139972625
1611,805.5,161.1375317110679,-42.62341547927301,0.16662904085737032,-42.456786438415634,0.6420234090683152
1612,806.0,156.81819636945625,-42.61894920046271,0.16216250412026417,-42.45678669634244,0.6449969268641483
1613,806.5,152.41227796985467,-42.61439631458968,0.15760643360568133,-42.456789880984005,0.6552632988336802
1614,807.0,147.93180279287213,-42.60975850486152,0.15297326544555012,-42.456785239415964,0.680918689525746
1615,807.5,143.3893887895475,-42.6050596565198,0.14827604760614416,-42.45678360891365,0.7074478603946618
1616,808.0,138.79819799226124,-42.60030932001017,0.14352839067717527,-42.45678092933299,0.7346435960237202
1617,808.5,134.17191380116995,-42.59552392174133,0.13874444438415776,-42.45677947735717,0.7623196970662183
1618,809.0,129.52469599225412,-42.590723863102795,0.13393885106314657,-42.456785012039646,0.7902917328395566
1619,809.5,124.87113636177844,-42.58590682682201,0.12912669979357688,-42.45678012702844,0.8183913069134023
1620,810.0,120.22618275194719,-42.58110314913117,0.12432344783474103,-42.456779701296426,0.8464586295685644
1621,810.5,115.60508673495464,-42.57632484902827,0.11954486652693021,-42.45677998250134,0.8743389855607117
1622,811.0,111.02333938392331,-42.571582558237324,0.11480697487346939,-42.45677558336386,0.9018877598950445
1623,811.5,106.49657023912225,-42.56690047374697,0.11012593506374062,-42.45677453868323,0.928967719241653
1624,812.0,102.04049344620356,-42.562294300441295,0.10551799677583008,-42.456776303665464,0.955439153165088
1625,812.5,97.67084820454762,-42.55777385015681,0.10099943559537426,-42.45677441456144,0.9811618860787166
1626,813.0,93.4032715440057,-42.55335738212354,0.0965864214565797,-42.45677096066696,1.0060188062947941
1627,813.5,89.25317611255097,-42.54907045655786,0.09229489226492113,-42.45677556429293,1.0298966184604814
1628,814.0,85.23566356083293,-42.54490871055792,0.08814046432987263,-42.456768246228044,1.0526824126251741
1629,814.5,81.36542782930437,-42.54091066515968,0.08413833235609465,-42.45677233280358,1.0742732910185786
1630,815.0,77.65662777048148,-42.53707115613043,0.08030313772470656,-42.456768018405725,1.0945747589329236
1631,815.5,74.12279463686059,-42.533420751861804,0.0766488728284248,-42.45677187903338,1.113492184833116
1632,816.0,70.77674146474646,-42.52995892915358,0.07318878736722469,-42.45677014178636,1.1309457985078049
1633,816.5,67.63044941407514,-42.526702411972856,0.06993527081466525,-42.45676714115819,1.1468550768643808
1634,817.0,64.69498039278042,-42.523670078419784,0.06689976206452553,-42.45677031635526,1.1611583874723252
1635,817.5,61.98039388878396,-42.52085999058247,0.06409266342845883,-42.45676732715401,1.1737829543382814
1636,818.0,59.49566830428769,-42.518289675107056,0.061523259289386095,-42.45676641581767,1.1846762865692915
1637,818.5,57.248626132800496,-42.515965165034416,0.05919963872858253,-42.45676552630583,1.1937938815952758
1638,819.0,55.24587362690389,-42.513893911595,0.057128633137342455,-42.45676527845765,1.2010933863904407
1639,819.5,53.492756198033035,-42.512084061986066,0.055315770096800894,-42.45676829188926,1.2065436391972875
1640,820.0,51.99330691265443,-42.51052948371678,0.05376522011887949,-42.456764263597904,1.210123889596287
1641,820.5,50.7502255874092,-42.50924599029108,0.052479775028999816,-42.45676621526208,1.2118148949398762
1642,821.0,49.7648542174622,-42.50822604675983,0.05146082255703947,-42.45676522420279,1.211615534975731
1643,821.5,49.03718334224836,-42.507469982927674,0.05070835292002072,-42.456761630007655,1.2095219583576144
1644,822.0,48.56585540731642,-42.50698464232255,0.050220962298524685,-42.456763680024025,1.2055462322728454
1645,822.5,48.34819370967284,-42.50675953829715,0.04999588276848218,-42.45676365552867,1.1997045814726615
1646,823.0,48.38023351510576,-42.50679875689124,0.05002901447896485,-42.45676974241228,1.1920222962429083
1647,823.5,48.656760132509696,-42.50708085736556,0.050314965024069215,-42.45676589234149,1.1825289708367264
1648,824.0,49.1713725670945,-42.50761515165123,0.05084711526540403,-42.456768036385824,1.171265158225987
1649,824.5,49.91654567216914,-42.50838562533197,0.0516176836019846,-42.456767941729986,1.158277544859706
1650,825.0,50.883714337018674,-42.50938880941061,0.05261781302720225,-42.456770996383405,1.143612952001827
1651,825.5,52.06334532199933,-42.51060394879622,0.053837645412033674,-42.45676630338419,1.1273330797290388
1652,826.0,53.44502787297631,-42.512038014722066,0.05526641520758619,-42.45677159951448,1.1094959217403053
1653,826.5,55.01756130299682,-42.51366368300745,0.05689254001152266,-42.456771142995926,1.0901667896613985
1654,827.0,56.769054067629874,-42.51547549423694,0.05870372301985333,-42.456771771217085,1.0694174564819863
1655,827.5,58.68703302356194,-42.51745746736455,0.060687066009025036,-42.45677040135553,1.0473232616474375
1656,828.0,60.75853410175116,-42.51960195984534,0.06282916309918402,-42.45677279674616,1.0239529983697653
1657,828.5,62.97020366557511,-42.521888752286515,0.06511620556657283,-42.45677254671994,0.9993942130752588
1658,829.0,65.30839299117244,-42.52430963415123,0.0675340795437281,-42.4567755546075,0.9737212142263998
1659,829.5,67.75926086035479,-42.52684666102233,0.07006847210872201,-42.45677818891361,0.9470145321913205
1660,830.0,70.30886479978362,-42.529481424986514,0.07270496563373745,-42.456776459352774,0.9193592174515671
1661,830.5,72.94323794984062,-42.532206149854844,0.07542911727360185,-42.45677703258124,0.8908340849782053
1662,831.0,75.6484892759251,-42.53500517500291,0.07822656259224964,-42.45677861241066,0.8615199944972038
1663,831.5,78.41087046857176,-42.537860033343534,0.08108308474277191,-42.45677694860076,0.8315008959775998
1664,832.0,81.21685159415324,-42.54076198613817,0.08398469269626778,-42.4567772934419,0.8008587545314153
1665,832.5,84.05319088625426,-42.543698101115766,0.08691769341168337,-42.45678040770408,0.7696671596271425
1666,833.0,86.90697964934401,-42.546648652297776,0.08986873826978532,-42.45677991402799,0.7380065514470789
1667,833.5,89.7657228759712,-42.5496051597189,0.09282490643776077,-42.45678025328114,0.7232340630857692
1668,834.0,92.61735877355082,-42.552555414008545,0.09577372506147001,-42.456781688947075,0.7261726527558162
1669,834.5,95.45030719093057,-42.55548439925274,0.09870321934237299,-42.456781179910365,0.7287121190787591
1670,835.0,98.2535348719597,-42.55838534693092,0.1016019800149161,-42.456783366916,0.7308422221302177
1671,835.5,101.01656471676598,-42.56124178336872,0.1044591729234304,-42.456782610445295,0.7325460512310198
1672,836.0,103.7294853041009,-42.564049159065526,0.10726454886899468,-42.45678461019653,0.7338138849681143
1673,836.5,106.38298384008267,-42.56679469175199,0.11000847768105994,-42.456786214070924,0.7346290449215651
1674,837.0,108.96839668000298,-42.56946863535232,0.11268200046102109,-42.4567866348913,0.7349819869080892
1675,837.5,111.4776936438719,-42.572060692401394,0.11527681336324125,-42.456783879038156,0.734862556593679
1676,838.0,113.90349545535204,-42.57457119994679,0.11778528562829856,-42.45678591431849,0.7342632211535899
1677,838.5,116.23910860668512,-42.57698765070956,0.12020049563609687,-42.456787155073464,0.7331750956786902
1678,839.0,118.47849016055125,-42.57930355649715,0.1225161945081851,-42.456787361988965,0.731589184327314
1679,839.5,120.61626665091042,-42.58151583815847,0.12472682565273252,-42.45678901250574,0.729500726384283
1680,840.0,122.64774580075354,-42.58361512378457,0.1268275368816166,-42.456787586902955,0.7269043811265271
1681,840.5,124.56890571861835,-42.585606346030175,0.12881416923876007,-42.45679217679142,0.7237993191433819
1682,841.0,126.37640367348355,-42.58747096743256,0.13068326607407021,-42.456787701358486,0.7201851013927498
1683,841.5,128.06757616431582,-42.58922035046158,0.13243207311535615,-42.45678827734623,0.7160554190338299
1684,842.0,129.6404238779529,-42.5908473948338,0.13405852291358186,-42.45678887192022,0.71141459290914
1685,842.5,131.09362390711397,-42.59235238458797,0.135561247477262,-42.456791137110706,0.7062615769319134
1686,843.0,132.4265368163128,-42.593727734239046,0.1369395855791789,-42.45678814865987,0.7006025359855828
1687,843.5,133.6391791597481,-42.59498097637396,0.13819355433769243,-42.45678742203627,0.6944372979692484
1688,844.0,134.7322338849998,-42.59611503246484,0.13932385997499042,-42.456791172489844,0.6877707741653801
1689,844.5,135.70704175193498,-42.59711719674847,0.14033188894355425,-42.456785307804914,0.6806128225171031
1690,845.0,136.56560334928017,-42.59801136664615,0.14121971001145495,-42.45679165663469,0.672969693502313
1691,845.5,137.3105660325178,-42.598777746494605,0.14199006075509796,-42.456787685739506,0.6648458773826063
1692,846.0,137.94522125350426,-42.59943690579615,0.14264634479783553,-42.45679056099832,0.6562499615879215
1693,846.5,138.4735014123506,-42.59998090665123,0.14319262855456072,-42.456788278096674,0.6471983328883371
1694,847.0,138.89994651480873,-42.600420273491174,0.14363360675278913,-42.45678666673839,0.6376975155138201
1695,847.5,139.22966827580493,-42.600762676902065,0.1439745653128539,-42.45678811158921,0.6277573670364408
1696,848.0,139.4683086733262,-42.60101119133732,0.1442213384893234,-42.456789852848,0.6173908665899028
1697,848.5,139.622031204073,-42.60116527869721,0.14438029982864958,-42.45678497886856,0.61988882741995
1698,849.0,139.69750691514847,-42.60124360179775,0.1444583477248224,-42.456785254072926,0.6527269503099565
1699,849.5,139.70186327831865,-42.60125071221789,0.1444628525512832,-42.456787859666605,0.6850162662758176
1700,850.0,139.6426465831153,-42.60119001099347,0.1444016177723977,-42.456788393221075,0.7166975980484019
1701,850.5,139.52779939843356,-42.60106840463063,0.14428285663695348,-42.456785547993675,0.7477162315002606
1702,851.0,139.36563235891776,-42.60089932666044,0.14411516300303553,-42.4567841636574,0.7780163405781798
1703,851.5,139.16477328116974,-42.60068843761441,0.14390745872013352,-42.45678097889427,0.8075386708576213
1704,852.0,138.9340931638331,-42.60045535268978,0.14366891710733537,-42.456786435582444,0.8362266319269491
1705,852.5,138.68263867551354,-42.6001906138446,0.1434088931404603,-42.45678172070414,0.864027280674771
1706,853.0,138.41956716680838,-42.599918233580716,0.1431368562493216,-42.456781377331396,0.890882644827034
1707,853.5,138.1540959367495,-42.59964640409525,0.14286233785518823,-42.45678406624007,0.9167357523593388
1708,854.0,137.89545006202445,-42.59937996846495,0.14259487742204452,-42.45678509104291,0.9415304106574234
1709,854.5,137.65276338580014,-42.59912205759402,0.14234392007114857,-42.456778137522875,0.9652189693340677
1710,855.0,137.43503881984176,-42.598900956396506,0.14211877553026173,-42.45678218086624,0.9877437832928526
1711,855.5,137.2510922256144,-42.59870753109606,0.14192856010223812,-42.456778970993824,1.0090544411482316
1712,856.0,137.10946789675518,-42.59856063877827,0.14178210926717014,-42.4567785295111,1.029111074345674
1713,856.5,137.01838735705027,-42.59846745989621,0.14168792473541864,-42.45677953516079,1.047861630452634
1714,857.0,136.98569819004578,-42.598433884148534,0.1416541215333555,-42.45677976261518,1.0652548344895196
1715,857.5,137.01886050610207,-42.59846642503562,0.14168841400922,-42.4567780110264,1.0812538202348758
1716,858.0,137.12489046045275,-42.598576884544514,0.1417980574262936,-42.45677882711822,1.095822421649822
1717,858.5,137.31026196462258,-42.598769625628535,0.14198974632467817,-42.45677987930386,1.1089300858140856
1718,859.0,137.58083751623977,-42.5990451840083,0.1422695429938134,-42.45677564101448,1.1205495574626565
1719,859.5,137.94182814215498,-42.59941525257754,0.1426428360504714,-42.45677241652707,1.130664670096629
1720,860.0,138.39775523846663,-42.599889453385686,0.1431143009783041,-42.45677515240738,1.1392525829232087
1721,860.5,138.95241927992387,-42.60046358005919,0.14368786777087367,-42.45677571228832,1.1463052299677818
1722,861.0,139.60889383827146,-42.60114051621748,0.14436671474614485,-42.45677380147133,1.1518114082318878
1723,861.5,140.3694980038888,-42.60192863298747,0.1451532400282634,-42.45677539295921,1.1557705797976718
1724,862.0,141.2357953936447,-42.60282427860793,0.1460490605215989,-42.456775218086335,1.1581887353424125
1725,862.5,142.20860575395756,-42.60383001760711,0.14705502390923286,-42.45677499369788,1.1590671287740522
1726,863.0,143.28800462967516,-42.604949354462306,0.14817120831055441,-42.45677814615175,1.1584200675979064
1727,863.5,144.47333402295394,-42.60616906042774,0.14939693330339,-42.456772127124346,1.156266352759436
1728,864.0,145.76321622925892,-42.607501090516024,0.15073077423152942,-42.4567703162845,1.1526197352564684
1729,864.5,147.15558508530395,-42.60894593175675,0.1521705945175846,-42.456775337239165,1.1475162327594113
1730,865.0,148.64772129762193,-42.610483299138316,0.1537135821955448,-42.45676971694277,1.1409788261908371
1731,865.5,150.23628572261745,-42.612136903116024,0.15535628432500134,-42.45678061879102,1.1330389173019118
1732,866.0,151.91735986268873,-42.61387004697024,0.15709464886736305,-42.45677539810288,1.1237413379358137
1733,866.5,153.68651670371824,-42.615701229992986,0.15892409793746293,-42.45677713205552,1.1131186212689457
1734,867.0,155.53885648919862,-42.617619551099665,0.16083956479685346,-42.45677998630281,1.1012181894684003
1735,867.5,157.46902102039516,-42.619612368357416,0.16283550864131352,-42.4567768597161,1.0880831230898378
1736,868.0,159.47123569121095,-42.62168604217638,0.1649059580682466,-42.45678008410813,1.0737665521413988
1737,868.5,161.53933048813,-42.623822143784096,0.1670445327922944,-42.4567776109918,1.0583092752416337
1738,869.0,163.66679001808404,-42.62602444510834,0.16924449537813538,-42.456779949730205,1.0417694598940148
1739,869.5,165.8468156414786,-42.628282089048255,0.17149881549098203,-42.45678327355727,1.0392879961604926
1740,870.0,168.07235576695194,-42.630578744722136,0.1738002012237743,-42.45677854349836,1.0409162343303018
1741,870.5,170.33616001221532,-42.63292264112925,0.1761411551038018,-42.45678148602545,1.041498755461221
1742,871.0,172.63085431230814,-42.635297560250606,0.17851405176062132,-42.456783508489984,1.0410143115209767
1743,871.5,174.94903847968249,-42.637691023650184,0.18091123881095392,-42.45677978483923,1.0394378990026987
1744,872.0,177.2832920991932,-42.64010739861423,0.18332504295457416,-42.456782355659655,1.0367584681494018
1745,872.5,179.62617250750228,-42.642529897376214,0.1857477678848534,-42.45678212949136,1.032958334196166
1746,873.0,181.97030062475866,-42.64495394252001,0.18817178304555227,-42.45678215947446,1.0280322945666451
1747,873.5,184.30834014166484,-42.64737316194558,0.19058950210859008,-42.456783659836994,1.0219652957891594
1748,874.0,186.63300340031802,-42.649778438510516,0.1929933890553028,-42.45678504945521,1.0147480920946204
1749,874.5,188.93709937972284,-42.652161728015884,0.19537600779728506,-42.4567857202186,1.0063812532348324
1750,875.0,191.213563081828,-42.65451756624468,0.197730052563892,-42.45678751368079,0.9968592630236139
1751,875.5,193.4555422521575,-42.65683331955395,0.20004843757827875,-42.456784881975665,0.9861861749930414
1752,876.0,195.6564044136519,-42.65910991804209,0.20232430433095225,-42.45678561371114,0.9743601507093045
1753,876.5,197.80970242955078,-42.66133785918899,0.20455098596904925,-42.45678687321994,0.9613870876506346
1754,877.0,199.90917583447234,-42.663507516227476,0.2067220086727786,-42.4567855075547,0.9472726306586264
1755,877.5,201.9487842475969,-42.66561850781803,0.20883112620731403,-42.45678738161072,0.9320299931472722
1756,878.0,203.92273292922437,-42.66765882601676,0.21087234635030982,-42.456786479666455,0.9156704667746656
1757,878.5,205.82548859392787,-42.66962867845112,0.2128399472439612,-42.456788731207155,0.8982047062967787
1758,879.0,207.65179692122226,-42.671517248767444,0.21472849550242995,-42.456788753265016,0.8796580703321304
1759,879.5,209.39666234244774,-42.67332237266483,0.21653282530987245,-42.45678954735496,0.8600409342699096
1760,880.0,211.0553505252952,-42.67503541456443,0.21824804098963668,-42.45678737357479,0.8393753157529293
1761,880.5,212.623431700381,-42.67665545569778,0.21986956180739098,-42.456785893890384,0.8176882345860599
1762,881.0,214.09679534587696,-42.678182140877105,0.22139313715620124,-42.45678900372091,0.7950082510136488
1763,881.5,215.47160955164466,-42.67960496388717,0.22281480453580912,-42.456790159351364,0.7713555829363133
1764,882.0,216.74431010735006,-42.68092166479555,0.22413087826887393,-42.456790786526675,0.7467675520566754
1765,882.5,217.91160230227135,-42.68212578915535,0.22533795136211698,-42.456787837793236,0.7212705234990142
1766,883.0,218.97046023101615,-42.68322689817521,0.22643289478837805,-42.456794003386825,0.6949068035394559
1767,883.5,219.9181727284688,-42.68420192007231,0.22741290498700908,-42.4567890150853,0.6677332300240525
1768,884.0,220.7523515099924,-42.685062510060845,0.22827551228149143,-42.45678699777935,0.6397946983739222
1769,884.5,221.47090464629937,-42.68580664517518,0.2290185534503395,-42.45678809172484,0.6443200246729421
1770,885.0,222.07202634490554,-42.686429519180194,0.22964016116031052,-42.45678935801988,0.6527418105575852
1771,885.5,222.55421576464195,-42.68693031703128,0.2301387834221081,-42.45679153360918,0.6605647233810916
1772,886.0,222.91629598577524,-42.687307541429746,0.23051320320699747,-42.45679433822275,0.6677762432314985
1773,886.5,223.15739083432982,-42.68755579468649,0.23076251448130902,-42.45679328020518,0.6743600111976652
1774,887.0,223.27697012019678,-42.68767375367006,0.2308861689862455,-42.456787584683816,0.6803027759582547
1775,887.5,223.2749389087014,-42.68767299329738,0.23088406855179264,-42.45678892474559,0.6855894916902129
1776,888.0,223.1515856530866,-42.68754775793758,0.23075651146157622,-42.456791246476,0.6902132730579076
1777,888.5,222.90752056603193,-42.68729328097018,0.2305041287241044,-42.456789152246074,0.6941613953722019
1778,889.0,222.54367759215933,-42.686920964784306,0.2301278861124961,-42.45679307867181,0.6974230760051657
1779,889.5,222.0612769590146,-42.686417343162596,0.2296290454392132,-42.456788297723385,0.6999906145817635
1780,890.0,221.4618185813789,-42.685799303655315,0.2290091577355933,-42.45679014591972,0.7052462915414368
1781,890.5,220.74710441258387,-42.68505744646489,0.2282700863648897,-42.4567873601,0.7167167821049046
1782,891.0,219.91922538394286,-42.68420072719996,0.22741399351660324,-42.45678673368335,0.7272970206414618
1783,891.5,218.98057760855514,-42.68323103124041,0.22644335696250603,-42.456787674277905,0.7369822026413806
1784,892.0,217.9338625525107,-42.682148284135764,0.22536097023368118,-42.45678731390208,0.745770386987189
1785,892.5,216.782097821513,-42.680956716007074,0.22416995377474958,-42.456786762232326,0.7536635699677036
1786,893.0,215.52861787045362,-42.67966342026317,0.22287375567762668,-42.45678966458554,0.7606591652042042
1787,893.5,214.17718536356696,-42.67826421820545,0.22147626683679117,-42.45678795136866,0.7667639803181492
1788,894.0,212.73211240906898,-42.67677143874297,0.21998194631555665,-42.45678949242741,0.7719842554111657
1789,894.5,211.1982004591981,-42.67518166143749,0.21839575919792759,-42.45678590223957,0.7763334812030712
1790,895.0,209.58078275117973,-42.67350956081308,0.2167232204759365,-42.456786340337146,0.7798167787106836
1791,895.5,207.88568912969475,-42.671755789156805,0.214970358673275,-42.45678543048353,0.7824424777821468
1792,896.0,206.11911072069609,-42.66992946643063,0.21314357590724253,-42.456785890523385,0.7842134424659835
1793,896.5,204.2875402303452,-42.66803331758541,0.21124958615309225,-42.45678373143232,0.785135335496967
1794,897.0,202.39770679590447,-42.66608125157963,0.20929534787466503,-42.45678590370496,0.7852205456197681
1795,897.5,200.45652358111195,-42.66407314815739,0.2072880098338336,-42.45678513832356,0.7844703631619531
1796,898.0,198.4710825667369,-42.66201876376384,0.20523490570352207,-42.45678385806032,0.7829016231268568
1797,898.5,196.44867953680512,-42.659928598136105,0.20314357990545273,-42.456785018230654,0.7805185613085552
1798,899.0,194.39676979910172,-42.65780319056718,0.20102174182161958,-42.45678144874556,0.7773391829940521
1799,899.5,192.32286807332946,-42.65565741161579,0.19887716227067107,-42.45678024934512,0.7733712650845084
1800,900.0,190.23450766881618,-42.65349848032254,0.1967176312944084,-42.45678084902813,0.7686246845999151
1801,900.5,188.1392085027682,-42.651334466282094,0.19455092508611266,-42.45678354119598,0.7856466336182933
1802,901.0,186.04443136193277,-42.64916710281908,0.19238475869346103,-42.456782344125614,0.8085486662552428
1803,901.5,183.95754362018846,-42.64700451641394,0.190226750567785,-42.456777765846155,0.8305871249689992
1804,902.0,181.88576116473934,-42.644868490590625,0.18808436251113028,-42.4567841280795,0.8517097849521282
1805,902.5,179.83609921001923,-42.642745043169796,0.18596484881391634,-42.45678019435588,0.8718540439307778
1806,903.0,177.81535474333833,-42.64065604452651,0.1838752381023372,-42.45678080642417,0.890964192208493
1807,903.5,175.83006599477386,-42.638600962904185,0.18182229142700032,-42.45677867147718,0.9089870839956228
1808,904.0,173.88642068841213,-42.63659222879818,0.17981240738740423,-42.45677982141078,0.925871617699493
1809,904.5,171.990184137062,-42.634629662682634,0.17785154777614545,-42.45677811490649,0.9415686609376404
1810,905.0,170.14666344045196,-42.63272271544844,0.1759452005570032,-42.456777514891435,0.9560311282311247
1811,905.5,168.36064774626283,-42.63087538737476,0.17409831809008935,-42.45677706928467,0.9692189418275917
1812,906.0,166.6363617929551,-42.629093757093415,0.17231526909143222,-42.45677848800198,0.9810953854301676
1813,906.5,164.97742093321432,-42.62737485852365,0.170599792123637,-42.45677506640001,0.9916235857154668
1814,907.0,163.38678891234156,-42.6257338278005,0.16895495193537907,-42.456778875865126,1.0007746351491686
1815,907.5,161.86676870842345,-42.62415935088878,0.1673831299894103,-42.45677622089937,1.0085293885930247
1816,908.0,160.4189457728069,-42.622662737384466,0.1658859657686894,-42.45677677161578,1.0148609615636819
1817,908.5,159.04416386026523,-42.62124085709423,0.16446433178284905,-42.456776525311376,1.0197661810230505
1818,909.0,157.74252913250467,-42.61989088213511,0.16311833781154828,-42.45677254432356,1.0232296288673026
1819,909.5,156.51337508518594,-42.618626482370566,0.16184729463621952,-42.45677918773435,1.0252562144343311
1820,910.0,155.35526326035745,-42.61742682096018,0.16064971477678136,-42.4567771061834,1.0258470987206574
1821,910.5,154.2660088377719,-42.616294329420015,0.15952333895509802,-42.45677099046492,1.0250152927944174
1822,911.0,153.24268865682774,-42.61524234628621,0.15846514439030562,-42.4567772018959,1.0227783280063445
1823,911.5,152.2816639226031,-42.614247750210836,0.1574713682786596,-42.45677638193218,1.0191599357521308
1824,912.0,151.37861183329872,-42.61331140696648,0.15653754049882962,-42.45677386646765,1.014191256132436
1825,912.5,150.52856987989537,-42.61244046219766,0.1556585294212732,-42.45678193277639,1.007903746861176
1826,913.0,149.7259846685556,-42.61160558566007,0.1548285923944876,-42.456776993265585,1.0003393912066127
1827,913.5,148.9647860146062,-42.61082036361244,0.15404145236408837,-42.45677891124835,0.9915523401468155
1828,914.0,148.2384548506923,-42.61006479880909,0.15329036809524896,-42.45677443071384,0.9815839985557169
1829,914.5,147.54003640905955,-42.60934888604855,0.1525681478042305,-42.45678073824432,0.970498890879756
1830,915.0,146.8622511865434,-42.60864828769044,0.15186726390501779,-42.456781023785425,0.9633336356089799
1831,915.5,146.1976060637608,-42.607958599070244,0.15117996791541322,-42.45677863115483,0.9560449862962793
1832,916.0,145.5384270934829,-42.60727844477626,0.15049832436282548,-42.456780120413434,0.9478036454635355
1833,916.5,144.87691686225543,-42.6065965385003,0.14981427010075316,-42.45678226839954,0.9386899323769013
1834,917.0,144.2052312103702,-42.60590328190817,0.14911969364334543,-42.45678358826483,0.9287781777168875
1835,917.5,143.51554833789993,-42.60518836906947,0.14840650662654578,-42.456781862442924,0.918155522013421
1836,918.0,142.8001468436389,-42.60444726572574,0.14766672450657148,-42.45678054121917,0.9069010479178118
1837,918.5,142.0514712268995,-42.60367459071103,0.14689253429398788,-42.45678205641704,0.8951043577368109
1838,919.0,141.26220559311108,-42.60285643423945,0.14607637077116772,-42.45678006346828,0.8828498100942881
1839,919.5,140.4253420377674,-42.60199314399151,0.14521098720673878,-42.45678215678477,0.8702316534740364
1840,920.0,139.53425915251256,-42.601068838772974,0.14428953653712898,-42.456779302235844,0.8573316292249333
1841,920.5,138.582778190625,-42.600091421056824,0.14330562944615,-42.45678579161068,0.8442439290114411
1842,921.0,137.56518803674334,-42.59903891145372,0.14225336018568224,-42.456785551268034,0.8310564930446487
1843,921.5,136.47632492418808,-42.59791769137436,0.14112738900973432,-42.45679030236463,0.8178509351448081
1844,922.0,135.311616237958,-42.59670996143183,0.13992298747022983,-42.4567869739616,0.8047181966837779
1845,922.5,134.06708403604472,-42.59542130306734,0.13863604205832689,-42.45678526100901,0.791743799237213
1846,923.0,132.7393998075519,-42.59404736369779,0.1372631108286746,-42.45678425286911,0.7790073874625011
1847,923.5,131.32589228190102,-42.59258909638528,0.13580143147475343,-42.45678766491053,0.7665853883356789
1848,924.0,129.82457162775495,-42.59103854073552,0.1342489463524898,-42.456789594383025,0.7545599767001194
1849,924.5,128.23415814087247,-42.58939326176668,0.132604332145782,-42.4567889296209,0.7429938237474383
1850,925.0,126.5540702956198,-42.587657235440716,0.1308669875108117,-42.4567902479299,0.7319608461407333
1851,925.5,124.78443200546552,-42.585825778939,0.12903704058397397,-42.45678873835502,0.7215182415044424
1852,926.0,122.9260697425839,-42.58390168390889,0.12711534600331764,-42.45678633790558,0.7117244396773265
1853,926.5,120.98051687320057,-42.58189128864621,0.125103489391638,-42.45678779925457,0.7026259227623559
1854,927.0,118.94999953799334,-42.579789275062815,0.1230037727556868,-42.45678550230713,0.6942666962007943
1855,927.5,116.83740418679784,-42.57760224669355,0.12081918091447227,-42.45678306577908,0.6866807376489091
1856,928.0,114.64627403755335,-42.57533661608603,0.11855337783752719,-42.4567832382485,0.6798948704050425
1857,928.5,112.38079398477535,-42.572993743425826,0.11621069103906746,-42.45678305238676,0.6739318336982112
1858,929.0,110.04577444229761,-42.57057925786252,0.11379609487010085,-42.456783162992416,0.6688020628261564
1859,929.5,107.64661978677236,-42.56810026806567,0.11131517788649281,-42.456785090179174,0.6645061906563563
1860,930.0,105.18927787205278,-42.56555468527253,0.10877409064281739,-42.45678059462971,0.6610455083701674
1861,930.5,102.68023006133518,-42.56296239858631,0.10617953538479837,-42.45678286320151,0.6584028825306808
1862,931.0,100.12648951967539,-42.56032035311941,0.10353876428363519,-42.456781588835774,0.6565632718771707
1863,931.5,97.53554207485048,-42.55763722637279,0.10085951828142418,-42.456777708091366,0.6555026732020114
1864,932.0,94.91530720295849,-42.5549308251504,0.09814998674716147,-42.45678083840324,0.6551874538309813
1865,932.5,92.2741099218151,-42.55219879555024,0.09541877841227675,-42.456780017137966,0.6555821825171579
1866,933.0,89.62063121019463,-42.54945598237913,0.0926748701001799,-42.45678111227895,0.6566465259767864
1867,933.5,86.96388106418073,-42.546704180613446,0.08992757886438167,-42.45677660174906,0.6758926812349402
1868,934.0,84.31315043578064,-42.543966270357785,0.08718651228919333,-42.45677975806859,0.7009246557878824
1869,934.5,81.6779870606159,-42.54124164978218,0.08446154349363363,-42.45678010628855,0.7257636092250285
1870,935.0,79.0681612747558,-42.53854008255462,0.08176277578331236,-42.45677730677131,0.7503682066070874
1871,935.5,76.49360488313748,-42.53588065215638,0.07910047943550808,-42.45678017272087,0.7746967861567028
1872,936.0,73.96437718998993,-42.533261525361496,0.07648505657192124,-42.45677646878958,0.7987042189148645
1873,936.5,71.49062732309773,-42.530703612578165,0.07392700219896237,-42.4567766103792,0.8223471698407085
1874,937.0,69.08255644775619,-42.52821310213501,0.07143686513397239,-42.45677623700104,0.8455739165406224
1875,937.5,66.75038329800462,-42.52580112903361,0.06902521236177267,-42.45677591667184,0.8683407217835752
1876,938.0,64.50428048775518,-42.52347578845385,0.06670256317530011,-42.45677322527855,0.8906024713268632
1877,938.5,62.35434106869731,-42.52125386522365,0.06447935459381693,-42.456774510629835,0.9123080522114813
1878,939.0,60.310544098631745,-42.51913673718035,0.0623659057578259,-42.45677083142252,0.933404429892475
1879,939.5,58.38270237065016,-42.517145064069794,0.06037236387687922,-42.456772700192914,0.953846613049223
1880,940.0,56.580414698066654,-42.51528151259658,0.05850865488839765,-42.45677285770818,0.9735835681647783
1881,940.5,54.91303004083146,-42.51355651498319,0.05678444636152524,-42.45677206862167,0.992562808309295
1882,941.0,53.38959337530391,-42.51197534754179,0.055209091522163696,-42.45676625601963,1.010734692356966
1883,941.5,52.01879960238164,-42.5105644470235,0.053791581590307114,-42.45677286543319,1.0280513735919192
1884,942.0,50.80896033463966,-42.50931294933532,0.05254051143529875,-42.45677243790002,1.0444593659912316
1885,942.5,49.76795180924526,-42.50823483559818,0.05146402571363681,-42.456770809884546,1.0599083667279363
1886,943.0,48.90316777877688,-42.50733586571084,0.05056977015432927,-42.45676609555651,1.0743532926219228
1887,943.5,48.2214737273284,-42.50663435740464,0.04986484421469957,-42.45676951318994,1.0877456544723305
1888,944.0,47.72917564449132,-42.50612710807472,0.04935576879019727,-42.45677133928452,1.1000371909418913
1889,944.5,47.431973393585125,-42.5058168787923,0.04904843799343449,-42.45676844079887,1.1111840256356682
1890,945.0,47.33491053647773,-42.50571804616773,0.04894806726905426,-42.45676997889868,1.1211397621141235
1891,945.5,47.44234296095863,-42.505825623678646,0.04905916095193587,-42.45676646272671,1.1298709275973529
1892,946.0,47.75790482468073,-42.50615432960804,0.04938547705051842,-42.456768852557516,1.1373340255548885
1893,946.5,48.28447284005351,-42.50669933121225,0.04992999031453604,-42.456769340897715,1.1434901898891625
1894,947.0,49.0241274896188,-42.50746205600718,0.05069485212862756,-42.45676720387855,1.1483169289355655
1895,947.5,49.97813751189923,-42.50845110091389,0.05168137446946833,-42.45676972644442,1.1517721580145837
1896,948.0,51.14694326325872,-42.50965412027042,0.05289001270060882,-42.45676410756981,1.1538360399078915
1897,948.5,52.53012535581768,-42.511084827680534,0.054320333141581294,-42.45676449453895,1.1544850557132895
1898,949.0,54.126389693906205,-42.51274079795762,0.055970997594400676,-42.45676980036322,1.1537014291841277
1899,949.5,55.93356678082786,-42.514607929982034,0.05783976262670313,-42.45676816735533,1.1514616685177361
1900,950.0,57.94860687702964,-42.51668990364898,0.05992347456490817,-42.45676642908407,1.1477658493472198
1901,950.5,60.16758143488408,-42.518983396393274,0.06221807097789764,-42.456765325415375,1.1425973150577793
1902,951.0,62.58567854469022,-42.52148552727197,0.064718575967818,-42.456766951304154,1.1359602904428348
1903,951.5,65.19722613523255,-42.52418642347325,0.06741912416130605,-42.45676729931195,1.1278479493049858
1904,952.0,67.99571038466193,-42.52708248619993,0.07031297974780593,-42.456769506452126,1.1182689759138846
1905,952.5,70.97378942886597,-42.53016379811711,0.07339255065511596,-42.456771247461994,1.1072399417819518
1906,953.0,74.12333112773292,-42.533420537239266,0.07664942760271318,-42.456771109636556,1.0947628761154227
1907,953.5,77.43543941139225,-42.536842334437836,0.0800744113458643,-42.456767923091974,1.0808642820950756
1908,954.0,80.90050721259483,-42.54043206079409,0.0836575674119224,-42.45677449338217,1.0655701805278395
1909,954.5,84.50824037543471,-42.54415916397648,0.08738825082384935,-42.45677091315263,1.0488933725696927
1910,955.0,88.2477126576184,-42.54803003219001,0.09125516297694268,-42.45677486921307,1.030876971429166
1911,955.5,92.10742386328245,-42.55202258594688,0.0952464117527986,-42.45677617419408,1.0115460912442726
1912,956.0,96.07533267027029,-42.55612411002767,0.09934954546533073,-42.45677456456234,0.9909412139234951
1913,956.5,100.13894325239384,-42.5603257538446,0.10355164243508716,-42.456774111409516,0.969109256059183
1914,957.0,104.28535016836734,-42.56461424812215,0.10783935740798303,-42.456774890714165,0.9460919194784565
1915,957.5,108.50130413901121,-42.568978223459844,0.11219898957416793,-42.456779233885676,0.9219322585771611
1916,958.0,112.77326694389562,-42.57339486747794,0.11661653933552721,-42.45677832814241,0.8966829700656445
1917,958.5,117.08747801595425,-42.577860085335004,0.12107777716981631,-42.45678230816519,0.8704007007277533
1918,959.0,121.43003556589898,-42.582351111010034,0.12556832751976635,-42.45678278349027,0.8431381188474492
1919,959.5,125.78694097546433,-42.586854083801484,0.13007371469923434,-42.45678036910225,0.8149591225318367
1920,960.0,130.1441556216512,-42.59136109897378,0.13457942165399675,-42.45678167731978,0.7859179938687078
1921,960.5,134.4876941771113,-42.595855496918226,0.13907098644177743,-42.456784510476446,0.7646829005358992
1922,961.0,138.80367155907595,-42.60031854935251,0.1435340507811791,-42.45678449857133,0.7592107293183726
1923,961.5,143.0783599220481,-42.60473635390414,0.1479544189866658,-42.45678193491747,0.7532120739432109
1924,962.0,147.2982419935191,-42.60910414910232,0.15231811312194174,-42.45678603598038,0.7466880508656389
1925,962.5,151.45007645304779,-42.6133996859828,0.15661144060712578,-42.45678824537567,0.7396418675135322
1926,963.0,155.52095025631115,-42.61760568564581,0.1608210483259871,-42.45678463731983,0.7320824119206913
1927,963.5,159.49830926820502,-42.621721884333745,0.16493395430301075,-42.456787930030735,0.724017360764015
1928,964.0,163.37004767123074,-42.6257264040614,0.16893764015879026,-42.456788763902615,0.7154586874295056
1929,964.5,167.12452456094172,-42.62960958389905,0.17282006827104074,-42.456789515628,0.7064306030284591
1930,965.0,170.75059288509655,-42.63335966084686,0.17656971169998814,-42.45678994914687,0.6969474001291808
1931,965.5,174.23767157083716,-42.63696402056785,0.18017562877361568,-42.456788391794234,0.6870408681658741
1932,966.0,177.5757680764225,-42.64041927815363,0.18362748640795237,-42.45679179174568,0.6767456527321538
1933,966.5,180.75550343738422,-42.64370604723301,0.18691558600679292,-42.45679046122622,0.6660957031960203
1934,967.0,183.76816274814396,-42.6468242695275,0.1900309156637101,-42.45679335386379,0.6551447426066784
1935,967.5,186.6057123770237,-42.649755846942725,0.1929651679637467,-42.456790678978976,0.6439331790466722
1936,968.0,189.260833882985,-42.65250184021076,0.19571077505602485,-42.45679106515473,0.6325301502639634
1937,968.5,191.72696272766854,-42.65505679543895,0.1982609486850782,-42.45679584675388,0.6210021209640693
1938,969.0,193.99829951358566,-42.65740389551192,0.20060969181203675,-42.456794203699886,0.6094249818061402
1939,969.5,196.06983340313528,-42.65954507679277,0.20275182283175547,-42.45679325396101,0.5978854009595451
1940,970.0,197.93733719642682,-42.661473705777674,0.2046829704828914,-42.45679073529478,0.5864804183561222
1941,970.5,199.59740407103556,-42.66319556969441,0.20639961183973643,-42.45679595785467,0.5753169143969482
1942,971.0,201.04748683456592,-42.66469147712518,0.20789911290249394,-42.456792364222686,0.5645122170599324
1943,971.5,202.28589523303356,-42.66597415260219,0.20917972581393152,-42.45679442678826,0.5541934334900969
1944,972.0,203.31184328403987,-42.66703443335352,0.21024063780565297,-42.45679379554787,0.5466334964115508
1945,972.5,204.12544895715052,-42.66787432657251,0.2110819708675844,-42.45679235570493,0.5613842752370586
1946,973.0,204.72770422440072,-42.668499737962016,0.21170475077781128,-42.4567949871842,0.5758463718107083
1947,973.5,205.12047495845601,-42.668902776583046,0.21211090699726876,-42.45679186958578,0.5899961261008618
1948,974.0,205.30651450815597,-42.66909884110147,0.21230328670793497,-42.45679555439354,0.6038104183228992
1949,974.5,205.28951872972848,-42.669080695711145,0.21228571171948923,-42.45679498399166,0.6172670696659415
1950,975.0,205.07421839891944,-42.66885762427599,0.21206307403081398,-42.45679455024517,0.6303491488884438
1951,975.5,204.6663749041648,-42.66843592836139,0.21164133137639168,-42.456794596985,0.6430349961332285
1952,976.0,204.07270096306894,-42.66782026443474,0.2110274252408292,-42.45679283919391,0.6552998616580955
1953,976.5,203.3007886112537,-42.66702156807171,0.21022920639359277,-42.45679236167812,0.667125649867486
1954,977.0,202.35906215657366,-42.66604639211597,0.20925538623991988,-42.456791005876056,0.6784904062721355
1955,977.5,201.25676515271684,-42.66490537095714,0.20811552335048478,-42.45678984760666,0.6893779102532885
1956,978.0,200.00392699134574,-42.66361444115188,0.206819988915012,-42.45679445223686,0.6997665461789805
1957,978.5,198.61134451626336,-42.6621689431058,0.20537994772985946,-42.45678899537594,0.7096381299589349
1958,979.0,197.09053983694778,-42.66059913991129,0.2038073145738537,-42.45679182533744,0.7189704912849724
1959,979.5,195.45371467289925,-42.65890282493223,0.20211470699670858,-42.45678811793552,0.7277474652115021
1960,980.0,193.71370115346375,-42.657105153014605,0.20031539444212462,-42.456789758572484,0.7359546691636083
1961,980.5,191.88391572497682,-42.65520455247259,0.19842325058410482,-42.45678130188848,0.7435724722643394
1962,981.0,189.9783094346111,-42.65324016067845,0.19645270191649358,-42.45678745876196,0.750582917887279
1963,981.5,188.01129306471995,-42.651201475981,0.19441865033592567,-42.45678282564507,0.7569700582204708
1964,982.0,185.99768763651394,-42.64911771296866,0.1923364219586859,-42.456781291009975,0.7787932983398
1965,982.5,183.95264333141193,-42.64700358337562,0.19022168327892883,-42.45678190009669,0.8030277557388603
1966,983.0,181.89157128608662,-42.64487111557564,0.18809037063932416,-42.45678074493632,0.8263691375262331
1967,983.5,179.83009023826088,-42.642737412560344,0.18595863505856092,-42.45677877750178,0.8487789605719093
1968,984.0,177.78400445323845,-42.640622754655126,0.1838428194056222,-42.45677993524951,0.8701981995426197
1969,984.5,175.769200823129,-42.63853864896252,0.1817593519921889,-42.45677929697033,0.8905814221085478
1970,985.0,173.801541535173,-42.63650019669946,0.1797246355831396,-42.45677556111632,0.9098906469296325
1971,985.5,171.89681906479274,-42.63452899476469,0.17775500085578116,-42.45677399390891,0.9280901661002033
1972,986.0,170.07060423510183,-42.63264521720758,0.1758665492812806,-42.4567786679263,0.9451425944132678
1973,986.5,168.33808413132667,-42.630848886947675,0.17407498551526857,-42.456773901432406,0.96101804803628
1974,987.0,166.71396475526112,-42.629167560698285,0.17239551673479273,-42.45677204396349,0.9756846083681745
1975,987.5,165.21239176081417,-42.6276138052812,0.17084277067256146,-42.456771034608636,0.9891058101263757
1976,988.0,163.84687340193355,-42.62620067498772,0.1694307159389604,-42.45676995904876,1.0012690127398596
1977,988.5,162.63018970403334,-42.624944087437214,0.16817256809807482,-42.45677151933914,1.0121347536760117
1978,989.0,161.5742628143262,-42.62385009308997,0.167080655599608,-42.456769437490365,1.021695705549058
1979,989.5,160.69005307040814,-42.62293794181892,0.16616631230552062,-42.4567716295134,1.029932099302059
1980,990.0,159.98748617693934,-42.62220923344879,0.16543980218491905,-42.45676943126387,1.036833327731821
1981,990.5,159.47536340846463,-42.62167888634031,0.16491022645662023,-42.45676865988369,1.042383342539179
1982,991.0,159.16129436474765,-42.621355796651315,0.16458545405281186,-42.4567703425985,1.0465833923544785
1983,991.5,159.05163360775677,-42.621237463418495,0.1644720560966495,-42.456765407321846,1.0494252447672323
1984,992.0,159.1514145867197,-42.6213402814614,0.16457523757550083,-42.4567650438859,1.050909680857028
1985,992.5,159.46430968165868,-42.621667920851436,0.16489879602277893,-42.45676912482866,1.0510413182823157
1986,993.0,159.99258564404502,-42.62221376866937,0.16544507544003026,-42.456768693229336,1.049833235103158
1987,993.5,160.73706665401494,-42.62298464065348,0.16621492809515376,-42.45676971255833,1.0472971705878897
1988,994.0,161.6971154938711,-42.62397710776008,0.16720769505430208,-42.45676941270578,1.0434488010966374
1989,994.5,162.87062484528738,-42.62519219504432,0.1684211971824982,-42.456770997861824,1.0383106699248803
1990,995.0,164.25404501666858,-42.62662081368458,0.16985176381593356,-42.45676904986865,1.0318945873730636
1991,995.5,165.8424540867677,-42.628267347063215,0.1714943052960547,-42.45677304176716,1.02420840092576
1992,996.0,167.6295991258387,-42.63011189656412,0.17334235559551794,-42.4567695409686,1.015288608175097
1993,996.5,169.60791561948858,-42.63216286792215,0.17538809240399952,-42.45677477551815,1.00516510688194
1994,997.0,171.7685197708848,-42.6343993194551,0.1776223291680648,-42.45677699028703,0.9938711563747353
1995,997.5,174.10122479586926,-42.63680869366047,0.18003453194161412,-42.456774161718855,0.9814490491896833
1996,998.0,176.59458045223963,-42.63938601713001,0.1826128602623076,-42.4567731568677,0.9679345782429417
1997,998.5,179.2359400924629,-42.6421191107652,0.18534423648941128,-42.45677487427579,0.9533719876338965
1998,999.0,182.0115525948789,-42.64498995398711,0.18821444086798272,-42.456775513119126,0.9378038753584325
1999,999.5,184.90662787794602,-42.647986230018674,0.19120817927581898,-42.456778050742855,0.9212734927897094
2000,1000.0,187.90546387378754,-42.65109058996233,0.19430921452421546,-42.45678137543811,0.9038295561990304
2001,1000.5,190.99160821089933,-42.65427958307687,0.1975005335507624,-42.45677904952611,0.885520738436304
2002,1001.0,194.14792416080473,-42.657543545218374,0.20076441561343789,-42.45677912960494,0.8663861374844796
2003,1001.5,197.35663152424416,-42.66086204904686,0.20408247457018416,-42.45677957447668,0.8464837236870244
2004,1002.0,200.59950047159305,-42.66421731220689,0.20743585932533726,-42.45678145288155,0.8258611781626233
2005,1002.5,203.85816873484725,-42.6675907105136,0.21080558183140136,-42.4567851286822,0.8045724365414999
2006,1003.0,207.11418888594866,-42.67095305740766,0.21417256597860257,-42.45678049142906,0.7906459643163865
2007,1003.5,210.34893378287026,-42.67430254189495,0.21751754981861068,-42.456784992076344,0.7756343973595636
2008,1004.0,213.5436904271741,-42.6776084318079,0.22082118262072897,-42.456787249187165,0.7594458515025525
2009,1004.5,216.6797535950845,-42.68085553938916,0.22406412169388062,-42.45679141769528,0.7421230720912978
2010,1005.0,219.73853847084706,-42.68401496013958,0.2272271488584722,-42.4567878112811,0.7237143688685799
2011,1005.5,222.7017217463734,-42.68707998556296,0.23029131635466354,-42.456788669208294,0.7042687933292093
2012,1006.0,225.55134109003225,-42.69002910064237,0.23323804970101944,-42.45679105094135,0.683851432876807
2013,1006.5,228.2698667137308,-42.69284077867234,0.23604922170057144,-42.45679155697177,0.6625047338413919
2014,1007.0,230.84030953957145,-42.69549783287357,0.2387072642937553,-42.45679056857981,0.6403043537982838
2015,1007.5,233.2463074527625,-42.697989704699566,0.24119525775078998,-42.45679444694878,0.6173032972012521
2016,1008.0,235.47221568624818,-42.70028920132633,0.24349702413658333,-42.45679217718975,0.5935682961261339
2017,1008.5,237.50318210629933,-42.702394942619065,0.2455972051620285,-42.45679773745704,0.5691669068804065
2018,1009.0,239.3252028075162,-42.70427861799335,0.24748131967366455,-42.456797298319685,0.5441748389404885
2019,1009.5,240.9252095847705,-42.70593292314877,0.24913585410663094,-42.45679706904214,0.5186694167256312
2020,1010.0,242.29117442531586,-42.70734146973926,0.25054837053783136,-42.456793099201434,0.49272827029747684
2021,1010.5,243.41223833217487,-42.70850599330571,0.2517076398995756,-42.45679835340613,0.4664420473837363
2022,1011.0,244.27879763583084,-42.70940133126463,0.2526037312327427,-42.456797600031884,0.4399064359694783
2023,1011.5,244.88245213084986,-42.71002516392928,0.2532279580559177,-42.456797205873364,0.4141650979720664
2024,1012.0,245.21594244649316,-42.71037223220455,0.25357281360161704,-42.456799418602934,0.3990378565603966
2025,1012.5,245.27316779348334,-42.71043518851952,0.2536319891678582,-42.45680319935166,0.38416366874367963
2026,1013.0,245.04918651136137,-42.71020210754288,0.25340037468417037,-42.45680173285871,0.38235286917969497
2027,1013.5,244.5403040070201,-42.70967488321497,0.2528741496470417,-42.45680073356793,0.3868437955727313
2028,1014.0,243.74410270291585,-42.70885031860664,0.25205081408875496,-42.45679950451789,0.39233583349231144
2029,1014.5,242.65935399087334,-42.70772621875446,0.25092909753061,-42.45679712122385,0.39870940413519024
2030,1015.0,241.285992097672,-42.70631229667965,0.24950893195785856,-42.45680336472179,0.40584163745066104
2031,1015.5,239.62509225838824,-42.70458955385338,0.24779142924920186,-42.45679812460418,0.4136118336874339
2032,1016.0,237.67887590427017,-42.70257723231866,0.2457788865414663,-42.456798345777194,0.4219088716680738
2033,1016.5,235.45068608350581,-42.700275637462866,0.24347476081272013,-42.45680087665015,0.4306239510279128
2034,1017.0,232.94494745257475,-42.697683226572366,0.240883627510145,-42.45679959906222,0.43965542938391716
2035,1017.5,230.1671464726927,-42.694807744590825,0.2380111600715823,-42.456796584519246,0.4489164708806213
2036,1018.0,227.12381596148208,-42.69165945765087,0.2348641139507302,-42.45679534370014,0.45832596175532786
2037,1018.5,223.82258063585937,-42.688247962578004,0.23145037371211638,-42.45679758886589,0.4677976528816608
2038,1019.0,220.27208284126002,-42.68457367847709,0.22777887622920154,-42.45679480224789,0.47727317688011006
2039,1019.5,216.481910532646,-42.680656224840234,0.22385953621100552,-42.456796688629225,0.49202290482613803
2040,1020.0,212.46257485876973,-42.676496087983146,0.2197032230224511,-42.4567928649607,0.5107356585822412
2041,1020.5,208.2253766040872,-42.67211646434271,0.21532162257466556,-42.456794841768044,0.5291429204905252
2042,1021.0,203.78237203244464,-42.66752126963577,0.21072720200463235,-42.45679406763114,0.5472152196779946
2043,1021.5,199.14633516247736,-42.66272682757198,0.20593317066494915,-42.45679365690703,0.5649209142982636
2044,1022.0,194.33068318497857,-42.65774618232699,0.2009534029994475,-42.45679277932754,0.5822466939835734
2045,1022.5,189.34944177223437,-42.65259148750687,0.19580240267028232,-42.456789084836586,0.5991632721976244
2046,1023.0,184.2171860119911,-42.64728538137871,0.19049524147895003,-42.45679013989976,0.6156562435128774
2047,1023.5,178.94897286959267,-42.64183640917658,0.1850474895267601,-42.45678891964982,0.6317073853606686
2048,1024.0,173.56028143856517,-42.636262658769446,0.1794751534291806,-42.456787505340266,0.6473020749301247
2049,1024.5,168.0669664768719,-42.630579525220014,0.17379462826862596,-42.45678489695139,0.6624251960968631
2050,1025.0,162.48520076584023,-42.624808314313974,0.16802263798899653,-42.45678567632498,0.6770698480469548
2051,1025.5,156.83141610652686,-42.61895929521127,0.1621761743812212,-42.456783120830046,0.6912170006303869
2052,1026.0,151.122221980468,-42.61305742838309,0.15627241297199526,-42.45678501541109,0.7048637084211173
2053,1026.5,145.37436268151396,-42.60710855339105,0.15032866869468334,-42.45677988469637,0.7179977933629892
2054,1027.0,139.60467082457484,-42.60114348992501,0.14436234781365975,-42.456781142111346,0.7306154305620152
2055,1027.5,133.8299758628218,-42.595170871807085,0.138390853323809,-42.45678001848328,0.7427078594909026
2056,1028.0,128.06705151311525,-42.589208184114604,0.1324315305842313,-42.45677665353037,0.7542703867939966
2057,1028.5,122.33256656455649,-42.58327760858297,0.1265016164503676,-42.4567759921326,0.7653029335792487
2058,1029.0,116.64301532522914,-42.57739063789556,0.12061816735039071,-42.45677247054517,0.7757986070339647
2059,1029.5,111.01465592058668,-42.57157263538767,0.11479799548082423,-42.45677463990685,0.7857612618277036
2060,1030.0,105.46345915523854,-42.56583298036554,0.10905761592555664,-42.456775364439984,0.7951811633644373
2061,1030.5,100.00505814490394,-42.560187314181974,0.10341319457127024,-42.45677411961071,0.8040662612264832
2062,1031.0,94.65467635534078,-42.554649989150775,0.09788047369396258,-42.45676951545681,0.8124165837507988
2063,1031.5,89.42709328279906,-42.549242580262664,0.09247473646980214,-42.45676784379286,0.8202305605597389
2064,1032.0,84.33659040728435,-42.54398093190432,0.08721075108649842,-42.45677018081783,0.827513505995585
2065,1032.5,79.39688807394552,-42.53887118136414,0.08210270547363002,-42.456768475890506,0.8342674028136583
2066,1033.0,74.62110559027475,-42.53393113498365,0.07716416603997162,-42.45676696894368,0.8405005844591563
2067,1033.5,70.0217325881246,-42.52917039453632,0.07240804805953888,-42.456762346476786,0.8462118410104933
2068,1034.0,65.61058589971753,-42.52461213832619,0.06784657107794781,-42.45676556724824,0.8514095456642469
2069,1034.5,61.398757863172726,-42.52025924594995,0.06349120545621266,-42.45676804049374,0.8560997214395349
2070,1035.0,57.396587953727895,-42.516117962826584,0.05935264303516984,-42.456765319791415,0.8602846560159231
2071,1035.5,53.613636370309514,-42.512210124057454,0.05544076982188803,-42.45676935423557,0.863975633019679
2072,1036.0,50.05866509694814,-42.508532167151415,0.05176464640566331,-42.45676752074575,0.8671778153118249
2073,1036.5,46.73960575181158,-42.50509373796733,0.048332474711358965,-42.45676126325597,0.8699001569133451
2074,1037.0,43.66353590608908,-42.50191610098986,0.045151573511245734,-42.45676452747861,0.8721479337641499
2075,1037.5,40.83667003521923,-42.49899151243126,0.042228369067850845,-42.45676314336341,0.8739272778559306
2076,1038.0,38.264351074069594,-42.49633102141975,0.039568386401341187,-42.45676263501841,0.8752508290524009
2077,1038.5,35.951043320293216,-42.4939399610896,0.037176241951028755,-42.45676371913857,0.8761274440278694
2078,1039.0,33.90032544728846,-42.491819609323386,0.03505563635021466,-42.45676397297317,0.8765565528059526
2079,1039.5,32.1148857291195,-42.48997466068179,0.033209349488376665,-42.456765311193415,0.8765513104647803
2080,1040.0,30.596531204295808,-42.48839966971951,0.03163924998724696,-42.45676041973227,0.8761231783505402
2081,1040.5,29.346200976020082,-42.48710954206528,0.030346308954327744,-42.45676323311095,0.8752741637351302
2082,1041.0,28.363964037520113,-42.486091187110816,0.029330597734111206,-42.45676058937671,0.8740174448424105
2083,1041.5,27.649041550087354,-42.48535415802475,0.028591310945345633,-42.4567628470794,0.872355608236069
2084,1042.0,27.199823923592568,-42.484889755707414,0.028126784143648886,-42.45676297156376,0.8702977995397715
2085,1042.5,27.01388420748018,-42.484700293350116,0.027934507668863028,-42.456765785681256,0.8678542564639119
2086,1043.0,27.088002696523443,-42.48477285695815,0.028011152089364773,-42.45676170486879,0.8650296824120183
2087,1043.5,27.418195029354028,-42.485115135988195,0.028352597258182875,-42.45676253873001,0.8618290290751051
2088,1044.0,27.99973792255677,-42.48571879491217,0.02895395892410156,-42.45676483598807,0.8582574525678499
2089,1044.5,28.827193583988425,-42.486576519710404,0.02980961397697642,-42.456766905733424,0.8543241461277423
2090,1045.0,29.894447428244273,-42.48767955431116,0.03091323944853053,-42.45676631486263,0.8500352626514708
2091,1045.5,31.1947335022448,-42.48902421672256,0.03225783880443603,-42.45676637791813,0.8453914743950189
2092,1046.0,32.72066302349454,-42.490604193054246,0.03383577145514651,-42.4567684215991,0.8404007842043275
2093,1046.5,34.46426890547412,-42.49240691971478,0.035638798798698475,-42.45676812091608,0.8350682183277077
2094,1047.0,36.41704390393867,-42.49442440208274,0.03765812366702182,-42.45676627841572,0.8293964258126022
2095,1047.5,38.569966529397476,-42.49664987200194,0.03988441712150752,-42.45676545488043,0.8233874457081839
2096,1048.0,40.91354164265661,-42.499077667653864,0.042307860432031746,-42.45676980722183,0.8170452309159221
2097,1048.5,43.437834564886806,-42.501687144834946,0.04491818034948258,-42.45676896448546,0.8103741541877026
2098,1049.0,46.13250426978343,-42.50447107088276,0.04770468342909688,-42.45676638745366,0.8033742655191766
2099,1049.5,48.986852265901156,-42.507426885066764,0.05065630657868733,-42.456770578488076,0.7960495567148185
2100,1050.0,51.98984935136753,-42.510534923400236,0.053761644725147044,-42.45677327867509,0.7884033962566047
2101,1050.5,55.13016962949111,-42.51377987398536,0.057008985989297364,-42.45677088799606,0.7804288825757948
2102,1051.0,58.39623069617931,-42.517156384986734,0.06038635324287851,-42.45677003174386,0.7721363981292658
2103,1051.5,61.77623345814009,-42.520655194176435,0.06388154528374122,-42.45677364889269,0.7635246977015806
2104,1052.0,65.25818645678243,-42.52425377087778,0.06748216198869703,-42.45677160888908,0.7545868750914216
2105,1052.5,68.82994280341293,-42.52794963174389,0.07117564250745309,-42.45677398923643,0.745333681689235
2106,1053.0,72.47925228188353,-42.53172169932425,0.07494931914089938,-42.45677238018335,0.7357653345056799
2107,1053.5,76.19377105025697,-42.5355695599759,0.07879042737340343,-42.45677913260249,0.7258712665350169
2108,1054.0,79.96109054675453,-42.53946243629548,0.08268613576386243,-42.456776300531615,0.7156584089817802
2109,1054.5,83.7687973331143,-42.543401756765974,0.08662360782850154,-42.456778148937474,0.7051287155734277
2110,1055.0,87.60449981787912,-42.54736848360804,0.09059002967488193,-42.456778453933154,0.6942823762225161
2111,1055.5,91.45584087141121,-42.551352486496334,0.0945726230468306,-42.456779863449505,0.6831150098538294
2112,1056.0,95.31053601649883,-42.55533859384475,0.09855868481656908,-42.456779909028185,0.6716341931233645
2113,1056.5,99.15642500045983,-42.559317387776346,0.10253564031437588,-42.45678174746197,0.6598346023345993
2114,1057.0,102.98148669058051,-42.56327351574268,0.10649105873165639,-42.45678245701102,0.6477234672187835
2115,1057.5,106.77386361574169,-42.56719204600447,0.11041267849893886,-42.45677936750553,0.6352968656980017
2116,1058.0,110.52190277972953,-42.571070955632926,0.11428844949008815,-42.45678250614284,0.6261653458237105
2117,1058.5,114.21420211343904,-42.5748906557684,0.11810658105758358,-42.45678407471082,0.6201825373685446
2118,1059.0,117.83962139744723,-42.57864135754916,0.1218555533273295,-42.45678580422183,0.6136454109983601
2119,1059.5,121.38731602700692,-42.582311566484165,0.12552415211434798,-42.45678741436982,0.6065637554737143
2120,1060.0,124.846781823406,-42.585887418672115,0.129101515261293,-42.456785903410825,0.5989496652019193
2121,1060.5,128.2078703169308,-42.589366498475,0.13257714844225174,-42.45678935003275,0.5908164179710849
2122,1061.0,131.46083289072095,-42.592726639678325,0.13594097081100623,-42.45678566886732,0.5821794032229055
2123,1061.5,134.59634988446612,-42.59597220942933,0.13918334509657349,-42.45678886433275,0.5730532323018288
2124,1062.0,137.60556823876973,-42.5990833685653,0.14229511653047563,-42.456788252034826,0.5634556127238504
2125,1062.5,140.48012251612502,-42.60205602430557,0.14526763458410338,-42.45678838972147,0.553402529789037
2126,1063.0,143.21218142146486,-42.604880626389864,0.14809280107466932,-42.456787825315196,0.5429187371918087
2127,1063.5,145.79447640170392,-42.60755314678893,0.15076309973941224,-42.456790047049516,0.5320196926278679
2128,1064.0,148.2203162363406,-42.610062222549224,0.1532716113234416,-42.456790611225784,0.5207326168892975
2129,1064.5,150.48364663508886,-42.61240113287923,0.15561207520843512,-42.45678905767079,0.5090823415186522
2130,1065.0,152.57905617822843,-42.61456951888857,0.15777889555543403,-42.45679062333314,0.4970948270283481
2131,1065.5,154.5018313623466,-42.61655731788501,0.15976719822652405,-42.456790119658486,0.4976688503387843
2132,1066.0,156.24799372290818,-42.6183605912522,0.16157286917252894,-42.45678772207967,0.4983362093602331
2133,1066.5,157.8142781341848,-42.61998112913549,0.16319253199340947,-42.45678859714208,0.4990694959477508
2134,1067.0,159.19818826090557,-42.62141579583438,0.16462360527968622,-42.456792190554694,0.49984652435315174
2135,1067.5,160.398022778432,-42.62265820187661,0.16586432972618873,-42.45679387215042,0.5006417123994967
2136,1068.0,161.41287684189334,-42.62370639941588,0.16691376965125837,-42.45679262976462,0.5014324255643128
2137,1068.5,162.2426801721216,-42.62456642382233,0.16777185238063835,-42.45679457144169,0.5021987567553485
2138,1069.0,162.88820658169413,-42.6252326878762,0.16843937809816045,-42.456793309778035,0.5083182206793938
2139,1069.5,163.3510870090992,-42.62571049134362,0.16891803332411026,-42.45679245801951,0.520108047766674
2140,1070.0,163.6338265328301,-42.626001917183615,0.16921040850915547,-42.456791508674456,0.5322879962571379
2141,1070.5,163.73983441469971,-42.626108285489664,0.16932002910152577,-42.45678825638814,0.5448046199118107
2142,1071.0,163.6734389175725,-42.6260424266614,0.16925137086972789,-42.45679105579167,0.5576083230477664
2143,1071.5,163.43985234839337,-42.62580040838529,0.16900982375425344,-42.45679058463104,0.5706602833746518
2144,1072.0,163.04515291738267,-42.625394078749714,0.1686016731085417,-42.456792405641174,0.5839108615107957
2145,1072.5,162.4962609637307,-42.62482458126925,0.16803407511445456,-42.456790506154796,0.5973200740860504
2146,1073.0,161.80093769781044,-42.62410369865813,0.16731505548162406,-42.45678864317651,0.6108481814084104
2147,1073.5,160.9677665029186,-42.62324175449663,0.16645349011196364,-42.45678826438467,0.6244557281839136
2148,1074.0,160.00610558434664,-42.62224698089291,0.16545905613503648,-42.456787924757876,0.6381130346929607
2149,1074.5,158.9260893867638,-42.62113032211541,0.16434223337374249,-42.45678808874167,0.6517715367964482
2150,1075.0,157.7385870883163,-42.61990252605811,0.16311426142391128,-42.4567882646342,0.6654003970406432
2151,1075.5,156.45512248286073,-42.61857518811331,0.16178705680615085,-42.456788131307164,0.6789659129743907
2152,1076.0,155.0878327950207,-42.61716368642859,0.16037317037733625,-42.45679051605126,0.6924371001626296
2153,1076.5,153.6494131379729,-42.61567275590312,0.15888572989553698,-42.45678702600758,0.7057744630719928
2154,1077.0,152.15304108537103,-42.61412231407577,0.15733836202137896,-42.456783952054394,0.7210222745383451
2155,1077.5,150.61231966774258,-42.61253201759526,0.15574513337177937,-42.456786884223476,0.7376990509287217
2156,1078.0,149.0412073839379,-42.61090422375864,0.1541204781462108,-42.45678374561243,0.7538673887730011
2157,1078.5,147.45392613160723,-42.60925981993472,0.15247910291948216,-42.45678071701524,0.7694750224616679
2158,1079.0,145.86489858099023,-42.607615427214654,0.15083592188124947,-42.4567795053334,0.7844789949403629
2159,1079.5,144.28865372540668,-42.605984016969714,0.14920595916770116,-42.45677805780201,0.7988376512614137
2160,1080.0,142.73973204815067,-42.60438339381215,0.14760425079657416,-42.456779143015574,0.8125053178311026
2161,1080.5,141.2326274086006,-42.602822556616786,0.1460457845727635,-42.45677677204402,0.8254366823815084
2162,1081.0,139.7817047766731,-42.60132413675306,0.14454541501919582,-42.45677872173386,0.8375891743012026
2163,1081.5,138.40106536131375,-42.599895792369395,0.14311772390894775,-42.456778068460444,0.8489285602742723
2164,1082.0,137.10446015230127,-42.598556002268474,0.14177693086058568,-42.45677907140789,0.8594066047632407
2165,1082.5,135.90522599278353,-42.597309049128185,0.14053682723207697,-42.45677222189611,0.8689848327903487
2166,1083.0,134.81615771678554,-42.59618366498053,0.13941064390078997,-42.45677302107974,0.8776305550735136
2167,1083.5,133.8494354416423,-42.595185759064755,0.1384109760780793,-42.45677478298668,0.8853053691521062
2168,1084.0,133.01655219203244,-42.59431965613619,0.13754970846677253,-42.45676994766942,0.8919702537004294
2169,1084.5,132.328199683652,-42.59360885772747,0.13683789715239258,-42.45677096057508,0.8975943840518378
2170,1085.0,131.79419469836796,-42.59306108039523,0.13628569346920297,-42.456775386926026,0.902152242280866
2171,1085.5,131.42340928118907,-42.59267398949196,0.13590227181831654,-42.45677171767365,0.9056156344645724
2172,1086.0,131.2237207172945,-42.592465897594664,0.13569577793995927,-42.456770119654706,0.9079631197245409
2173,1086.5,131.20195455574344,-42.59244104588208,0.13567326999544824,-42.45676777588663,0.9091768723118555
2174,1087.0,131.36381805702825,-42.59261158383946,0.1358406497466614,-42.456770934092795,0.909237815033238
2175,1087.5,131.71390376648282,-42.592971287919646,0.13620266625122648,-42.45676862166842,0.9081332406707263
2176,1088.0,132.25571217961377,-42.59353455428208,0.13676293930027844,-42.456771614981804,0.9058464498574778
2177,1088.5,132.99163167992975,-42.59429240785556,0.13752393867257715,-42.45676846918298,0.9023840319435318
2178,1089.0,133.92287198233856,-42.59525592965747,0.13848691530967958,-42.45676901434779,0.8977361073905639
2179,1089.5,135.04941089999633,-42.59642352840094,0.13965184626862215,-42.45677168213232,0.8944014420491246
2180,1090.0,136.36999732398448,-42.59778833105592,0.14101743780314419,-42.45677089325278,0.8914362081380852
2181,1090.5,137.88217700580088,-42.59935065496481,0.14258115202483698,-42.45676950293997,0.8874710566258396
2182,1091.0,139.582353457516,-42.60110461142673,0.14433926987875542,-42.45676534154797,0.882496768397683
2183,1091.5,141.46581397508746,-42.60305820201108,0.14628691805359773,-42.45677128395748,0.8764936038704176
2184,1092.0,143.52673108110278,-42.605187459974445,0.1484180704736164,-42.45676938950083,0.8694614933471474
2185,1092.5,145.7582147892172,-42.6074984345083,0.15072560234420926,-42.45677283216409,0.8613921018831022
2186,1093.0,148.15233234795042,-42.60996839697396,0.1532013105685776,-42.456767086405385,0.8522734139325083
2187,1093.5,150.7001809974965,-42.61260521268975,0.15583598898406215,-42.45676922370569,0.8421073980148612
2188,1094.0,153.39197027081792,-42.61539339216545,0.1586195134680288,-42.456773878697426,0.8308912131962625
2189,1094.5,156.2170724028422,-42.61831845734457,0.1615408940649924,-42.45677756327958,0.8186273623659726
2190,1095.0,159.16410789268895,-42.62136269859552,0.16458836346477382,-42.456774335130746,0.8053187190590693
2191,1095.5,162.22102741049005,-42.62452478415614,0.16774946170067528,-42.456775322455464,0.7909715647192478
2192,1096.0,165.3752338367522,-42.62778973095467,0.1710111623479002,-42.456778568606765,0.7755905036280055
2193,1096.5,168.613728266714,-42.63113668668535,0.17436002350368646,-42.456776663181664,0.7591897030989091
2194,1097.0,171.92317670866356,-42.634553584245104,0.17778225675867865,-42.45677132748643,0.7417745122433632
2195,1097.5,175.28993973539175,-42.638043332986,0.18126375785889218,-42.45677957512711,0.7233619388947108
2196,1098.0,178.70014787427095,-42.6415710429508,0.18479018466505884,-42.45678085828574,0.7106465537749046
2197,1098.5,182.13977499594128,-42.64512758234821,0.18834703304237302,-42.45678054930583,0.7084693353785345
2198,1099.0,185.59471520320568,-42.6487010902072,0.19191971636973273,-42.456781373837465,0.7055170945545127
2199,1099.5,189.05086391307887,-42.65227703789476,0.19549364938503566,-42.45678338850973,0.7018023473749976
2200,1100.0,192.49418624732016,-42.655837021242625,0.19905431890643666,-42.45678270233619,0.6973496224840962
2201,1100.5,195.91080292589757,-42.65937352643982,0.20258737265303037,-42.456786153786794,0.6921711747209071
2202,1101.0,199.28705397817254,-42.662864776959395,0.20607868512729002,-42.45678609183211,0.6968333019015075
2203,1101.5,202.60957792241155,-42.66630078416876,0.2095144394929886,-42.45678634467577,0.7012553354508647
2204,1102.0,205.8654273698443,-42.66966975877746,0.2128812471190015,-42.45678851165846,0.7051503887632565
2205,1102.5,209.04211842032046,-42.672952824760564,0.21616619865834966,-42.456786626102215,0.7085069136875556
2206,1103.0,212.12779118566456,-42.67614448691263,0.2193570300421326,-42.456787456870494,0.7113130504056323
2207,1103.5,215.11127599272768,-42.679229919569515,0.22244219093875642,-42.45678772863076,0.7135561122410811
2208,1104.0,217.9820967219815,-42.68219878930397,0.22541084820630572,-42.45678794109766,0.7152202589161666
2209,1104.5,220.73057244782072,-42.68504042617099,0.22825299099671126,-42.456787435174284,0.7162916826811725
2210,1105.0,223.3477804918705,-42.687745785151996,0.23095939254992714,-42.45678639260207,0.7167598296944528
2211,1105.5,225.8254921218106,-42.690314521917486,0.2335215437013942,-42.45679297821609,0.7166152283452143
2212,1106.0,228.15616070689507,-42.69272271260422,0.2359316406339039,-42.45679107197032,0.7158488540670089
2213,1106.5,230.33292964723555,-42.6949767692632,0.23818259307710887,-42.456794176186094,0.7144540190001596
2214,1107.0,232.34964501820184,-42.697058276683016,0.24026803738284008,-42.456790239300176,0.7124190480483464
2215,1107.5,234.2008612395804,-42.69897412589138,0.2421823423874682,-42.45679178350392,0.709739273928952
2216,1108.0,235.88183412490025,-42.70071373586079,0.24392060222435294,-42.45679313363644,0.7064080819353469
2217,1108.5,237.3885231494414,-42.70227127325161,0.2454786386691446,-42.45679263458246,0.7024224169897284
2218,1109.0,238.71757660511298,-42.70364516999169,0.24685298578874565,-42.45679218420294,0.6977752108835429
2219,1109.5,239.86632907098942,-42.704831770002585,0.24804088732564367,-42.45679088267694,0.6924656233419543
2220,1110.0,240.83277072907703,-42.7058334543786,0.24904026496797033,-42.456793189410625,0.6864854682034378
2221,1110.5,241.61554640063076,-42.706642693052956,0.2498497173529762,-42.45679297569998,0.6798427913490068
2222,1111.0,242.21394192051443,-42.70726390634498,0.250468505977034,-42.456795400367945,0.6725324653590352
2223,1111.5,242.62782466391556,-42.70768922689593,0.25089649369552536,-42.4567927332004,0.6645595582317435
2224,1112.0,242.85764675357592,-42.707927675670305,0.2511341480393725,-42.456793527630936,0.6559262501791957
2225,1112.5,242.9044995438933,-42.70797820818284,0.25118259755593875,-42.4567956106269,0.6466380551190993
2226,1113.0,242.77012734072474,-42.707837330419764,0.25104364599639756,-42.45679368442337,0.6367014428629287
2227,1113.5,242.456810308679,-42.70750986432746,0.2507196512325478,-42.45679021309491,0.6261335509181309
2228,1114.0,241.96732432987864,-42.70700690678359,0.25021348374757674,-42.45679342303601,0.6149388703633231
2229,1114.5,241.3049748026215,-42.706320368606065,0.2495285615865678,-42.4567918070195,0.6031333401632677
2230,1115.0,240.473521063131,-42.705464124088984,0.2486687722025713,-42.45679535188641,0.5907431097814334
2231,1115.5,239.4770449377063,-42.70442997680925,0.24763833652905912,-42.456791640280194,0.5777765318502671
2232,1116.0,238.3198940826823,-42.70323401225147,0.2464417503889309,-42.45679226186254,0.564266211718862
2233,1116.5,237.0067059518781,-42.70187678520982,0.24508380927876458,-42.45679297593105,0.5502387238282109
2234,1117.0,235.54248816821354,-42.700359382805786,0.24356969147946872,-42.456789691326314,0.5523311855141515
2235,1117.5,233.93256724233095,-42.69869226767074,0.24190490502725326,-42.45678736264348,0.5634977371608947
2236,1118.0,232.18260382861405,-42.6968853881738,0.24009530348956812,-42.45679008468423,0.574297162895519
2237,1118.5,230.29855654340892,-42.69493985956972,0.23814704855026214,-42.45679281101946,0.5847019295404325
2238,1119.0,228.28647035141847,-42.692853448947716,0.23606639118426193,-42.45678705776346,0.5946800176567253
2239,1119.5,226.15241221817791,-42.690648566379295,0.23385960511710682,-42.45678896126219,0.604194274811209
2240,1120.0,223.90247022018295,-42.688323732455004,0.23153298590475072,-42.456790746550254,0.6132311163532922
2241,1120.5,221.54275812544103,-42.685884109325734,0.22909285567021656,-42.45679125365552,0.6243930920150915
2242,1121.0,219.07933812634124,-42.68333566358996,0.22654548320323054,-42.456790180386726,0.6471659927486675
2243,1121.5,216.5181922882484,-42.68068200672592,0.22389705443579433,-42.45678495229012,0.6689621052989521
2244,1122.0,213.8651982056869,-42.67794080422672,0.22115364726874054,-42.45678715695798,0.6897620377624768
2245,1122.5,211.12611096961209,-42.67510532828404,0.21832121292445508,-42.45678411535958,0.7095342038340103
2246,1123.0,208.3065626886008,-42.67219176045647,0.2154055754517502,-42.456786185004724,0.7282608496953893
2247,1123.5,205.41205569173528,-42.66919648121484,0.21241242469710503,-42.45678405651773,0.7459234471620455
2248,1124.0,202.44794005665105,-42.66613072033357,0.20934729306687727,-42.45678342726669,0.7625018096995331
2249,1124.5,199.41946007115018,-42.662997294061476,0.20621560357231186,-42.456781690489166,0.7779730756514222
2250,1125.0,196.33178452500277,-42.65980538578843,0.2030227011536759,-42.45678268463475,0.7923402532992716
2251,1125.5,193.1899772004478,-42.65656067017993,0.19977382216508643,-42.45678684801484,0.8055845356511294
2252,1126.0,189.99905641759096,-42.653258050002734,0.19647415594919415,-42.45678389405354,0.8176996363658875
2253,1126.5,186.7639853128627,-42.64991109942902,0.1931288347843346,-42.45678226464469,0.8286851378082399
2254,1127.0,183.48966910623707,-42.64652268230586,0.18974293105861495,-42.45677975124724,0.838540599271537
2255,1127.5,180.1809777362044,-42.6431043387328,0.18632148067627838,-42.45678285805652,0.8472667387322314
2256,1128.0,176.84272988880667,-42.63965340101686,0.18286946654245473,-42.4567839344744,0.8548654013127291
2257,1128.5,173.47974343512178,-42.63617546853108,0.179391870719536,-42.456783597811544,0.8613483075382901
2258,1129.0,170.09688139922864,-42.6326755925754,0.17589372196171332,-42.45678187061369,0.866723441574767
2259,1129.5,166.69904120554426,-42.62916311109322,0.17238008459586704,-42.456783026497355,0.8710053693606749
2260,1130.0,163.29112260066293,-42.625636613420326,0.16885602535019373,-42.45678058807013,0.8742066002060714
2261,1130.5,159.8780438916413,-42.62210839641298,0.16532663014588628,-42.4567817662671,0.8763464351181433
2262,1131.0,156.4647679218513,-42.61857898906497,0.16179703095823436,-42.45678195810674,0.8774404031832829
2263,1131.5,153.05631276977442,-42.61505449771977,0.15827241688003,-42.45678208083974,0.8775179389958676
2264,1132.0,149.65776031242382,-42.61154037917697,0.15475804297682783,-42.45678233620014,0.8765994476659302
2265,1132.5,146.27426099809293,-42.60803769207243,0.15125923522234735,-42.45677845685008,0.8747086249385998
2266,1133.0,142.91106338613275,-42.604562095568774,0.14778142104495523,-42.45678067452382,0.8718763814613212
2267,1133.5,139.57350499308643,-42.601108774332694,0.1443301198618394,-42.45677865447085,0.8681286556731469
2268,1134.0,136.26702119979387,-42.597685427629784,0.14091095228966458,-42.45677447534012,0.8634977735044383
2269,1134.5,132.99714437035703,-42.59430724211022,0.1375296392335122,-42.456777602876706,0.8580114674621254
2270,1135.0,129.7695062824689,-42.59096923805151,0.13419200440003426,-42.45677723365147,0.8517136500652471
2271,1135.5,126.58983772415748,-42.58768292224586,0.13090397388045433,-42.456778948365404,0.8446253990441099
2272,1136.0,123.46393251839032,-42.584446936232766,0.12767153894914363,-42.45677539728362,0.8367895150994088
2273,1136.5,120.397656755738,-42.581279971042775,0.1245007656109303,-42.45677920543184,0.828236593593658
2274,1137.0,117.39693196370366,-42.57817347333426,0.12139777719684583,-42.45677569613741,0.8190033119501482
2275,1137.5,114.46770367658564,-42.57514054107611,0.1183687218628598,-42.45677181921325,0.8091244478165583
2276,1138.0,111.61593079324173,-42.5721941516325,0.11541976158496065,-42.45677439004754,0.7986400724135704
2277,1138.5,108.84755087992735,-42.569333491746896,0.11255703627952704,-42.45677645546737,0.787587961221886
2278,1139.0,106.16845284168441,-42.56656116293092,0.10978663554336744,-42.45677452738755,0.7759965581955368
2279,1139.5,103.58444304855834,-42.56389296452278,0.10711456362553083,-42.45677840089725,0.7639082274693949
2280,1140.0,101.10120174508299,-42.56131927436295,0.10454669435124256,-42.45677258001171,0.751353852723506
2281,1140.5,98.72425927544494,-42.558860208254444,0.10208874653683073,-42.456771461717615,0.7473959389734695
2282,1141.0,96.45895313720929,-42.5565191407927,0.09974623957985844,-42.456772901212844,0.7518483604551006
2283,1141.5,94.3103972320655,-42.55429763284571,0.0975244616619461,-42.45677317118376,0.7563036436340563
2284,1142.0,92.28342262106283,-42.552197690541334,0.09542840848496661,-42.45676928205637,0.760717057879929
2285,1142.5,90.38253366271593,-42.5502336915944,0.09346273791435335,-42.45677095368005,0.7650519839624412
2286,1143.0,88.61189638729532,-42.54840667940765,0.09163175795719058,-42.45677492145046,0.7692646225519354
2287,1143.5,86.97527610575709,-42.54670798263714,0.08993936224487806,-42.45676862039226,0.7733136286477702
2288,1144.0,85.4759981708503,-42.54516072497922,0.08838898945699095,-42.45677173552223,0.7772656606840036
2289,1144.5,84.11691012800837,-42.54375595608931,0.08698358418228723,-42.45677237190703,0.7855063687861148
2290,1145.0,82.9003454726974,-42.542499301878244,0.08572555944091953,-42.45677374243733,0.7927767968139531
2291,1145.5,81.82810759611415,-42.54138678191168,0.08461678008300824,-42.45677000182867,0.7990579441301803
2292,1146.0,80.90143341958053,-42.54043027984821,0.08365852518370916,-42.4567717546645,0.8043439126815963
2293,1146.5,80.12095604141031,-42.53962431783568,0.082851449417099,-42.45677286841858,0.8086176156569447
2294,1147.0,79.48668750647381,-42.53896592699171,0.08219556523853294,-42.45677036175317,0.8118718874316092
2295,1147.5,78.99801978086555,-42.538461020426915,0.08169024389252857,-42.456770776534384,0.8141001537472569
2296,1148.0,78.65369956225697,-42.53810759117684,0.08133418936466462,-42.45677340181217,0.8153011488980416
2297,1148.5,78.45180898065198,-42.53789936889647,0.08112541842462503,-42.45677395047184,0.8154733100542564
2298,1149.0,78.38977711608031,-42.53783554283845,0.08106127253641134,-42.45677427030204,0.8146139799427832
2299,1149.5,78.46437943459799,-42.53791060105368,0.08113841727512203,-42.45677218377856,0.8127286164723091
2300,1150.0,78.67173339751143,-42.538126125412425,0.08135283778654077,-42.456773287625886,0.8098226112987362
2301,1150.5,79.0073161011483,-42.538473178176076,0.08169985702806422,-42.45677332114801,0.8059071893159909
2302,1151.0,79.46598085561952,-42.538947844990744,0.08217415291246227,-42.45677369207828,0.8009839228418695
2303,1151.5,80.0419744300178,-42.53953958688886,0.08276977614078682,-42.45676981074807,0.7950708224133749
2304,1152.0,80.72897650511037,-42.54025238171523,0.08348019099959797,-42.45677219071563,0.7913655531598619
2305,1152.5,81.52014078967888,-42.541072819275705,0.08429831787853417,-42.45677450139717,0.789084357425678
2306,1153.0,82.40814398318317,-42.54199083456122,0.0852165839016058,-42.45677425065961,0.7865459792280038
2307,1153.5,83.38520596977727,-42.54300369448875,0.08622694380941609,-42.45677675067934,0.7837953070005345
2308,1154.0,84.44313499881088,-42.54409810699964,0.08732092667939778,-42.456777180320245,0.7808817523034471
2309,1154.5,85.57339098717044,-42.54526854873569,0.08848970138547525,-42.456778847350215,0.777855362845579
2310,1155.0,86.76712297497853,-42.54650096847226,0.08972411533024069,-42.45677685314202,0.7747712960499222
2311,1155.5,88.01522731355402,-42.54779596471066,0.09101475461593896,-42.45678121009472,0.7716940374893739
2312,1156.0,89.30842457411416,-42.549129122402235,0.09235202357419069,-42.45677709882804,0.7686866311824991
2313,1156.5,90.63731120747725,-42.55050581360278,0.09372619818623897,-42.45677961541654,0.7658122814164798
2314,1157.0,91.99241153870867,-42.551909873710684,0.09512747984955418,-42.45678239386113,0.7631406315836134
2315,1157.5,93.3642662377538,-42.55332665581163,0.09654608686351446,-42.45678056894812,0.7607405222512437
2316,1158.0,94.7435073276322,-42.554755476053685,0.09797233199385194,-42.456783144059834,0.7586822417675396
2317,1158.5,96.12090364911748,-42.55618095511049,0.09939666948675271,-42.45678428562374,0.7570276494548658
2318,1159.0,97.48742938127877,-42.55759381687666,0.1008097659245537,-42.45678405095211,0.7558450858937892
2319,1159.5,98.83434321454465,-42.5589858899991,0.10220258209699604,-42.45678330790211,0.7551915743800225
2320,1160.0,100.15324702890454,-42.5603482690472,0.10356643367915865,-42.45678183536805,0.7551268671322359
2321,1160.5,101.43615189013958,-42.561679142414654,0.10489305947681675,-42.45678608293784,0.7556964232246836
2322,1161.0,102.67553801227831,-42.56295840929481,0.10617468343239658,-42.45678372586241,0.7569429661333161
2323,1161.5,103.86441179967235,-42.564194644157965,0.10740407361102455,-42.45679057054694,0.7588975695380903
2324,1162.0,104.99634958001111,-42.565359865814244,0.10857458742394721,-42.4567852783903,0.7615876993966469
2325,1162.5,106.0655649084305,-42.56646866594169,0.10968024122633994,-42.45678842471535,0.765020927146728
2326,1163.0,107.06695213667842,-42.56750099314469,0.11071575537129386,-42.456785237773396,0.7691993226319603
2327,1163.5,107.9961056833492,-42.56846096127041,0.11167657413677294,-42.45678438713364,0.7741151874330517
2328,1164.0,108.84936845073312,-42.569342876572755,0.11255891579249239,-42.456783960780264,0.7797470409202011
2329,1164.5,109.62385467079027,-42.5701451126168,0.113359796224475,-42.45678531639233,0.7860629266347031
2330,1165.0,110.31748456216437,-42.57086283066949,0.11407706477316365,-42.45678576589633,0.7930149342013018
2331,1165.5,110.92899347089937,-42.571495173468605,0.11470941368565014,-42.45678575978295,0.8005536610213911
2332,1166.0,111.45791513334332,-42.57204355408276,0.1152563608081849,-42.45678719327458,0.8086129558666149
2333,1166.5,111.90458626242032,-42.5725048747721,0.11571825432874741,-42.45678662044335,0.8171303062231927
2334,1167.0,112.2701528966437,-42.57288062522979,0.1160962793424315,-42.456784345887364,0.8260201673330506
2335,1167.5,112.55655667300356,-42.573177342866245,0.11639244365651784,-42.45678489920973,0.8352041192172358
2336,1168.0,112.7664915196006,-42.5733918743604,0.11660953300720821,-42.45678234135319,0.8445964215524668
2337,1168.5,112.9033760007351,-42.57353764198764,0.11675108246224514,-42.4567865595254,0.8541013827030058
2338,1169.0,112.97133564594394,-42.57360373825609,0.11682135814772891,-42.45678238010836,0.8636249874127119
2339,1169.5,112.97514337248332,-42.57361170889381,0.11682529564021973,-42.45678641325359,0.8730745635282022
2340,1170.0,112.92016910364684,-42.573551318022325,0.11676844786806644,-42.45678287015426,0.8823562102659773
2341,1170.5,112.81235116972559,-42.57344295200602,0.11665695553772135,-42.4567859964683,0.8913728905681583
2342,1171.0,112.65816512439882,-42.57328071673108,0.11649751488740497,-42.45678320184367,0.9000350068634616
2343,1171.5,112.46453332241788,-42.57307990587526,0.11629728418322971,-42.45678262169203,0.9082456535669329
2344,1172.0,112.23872953172919,-42.572847928063034,0.11606378508053848,-42.45678414298249,0.9159225011830197
2345,1172.5,111.98832389151906,-42.57258811079754,0.11580484570613932,-42.4567832650914,0.9229779584904918
2346,1173.0,111.7210765101676,-42.57231264049747,0.1155284906301159,-42.45678414986735,0.9293282054274079
2347,1173.5,111.44486735090295,-42.57202400818916,0.11524286836201007,-42.45678113982715,0.934905474814021
2348,1174.0,111.1676397784684,-42.571737139870805,0.11495619297357967,-42.456780946897226,0.939634316292051
2349,1174.5,110.89731808483978,-42.571459133824746,0.11467665881382201,-42.456782475010925,0.9434468928201872
2350,1175.0,110.64173770128382,-42.5711940407044,0.11441236834268428,-42.456781672361714,0.9462887219069641
2351,1175.5,110.40857887712045,-42.570951088726495,0.11417126354962194,-42.45677982517687,0.9481029595034094
2352,1176.0,110.20528616145988,-42.57073935656303,0.11396104269130229,-42.45677831387173,0.9488476666714767
2353,1176.5,110.0390162084955,-42.57056423150154,0.11378910631812057,-42.45677512518342,0.9484770206705444
2354,1177.0,109.9165746331304,-42.57043932656434,0.11366249197788893,-42.45677683458645,0.9469589421924995
2355,1177.5,109.84435797690311,-42.570364743297915,0.11358781420398176,-42.456776929093934,0.944267808146836
2356,1178.0,109.82834067303364,-42.57034796617633,0.11357125103615517,-42.45677671514017,0.940382617007711
2357,1178.5,109.87400280071648,-42.57039699631322,0.11361846931273237,-42.45677852700049,0.9352899808549715
2358,1179.0,109.98628464210955,-42.570512954158524,0.11373457767891097,-42.45677837647961,0.9289855287442488
2359,1179.5,110.16959097921803,-42.570699363298914,0.11392413103008327,-42.45677523226883,0.9214687589593696
2360,1180.0,110.42775743681621,-42.570966994179855,0.11419109570773678,-42.45677589847212,0.9127460569627601
2361,1180.5,110.76402654686339,-42.57131611451527,0.11453882474815422,-42.45677728976712,0.9028299006765532
2362,1181.0,111.18104461595738,-42.57174670969237,0.11497005464311078,-42.45677665504926,0.8917468886180484
2363,1181.5,111.68085472261623,-42.572264689903236,0.11548689809850587,-42.45677779180473,0.8795137947437202
2364,1182.0,112.26491437706913,-42.572866029974406,0.11609086229599326,-42.456775167678416,0.8661737408971371
2365,1182.5,112.93409286274719,-42.57355611315886,0.11678284614387086,-42.45677326701499,0.8517572965226684
2366,1183.0,113.68868405774492,-42.574338183866345,0.11756315353549297,-42.45677503033085,0.8530654339135848
2367,1183.5,114.52843839284641,-42.57520879949769,0.11843152639641454,-42.456777273101274,0.8644989029269156
2368,1184.0,115.452609883622,-42.57616603865732,0.11938719331932475,-42.45677884533799,0.8750696803891326
2369,1184.5,116.46000981962547,-42.57720504176346,0.12042892508295275,-42.45677611668051,0.8847665918070602
2370,1185.0,117.54899388818322,-42.57833160354983,0.12155502133704023,-42.45677658221279,0.8935678566984087
2371,1185.5,118.71746789411108,-42.57953953269607,0.12276331651698405,-42.45677621617909,0.9014604503801432
2372,1186.0,119.96294709195239,-42.58082785768755,0.12405124119809575,-42.456776616489456,0.9084321069617317
2373,1186.5,121.28257723777223,-42.58219211573002,0.12541584386483332,-42.45677627186518,0.9144765595213948
2374,1187.0,122.673163816652,-42.583628505425985,0.12685382113435825,-42.456774684291624,0.9195835628110148
2375,1187.5,124.13122892480362,-42.58513712119235,0.1283615765771718,-42.45677554461518,0.92374755969872
2376,1188.0,125.65304397265335,-42.58671057937432,0.12993525453470808,-42.45677532483961,0.9269646464027176
2377,1188.5,127.2346509539804,-42.58834874790885,0.1315707621133174,-42.45677798579553,0.9292356840526126
2378,1189.0,128.87192037624558,-42.590044366352394,0.13326382908883944,-42.456780537263555,0.9305543778556985
2379,1189.5,130.56061632962715,-42.591790418403924,0.13501007519316877,-42.45678034321075,0.9309359818245629
2380,1190.0,132.29643096859647,-42.59358453838318,0.13680504577094987,-42.456779492612235,0.9303692503395614
2381,1190.5,134.0750137022866,-42.59542457085739,0.13864424196474334,-42.45678032889265,0.9288602823231804
2382,1191.0,135.89199842697934,-42.597304476512534,0.14052314887558592,-42.456781327636946,0.9264096226279196
2383,1191.5,137.74302547920016,-42.59921294089745,0.1424372582642394,-42.456775682633214,0.9230235335098538
2384,1192.0,139.62373838492175,-42.60115949677021,0.14438206518960786,-42.4567774315806,0.9187195199947009
2385,1192.5,141.52981748823385,-42.603133108794694,0.1463531027834607,-42.456780006011236,0.913505024691733
2386,1193.0,143.45699696579427,-42.60512324465108,0.14834595984472998,-42.45677728480635,0.9073968511636693
2387,1193.5,145.40107439619337,-42.607133534610824,0.15035629073499526,-42.45677724387583,0.9004133308956068
2388,1194.0,147.35794284000218,-42.60915970636898,0.15237984855180847,-42.45677985781717,0.8925662778190643
2389,1194.5,149.32361164828887,-42.611195015186375,0.15441250664635695,-42.456782508540016,0.8838771225116564
2390,1195.0,151.2942346213658,-42.613231191723855,0.1564502877418505,-42.45678090398201,0.874365504006013
2391,1195.5,153.26611956803256,-42.61526934940824,0.1584893738185401,-42.4567799755897,0.8640517268817309
2392,1196.0,155.23574562314562,-42.61730815087282,0.16052612402146402,-42.45678202685136,0.8529549064163582
2393,1196.5,157.19980482191335,-42.619339976359164,0.16255711765157982,-42.456782858707584,0.8410932166305091
2394,1197.0,159.1552004850392,-42.62135932689644,0.16457915249587388,-42.45678017440056,0.8284897152759064
2395,1197.5,161.09908043085687,-42.62336965591173,0.16658927917135424,-42.456780376740376,0.8151666605333473
2396,1198.0,163.02886462507863,-42.62536925993512,0.16858482971709216,-42.45678443021803,0.809939562302781
2397,1198.5,164.94219538048748,-42.62734660609388,0.170563366096738,-42.456783239997144,0.8074275467618951
2398,1199.0,166.83692819095828,-42.62930880986296,0.1725226707201689,-42.45678613914279,0.8043396856620684
2399,1199.5,168.71115661948264,-42.63124415497227,0.17446077217968867,-42.45678338279259,0.8006709083681361
2400,1200.0,170.56318865220567,-42.633162086812916,0.17637592079821854,-42.456786166014695,0.7964268960166082
2401,1200.5,172.391535345686,-42.635047953923745,0.17826657688966,-42.45678137703408,0.7916052186658146
2402,1201.0,174.19490895798222,-42.63691473561087,0.18013140882628925,-42.45678332678458,0.7862111648809653
2403,1201.5,175.97221552670143,-42.638753860587784,0.1819692853638684,-42.456784575223914,0.7802409641116893
2404,1202.0,177.7226355330534,-42.640560939775796,0.18377935905470144,-42.45678158072109,0.7736995943121833
2405,1202.5,179.4456228858406,-42.64234356950119,0.18556106519699922,-42.45678250430419,0.7665935234241928
2406,1203.0,181.14078351998506,-42.644099628443385,0.18731399629608755,-42.456785632147295,0.7589089486592708
2407,1203.5,182.80785893008775,-42.645820860332464,0.18903788503679633,-42.45678297529567,0.7506603410148726
2408,1204.0,184.44672760121298,-42.64751751760783,0.19073260576300463,-42.45678491184483,0.7418446540858068
2409,1204.5,186.0573715737869,-42.64918419530819,0.1923981399030827,-42.456786055405104,0.7324666363636974
2410,1205.0,187.6398572291102,-42.65081920459207,0.19403455610058212,-42.456784648491485,0.7225243884341888
2411,1205.5,189.19431728176679,-42.65242424855945,0.1956419915929521,-42.4567822569665,0.7120309563510323
2412,1206.0,190.72093029867702,-42.654005884865164,0.19722063103260945,-42.45678525383256,0.7009861884193983
2413,1206.5,192.2198690803334,-42.655553119638284,0.19877065310902534,-42.45678246652926,0.7078303660244248
2414,1207.0,193.69128625626757,-42.65707523492936,0.20029221565329094,-42.45678301927607,0.7256645089545415
2415,1207.5,195.13531357353844,-42.658566757023976,0.20178545490235755,-42.45678130212162,0.7428848330402553
2416,1208.0,196.5520137306756,-42.66003461858734,0.2032504356914982,-42.45678418289584,0.7594317544121696
2417,1208.5,197.94134291737296,-42.66147332768019,0.2046871127173672,-42.456786214962825,0.7752441358723964
2418,1209.0,199.30318732918246,-42.66287692430319,0.2060953682971019,-42.45678155600609,0.7902772753135054
2419,1209.5,200.63744089267718,-42.664259036323024,0.20747509274233106,-42.456783943580696,0.8044729166162832
2420,1210.0,201.94393473348504,-42.66560849836347,0.2088261114235048,-42.45678238693996,0.8177953942636338
2421,1210.5,203.2223195146499,-42.6669298423779,0.21014806309838904,-42.45678177927951,0.8301927173703125
2422,1211.0,204.47201860024555,-42.6682216739694,0.21144035147951257,-42.45678132248989,0.8416422650513562
2423,1211.5,205.69221435904208,-42.669483828194046,0.21270213107106709,-42.45678169712298,0.8520989509256897
2424,1212.0,206.88185439750632,-42.6707191098728,0.2139323136143262,-42.45678679625847,0.861539521312043
2425,1212.5,208.03961482940204,-42.67191513222496,0.2151295301054868,-42.456785602119474,0.8699349522842649
2426,1213.0,209.16395426719887,-42.67307575046064,0.21629218662708558,-42.456783563833554,0.8772601249948688
2427,1213.5,210.25311779508735,-42.67420257099779,0.21741846845641322,-42.45678410254138,0.8835005673375815
2428,1214.0,211.30507319610948,-42.67528981754822,0.21850627411928852,-42.456783543428934,0.8886412278631184
2429,1214.5,212.31749648899495,-42.67633626581789,0.219553200433995,-42.456783065383895,0.8926727585023234
2430,1215.0,213.2877794128539,-42.677337768070515,0.22055655025104942,-42.45678121781947,0.8955850282464358
2431,1215.5,214.21303761780862,-42.67829174729009,0.2215133409229673,-42.45677840636712,0.8973829521309716
2432,1216.0,215.09015227673308,-42.67920424320233,0.2224203473341154,-42.45678389586821,0.8980619008325781
2433,1216.5,215.91589831294485,-42.68006066765936,0.22327423449835754,-42.45678643316101,0.8976313724406763
2434,1217.0,216.6869267299299,-42.680858054639096,0.22407153928658255,-42.45678651535251,0.8961046774925515
2435,1217.5,217.39968591404346,-42.68159620414683,0.22480858904742962,-42.4567876150994,0.893492452385529
2436,1218.0,218.05048176278856,-42.682265712468244,0.22548156378471676,-42.456784148683525,0.8898160200236436
2437,1218.5,218.63552537554796,-42.682872846524084,0.22608654547345594,-42.45678630105063,0.8851003561147824
2438,1219.0,219.15097577967276,-42.683405749489225,0.22661956224203142,-42.4567861872472,0.8793648710866063
2439,1219.5,219.59295847607515,-42.68386472141781,0.22707660754981943,-42.456788113867994,0.8726356213340746
2440,1220.0,219.95756992844468,-42.68424055329624,0.2274536448293955,-42.456786908466846,0.8649581401907057
2441,1220.5,220.2409240487298,-42.684535407375535,0.22774665555622453,-42.45678875181931,0.8563689530866665
2442,1221.0,220.43918754108267,-42.68473683192244,0.22795167579711434,-42.45678515612533,0.8469170311840074
2443,1221.5,220.54865112435155,-42.68485159366614,0.22806486985994515,-42.4567867238062,0.8366622431451358
2444,1222.0,220.56580677102843,-42.684869376046585,0.22808261016489273,-42.456786765881695,0.8256490086952251
2445,1222.5,220.4873627144558,-42.68478949713338,0.2280014927630754,-42.4567880043703,0.8139473284246316
2446,1223.0,220.31033987303798,-42.68460747225091,0.22781843704686777,-42.45678903520404,0.8016093397464761
2447,1223.5,220.03217532958377,-42.68431919284642,0.22753079275578225,-42.45678840009064,0.7887061482506568
2448,1224.0,219.6508178007611,-42.683922221379255,0.22713643869948827,-42.456785782679766,0.775305855332162
2449,1224.5,219.16483018285186,-42.68341993146693,0.22663388879828975,-42.45678604266864,0.7614777105065543
2450,1225.0,218.57325647669273,-42.682808242141945,0.22602215447291552,-42.45678608766903,0.7472965803265655
2451,1225.5,217.87560368108223,-42.682088343654556,0.22530072592086048,-42.456787617733696,0.7328463551505869
2452,1226.0,217.07193996973808,-42.681259892524444,0.22446967363917808,-42.45679021888527,0.7181991139619391
2453,1226.5,216.16283155913072,-42.68031592353253,0.22352958314079255,-42.45678634039174,0.7034461475852883
2454,1227.0,215.1493430462359,-42.679269189697614,0.2224815553037618,-42.456787634393855,0.6941408576616952
2455,1227.5,214.03302990598226,-42.67811606484079,0.22132719861304076,-42.456788866227754,0.6848414540306046
2456,1228.0,212.8159108619882,-42.676856116766714,0.22006860058962296,-42.456787516177094,0.6752011611615452
2457,1228.5,211.50052758401623,-42.67549486005666,0.21870838952246266,-42.4567864705342,0.6652357057783485
2458,1229.0,210.0899712870851,-42.67403530275523,0.21724976197407495,-42.456785540781155,0.6606029103372321
2459,1229.5,208.58783604332535,-42.672485427487835,0.21569643450127648,-42.45678899298656,0.6792811642915557
2460,1230.0,206.99821637803333,-42.6708400039811,0.21405264116931352,-42.45678736281179,0.6972104134133844
2461,1230.5,205.32571919748094,-42.6691091885743,0.21232314588616738,-42.45678604268814,0.7143665480802347
2462,1231.0,203.5753949217755,-42.66730176922583,0.2105131711884469,-42.456788598037384,0.7307243073715642
2463,1231.5,201.75267056115283,-42.66541803926253,0.20862832903694545,-42.456789710225586,0.7462494973159168
2464,1232.0,199.86329095775085,-42.66346116231988,0.2066745600559556,-42.45678660226392,0.7609250346208339
2465,1232.5,197.91327654984696,-42.6614414852657,0.20465808985812672,-42.45678339540757,0.7747198283969732
2466,1233.0,195.90887577076157,-42.659370941756414,0.2025853798211402,-42.45678556193528,0.7876131790305253
2467,1233.5,193.8564872097488,-42.65724649624623,0.20046304659587144,-42.45678344965036,0.7995811264847563
2468,1234.0,191.76261529275018,-42.655077923228156,0.19829781627675952,-42.4567801069514,0.8106084363545043
2469,1234.5,189.63382896899282,-42.652878833206444,0.19609648168045943,-42.45678235152599,0.8206659471097619
2470,1235.0,187.47669726009917,-42.65064992058999,0.19386583569848875,-42.4567840848915,0.8297503852341127
2471,1235.5,185.29774550366488,-42.64839453928992,0.19161262604960227,-42.45678191324031,0.8378404842157784
2472,1236.0,183.1034102230967,-42.64612667617932,0.1893435086116103,-42.456783167567714,0.8449234584955244
2473,1236.5,180.89998180913994,-42.64384550703301,0.1870649881495132,-42.45678051888349,0.8509904004907907
2474,1237.0,178.6935281859593,-42.641562329690885,0.1847833393801495,-42.45677899031074,0.856034160878701
2475,1237.5,176.48984224418916,-42.63928560063076,0.18250455261378373,-42.45678104801697,0.8600518778496649
2476,1238.0,174.29439153366528,-42.63701404917931,0.18023428173238423,-42.456779767446925,0.8630342704365076
2477,1238.5,172.11229036334376,-42.63475762167975,0.17797781533871757,-42.45677980634104,0.8649914298943024
2478,1239.0,169.94828116815083,-42.63251725298465,0.1757400574881872,-42.456777195496464,0.8659223300073655
2479,1239.5,167.80669259672533,-42.63030368368711,0.1735254843482213,-42.45677819933889,0.8658327971542552
2480,1240.0,165.6913993651003,-42.62811566872365,0.17133810268378216,-42.45677756603987,0.8647372214095393
2481,1240.5,163.60577346094897,-42.6259565449557,0.16918139939867066,-42.456775145557025,0.8626475277758029
2482,1241.0,161.55266925696694,-42.62383731536959,0.16705832614157756,-42.45677898922801,0.861973046363754
2483,1241.5,159.53439813369064,-42.621750167981375,0.16497127306405696,-42.45677889491732,0.8635888085661837
2484,1242.0,157.552726350913,-42.61969766385716,0.1629220666194005,-42.45677559723776,0.864172412602568
2485,1242.5,155.60886996957143,-42.61769270700457,0.16091196431146515,-42.456780742693105,0.8637282531672763
2486,1243.0,153.70350331415466,-42.615719476087634,0.15894166344547575,-42.45677781264216,0.8622660970574126
2487,1243.5,151.83676403146205,-42.61378565489966,0.1570113063591851,-42.45677434854047,0.8597956424440237
2488,1244.0,150.00826305205982,-42.61189831680973,0.15512049072381298,-42.45677782608592,0.8563319144007987
2489,1244.5,148.2171215190558,-42.610048140450786,0.15326830773134037,-42.45677983271945,0.8518924753985079
2490,1245.0,146.46198562757476,-42.60822984333483,0.15145335743970856,-42.456776485895126,0.846496563311617
2491,1245.5,144.74103951889117,-42.6064565515377,0.14967376210637956,-42.456782789431315,0.8401662200378073
2492,1246.0,143.05205928469417,-42.60470599031094,0.1479272220330468,-42.45677876827789,0.8329207265004455
2493,1246.5,141.3924571685487,-42.60299202153573,0.1462110612734664,-42.45678096026226,0.824787452611468
2494,1247.0,139.7593104967723,-42.60130308636704,0.1445222575502875,-42.456780828816754,0.8157951682041505
2495,1247.5,138.14942770994605,-42.599637470886414,0.14285751053689372,-42.45677996034952,0.8059744060319401
2496,1248.0,136.55938240053186,-42.59799475485309,0.14121327705500994,-42.45678147779808,0.7953551795454126
2497,1248.5,134.98558830735408,-42.59636566867859,0.13958584862496903,-42.45677982005362,0.7839714317117207
2498,1249.0,133.42436708180813,-42.594753462797165,0.1379714215413685,-42.4567820412558,0.7718618256380999
2499,1249.5,131.87198743559122,-42.59314620607583,0.13636613735494166,-42.45678006872089,0.7590643539094084
2500,1250.0,130.3247266733029,-42.5915506289686,0.1347661465021673,-42.45678448246643,0.7456175324812125
2501,1250.5,128.77891998149317,-42.58994939254698,0.13316765927407068,-42.456781733272905,0.7315730006684046
2502,1251.0,127.231026623905,-42.58834796661131,0.13156701426737608,-42.456780952343934,0.7169680816083043
2503,1251.5,125.67769524574375,-42.586743363981036,0.12996074591432244,-42.45678261806671,0.7018599476148393
2504,1252.0,124.11580914934143,-42.5851244876319,0.12834563130130577,-42.456778856330594,0.6862940010876145
2505,1252.5,122.54254313236473,-42.58350303216588,0.12671874894411303,-42.456784283221765,0.6703276229283779
2506,1253.0,120.95542877556844,-42.58186277574636,0.1250775463006586,-42.4567852294457,0.6540206481333025
2507,1253.5,119.3523976451695,-42.58020214485674,0.12341988444567975,-42.45678226041106,0.6374413138621935
2508,1254.0,117.7318250312929,-42.578528647605445,0.12174408329977308,-42.45678456430567,0.6422843715770487
2509,1254.5,116.09256636390064,-42.57683599454219,0.12004895928636522,-42.45678703525583,0.6495115207079718
2510,1255.0,114.43399125274469,-42.575114258580044,0.1183338605317351,-42.45678039804831,0.6570211598038478
2511,1255.5,112.75600794626179,-42.57338303143418,0.1165986921574592,-42.45678433927672,0.6647991036360803
2512,1256.0,111.05909853429456,-42.57162834366943,0.11484395268282865,-42.456784390986606,0.6728261378128013
2513,1256.5,109.34434921663977,-42.56985554769638,0.11307076532493876,-42.456784782371436,0.6922018530282085
2514,1257.0,107.61344226169231,-42.5680630487185,0.11128086968328647,-42.456782179035216,0.7116732882193874
2515,1257.5,105.86865874511658,-42.56625963723906,0.10947662457177472,-42.45678301266728,0.7308252742230554
2516,1258.0,104.11289731565407,-42.56444168715241,0.10766102742405194,-42.45678065972836,0.7495837986417869
2517,1258.5,102.349642247984,-42.56261684876284,0.1058376812576257,-42.45677916750522,0.7678809417897856
2518,1259.0,100.582950566953,-42.56078951283564,0.10401078135929079,-42.45677873147635,0.785636356043148
2519,1259.5,98.81743807545247,-42.55896508439638,0.10218510083684157,-42.456779983559535,0.8027882731639876
2520,1260.0,97.05824656338118,-42.55714117500544,0.10036595671052793,-42.456775218294915,0.8192609486446895
2521,1260.5,95.3110017297924,-42.55533966461021,0.09855916640120425,-42.45678049820901,0.8349891996339835
2522,1261.0,93.58176693321997,-42.55355290165425,0.09677099990448323,-42.456781901749764,0.8499088957366278
2523,1261.5,91.87700647194663,-42.55178974809685,0.09500814181960894,-42.45678160627724,0.8639505651363597
2524,1262.0,90.20351177341517,-42.55005896680722,0.09327761502342966,-42.45678135178379,0.8770626358258301
2525,1262.5,88.56835112465288,-42.548365338526274,0.09158672868765329,-42.45677860983862,0.889182348163388
2526,1263.0,86.97880325682844,-42.54672160854308,0.0899430095999898,-42.45677859894309,0.9002529508527012
2527,1263.5,85.4422897308338,-42.54513125465128,0.08835413224545802,-42.456777122405825,0.910220219595025
2528,1264.0,83.9663127302208,-42.54360632564072,0.08682785447932795,-42.456778471161385,0.9190410785974078
2529,1264.5,82.55834847860369,-42.542149829620925,0.08537190731222664,-42.456777922308696,0.9266677040597829
2530,1265.0,81.2258052230833,-42.54077151749034,0.08399395146165263,-42.45677756602869,0.933060491471312
2531,1265.5,79.97595816854859,-42.53947765978721,0.08270151006886181,-42.45677614971835,0.9381817064546504
2532,1266.0,78.81582963660345,-42.5382795361962,0.08150184477365356,-42.456777691422545,0.9420063031219337
2533,1266.5,77.7521604030309,-42.53717737916968,0.08040192607502604,-42.45677545309465,0.9445008028072963
2534,1267.0,76.79133753966825,-42.536186178323916,0.07940835871392841,-42.45677781960999,0.9456480344901563
2535,1267.5,75.93930178704778,-42.53530035710608,0.07852728588919441,-42.45677307121689,0.9454319469593243
2536,1268.0,75.20151641099804,-42.53453708705,0.07776435705278777,-42.45677272999721,0.9438437024966232
2537,1268.5,74.5828908315784,-42.533899970235495,0.07712464893603839,-42.45677532129946,0.94087813776775
2538,1269.0,74.08773197829521,-42.5333871674202,0.07661261524706173,-42.45677455217314,0.9365372748168189
2539,1269.5,73.71971056356081,-42.53300522998758,0.07623205179482936,-42.45677317819275,0.9308251191470929
2540,1270.0,73.48182023097243,-42.53275870314872,0.07598605424523602,-42.45677264890349,0.9237626406646009
2541,1270.5,73.37634314809429,-42.53264824793537,0.07587698254129599,-42.456771265394075,0.9153625711349948
2542,1271.0,73.40482920431165,-42.53268170096122,0.07590643939206754,-42.45677526156915,0.9056535636574641
2543,1271.5,73.56807504919676,-42.53284792051983,0.0760752485966539,-42.456772671923176,0.8946638123990432
2544,1272.0,73.86610755901128,-42.53315671881272,0.07638343794725011,-42.45677328086547,0.8824290073275456
2545,1272.5,74.29818985591531,-42.5336036422449,0.07683024545348438,-42.45677339679141,0.8689929788622192
2546,1273.0,74.86284609143128,-42.534185856058684,0.07741414497049365,-42.45677171108819,0.8543989043227082
2547,1273.5,75.5578555377915,-42.53490548171165,0.07813284008890634,-42.45677264162274,0.8386988273468154
2548,1274.0,76.38025360377782,-42.53575808882892,0.07898326518530147,-42.45677482364362,0.8219500381829694
2549,1274.5,77.32639384623187,-42.536737182827046,0.07996164954704882,-42.456775533279995,0.8042150906069873
2550,1275.0,78.39196273895544,-42.53783664575021,0.08106353264452824,-42.45677311310568,0.7855566592896814
2551,1275.5,79.57200581764542,-42.53906005201722,0.08228379116707445,-42.45677626085015,0.7790832195784365
2552,1276.0,80.86098324447225,-42.540391254721726,0.08361669648117641,-42.45677455824055,0.7765498046155099
2553,1276.5,82.25280537211367,-42.54182857133511,0.08505595140652056,-42.456772619928586,0.7734679672259737
2554,1277.0,83.7408834195362,-42.543370462693865,0.08659474261878469,-42.45677572007508,0.7698467550306132
2555,1277.5,85.31819347279777,-42.5450029274359,0.08822580683156493,-42.456777120604336,0.7656899725842832
2556,1278.0,86.97731355808482,-42.54672016813097,0.08994146913284859,-42.45677869899812,0.7610120741053039
2557,1278.5,88.71048713147482,-42.54851109890411,0.09173370863848501,-42.45677739026562,0.7558157201996082
2558,1279.0,90.50968601924792,-42.55037239836109,0.09359422357748036,-42.45677817478361,0.7501202670605485
2559,1279.5,92.36667513152882,-42.55229681238123,0.09551449821105719,-42.45678231417017,0.7439391451464216
2560,1280.0,94.27306569719639,-42.55426345184864,0.09748585788179061,-42.45677759396685,0.7372827658339369
2561,1280.5,96.22036080136648,-42.55628162205048,0.09949951610299215,-42.45678210594748,0.7301665162812251
2562,1281.0,98.20002920343657,-42.558322706485036,0.10154665089244681,-42.45677605559259,0.7226137932223293
2563,1281.5,100.20354936651617,-42.56040367007853,0.10361845030235067,-42.45678521977618,0.7198623547793023
2564,1282.0,102.22244891236056,-42.56248875202166,0.10570615321885454,-42.4567825988028,0.7201755398787262
2565,1282.5,104.24838369976278,-42.56458202143741,0.10780113113541913,-42.45678089030199,0.7197066512044475
2566,1283.0,106.27320101678644,-42.566678643609166,0.10989495349861643,-42.45678369011055,0.7184772172615718
2567,1283.5,108.28894004951675,-42.56876135322925,0.11197938819285559,-42.45678196503639,0.7164911534199835
2568,1284.0,110.28791559797092,-42.570830911255136,0.11404648810930154,-42.456784423145834,0.7137752320824802
2569,1284.5,112.26277336250871,-42.57287316026111,0.11608864831642639,-42.45678451194468,0.7103382986350697
2570,1285.0,114.20650359780747,-42.574886193247664,0.11809862017930715,-42.456787573068354,0.7062012846956393
2571,1285.5,116.11249646593501,-42.576853054310355,0.12006956859911136,-42.45678348571124,0.7013885045001991
2572,1286.0,117.97455746532285,-42.57877994594009,0.12199508796788422,-42.45678485797221,0.6959206267415445
2573,1286.5,119.7869599367605,-42.580653065701455,0.12386925646392828,-42.45678380923753,0.6898139167028843
2574,1287.0,121.54446704434575,-42.58247302708416,0.1256866587818566,-42.4567863683023,0.6830982889566181
2575,1287.5,123.24235710228103,-42.58422663693759,0.1274424123225172,-42.45678422461508,0.6757991358364427
2576,1288.0,124.8764321011539,-42.58591421502936,0.12913217600984625,-42.456782039019515,0.6679410289061093
2577,1288.5,126.44302457726104,-42.58753905098013,0.13075215739429596,-42.456786893585836,0.6595437959849982
2578,1289.0,127.93903064951549,-42.58908502038531,0.1322991468156279,-42.456785873569686,0.6506370044776918
2579,1289.5,129.36191257552687,-42.590554268076886,0.1337705200461034,-42.45678374803078,0.6412438962742396
2580,1290.0,130.70970182659727,-42.5919485119489,0.1351642414702743,-42.45678427047863,0.6313936503717137
2581,1290.5,131.9810528497079,-42.593267226440275,0.13647891967915873,-42.45678830676112,0.6211068950987108
2582,1291.0,133.17523247677724,-42.59449906510063,0.1377137965185705,-42.45678526858206,0.6104171222101414
2583,1291.5,134.29208352048218,-42.595650857614615,0.13886870944429905,-42.45678214817032,0.609255385090668
2584,1292.0,135.3320433720973,-42.59673042547359,0.13994411075375635,-42.45678631471983,0.6120535840650326
2585,1292.5,136.29610071133786,-42.59772639810846,0.14094102282050688,-42.45678537528796,0.6294673350936452
2586,1293.0,137.1857894323916,-42.5986471224338,0.14186103181330087,-42.456786090620504,0.6506616786278784
2587,1293.5,138.00318686349684,-42.59949310396502,0.14270628585497605,-42.45678681811004,0.6718502428327116
2588,1294.0,138.7508760982561,-42.60026657699581,0.14347945607003626,-42.45678712092577,0.6929385398194657
2589,1294.5,139.43191442472778,-42.6009661508095,0.1441837039378177,-42.45678244687168,0.7138421387028696
2590,1295.0,140.04980486185312,-42.601606767633456,0.14482265185888768,-42.45678411577457,0.7344820929588584
2591,1295.5,140.6084598387851,-42.60218455822059,0.1454003455965781,-42.456784212624015,0.7547912953670608
2592,1296.0,141.11217708567094,-42.60270540345745,0.14592122934613436,-42.45678417411131,0.774692246165629
2593,1296.5,141.56558329251226,-42.603173538242636,0.14639008747348992,-42.456783450769144,0.7941324548200837
2594,1297.0,141.9736105015342,-42.60359454651911,0.14681202010309571,-42.45678252641601,0.8130495042005321
2595,1297.5,142.34146010956636,-42.60397041778012,0.14719240589351518,-42.456778011886605,0.8313910119233464
2596,1298.0,142.6745328648999,-42.604318271021576,0.14753682964859952,-42.456781441372975,0.8490993605828706
2597,1298.5,142.97840433238616,-42.6046324604271,0.14785105694644562,-42.456781403480655,0.8661334004173157
2598,1299.0,143.25878199268635,-42.60492172797041,0.14814098977660356,-42.4567807381938,0.8824431518517879
2599,1299.5,143.52144957713696,-42.6051937947065,0.14841260897789432,-42.45678118572861,0.8979907810142805
2600,1300.0,143.77221951916434,-42.605453304437155,0.1486719250693857,-42.45678137936777,0.9127305815513379
2601,1300.5,144.01689635882056,-42.60570144954893,0.14892494040776777,-42.456776509141164,0.9266242931837171
2602,1301.0,144.2612334687117,-42.605954756432745,0.14917760443851652,-42.45677715199423,0.9396410378540334
2603,1301.5,144.51088983090295,-42.60621357858673,0.14943576899977132,-42.45677780958696,0.951744795439973
2604,1302.0,144.7713683557982,-42.60648291456235,0.1497051245391441,-42.4567777900232,0.9629096821048662
2605,1302.5,145.04800474620845,-42.60676836059936,0.1499911885982794,-42.45677717200108,0.9731036998564223
2606,1303.0,145.3459278356293,-42.607080970977734,0.15029926479947425,-42.45678170617826,0.9823019652203163
2607,1303.5,145.6700094842184,-42.607412156845974,0.1506343910341289,-42.45677776581184,0.9904830620106443
2608,1304.0,146.02484419456937,-42.60778230942192,0.15100131838383352,-42.45678099103809,0.9976210501793026
2609,1304.5,146.41471950180033,-42.608181957414416,0.15140448050136152,-42.456777476913054,1.0037010997679694
2610,1305.0,146.8435917353454,-42.608627189507715,0.15184796854643168,-42.45677922096128,1.008707628747362
2611,1305.5,147.3150693017538,-42.60911498745147,0.15233551389879108,-42.45677947355268,1.0126248566299736
2612,1306.0,147.83237794402683,-42.609648886073956,0.15287045223360277,-42.456778433840356,1.015446430416855
2613,1306.5,148.39834895881006,-42.610230794828865,0.15345571133708402,-42.456775083491785,1.0171643091527707
2614,1307.0,149.01543413348028,-42.61087151443145,0.15409382655264395,-42.456777687878805,1.0177752868111367
2615,1307.5,149.6856792019784,-42.611562962603294,0.15478691333210062,-42.45677604927119,1.0172756158870757
2616,1308.0,150.41071662586918,-42.61231405034522,0.15553665977072206,-42.456777390574494,1.015672875045362
2617,1308.5,151.19179524968186,-42.613121209580804,0.15634435727321,-42.45677685230759,1.0129714123650155
2618,1309.0,152.0297746623689,-42.61399114057373,0.15721089472299937,-42.45678024585073,1.0091740502906423
2619,1309.5,152.92512539555688,-42.61491228299741,0.15813675868726543,-42.456775524310146,1.004294548274592
2620,1310.0,153.8779967764585,-42.61590068769175,0.15912210358223858,-42.45677858410951,0.9983500966140255
2621,1310.5,154.88824548592754,-42.616945213275294,0.16016678120450764,-42.456778432070784,0.9913545551894423
2622,1311.0,155.95550091313325,-42.6180452367571,0.16127040831295797,-42.45677482844414,0.983328947155657
2623,1311.5,157.07917290143197,-42.61921075572851,0.1624323746386197,-42.45677838108989,0.9742965841103471
2624,1312.0,158.2583982911681,-42.620432496556376,0.1636517876056665,-42.45678070895071,0.9642761046815148
2625,1312.5,159.49205776055885,-42.62170582231948,0.16492748974623164,-42.45677833257324,0.9533021523464524
2626,1313.0,160.77880361921382,-42.62303757236715,0.16625808744112075,-42.45677948492603,0.9414021113941238
2627,1313.5,162.11708732127732,-42.62442197501393,0.1676419793705922,-42.45677999564334,0.9286085980715563
2628,1314.0,163.50517426629077,-42.625855686908594,0.16907737181962731,-42.45677831508897,0.9149542893824343
2629,1314.5,164.94117661480055,-42.62733833341874,0.17056231261188276,-42.456776020806856,0.9004761849364508
2630,1315.0,166.4230742263966,-42.628875398935904,0.17209471276128951,-42.45678068617461,0.8852199732373044
2631,1315.5,167.94877037840672,-42.63045042634488,0.1736724040896206,-42.45677802225526,0.8692172402395648
2632,1316.0,169.5161638282533,-42.632070135321996,0.1752932137447068,-42.45677692157729,0.8525218772232136
2633,1316.5,171.12317057445807,-42.6337339838809,0.1769549867030488,-42.45677899717785,0.8351745800041385
2634,1317.0,172.76771771971656,-42.63543027212307,0.17865557942374719,-42.45677469269932,0.8172210236811369
2635,1317.5,174.44771661345945,-42.637173731447476,0.18039283207577222,-42.4567808993717,0.7987148887434126
2636,1318.0,176.1610413894413,-42.6389462403544,0.18216454634412113,-42.45678169401028,0.7797047153949114
2637,1318.5,177.90556990821682,-42.64074899352316,0.1839685277675993,-42.456780465755564,0.760250708382219
2638,1319.0,179.67917593574285,-42.64258404668386,0.18580257765087188,-42.45678146903298,0.7404013572946789
2639,1319.5,181.47972405736405,-42.64444681997526,0.18766448780511977,-42.456782332170135,0.720223457554667
2640,1320.0,183.3050752315357,-42.64633009262009,0.1895520462910315,-42.456778046329056,0.6997735869237653
2641,1320.5,185.15306722652636,-42.64824420771252,0.1914630171887956,-42.45678119052373,0.6791214575769501
2642,1321.0,187.02154523173246,-42.650173990207406,0.1933951722526379,-42.45677881795477,0.6583344676352834
2643,1321.5,188.9083369886734,-42.65212648642983,0.19534626519428971,-42.45678022123554,0.6374872666900256
2644,1322.0,190.81121311291125,-42.65409355683697,0.19731399065269306,-42.456779566184274,0.6229772388704741
2645,1322.5,192.72789776058235,-42.656070099264824,0.19929599522404362,-42.45677410404078,0.615679348062334
2646,1323.0,194.656071297774,-42.65807002227605,0.20128988022213892,-42.45678014205391,0.6271768347314791
2647,1323.5,196.5933335359435,-42.660075917765745,0.20329316366087372,-42.45678275410487,0.6380646475408845
2648,1324.0,198.5371694971157,-42.66208406983301,0.20530324485272772,-42.45678082498028,0.6483042469072007
2649,1324.5,200.48494544380134,-42.66409570134115,0.20731740030338483,-42.456778301037765,0.6578649155927185
2650,1325.0,202.43386891343604,-42.66611430905161,0.20933274238416055,-42.456781566667445,0.6667112311771142
2651,1325.5,204.38095208988102,-42.66812552287697,0.2113461814552163,-42.45677934142175,0.6748193314296765
2652,1326.0,206.32301955304555,-42.670135067609294,0.21335443387928632,-42.456780633730006,0.6821599670310665
2653,1326.5,208.25666768594684,-42.67213510648321,0.21535398004534476,-42.45678112643787,0.68870359063857
2654,1327.0,210.1782335421924,-42.674123121276196,0.21734103217510306,-42.45678208910109,0.6944319450050699
2655,1327.5,212.08378207652993,-42.67609244632296,0.21931152111838143,-42.45678092520458,0.6993198276057309
2656,1328.0,213.96910630595735,-42.67804084125878,0.2212610965197097,-42.456779744739066,0.7033501520809308
2657,1328.5,215.82971316003338,-42.67996793900069,0.22318511218642134,-42.45678282681427,0.7065031398863532
2658,1329.0,217.6608048613333,-42.68186134609253,0.22507860683456196,-42.45678273925797,0.7087680641265403
2659,1329.5,219.45741828561603,-42.68372027020363,0.22693644819840075,-42.45678382200523,0.7101297439638792
2660,1330.0,221.2144725926453,-42.68553731023634,0.22875338228449293,-42.45678392795185,0.7105834218487819
2661,1330.5,222.92663453699808,-42.68730922550908,0.23052389409232893,-42.456785331416754,0.7101288360426578
2662,1331.0,224.58836058834135,-42.68902228752671,0.23224225117005506,-42.456780036356655,0.7087503020720864
2663,1331.5,226.19391757184184,-42.69068890918337,0.23390252495830105,-42.45678638422507,0.7064523981155013
2664,1332.0,227.73729655918243,-42.69228597709261,0.2354985017466331,-42.456787475345976,0.7032297329074741
2665,1332.5,229.21224221930126,-42.69381164743527,0.23702371302455574,-42.45678793441071,0.6990674388222312
2666,1333.0,230.61231957641473,-42.695255589922766,0.23847150451462432,-42.456784085408145,0.6939724575573002
2667,1333.5,231.93115972708208,-42.69662308024094,0.23983529026345862,-42.45678778997748,0.6879515510526608
2668,1334.0,233.16246692294348,-42.69789568914895,0.24110855996585825,-42.45678712918309,0.681019630807269
2669,1334.5,234.29980253381325,-42.69907178575279,0.24228465556543574,-42.45678713018736,0.673185777652355
2670,1335.0,235.3366158409064,-42.700141776854224,0.24335680309726504,-42.45678497375696,0.6644696803289222
2671,1335.5,236.26624375848144,-42.701104036710646,0.24431811240003826,-42.45678592431061,0.6548885127090536
2672,1336.0,237.08190964707782,-42.701949926448144,0.24516157588885845,-42.456788350559286,0.6444661152207511
2673,1336.5,237.77676554931563,-42.70267015176522,0.24588011223042022,-42.456790039534795,0.6332122571014575
2674,1337.0,238.34391715154172,-42.70325508976829,0.24646659215533995,-42.45678849761295,0.621160224442989
2675,1337.5,238.77647815613267,-42.7037045050122,0.246913894683447,-42.45679061032875,0.6179866925713627
2676,1338.0,239.0676223998516,-42.704005198118146,0.2472149610183156,-42.45679023709983,0.6158980470887547
2677,1338.5,239.21063213557696,-42.704155165338946,0.24736284447441764,-42.45679232086453,0.6134563968164388
2678,1339.0,239.19908696395808,-42.70414050539856,0.24735090584750088,-42.456789599551065,0.6106844681099739
2679,1339.5,239.0269426315227,-42.7039674138695,0.24717289489810784,-42.45679451897139,0.6076202162339022
2680,1340.0,238.68845223363533,-42.70361469400464,0.24682286886915925,-42.45679182513548,0.6042946031529753
2681,1340.5,238.1781775464137,-42.70308964575096,0.24629520420405818,-42.4567944415469,0.6007584342147049
2682,1341.0,237.49104539645384,-42.70237743849039,0.24558465483747502,-42.456792783652915,0.5970473660371561
2683,1341.5,236.62239051569938,-42.70147632638466,0.24468639651069535,-42.45678992987396,0.5932167558917931
2684,1342.0,235.56801507725538,-42.700388622508555,0.24359608833639293,-42.45679253417216,0.5893253818297971
2685,1342.5,234.32423446241276,-42.699103683785424,0.2423099201253778,-42.456793763660045,0.5906336006102182
2686,1343.0,232.88789674605803,-42.697619285377584,0.24082463253606184,-42.45679465284152,0.6034962504362112
2687,1343.5,231.25646705938084,-42.69593116667332,0.23913760431221703,-42.4567935623611,0.616147245367858
2688,1344.0,229.4280332735773,-42.694038756313006,0.23724685816037733,-42.45679189815263,0.6285708978214256
2689,1344.5,227.40135239356138,-42.69194484813107,0.235151108724631,-42.45679373940644,0.6407465172493739
2690,1345.0,225.17596508954364,-42.689640982821075,0.2328498810213946,-42.45679110179968,0.6526639117485326
2691,1345.5,222.7522103150489,-42.687136971361326,0.23034352555560716,-42.45679344580572,0.664301319232295
2692,1346.0,220.1312091859174,-42.684425753664485,0.2276332016503337,-42.45679255201415,0.6756556853687129
2693,1346.5,217.31489184519532,-42.68151491736099,0.22472090522720148,-42.45679401213379,0.6867095923042789
2694,1347.0,214.30603665832396,-42.678404410040756,0.22160950933734708,-42.45679490070341,0.697452776575568
2695,1347.5,211.10836830393674,-42.675098625756405,0.21830286559511264,-42.45679576016129,0.7078766314741617
2696,1348.0,207.72657178033703,-42.67159627671254,0.21480581866185924,-42.45679045805068,0.7179730194420143
2697,1348.5,204.1661930652196,-42.66791574864222,0.21112410352020758,-42.45679164512202,0.727726962380278
2698,1349.0,200.43362571731083,-42.66405145588373,0.2072643316190667,-42.456787124264665,0.7371404141309471
2699,1349.5,196.5361157581627,-42.66002967509566,0.20323399592179792,-42.45679567917386,0.7461989548753399
2700,1350.0,192.48175529680887,-42.655831813675405,0.1990414643136013,-42.4567903493618,0.7548974778461702
2701,1350.5,188.27948266324609,-42.65148293761727,0.1946959797395463,-42.45678695787772,0.7632250035932554
2702,1351.0,183.93904925107606,-42.64700065942499,0.19020762591722262,-42.456793033507765,0.7711794325380409
2703,1351.5,179.47100183135512,-42.64237522209001,0.18558730904785228,-42.456787913042156,0.778746299285062
2704,1352.0,174.8866715301183,-42.6376379567844,0.1808467464181716,-42.456791210366234,0.7859226718973154
2705,1352.5,170.19811867044046,-42.632784870169445,0.1759984093627298,-42.45678646080672,0.7926972157368157
2706,1353.0,165.41812309729744,-42.627841461169155,0.17105551325902468,-42.45678594791013,0.7990642143680358
2707,1353.5,160.56014672699388,-42.62281728521276,0.16603197880062853,-42.45678530641213,0.8050181635084688
2708,1354.0,155.63826428041475,-42.617726129550704,0.16094236036985377,-42.45678376918085,0.8105478876207242
2709,1354.5,150.6671251521766,-42.612583592892605,0.15580180660741846,-42.456781786285184,0.8156422862081707
2710,1355.0,145.66188271020619,-42.607406328430365,0.1506259873025802,-42.45678034112778,0.8202999903838775
2711,1355.5,140.63813507081412,-42.60221490212765,0.1454310321498454,-42.456783869977805,0.8245071627203286
2712,1356.0,135.61186562181808,-42.5970115337236,0.14023346924514202,-42.45677806447846,0.828252897486155
2713,1356.5,130.5993642534472,-42.591827330432764,0.1350501436323014,-42.456777186800466,0.8315310773964282
2714,1357.0,125.61715545394497,-42.586673947329345,0.12989814294818527,-42.45677580438116,0.8343340331734617
2715,1357.5,120.68191672531682,-42.58156855999658,0.12479471305807127,-42.45677384693851,0.8366479791203039
2716,1358.0,115.81039749493489,-42.57653277793821,0.11975717420379439,-42.456775603734414,0.8384682452306105
2717,1358.5,111.01932722859608,-42.57157738554396,0.1148028259853311,-42.45677455955863,0.8397846718086215
2718,1359.0,106.32532689393754,-42.566721781544565,0.1099488558069198,-42.456772925737646,0.8405887883799501
2719,1359.5,101.7448212000612,-42.56198893376178,0.10521224812584339,-42.45677668563594,0.8408665813884004
2720,1360.0,97.29393344794214,-42.55737966560658,0.1006096757193773,-42.456769989887206,0.8406202896321211
2721,1360.5,92.988400270569,-42.55292770229481,0.09615741151930457,-42.4567702907755,0.8398291149661709
2722,1361.0,88.843478565002,-42.548640753427705,0.09187123237225187,-42.456769521055456,0.8384945991690265
2723,1361.5,84.87384548091696,-42.54453338373733,0.08776631561987899,-42.45676706811745,0.8366080462339371
2724,1362.0,81.09350027590551,-42.540625323528246,0.08385713760944315,-42.456768185918804,0.8341570526524663
2725,1362.5,77.51567462715931,-42.53692540981686,0.08015738094893742,-42.45676802886792,0.8415641371694595
2726,1363.0,74.15275406208315,-42.53344295407456,0.07667985326008751,-42.45676310081447,0.8532347387739933
2727,1363.5,71.0161914401626,-42.53020577647089,0.07343639771171262,-42.456769378759184,0.8640106242196891
2728,1364.0,68.11641259808044,-42.52720184325092,0.0704377954492612,-42.45676404780166,0.8738660007459561
2729,1364.5,65.46274628163233,-42.52445450762012,0.06769369313883163,-42.45676081448129,0.8827775547631103
2730,1365.0,63.063368909404105,-42.52197987513532,0.06521254584841545,-42.456767329286905,0.8907133228102662
2731,1365.5,60.92523813566538,-42.51976669382341,0.06300154834663828,-42.456765145476766,0.8976668924069798
2732,1366.0,59.0540415450258,-42.517830498956656,0.06106658204894837,-42.456763916907704,0.903605633296017
2733,1366.5,57.45414921630371,-42.516174955834515,0.05941216596487901,-42.456762789869636,0.9085249724154494
2734,1367.0,56.12858063907029,-42.514807244402576,0.05804142248712037,-42.456765821915454,0.9124113089294896
2735,1367.5,55.078989044121506,-42.513723014966445,0.05695606118797952,-42.45676695377846,0.9152526906684865
2736,1368.0,54.30563755713961,-42.51292075719624,0.05615635416036739,-42.456764403035876,0.9170453921400143
2737,1368.5,53.807400469183776,-42.51240534312976,0.05564113733158716,-42.45676420579817,0.9177908833352172
2738,1369.0,53.58177300331586,-42.51216933184867,0.055407820562803196,-42.45676151128586,0.9174846792211405
2739,1369.5,53.624881016251194,-42.51221920502744,0.05545239768132057,-42.45676680734612,0.916136407083797
2740,1370.0,53.93151539665666,-42.512533339911066,0.05576948205116479,-42.456763857859904,0.9137513888277699
2741,1370.5,54.49517076278409,-42.51311653324306,0.056352346589516614,-42.45676418665354,0.9103406458334388
2742,1371.0,55.30808934581732,-42.51395802779814,0.0571929691455878,-42.45676505865255,0.9059248373078153
2743,1371.5,56.36132128942507,-42.515046137024974,0.05828209485516107,-42.456764042169816,0.9005153103088818
2744,1372.0,57.644796503415186,-42.51637291254384,0.05960931044299108,-42.45676360210084,0.8941328541410571
2745,1372.5,59.14739320370431,-42.517930293443925,0.061163115098591556,-42.45676717834533,0.8868040544117435
2746,1373.0,60.85701251810236,-42.519697308822444,0.06293099762455813,-42.45676631119789,0.8785568948148207
2747,1373.5,62.760676321997245,-42.52166729966529,0.06489953760645802,-42.45676776205883,0.86941620198577
2748,1374.0,64.84462674302335,-42.523821546570545,0.0670545083085818,-42.456767038261965,0.8594200016132781
2749,1374.5,67.09442104228727,-42.526148937274556,0.06938097478868722,-42.45676796248587,0.848598815923992
2750,1375.0,69.49502732119804,-42.52863479077439,0.07186339286648386,-42.45677139790791,0.8369898929355954
2751,1375.5,72.03091804794532,-42.53125677046347,0.07448570583745992,-42.45677106462601,0.8246347982978379
2752,1376.0,74.68619606449467,-42.534002072837566,0.07723147477415071,-42.456770598063414,0.8115739928747849
2753,1376.5,77.44468967519296,-42.5368560775015,0.08008397685532954,-42.45677210064617,0.7978505591766527
2754,1377.0,80.29004107438652,-42.53979908100846,0.08302629680720724,-42.456772784201256,0.78351394636477
2755,1377.5,83.20583130467693,-42.54282090588141,0.08604145612022042,-42.45677944976119,0.7686067149436664
2756,1378.0,86.1756776501998,-42.545889137922316,0.08911251376143817,-42.45677662416088,0.753179348957893
2757,1378.5,89.18331059131361,-42.549003333608894,0.09222264575183903,-42.456780687857055,0.7372808665872486
2758,1379.0,92.21268888161772,-42.55213521645723,0.0953552641651124,-42.456779952292116,0.7209622083006558
2759,1379.5,95.24808074217988,-42.55527443390261,0.09849410108895613,-42.45678033281366,0.704277843368669
2760,1380.0,98.27413420990739,-42.558403397780864,0.1016232813708949,-42.456780116409966,0.6872781720998544
2761,1380.5,101.27597108873702,-42.56151311988604,0.10472741977129282,-42.45678570011474,0.6700181112882889
2762,1381.0,104.23924003032512,-42.56457683357562,0.1077916758530145,-42.45678515772261,0.6525514797645343
2763,1381.5,107.1501959920698,-42.56758354995265,0.11080183614734798,-42.456781713805306,0.6349361450042453
2764,1382.0,109.99576210951032,-42.57052951508227,0.1137443781349933,-42.456785136947275,0.624369785160651
2765,1382.5,112.76354737516235,-42.57339136233294,0.11660648852738602,-42.45678487380555,0.621973280407152
2766,1383.0,115.4419125019182,-42.57616493992167,0.11937613137469855,-42.45678880854697,0.6200520139669541
2767,1383.5,118.02001334941099,-42.578830583027276,0.12204209297215915,-42.45678849005512,0.6186074581379805
2768,1384.0,120.48781818225909,-42.581381703247104,0.12459399970645114,-42.456787703540655,0.6176424696152267
2769,1384.5,122.83613474622223,-42.58380797276026,0.12702234605461465,-42.456785626705646,0.6171424663256979
2770,1385.0,125.05660928474087,-42.58610515871035,0.12931849356707006,-42.456786665143284,0.6170970447468933
2771,1385.5,127.14175515061717,-42.5882641364809,0.13147470045437473,-42.456789436026526,0.6174977587609393
2772,1386.0,129.08497336465445,-42.590271143248586,0.1334841428464935,-42.456787000402095,0.618319199266838
2773,1386.5,130.88052242378353,-42.59212993390665,0.1353408835719969,-42.45678905033465,0.6195427157427965
2774,1387.0,132.5235087820738,-42.59382990681896,0.13703986231466833,-42.456790044504295,0.621145757715997
2775,1387.5,134.00990175544192,-42.595368443542924,0.13857691102616013,-42.45679153251676,0.6230926283592849
2776,1388.0,135.33651034267493,-42.596743815103906,0.13994872995708524,-42.45679508514682,0.625366759849737
2777,1388.5,136.50094793873367,-42.597945154918165,0.14115285116776283,-42.456792303750404,0.6279289902719649
2778,1389.0,137.5016294620332,-42.59897793472537,0.14218763555759745,-42.45679029916777,0.6307542956227509
2779,1389.5,138.33775439844314,-42.599843657588224,0.14305225533122493,-42.456791402257,0.6338045790190487
2780,1390.0,139.00925057202733,-42.600534937006174,0.14374663585297923,-42.456788301153196,0.6370496450056028
2781,1390.5,139.51676259074554,-42.60106337637505,0.14427144369882755,-42.456791932676225,0.6404583656803636
2782,1391.0,139.8616284382272,-42.6014213917718,0.1446280624504004,-42.4567933293214,0.6440029886906179
2783,1391.5,140.0458431973477,-42.60161186127564,0.14481855518228026,-42.45679330609336,0.6476390071927295
2784,1392.0,140.0720391730006,-42.60163544561913,0.1448456439073651,-42.456789801711764,0.651349198353479
2785,1392.5,139.94343710208346,-42.60150487579183,0.1447126591241079,-42.45679221666772,0.6551003545535385
2786,1393.0,139.66381284113086,-42.60121265950617,0.14442350536887646,-42.45678915413729,0.658857513052406
2787,1393.5,139.23747731599255,-42.60077051117996,0.1439826404823235,-42.45678787069764,0.6625977329069814
2788,1394.0,138.66924613133787,-42.60018392868159,0.1433950441831942,-42.456788884498394,0.666296111417922
2789,1394.5,137.96439529966173,-42.59945941917393,0.14266617228859232,-42.45679324688534,0.6699274524793217
2790,1395.0,137.12863909932585,-42.598591142236955,0.14180193381743172,-42.45678920841952,0.6734657511953454
2791,1395.5,136.1681392180468,-42.59759542904159,0.14080870044553098,-42.45678672859606,0.6768897586717768
2792,1396.0,135.0894675707829,-42.5964818957415,0.13969326805634738,-42.45678862768515,0.6801792173519415
2793,1396.5,133.8995650125939,-42.59524648245143,0.13846281404678568,-42.45678366840465,0.6833154666155448
2794,1397.0,132.60569129353883,-42.59391671413503,0.1371248455765767,-42.45679186855845,0.6862799574108804
2795,1397.5,131.21541945820533,-42.59247517522161,0.13568719377694494,-42.45678798144466,0.6890572326341485
2796,1398.0,129.7366296132918,-42.5909441678188,0.1341580073057919,-42.456786160513005,0.6916317340600374
2797,1398.5,128.17746532478665,-42.58932850978351,0.13254570725890694,-42.45678280252461,0.6939917143753568
2798,1399.0,126.54632937294322,-42.58764368730213,0.13085898278027341,-42.45678470452186,0.6961249454443911
2799,1399.5,124.851869606735,-42.58589052043261,0.1291067764344486,-42.456783743998166,0.6980189184331115
2800,1400.0,123.10295715097664,-42.584084479880374,0.12729826167099137,-42.45678621820938,0.699660620831817
2801,1400.5,121.30867702139442,-42.582226933883476,0.1254428331196976,-42.45678410076378,0.7010500936272686
2802,1401.0,119.47832334325525,-42.58033339054015,0.1235501016462817,-42.45678328889387,0.7021769815479378
2803,1401.5,117.62137733829239,-42.57841341919507,0.12162987158910481,-42.456783547605966,0.7030302843911584
2804,1402.0,115.74750248038636,-42.57647164531804,0.11969213574976294,-42.45677950956827,0.7036113235380337
2805,1402.5,113.86653801095558,-42.574530692494335,0.11774706868748451,-42.45678362380685,0.7039124877423039
2806,1403.0,111.98846767692129,-42.57258375932394,0.11580499439169635,-42.456778764932245,0.7039314739803865
2807,1403.5,110.12341590657488,-42.57065727464676,0.11387638232756594,-42.456780892319195,0.7036717301173402
2808,1404.0,108.28165081127243,-42.56875331243269,0.11197185053999263,-42.456781461892696,0.7031239801716803
2809,1404.5,106.47355657414775,-42.56687832491086,0.11010213710133798,-42.456776187809524,0.7022959183258521
2810,1405.0,104.709641886541,-42.56505763588468,0.10827810883536478,-42.456779527049314,0.7024092495615579
2811,1405.5,103.00056398486099,-42.56328654403839,0.10651078617326702,-42.456775757865124,0.7084782575704911
2812,1406.0,101.35707593029348,-42.56158548122201,0.10481128863668956,-42.45677419258532,0.7141250969041764
2813,1406.5,99.78996504166363,-42.559967382707754,0.10319077117240477,-42.456776611535346,0.7193433719905132
2814,1407.0,98.31001272003427,-42.55843625356437,0.10166038260774735,-42.456775870956626,0.7241345643116566
2815,1407.5,96.92796261698055,-42.55700724636327,0.10023123273407548,-42.456776013629195,0.7284989641550712
2816,1408.0,95.65449977118304,-42.5556908270604,0.0989143707323463,-42.45677645632806,0.7366852361380266
2817,1408.5,94.50020869891969,-42.554493651396136,0.09772074183534703,-42.45677290956079,0.7458873083586282
2818,1409.0,93.47554072418355,-42.553431408382835,0.09666115354443477,-42.4567702548384,0.754688527154164
2819,1409.5,92.5907834197762,-42.5525155228748,0.0957462440291935,-42.456769278845606,0.7630699455946802
2820,1410.0,91.85600996231555,-42.55175691047957,0.09498642975647859,-42.45677048072309,0.7710085006686243
2821,1410.5,91.28100382319988,-42.55116361928082,0.09439182761487608,-42.45677179166594,0.7784810371136484
2822,1411.0,90.87520598582128,-42.550741202465154,0.09397220033309771,-42.456769002132056,0.7854729150684688
2823,1411.5,90.64767344125579,-42.550505935049465,0.09373691356121909,-42.45676902148825,0.7919627189101217
2824,1412.0,90.60701390594275,-42.55046070004404,0.09369486836356107,-42.45676583168048,0.7979279332179003
2825,1412.5,90.76132632718863,-42.55062001587573,0.09385443969664245,-42.45676557617909,0.8033505121754493
2826,1413.0,91.11814888104452,-42.550988058639305,0.09422342263484394,-42.456764636004465,0.8082163279519223
2827,1413.5,91.68440138012367,-42.55157601442428,0.09480897281550472,-42.45676704160877,0.8125060693599997
2828,1414.0,92.46631789116057,-42.55238475697209,0.09561753676011224,-42.45676722021198,0.8162019856674119
2829,1414.5,93.46939227071921,-42.55342105977727,0.09665479555388695,-42.45676626422338,0.8192919212260051
2830,1415.0,94.6983185574881,-42.554694537442465,0.09792560320666822,-42.4567689342358,0.8217575151734919
2831,1415.5,96.15694071072588,-42.556200022932074,0.09943393467846419,-42.45676608825361,0.8246243246799457
2832,1416.0,97.8481953671693,-42.557948899991786,0.10118282668553576,-42.45676607330625,0.8306765563125
2833,1416.5,99.77405603214572,-42.559939361327125,0.10317431998956231,-42.45676504133756,0.8360727127847805
2834,1417.0,101.93549248327855,-42.56217844585683,0.10540941741784,-42.45676902843899,0.840767752024192
2835,1417.5,104.33243204918361,-42.56465488751934,0.10788804382236998,-42.45676684369697,0.8447086240579526
2836,1418.0,106.96371846307562,-42.56737594259849,0.11060900353121068,-42.45676693906728,0.8478536665987914
2837,1418.5,109.82707088361236,-42.57033684521075,0.11356993797276696,-42.45676690723798,0.8501629601415798
2838,1419.0,112.91907494838983,-42.57353800022071,0.11676731642439166,-42.456770683796314,0.8515948514393851
2839,1419.5,116.23515610042456,-42.576962124193,0.12019640842984403,-42.45676571576316,0.8521112432141069
2840,1420.0,119.769565259603,-42.58062198248902,0.12385126898242722,-42.45677071350659,0.8516868650447602
2841,1420.5,123.51538162415248,-42.58449297221424,0.12772474142193246,-42.456768230792306,0.8502946326195953
2842,1421.0,127.46451499443037,-42.588577041022276,0.13180845983762196,-42.456768581184654,0.8479102179156109
2843,1421.5,131.607716038551,-42.592864031432484,0.13609285968370483,-42.45677117174878,0.8445166877178152
2844,1422.0,135.93460316616583,-42.59733538598367,0.14056720556896604,-42.456768180414706,0.8401103613579921
2845,1422.5,140.4336877727322,-42.60199173059329,0.1452196173613506,-42.45677211323194,0.8346718316971736
2846,1423.0,145.0924079995101,-42.606807407719025,0.15003710509848908,-42.456770302620534,0.8282100329652894
2847,1423.5,149.8971905984703,-42.61177949330096,0.15500563296093944,-42.45677386034002,0.8207200412691049
2848,1424.0,154.83348804834043,-42.61687946998531,0.16011015765313472,-42.45676931233217,0.8122141488434387
2849,1424.5,159.88584957995175,-42.6221083802883,0.16533470184924792,-42.456773678439056,0.8027147646851212
2850,1425.0,165.03798664046622,-42.627435119707656,0.1706624218884166,-42.45677269781924,0.792233346760141
2851,1425.5,170.27284481845237,-42.63285645516652,0.17607568215099936,-42.45678077301552,0.7808050324636036
2852,1426.0,175.57270816496094,-42.638332042031834,0.18155616293487625,-42.45677587909696,0.7684673376069692
2853,1426.5,180.91926069500536,-42.64386395825467,0.1870849240528775,-42.456779034201794,0.7552577458867773
2854,1427.0,186.2937368869743,-42.64942781218456,0.19264256046116218,-42.4567852517234,0.7412191114772534
2855,1427.5,191.67705235410952,-42.6549919118072,0.19820933738393276,-42.456782574423265,0.7264018405040764
2856,1428.0,197.04982742338427,-42.66054750663412,0.20376521469587344,-42.45678229193825,0.710863140453571
2857,1428.5,202.39246047376815,-42.66607310054016,0.20928992275975652,-42.4567831777804,0.6946601546611856
2858,1429.0,207.68523210834297,-42.67154962014533,0.21476307014870666,-42.45678654999662,0.6778638821820814
2859,1429.5,212.90839096224695,-42.67694893812276,0.22016423237844882,-42.45678470574431,0.6605512458312232
2860,1430.0,218.0422568458029,-42.68225939969245,0.22547305856551736,-42.45678634112693,0.6428010409188959
2861,1430.5,223.06736532403912,-42.687458584322975,0.23066942093399484,-42.45678916338898,0.6246902357297774
2862,1431.0,227.96456743942872,-42.69252441883555,0.23573351793676658,-42.45679090089879,0.6063189387795852
2863,1431.5,232.71509865704041,-42.6974377953442,0.24064594555029728,-42.4567918497939,0.5877784940449412
2864,1432.0,237.3006463523974,-42.70217656447086,0.24538776706245202,-42.45678879740841,0.5691779787600645
2865,1432.5,241.70343356702315,-42.706732645259805,0.24994059968240082,-42.4567920455774,0.5506367981699872
2866,1433.0,245.9063003363513,-42.71108224726481,0.25428669864015446,-42.456795548624655,0.5322688066828128
2867,1433.5,249.89278212584844,-42.71520626575423,0.2584090382957622,-42.45679722745847,0.5142156322024596
2868,1434.0,253.64718406342658,-42.719086202353054,0.2622913889015381,-42.456794813451516,0.49661699885149674
2869,1434.5,257.154667839204,-42.72271711278668,0.2659184064633346,-42.45679870632335,0.4796191540440674
2870,1435.0,260.40131093783714,-42.726075281742524,0.2692756939914907,-42.456799587751036,0.46338521971161756
2871,1435.5,263.3743354336686,-42.729147226829056,0.27235003809323693,-42.45679718873582,0.4506457782561151
2872,1436.0,266.06230220712024,-42.731928011972954,0.27512960980791257,-42.45679840216504,0.4480603067224421
2873,1436.5,268.4550226162472,-42.7344079030441,0.27760387326831837,-42.45680402977578,0.44550080640109063
2874,1437.0,270.54350483587194,-42.736566856831274,0.27976353021110767,-42.45680332662017,0.4429801379763013
2875,1437.5,272.3199650562418,-42.73840252638687,0.28160053155709003,-42.45680199482978,0.4405107498393507
2876,1438.0,273.77784482247387,-42.739911745388895,0.28310809534159803,-42.4568036500473,0.4381112296689672
2877,1438.5,274.9118334559737,-42.74108068465578,0.2842807299000201,-42.45679995475576,0.435798264484906
2878,1439.0,275.71790493848073,-42.74191631217672,0.28511427200884093,-42.45680204016788,0.43359615121248896
2879,1439.5,276.19335886807664,-42.742408186785354,0.2856059292374157,-42.45680225754794,0.4315259896755698
2880,1440.0,276.33682314257203,-42.74255814344002,0.28575428272280556,-42.456803860717216,0.4296202295746603
2881,1440.5,276.1481839085959,-42.74236350979321,0.28555921473155776,-42.45680429506165,0.42790522806333137
2882,1441.0,275.6286027266466,-42.74182510882696,0.28502192640973467,-42.456803182417225,0.42641076777198555
2883,1441.5,274.7805225419847,-42.74094937836911,0.2841449439572931,-42.456804434411815,0.42517283566304903
2884,1442.0,273.6076188749218,-42.73973122232182,0.28293206815495536,-42.456799154166866,0.4242223331763643
2885,1442.5,272.1148165606451,-42.738187452368926,0.28138839167452123,-42.45679906069441,0.42359983429939707
2886,1443.0,270.30830639660434,-42.736320252884205,0.27952031629359164,-42.45679993659061,0.42331605917024107
2887,1443.5,268.19564955059724,-42.73413615255287,0.27733566086184447,-42.45680049169103,0.42336626816726597
2888,1444.0,265.78575037215654,-42.73164391477275,0.27484363318584304,-42.4568002815869,0.4253004918420674
2889,1444.5,263.0887881620469,-42.72885432795588,0.2720547594732623,-42.456799568482616,0.4360243342347865
2890,1445.0,260.1163820358997,-42.725785918651354,0.26898105481501683,-42.45680486383634,0.4471929492793154
2891,1445.5,256.8814261028217,-42.72243597204732,0.265635852746816,-42.4568001193005,0.45864883367758796
2892,1446.0,253.39775644794165,-42.71883231959012,0.2620334608825951,-42.45679885870752,0.47919383992878906
2893,1446.5,249.68003017372158,-42.71498393363686,0.25818903583359837,-42.45679489780326,0.5032471920709684
2894,1447.0,245.74366081671812,-42.71091340473302,0.2541185164241666,-42.456794888308856,0.5267606354572983
2895,1447.5,241.60479447457138,-42.70663201918089,0.2498385990051424,-42.45679342017574,0.5496948012210359
2896,1448.0,237.28026883534739,-42.70216040607749,0.24536669508694736,-42.45679371099054,0.5720119339317661
2897,1448.5,232.787639497758,-42.697511829432344,0.24072095855678563,-42.45679087087556,0.5936734614028218
2898,1449.0,228.14508199897108,-42.692708412988,0.235920184367597,-42.4567882286204,0.6146411226675783
2899,1449.5,223.3712238092429,-42.687773126825306,0.23098363480712694,-42.45678949201818,0.6348732704824823
2900,1450.0,218.48505471903485,-42.68271735607816,0.22593094683106818,-42.45678640924709,0.6543411325512161
2901,1450.5,213.50586155331604,-42.67756843406667,0.22078206455245059,-42.45678636951422,0.6730008198417952
2902,1451.0,208.45314495655055,-42.67233836501643,0.2155571531906904,-42.45678121182574,0.690817744050976
2903,1451.5,203.34649955503946,-42.66705905626185,0.21027647514990813,-42.45678258111194,0.7077602470218514
2904,1452.0,198.20556074231752,-42.66174278161448,0.20496033499079058,-42.456782446623684,0.723790343655193
2905,1452.5,193.0499157116038,-42.65641391977171,0.1996289874310595,-42.456784932340646,0.738876665646619
2906,1453.0,187.89907008841467,-42.65108445769876,0.19430260284093587,-42.45678185485782,0.7529857314289687
2907,1453.5,182.77242023238693,-42.64577998020402,0.1890012386010193,-42.456778741602996,0.7660909680850521
2908,1454.0,177.68909805074523,-42.64052365601796,0.18374467862705407,-42.456778977390904,0.7781651551708296
2909,1454.5,172.6678310171484,-42.63532787881544,0.17855228861826813,-42.45677559019717,0.789173727829009
2910,1455.0,167.7268284741642,-42.630216855293114,0.17344289848507713,-42.456773956808036,0.7991004700347861
2911,1455.5,162.8837005912046,-42.62520743028385,0.1684347185451351,-42.456772711738715,0.8079195735928518
2912,1456.0,158.15537984015234,-42.620317596937944,0.16354525832287872,-42.45677233861507,0.8156149922235799
2913,1456.5,153.55803558627593,-42.615563937855654,0.15879123822973149,-42.45677269962592,0.8221696681227662
2914,1457.0,149.10699728154847,-42.61095959293171,0.15418851013987825,-42.45677108279183,0.8275642228992995
2915,1457.5,144.81666993002332,-42.60652169743256,0.1497519699747314,-42.45676972745783,0.836439373825718
2916,1458.0,140.7004768982057,-42.60226546927554,0.1454954985643005,-42.456769970711235,0.848963553943182
2917,1458.5,136.7707870761678,-42.598199276872435,0.14143188632598439,-42.45676739054645,0.8605436869446668
2918,1459.0,133.03884906203584,-42.59434069036563,0.13757276520608916,-42.45676792515954,0.8711387402588207
2919,1459.5,129.51477214897466,-42.59069615404024,0.1339285890188561,-42.45676756502138,0.8807204193292212
2920,1460.0,126.20747492836423,-42.58727790312768,0.13050858029805285,-42.45676932282962,0.889266842075289
2921,1460.5,123.12462867417071,-42.58408899934022,0.12732067175190426,-42.456768327588314,0.8967593192265743
2922,1461.0,120.27262107744674,-42.581136997143645,0.12437146876167746,-42.456765528381965,0.9031828583988243
2923,1461.5,117.65652494273353,-42.578431596933854,0.12166621701126853,-42.45676537992259,0.9085205685811844
2924,1462.0,115.28009329622726,-42.57597785655402,0.11920879742865717,-42.456769059125364,0.9127630856779627
2925,1462.5,113.14574551270125,-42.57376623419695,0.11700171184003905,-42.45676452235691,0.9159126878682816
2926,1463.0,111.25456417974466,-42.571811900681695,0.11504607972719916,-42.456765820954494,0.9179703359681126
2927,1463.5,109.60631499280768,-42.57010917351286,0.11334165880057288,-42.45676751471229,0.918939548472734
2928,1464.0,108.19945713027504,-42.568653590783704,0.11188685572789826,-42.45676673505581,0.9188345259959148
2929,1464.5,107.03117736495899,-42.567447241635904,0.11067876140821648,-42.45676848022769,0.9176689630933935
2930,1465.0,106.09743284551358,-42.566478322635916,0.1097131952112612,-42.45676512742465,0.9154705116105357
2931,1465.5,105.39297544428189,-42.565753188978775,0.10898473015507187,-42.4567684588237,0.9122550226434608
2932,1466.0,104.91140920516472,-42.56525568105026,0.10848675231166499,-42.4567689287386,0.9080596859418253
2933,1466.5,104.64525443777318,-42.56497962982901,0.10821152708549242,-42.45676810274352,0.9029153322492498
2934,1467.0,104.58600406686759,-42.564917480797995,0.10815025748324888,-42.45676722331475,0.8968660610326956
2935,1467.5,104.72420402120875,-42.56506242092097,0.10829316724234643,-42.45676925367862,0.8899605365778552
2936,1468.0,105.04952483907918,-42.565401521395614,0.108629574876726,-42.45677194651889,0.8822394980763565
2937,1468.5,105.55083114326656,-42.56591518366058,0.10914796551952347,-42.45676721814105,0.873759606198625
2938,1469.0,106.21626526357356,-42.56660689556283,0.10983607739540438,-42.45677081816742,0.8645759843089728
2939,1469.5,107.03333189311624,-42.56745331873839,0.1106809893619187,-42.45677232937647,0.8547496355473215
2940,1470.0,107.98898082241155,-42.56844147058501,0.11166920646313616,-42.456772264121874,0.8443501551189081
2941,1470.5,109.069691475585,-42.56956164163795,0.11278674734681762,-42.45677489429113,0.8334414805306685
2942,1471.0,110.26156819649488,-42.57079561355397,0.11401924279785598,-42.45677637075611,0.8220935003005786
2943,1471.5,111.55042431213944,-42.57213126690736,0.1153520226665342,-42.45677924424083,0.8103790331007283
2944,1472.0,112.92186540986715,-42.57355059059238,0.11677020198379286,-42.45678038860859,0.798379299548219
2945,1472.5,114.36138282914196,-42.575035795306675,0.11825877763916118,-42.45677701766751,0.7861701440892269
2946,1473.0,115.85443653477277,-42.57658138601266,0.11980271407827642,-42.45677867193439,0.7738273158793159
2947,1473.5,117.38655614486674,-42.57816932964662,0.1213870477738334,-42.45678228187278,0.7614323396521422
2948,1474.0,118.94341405283049,-42.57977602899903,0.1229969628395573,-42.45677906615947,0.7490638247377217
2949,1474.5,120.51087843459973,-42.58139820096231,0.12461784584390061,-42.45678035511841,0.7368006207661646
2950,1475.0,122.07510987839792,-42.58302115248607,0.12623538573290916,-42.45678576675316,0.7247258802880956
2951,1475.5,123.62267077422433,-42.584619040451564,0.12783568694766467,-42.4567833535039,0.7179591052482514
2952,1476.0,125.14052604683441,-42.586187152573686,0.12940527018224482,-42.45678188239144,0.7135923282025765
2953,1476.5,126.61607357888124,-42.587715465363445,0.1309311038436744,-42.45678436151977,0.7087557937145069
2954,1477.0,128.03721312347847,-42.58918555603807,0.13240067531300362,-42.45678488072507,0.7034617946126575
2955,1477.5,129.39238999687737,-42.590589137839,0.13380203612701588,-42.45678710171198,0.6977199046705694
2956,1478.0,130.67065487216124,-42.59191122294699,0.13512386380966981,-42.45678735913732,0.6915503841133692
2957,1478.5,131.86168782390135,-42.59314713520602,0.13635548673618847,-42.45679164846983,0.6849663156040635
2958,1479.0,132.95584556453983,-42.594275199159085,0.13748693297924106,-42.45678826617984,0.6779830851646083
2959,1479.5,133.9441764033301,-42.595301132949835,0.13850894577767883,-42.456792187172155,0.6706220630301845
2960,1480.0,134.81845588252492,-42.59620081303672,0.13941302038719147,-42.45678779264953,0.6629087822263061
2961,1480.5,135.57121594233837,-42.596980557937925,0.14019143423920058,-42.45678912369873,0.6548658198914179
2962,1481.0,136.19575262389137,-42.59762427122247,0.14083725490631877,-42.456787016316156,0.6465226831665793
2963,1481.5,136.68616281647377,-42.59813401511842,0.14134437810194528,-42.45678963701647,0.6379039315124969
2964,1482.0,137.03732880151242,-42.59849603801857,0.14170751169749796,-42.45678852632107,0.6290475228192339
2965,1482.5,137.244942742985,-42.59871146837533,0.14192220104745165,-42.45678926732788,0.6199846407549673
2966,1483.0,137.30553897880318,-42.59877609279424,0.14198486238120012,-42.45679123041304,0.612059323305669
2967,1483.5,137.2164914290772,-42.59867984225295,0.14189278012299508,-42.456787062129955,0.6121163870972879
2968,1484.0,136.9759933288833,-42.59843361000317,0.1416440859340138,-42.45678952406916,0.6130256223809759
2969,1484.5,136.5830745670926,-42.59803039408085,0.14123777664208892,-42.456792617438765,0.6147474400591719
2970,1485.0,136.03761217373395,-42.59746342982335,0.14067372508647685,-42.45678970473687,0.6172373483056097
2971,1485.5,135.3403266310929,-42.59674072702654,0.1399526763032404,-42.456788050723304,0.6204483391283906
2972,1486.0,134.49275845700143,-42.59586723158972,0.13907622331050543,-42.45679100827922,0.6243204997373365
2973,1486.5,133.4972518108461,-42.59483418360871,0.13804679015576754,-42.45678739345294,0.6287924226006503
2974,1487.0,132.35695352037476,-42.59365899488335,0.13686763090953286,-42.456791363973814,0.6338077070639131
2975,1487.5,131.07577495363364,-42.59233272282519,0.13554279023786436,-42.45678993258733,0.6392951930720406
2976,1488.0,129.6583821111557,-42.590866835118064,0.13407709315691563,-42.456789741961146,0.645197086414955
2977,1488.5,128.11019282406016,-42.5892663899223,0.13247614213554246,-42.456790247786756,0.6514394134679822
2978,1489.0,126.43735129283786,-42.587529778733405,0.1307462907663794,-42.45678348796702,0.6579577201363833
2979,1489.5,124.64667256568559,-42.58567841293598,0.12889458635201553,-42.45678382658396,0.6646857476584462
2980,1490.0,122.74562544642674,-42.58371518480236,0.1269287522304233,-42.45678643257193,0.6715553530197721
2981,1490.5,120.74229364487019,-42.58164245408434,0.12485714760133546,-42.456785306483006,0.6785065062776263
2982,1491.0,118.64535353103092,-42.57947446851802,0.12268874452233768,-42.45678572399569,0.6854677897760193
2983,1491.5,116.46402939807433,-42.577220484505645,0.12043308164718998,-42.45678740285845,0.6923827918685761
2984,1492.0,114.20803670533621,-42.57488464421765,0.11810020553458928,-42.45678443868306,0.699192385345817
2985,1492.5,111.88756538992463,-42.57248295356985,0.11570065339103665,-42.456782300178816,0.7058345236830826
2986,1493.0,109.51319630144751,-42.57003225122868,0.11324536665769049,-42.45678688457099,0.7122502491955942
2987,1493.5,107.09586413073026,-42.56752745080601,0.11074565267570814,-42.4567817981303,0.7183897703695057
2988,1494.0,104.64682476844341,-42.56499447109836,0.1082131509324673,-42.456781320165895,0.7241991739719473
2989,1494.5,102.17758528077219,-42.56244185177803,0.10565976065083164,-42.4567820911272,0.7296257860390266
2990,1495.0,99.69985333057343,-42.55987926573954,0.10309758848659883,-42.45678167725294,0.7346250953805705
2991,1495.5,97.22548619032051,-42.55731912312416,0.10053889580382504,-42.45678022732034,0.7391434863276715
2992,1496.0,94.76641392492434,-42.554780188696014,0.09799601923974409,-42.45678416945627,0.7431405466444081
2993,1496.5,92.33456359919502,-42.552259941330576,0.09548129232924664,-42.45677864900133,0.7465742042558465
2994,1497.0,89.94182088775237,-42.54978533606116,0.09300700580647023,-42.45677833025469,0.7510896181805441
2995,1497.5,87.59994194691836,-42.54736441380522,0.09058531647331755,-42.4567790973319,0.7657819138363134
2996,1498.0,85.3204886286086,-42.54500421941092,0.08822818020546061,-42.45677603920546,0.7797484529269949
2997,1498.5,83.11479028383721,-42.54272023257552,0.0859473124541228,-42.456772920121395,0.792967497225596
2998,1499.0,80.99386524132187,-42.54052994337062,0.08375410704870308,-42.45677583632192,0.8054178884953259
2999,1499.5,78.96836984528443,-42.53842990731977,0.081659583497803,-42.456770323821964,0.8170785521819538
3000,1500.0,77.04853617898023,-42.536447362337626,0.07967432259039652,-42.456773039747226,0.8279272739786273
3001,1500.5,75.24412449690554,-42.53458169834647,0.07780841720694395,-42.456773281139526,0.8379484910276269
3002,1501.0,73.56437563474222,-42.53284332306326,0.07607142310748481,-42.456771899955775,0.8471291212625832
3003,1501.5,72.0179376371385,-42.53124231753359,0.0744722830589197,-42.45677003447467,0.8554509371596477
3004,1502.0,70.6128534336078,-42.52978887319166,0.07301931409090812,-42.456769559100756,0.8629069044611012
3005,1502.5,69.35651636588567,-42.528488360137345,0.07172016150761383,-42.45676819862973,0.8694816930118751
3006,1503.0,68.25561892767776,-42.52735013485212,0.07058174588052178,-42.4567683889716,0.8751643955427097
3007,1503.5,67.31614078848789,-42.526380319011665,0.06961025066412259,-42.456770068347545,0.8799497955931478
3008,1504.0,66.54331060044274,-42.52558150994683,0.06881108270112754,-42.45677042724571,0.8838299121956669
3009,1504.5,65.94158665619808,-42.52496103574379,0.06818885222120322,-42.45677218352259,0.8868035340362265
3010,1505.0,65.51465206003769,-42.52451972265648,0.06774736784750314,-42.456772354808976,0.8888654955648498
3011,1505.5,65.26539312432926,-42.52425857832949,0.06748961425688282,-42.4567689640726,0.8900170550468396
3012,1506.0,65.19590494671357,-42.524186195092156,0.06741775794715735,-42.456768437145,0.8902594308093057
3013,1506.5,65.30748157442251,-42.52430056765715,0.06753313706622302,-42.45676743059093,0.8895963626351662
3014,1507.0,65.6006225015658,-42.52460531101423,0.06783626813076923,-42.45676904288346,0.888033074563652
3015,1507.5,66.0750511636974,-42.52509687408802,0.06832686515113308,-42.456770008936886,0.885577203405719
3016,1508.0,66.72972006611876,-42.525770917797,0.06900384493437328,-42.456767072862625,0.8822365368896666
3017,1508.5,67.5628422663601,-42.52663557701109,0.06986535963966313,-42.45677021737143,0.8780256705220034
3018,1509.0,68.57191000626986,-42.527680916826796,0.07090881604535493,-42.45677210078144,0.8729514340626874
3019,1509.5,69.75372536440331,-42.52890037478489,0.07213090724599085,-42.4567694675389,0.8670356084823042
3020,1510.0,71.10442743947948,-42.53029752507749,0.07352764076216238,-42.45676988431533,0.8602857495953836
3021,1510.5,72.61952322925825,-42.531865951944816,0.07509437047172846,-42.456771581473085,0.8527265272588662
3022,1511.0,74.29393224638956,-42.533595638518776,0.07682584274615674,-42.45676979577262,0.8443764382901876
3023,1511.5,76.12201220546363,-42.53548590594802,0.07871622301297927,-42.45676968293504,0.8352541163253768
3024,1512.0,78.09759587672627,-42.537528896471485,0.08075913386546918,-42.456769762606015,0.8253821686630999
3025,1512.5,80.21405097018805,-42.53972083995062,0.0829477169875787,-42.45677312296304,0.8156903321050781
3026,1513.0,82.46431308508394,-42.542048544490314,0.08527466722630465,-42.456773877264006,0.818882807051067
3027,1513.5,84.84093603249434,-42.544500985690604,0.0877322846292862,-42.45676870106132,0.8212965967588588
3028,1514.0,87.3361429148606,-42.54708496850795,0.09031252726509195,-42.45677244124286,0.8229278344325943
3029,1514.5,89.94186287862593,-42.54978368892198,0.09300704922837766,-42.4567766396936,0.8237631798541531
3030,1515.0,92.64981857847044,-42.552584120930675,0.0958072910848709,-42.4567768298458,0.8238010619160587
3031,1515.5,95.45156317598091,-42.555479889571245,0.09870451813094226,-42.4567753714403,0.8230336323168383
3032,1516.0,98.33848983811774,-42.558466056727625,0.10168983021577661,-42.45677622651185,0.8214681661885149
3033,1516.5,101.30188400199235,-42.56153621197643,0.10475421578731531,-42.456781996189115,0.8190988263278962
3034,1517.0,104.33296194598707,-42.564663800560965,0.10788859177786599,-42.4567752087831,0.815937771724369
3035,1517.5,107.42291430939609,-42.56786447978624,0.11108384860687727,-42.45678063117936,0.8119875606442436
3036,1518.0,110.5629652032912,-42.57110989786634,0.11433091130628147,-42.45677898656006,0.807257582380824
3037,1518.5,113.74438038866438,-42.57440031949271,0.11762074797734545,-42.45677957151536,0.801760079544792
3038,1519.0,116.95850327993854,-42.5777223172298,0.12094440702116797,-42.45677791020863,0.7963837981006598
3039,1519.5,120.19681557091707,-42.581069382265696,0.1242930798307399,-42.45677630243495,0.8074601882992287
3040,1520.0,123.4509597444735,-42.58443978029601,0.12765812406775587,-42.45678165622825,0.8180238361378442
3041,1520.5,126.71276286046634,-42.58781294455899,0.13103108826121285,-42.45678185629778,0.8280494719850611
3042,1521.0,129.97428034583984,-42.59118241175595,0.13440375708986166,-42.45677865466609,0.8375061046042503
3043,1521.5,133.22781295025908,-42.59455207845027,0.1377681689156841,-42.456783909534586,0.8463725748247733
3044,1522.0,136.46592541364632,-42.597901248336264,0.14111663508761227,-42.45678461324865,0.8546219211715579
3045,1522.5,139.68147966234758,-42.60122578580521,0.14444177426900842,-42.45678401153621,0.8622332025148116
3046,1523.0,142.86764444770736,-42.604522451352246,0.1477365224047189,-42.456785928947525,0.8691772310668854
3047,1523.5,146.017945775986,-42.60777573734806,0.15099418486962504,-42.45678155247843,0.8754314169977859
3048,1524.0,149.12631759844112,-42.61099630799676,0.15420848888622427,-42.45678781911053,0.880977897100679
3049,1524.5,152.18707477156073,-42.614155755612536,0.15737355556335775,-42.456782200049176,0.8857822236903558
3050,1525.0,155.19488148026667,-42.617269196641885,0.16048386724328778,-42.4567853293986,0.889838018243546
3051,1525.5,158.14479008270874,-42.62031852732152,0.16353430767030883,-42.45678421965121,0.8931177839009843
3052,1526.0,161.0322368017832,-42.623304198576626,0.16652015753543428,-42.45678404104119,0.895604900161505
3053,1526.5,163.85301330927354,-42.62622082247212,0.16943706509213502,-42.45678375737999,0.8972836893844476
3054,1527.0,166.60329457262347,-42.6290684554958,0.17228107495212047,-42.45678738054368,0.898135934063277
3055,1527.5,169.2796472286798,-42.63183424200919,0.1750486367444556,-42.456785605264734,0.8981523200470919
3056,1528.0,171.87900835348887,-42.63451814230221,0.17773658316183963,-42.456781559140374,0.8973178239879543
3057,1528.5,174.39869419182756,-42.637129628280384,0.18034213898763632,-42.45678748929275,0.8956275093480117
3058,1529.0,176.8363937620785,-42.63964985919924,0.1828629144828057,-42.456786944716434,0.893068706674927
3059,1529.5,179.19011683709414,-42.642085720377565,0.18529685159397455,-42.45678886878359,0.8896378306766096
3060,1530.0,181.45820571340352,-42.64443215996493,0.18764223612373365,-42.45678992384119,0.8853338396765634
3061,1530.5,183.6393800783116,-42.646685399830105,0.1898977441267916,-42.456787655703316,0.8801531074497128
3062,1531.0,185.73267846288923,-42.648847478940716,0.19206238136770382,-42.45678509757301,0.874099684781084
3063,1531.5,187.7374031097418,-42.650923325723696,0.19413542630975458,-42.45678789941394,0.8671755182551187
3064,1532.0,189.65314318331136,-42.65290073733014,0.19611645411625783,-42.456784283213885,0.8593903175830339
3065,1532.5,191.47974569673303,-42.654794078109646,0.19800530658661133,-42.45678877152304,0.8507498894080522
3066,1533.0,193.2172576096759,-42.65659041305544,0.1998020322808528,-42.45678838077459,0.8412679945077083
3067,1533.5,194.86594680288667,-42.65829485475068,0.20150690820900846,-42.456787946541674,0.8309607336940378
3068,1534.0,196.42627798906065,-42.659906067152875,0.20312041492101526,-42.45678565223186,0.8198446148746045
3069,1534.5,197.89887995575344,-42.661429507976955,0.20464320263328256,-42.45678630534367,0.8079416652075807
3070,1535.0,199.28455506647853,-42.66286188657495,0.20607610105358393,-42.45678578552137,0.7952744758833228
3071,1535.5,200.58428307031514,-42.66420767903567,0.20742012332049498,-42.456787555715174,0.7818794654060037
3072,1536.0,201.79919246604817,-42.665464292812516,0.2086764363916334,-42.45678785642088,0.7677740674647073
3073,1536.5,202.93053585929798,-42.666631990193736,0.20984633556096885,-42.45678565463277,0.7530032811335998
3074,1537.0,203.97969272473415,-42.6677169909011,0.2109312473151716,-42.456785743585925,0.7376036152102522
3075,1537.5,204.94814701908314,-42.6687191455581,0.21193270618367982,-42.45678643937442,0.7216123999358159
3076,1538.0,205.83749954628493,-42.669637845078284,0.21285236752525621,-42.45678547755303,0.70508180678095
3077,1538.5,206.6494844927527,-42.67047875848883,0.21369202462676345,-42.45678673386206,0.7091096115829644
3078,1539.0,207.38598397179675,-42.67123908054065,0.21445362374325677,-42.4567854567974,0.7166467235508339
3079,1539.5,208.04901395543206,-42.671924302358306,0.2151392495503526,-42.45678505280795,0.7235745839427127
3080,1540.0,208.64068530173566,-42.67253835510322,0.2157510848434123,-42.45678727025981,0.7299090201284901
3081,1540.5,209.1631911469218,-42.67307232298093,0.2162913974999438,-42.456780925480984,0.7356534981432988
3082,1541.0,209.61880693450317,-42.67355050566448,0.21676254050975663,-42.456787965154724,0.7408136352453695
3083,1541.5,210.0098767871689,-42.67395444966992,0.21716693788239833,-42.456787511787525,0.7454006021554312
3084,1542.0,210.33882926395634,-42.67429338424842,0.21750710094132508,-42.456786283307096,0.7494255001105169
3085,1542.5,210.608219401659,-42.67457202860614,0.21778567179806577,-42.456786356808074,0.752899231569448
3086,1543.0,210.82069467205537,-42.67479051022757,0.21800538814928516,-42.45678512207828,0.7558278543509828
3087,1543.5,210.97898375534243,-42.674954786774364,0.21816907166762034,-42.45678571510675,0.7582293169704115
3088,1544.0,211.08601043248393,-42.67506544407182,0.21827974577543913,-42.45678569829638,0.7601011905836139
3089,1544.5,211.1448670193927,-42.67512313757692,0.2183406081736688,-42.45678252940325,0.7614615534403932
3090,1545.0,211.15867733626206,-42.675138803455525,0.2183548891411718,-42.45678391431435,0.7623157792292773
3091,1545.5,211.13056604758353,-42.675110300712134,0.21832581982988206,-42.456784480882256,0.7626694836709584
3092,1546.0,211.0636587835146,-42.67503725780672,0.2182566323903091,-42.456780625416414,0.762530173043628
3093,1546.5,210.96106330908765,-42.67493501178131,0.21815054049900023,-42.456784471282305,0.7618980546182895
3094,1547.0,210.82586305009855,-42.67479475645479,0.21801073266379384,-42.456784023790995,0.760782642204278
3095,1547.5,210.66118410294078,-42.67462130855141,0.21784044151732462,-42.456780867034084,0.7591864159141583
3096,1548.0,210.4702201520133,-42.674423867891704,0.21764296958360754,-42.4567808983081,0.757115366496757
3097,1548.5,210.25616390225824,-42.67420308999721,0.21742161837382132,-42.45678147162339,0.7545657158071637
3098,1549.0,210.02211578084538,-42.67396359095957,0.21717959397657896,-42.45678399698299,0.7515428606452281
3099,1549.5,209.77103970559816,-42.67370091350342,0.2169199613189577,-42.45678095218446,0.7480464453479403
3100,1550.0,209.5057538250813,-42.67342850113123,0.2166456345910121,-42.456782866540216,0.7440709675118728
3101,1550.5,209.22890207857898,-42.67313957691836,0.21635934783652655,-42.45678022908183,0.7396198912362761
3102,1551.0,208.9429254563862,-42.67284263569084,0.21606362523386774,-42.45677901045698,0.7346872683912301
3103,1551.5,208.65005580257144,-42.67254352437112,0.21576077468754756,-42.456782749683576,0.7292660406310759
3104,1552.0,208.35234173359132,-42.672232858226295,0.2154529146301349,-42.45677994359616,0.7233747706722832
3105,1552.5,208.05165054584293,-42.671923384289016,0.21514197599481674,-42.4567814082942,0.7170166405653862
3106,1553.0,207.74964243321222,-42.67160948447625,0.21482967555428972,-42.45677980892196,0.710194006207447
3107,1553.5,207.4477347477614,-42.671300992073235,0.2145174789634648,-42.45678351310977,0.7028909831935026
3108,1554.0,207.14707804062064,-42.67098764544543,0.214206575983841,-42.456781069461584,0.6991952634985676
3109,1554.5,206.84870089457254,-42.670679441860685,0.21389803025193227,-42.45678141160875,0.7024288640600069
3110,1555.0,206.55354901500584,-42.6703754184927,0.21359281970242705,-42.45678259879028,0.7048900266552655
3111,1555.5,206.26230125914964,-42.67007176890238,0.21329164632776473,-42.456780122574614,0.7065673028656323
3112,1556.0,205.97527341182618,-42.6697759997527,0.21299483667460073,-42.4567811630781,0.7074461497877959
3113,1556.5,205.69241459976286,-42.66947929642983,0.21270233813591963,-42.45677695829391,0.7075251847558508
3114,1557.0,205.41339779511836,-42.669193471053774,0.21241381253888886,-42.45677965851488,0.7067969441801292
3115,1557.5,205.1376226104418,-42.66890789851597,0.21212863903506907,-42.456779259480896,0.7052555545468938
3116,1558.0,204.86410978520323,-42.668628581358604,0.2118458049910835,-42.45678277636752,0.7029008801248647
3117,1558.5,204.59154537227047,-42.668343683903885,0.21156395168095415,-42.456779732222934,0.6997249353824502
3118,1559.0,204.31834498814442,-42.66805949950769,0.2112814407259619,-42.45677805878173,0.6957296676078517
3119,1559.5,204.04258330433385,-42.66777817014747,0.21099628118311275,-42.45678188896436,0.6909197314823495
3120,1560.0,203.76194756294615,-42.66748806238256,0.21070608147655662,-42.456781980906,0.685294124251754
3121,1560.5,203.4737698759827,-42.66719032079722,0.21040808279763112,-42.45678223799959,0.6788627469027274
3122,1561.0,203.17515625236118,-42.666880247893175,0.2100992925290783,-42.456780955364096,0.6840690833461771
3123,1561.5,202.86301575295144,-42.66655643152215,0.20977651439367379,-42.45677991712848,0.6967691015279577
3124,1562.0,202.5339261082849,-42.6662149542032,0.2094362094922359,-42.45677874471096,0.7087702409952649
3125,1562.5,202.18412066004868,-42.665855456304065,0.20907448280009072,-42.456780973503975,0.720062916918136
3126,1563.0,201.80951813343998,-42.66547168525537,0.20868711395405753,-42.45678457130131,0.7306279572579258
3127,1563.5,201.4057584594367,-42.665050977764544,0.20826959429552952,-42.456781383469014,0.7404693847724452
3128,1564.0,200.96825880871125,-42.66459987761109,0.20781718481400333,-42.456782692797084,0.7495876983488045
3129,1564.5,200.49225413824144,-42.66410995336696,0.20732495807550372,-42.45678499529146,0.7579800964618169
3130,1565.0,199.97286404636773,-42.66357335349031,0.20678786735603732,-42.45678548613427,0.7656527881751195
3131,1565.5,199.4051197896911,-42.66298644407072,0.20620077457921648,-42.4567856694915,0.7726111511815186
3132,1566.0,198.78397937997224,-42.66234208377381,0.20555846592765545,-42.456783617846156,0.7788702100688937
3133,1566.5,198.10434859170408,-42.661643948584974,0.20485567356647344,-42.4567882750185,0.7844434834741126
3134,1567.0,197.3611090915328,-42.660875076343345,0.20408710473135616,-42.45678797161199,0.7893480205717565
3135,1567.5,196.5491715000601,-42.66003418947773,0.20324749659868518,-42.45678669287904,0.7936059658380262
3136,1568.0,195.6635304081003,-42.65911923996619,0.20233167317672943,-42.45678756678946,0.7972412990269127
3137,1568.5,194.69933065328172,-42.65812216212271,0.20133461384092916,-42.45678754828178,0.8002718644132037
3138,1569.0,193.6519063126339,-42.6570345950379,0.20025149365533665,-42.45678310138256,0.8027327770792195
3139,1569.5,192.5168206530578,-42.65586367844328,0.199077724684584,-42.4567859537587,0.8046470347204688
3140,1570.0,191.28994598414357,-42.65459967225728,0.19780903856805626,-42.456790633689224,0.8060483104866513
3141,1570.5,189.96751766673714,-42.65322726027628,0.19644154236905048,-42.45678571790723,0.8069670566561712
3142,1571.0,188.54617611924436,-42.65175855608355,0.19497176201263966,-42.45678679407091,0.8074267995951612
3143,1571.5,187.02303402138713,-42.650186724278626,0.19339671177970874,-42.45679001249892,0.8074717456075684
3144,1572.0,185.39572593343198,-42.64850327268216,0.19171394561718855,-42.456789327064975,0.8071268018191476
3145,1572.5,183.66243545163633,-42.64670943460146,0.18992158521895003,-42.456787849382515,0.8064291483972839
3146,1573.0,181.82194890655308,-42.644806677224636,0.18801837555412773,-42.45678830167051,0.8054137006700923
3147,1573.5,179.873690510225,-42.64279291982299,0.1860037212121178,-42.45678919861087,0.8041109639112005
3148,1574.0,177.8177293055324,-42.640666959280495,0.18387769358875708,-42.45678926569174,0.8025556591323001
3149,1574.5,175.65484243475663,-42.63842684851373,0.18164109631105652,-42.45678575220268,0.8007819742139187
3150,1575.0,173.38653830012157,-42.63608420338139,0.1792954891870454,-42.45678871419434,0.798820698062087
3151,1575.5,171.0150523605959,-42.63363327571442,0.17684318385933034,-42.45679009185509,0.7967041692938204
3152,1576.0,168.54337022093432,-42.631076693543164,0.17428726768100272,-42.45678942586216,0.7944647282226526
3153,1576.5,165.9752493909542,-42.62841565199332,0.17163162621646344,-42.456784025776855,0.792136058773831
3154,1577.0,163.3152046765324,-42.6256669754909,0.16888092813455052,-42.45678604735635,0.789745584725788
3155,1577.5,160.56850633936187,-42.62282753496385,0.16604062330558048,-42.45678691165826,0.7873152940804196
3156,1578.0,157.7411853537184,-42.6199051545327,0.1631169482372641,-42.456788206295435,0.7848844140236727
3157,1578.5,154.83998219155245,-42.61690449731112,0.16011687311441253,-42.45678762419671,0.7824703519522758
3158,1579.0,151.87231653516812,-42.61383601982944,0.15704807047943514,-42.45678794935001,0.780104933252204
3159,1579.5,148.84626256136445,-42.61070429777909,0.15391888967417333,-42.45678540810491,0.7778060714381114
3160,1580.0,145.7705166666983,-42.60752423973614,0.15073832346525198,-42.45678591627088,0.775600212790716
3161,1580.5,142.65433827952248,-42.604299143907696,0.1475159468390131,-42.45678319706868,0.7735027130754566
3162,1581.0,139.50747825953167,-42.60104337146433,0.14426184296094394,-42.456781528503384,0.7715387221871051
3163,1581.5,136.34015336537155,-42.597769953166576,0.14098657677315163,-42.456783376393425,0.7697208071423458
3164,1582.0,133.16295437086828,-42.594481573190244,0.13770109997922655,-42.45678047321102,0.7680660461864364
3165,1582.5,129.98676591283012,-42.59119354278777,0.13441666816048597,-42.45677687462729,0.7665850685355201
3166,1583.0,126.82272605143257,-42.587925289039774,0.1311447989581917,-42.456780490081584,0.765296971680956
3167,1583.5,123.68211612320661,-42.58467663252608,0.12789715817276764,-42.45677947435332,0.7642054044558537
3168,1584.0,120.57628483895977,-42.58146329786278,0.12468548127500541,-42.456777816587774,0.7744509819886872
3169,1584.5,117.51660016297551,-42.57829701370445,0.12152152364532408,-42.45677549005912,0.7881214305777542
3170,1585.0,114.51433649970416,-42.57519142934905,0.11841694391582411,-42.45677448543322,0.8006936234569588
3171,1585.5,111.5805709327561,-42.57215661655218,0.11538319667314274,-42.456773419879035,0.8128251154556795
3172,1586.0,108.72610477905125,-42.56920415004512,0.11243145133919707,-42.45677269870592,0.8242587833223322
3173,1586.5,105.96137433041783,-42.56634469863755,0.10957249987088864,-42.456772198766664,0.8345592389812498
3174,1587.0,103.296362560133,-42.563591045261404,0.10681666545763469,-42.45677437980377,0.8436947088308359
3175,1587.5,100.74052852622656,-42.56094483569135,0.10417372951876176,-42.45677110617259,0.8516275899293451
3176,1588.0,98.30272788496958,-42.55842932280204,0.10165284950812281,-42.45677647329392,0.8583274594255341
3177,1588.5,95.99114353993355,-42.55603572461459,0.09926248719970096,-42.456773237414886,0.8637770524212542
3178,1589.0,93.81323312388238,-42.553783347488206,0.09701035437970347,-42.4567729931085,0.8679526184957584
3179,1589.5,91.77565664996311,-42.55167680217591,0.09490333803213091,-42.45677346414378,0.8708467671753573
3180,1590.0,89.88422858623204,-42.54971849886857,0.09294745078002047,-42.45677104808855,0.8724540010351
3181,1590.5,88.14386986811922,-42.54792429846324,0.09114778126251238,-42.45677651720073,0.8727751925371922
3182,1591.0,86.55857982014875,-42.546275153179124,0.08950846509967264,-42.456766688079455,0.8718166963302437
3183,1591.5,85.13141506999118,-42.54480236013873,0.08803266308794386,-42.45676969705079,0.8695929210582563
3184,1592.0,83.86446724922862,-42.54349298464128,0.08672253814096045,-42.45677044650032,0.8661240475238576
3185,1592.5,82.75886568764032,-42.542354643809944,0.0855792580756545,-42.45677538573429,0.8614376510577382
3186,1593.0,81.81476741412263,-42.541376565296964,0.0846029852724107,-42.45677358002455,0.8555584941770071
3187,1593.5,81.03136751704305,-42.54056632975555,0.0837928873884975,-42.45677344236705,0.8485303837837423
3188,1594.0,80.40692178622905,-42.53992209238628,0.08314716077168678,-42.45677493161459,0.8403970901497426
3189,1594.5,79.93878712424672,-42.53943331332646,0.08266307224873438,-42.45677024107773,0.8312112965839836
3190,1595.0,79.6234421004365,-42.53910786112584,0.08233698037988996,-42.45677088074595,0.8210259603685262
3191,1595.5,79.45651386149697,-42.53894072364231,0.08216436328658373,-42.456776360355725,0.809904546123874
3192,1596.0,79.43285812172628,-42.538913492025344,0.0821399013677067,-42.45677359065764,0.7979127148718288
3193,1596.5,79.54659694061797,-42.5390312045916,0.08225751636465325,-42.456773688226946,0.7932478230690273
3194,1597.0,79.79117732413278,-42.53928490218139,0.08251043195970328,-42.45677447022169,0.794796442732741
3195,1597.5,80.15943831900444,-42.5396636127863,0.08289124315687786,-42.45677236962942,0.7961916293586223
3196,1598.0,80.6436575749169,-42.54016549741996,0.08339196443093856,-42.456773532989025,0.7974223442002432
3197,1598.5,81.23563497884415,-42.540777584368016,0.08400411621195568,-42.45677346815606,0.7984651466388825
3198,1599.0,81.92676105870045,-42.5414962294433,0.08471879562013021,-42.45677743382317,0.7993053863031212
3199,1599.5,82.70809371971161,-42.54230212565105,0.08552675581731303,-42.456775369833736,0.7999283846396716
3200,1600.0,83.57042192310101,-42.54319397907713,0.08641847185583769,-42.456775507221295,0.8003223202344979
3201,1600.5,84.50433398242308,-42.54415970947662,0.08738421130236837,-42.456775498174245,0.8004675716052396
3202,1601.0,85.50030207623614,-42.54519320502217,0.08841412163073425,-42.45677908339144,0.8003589948001917
3203,1601.5,86.54873533854747,-42.546276949949174,0.08949828512167782,-42.456778664827496,0.7999818554631278
3204,1602.0,87.64005208232035,-42.54740789406814,0.09062679354771308,-42.45678110052042,0.7993286868548458
3205,1602.5,88.7647458795945,-42.548567951891584,0.09178981650523274,-42.45677813538635,0.7983988054705642
3206,1603.0,89.91343585773532,-42.54975528134205,0.09297765342483558,-42.45677762791721,0.7971772261136946
3207,1603.5,91.07695206814303,-42.550961271475956,0.09418082184937042,-42.456780449626585,0.7956644570275939
3208,1604.0,92.2463765049931,-42.55216872051358,0.09539009985058056,-42.456778620662995,0.7938611694790293
3209,1604.5,93.41307750609266,-42.55337575311283,0.096596561602329,-42.4567791915105,0.7917598051895949
3210,1605.0,94.56877202584268,-42.554575873973874,0.0977916417758007,-42.456784232198075,0.7893673883866643
3211,1605.5,95.705568924602,-42.55574860875811,0.09896718030415268,-42.45678142845396,0.7866777737468353
3212,1606.0,96.81600906897197,-42.55689951675232,0.10011546384940186,-42.45678405290292,0.7837046738275893
3213,1606.5,97.89309286716045,-42.5580130639556,0.10122925427618443,-42.456783809679415,0.7804442805853715
3214,1607.0,98.93032418759502,-42.55908855690999,0.10230183406709956,-42.45678672284289,0.7769045427164933
3215,1607.5,99.9217344264427,-42.56011178963237,0.10332703121044154,-42.45678475842193,0.7730929068799921
3216,1608.0,100.86188936305444,-42.56108612892527,0.1042992262892754,-42.45678690263599,0.769017648266194
3217,1608.5,101.74593111792639,-42.561999788721735,0.10521339586931037,-42.45678639285242,0.7646792191759176
3218,1609.0,102.56960108296278,-42.56284878636703,0.1060651362106179,-42.45678365015641,0.7601002434226721
3219,1609.5,103.32921413153974,-42.563632536118185,0.1068506365987837,-42.4567818995194,0.7552807313012059
3220,1610.0,104.02169152055971,-42.56435489016234,0.10756671336825235,-42.45678817679409,0.7502279024626596
3221,1610.5,104.64461010630586,-42.56499419005057,0.10821086079544036,-42.45678332925513,0.7449630087632969
3222,1611.0,105.19617841417099,-42.56556272021966,0.10878122635293,-42.45678149386673,0.7394825340359249
3223,1611.5,105.6752253359573,-42.566059011720036,0.10927659902157716,-42.45678241269846,0.7338033202172858
3224,1612.0,106.08119754748509,-42.56648397993507,0.10969640662011304,-42.45678757331496,0.727933609082757
3225,1612.5,106.4141297846324,-42.56682751013375,0.11004068506820189,-42.45678682506555,0.7218761101708916
3226,1613.0,106.67465345489994,-42.56709407969069,0.11031008729148505,-42.4567839923992,0.7156493691702547
3227,1613.5,106.86396595242871,-42.5672929098001,0.11050585149086534,-42.45678705830924,0.7092510518221331
3228,1614.0,106.98381187248417,-42.567413795531046,0.11062978171678761,-42.45678401381426,0.7026925131565804
3229,1614.5,107.03647037926721,-42.56747109492906,0.1106842348065493,-42.45678686012251,0.7055070551958321
3230,1615.0,107.02472061363439,-42.567454565041906,0.11067208461312815,-42.45678248042878,0.7089890193223799
3231,1615.5,106.95186103008079,-42.56738387820114,0.11059674200116254,-42.45678713619998,0.7119492062241548
3232,1616.0,106.821679164652,-42.56724580203937,0.11046212358456473,-42.45678367845481,0.7143749963800786
3233,1616.5,106.63839460404463,-42.5670569982921,0.11027259275202889,-42.45678440554008,0.7162459561691535
3234,1617.0,106.40663028977775,-42.56681774082385,0.11003292999325892,-42.45678481083059,0.7175514192113027
3235,1617.5,106.13138044370467,-42.56653196000012,0.10974829973139333,-42.45678366026873,0.7275869559032039
3236,1618.0,105.81798340239042,-42.56620999007602,0.10942422223158797,-42.45678576784443,0.742812862309818
3237,1618.5,105.47207797172635,-42.565849926347425,0.1090665284682116,-42.456783397879214,0.7578320615069538
3238,1619.0,105.09958338179297,-42.565463754986055,0.10868133939657773,-42.45678241558948,0.7725880588246014
3239,1619.5,104.70666449062507,-42.565057735038934,0.10827502997086652,-42.456782705068065,0.7870281088899851
3240,1620.0,104.29968468263397,-42.56463425218456,0.10785418043734213,-42.45678007174722,0.8011016816545562
3241,1620.5,103.88519413943861,-42.56420640069473,0.10742556420545808,-42.45678083648927,0.8147607632225274
3242,1621.0,103.46989808568006,-42.563774920467665,0.10699611501150047,-42.45677880545617,0.8279675226656666
3243,1621.5,103.06060962141626,-42.56335004158798,0.10657287814352764,-42.45677716344445,0.8406802892894976
3244,1622.0,102.6642211651389,-42.562943421143835,0.10616298091117546,-42.45678044023266,0.8528598386621407
3245,1622.5,102.28765124900868,-42.562552639191935,0.10577357762769318,-42.45677906156424,0.8644772910537146
3246,1623.0,101.9377999829686,-42.562190458321,0.10541180355628986,-42.45677865476471,0.8755011364882214
3247,1623.5,101.62151839304512,-42.56186113142421,0.10508474320349576,-42.45677638822071,0.8858995375040045
3248,1624.0,101.34556414642789,-42.56157616455589,0.10479938453536872,-42.45677678002052,0.895652259273709
3249,1624.5,101.1165643992724,-42.56133771831604,0.10456258055916336,-42.45677513775688,0.9047300820207146
3250,1625.0,100.94099236880929,-42.56115814238778,0.10438102509702617,-42.456777117290756,0.9131098832489636
3251,1625.5,100.82514095178057,-42.56103655705301,0.10426122550535762,-42.456775331547654,0.9207749599485451
3252,1626.0,100.77508641435266,-42.56098699984855,0.10420946512729047,-42.45677753472126,0.9277032640487018
3253,1626.5,100.79665711042158,-42.56100553015361,0.10423177094492601,-42.45677375920868,0.9338825611752655
3254,1627.0,100.89541497504545,-42.5611098899596,0.10433389444206947,-42.45677599551753,0.9392952565974948
3255,1627.5,101.0766293565244,-42.56129502332986,0.10452128454451651,-42.456773738785344,0.9439263674799379
3256,1628.0,101.34524454027559,-42.561575205512895,0.10479905403715366,-42.456776151475744,0.9477668723379428
3257,1628.5,101.70586715025019,-42.56194609182418,0.10517196653602012,-42.45677412528816,0.9508066712000922
3258,1629.0,102.16274917841531,-42.562416685912865,0.10564441893944053,-42.456772266973424,0.9530395975128286
3259,1629.5,102.71976005130797,-42.56299594043403,0.10622041254261706,-42.45677552789141,0.9544574979841413
3260,1630.0,103.38037995355732,-42.56367504734841,0.1069035461336198,-42.45677150121479,0.9550604069651256
3261,1630.5,104.14770200164519,-42.564468219382064,0.10769701824122818,-42.45677120114084,0.9548365650056188
3262,1631.0,105.02439077359709,-42.5653790061702,0.10860358425132884,-42.45677542191887,0.9537923305921236
3263,1631.5,106.01269477769283,-42.56639572520824,0.10962556930055534,-42.456770155907684,0.9519249840235697
3264,1632.0,107.11444260198928,-42.56754108932091,0.11076486429458808,-42.456776225026324,0.949240540636954
3265,1632.5,108.33102208986489,-42.568792924018595,0.11202290437400887,-42.45677001964459,0.9457361892615519
3266,1633.0,109.66340001054174,-42.57017199079126,0.11340068925518731,-42.45677130153607,0.941425085275597
3267,1633.5,111.11210822560068,-42.571673872638414,0.1148987689253557,-42.456775103713056,0.9363035239819113
3268,1634.0,112.67724562930218,-42.57329000493362,0.11651724564905534,-42.45677275928456,0.9303887866759593
3269,1634.5,114.35849227162464,-42.57502484769291,0.11825578857248292,-42.456769059120425,0.9236870820557677
3270,1635.0,116.15510707495625,-42.57688755004848,0.12011363136236809,-42.45677391868612,0.9162078670779316
3271,1635.5,118.06593327816287,-42.57886015459057,0.12208957783557313,-42.456770576755,0.9079640747069141
3272,1636.0,120.08941949109519,-42.58095457003897,0.12418202373113021,-42.45677254630784,0.8989690319317778
3273,1636.5,122.22362119436632,-42.583162714862524,0.1263889582611309,-42.45677375660139,0.8892303251215556
3274,1637.0,124.46620794765494,-42.58548387141141,0.12870797156468555,-42.456775899846726,0.8787739273068765
3275,1637.5,126.81448197603406,-42.587912086940264,0.13113627392766763,-42.4567758130126,0.8676089469576665
3276,1638.0,129.26539005336014,-42.59044778190334,0.13367070807108436,-42.45677707383226,0.8557548835166284
3277,1638.5,131.81554783610207,-42.59308298605672,0.13630777431419389,-42.456775211742524,0.8458515603653837
3278,1639.0,134.4612408001432,-42.59581827064233,0.13904363154323313,-42.4567746390991,0.8440408612993753
3279,1639.5,137.1984433886635,-42.59864796215443,0.14187411701185298,-42.45677384514258,0.8414424796452213
3280,1640.0,140.02283813887408,-42.60156917818976,0.14479476611968498,-42.456774412070075,0.8380541627746889
3281,1640.5,142.9298277821267,-42.6045771092126,0.14780082492481822,-42.456776284287784,0.8338876306243973
3282,1641.0,145.91456432236683,-42.60766098951609,0.15088728021323566,-42.45677370930286,0.8289393999440738
3283,1641.5,148.97196087024145,-42.61082663252141,0.15404887173622403,-42.45677776078519,0.8232204600576235
3284,1642.0,152.09670975591493,-42.61405528526518,0.157280110940468,-42.45677517432471,0.816737046727471
3285,1642.5,155.28331474906477,-42.617347511462675,0.16057531428609179,-42.45677219717658,0.8094969014213533
3286,1643.0,158.52608590719083,-42.620709132726454,0.1639285979194005,-42.45678053480705,0.8015097780351781
3287,1643.5,161.81914210053813,-42.624110983450365,0.16733388028385163,-42.456777103166516,0.7927873821722529
3288,1644.0,165.1564376973131,-42.627559400481545,0.17078490971469365,-42.456774490766854,0.7833374189630886
3289,1644.5,168.53176569741993,-42.63105589362186,0.17427526767949916,-42.456780625942365,0.7731809917570447
3290,1645.0,171.93877138673577,-42.634576547286834,0.17779838289777272,-42.456778164389064,0.7623235181987587
3291,1645.5,175.3709647137063,-42.63812798614749,0.18134754413933643,-42.45678044200815,0.7507843765238414
3292,1646.0,178.8217331754873,-42.64169271618607,0.1849159135496266,-42.45677680263645,0.7385823279499532
3293,1646.5,182.28434818942142,-42.645272140448085,0.18849653323830798,-42.45677560720978,0.7257314429579375
3294,1647.0,185.75198257219637,-42.64886282256319,0.19208234335411567,-42.45678047920907,0.7122520520529362
3295,1647.5,189.2177223389803,-42.65244701440989,0.19566619428610055,-42.45678082012379,0.69816309032604
3296,1648.0,192.67455915604188,-42.65602170158462,0.19924083885903743,-42.45678086272558,0.6834849797450426
3297,1648.5,196.1154060284561,-42.6595811554531,0.20279894855576233,-42.45678220689734,0.6682451108938667
3298,1649.0,199.5331190373709,-42.66311979940684,0.20633313599523714,-42.456786663411606,0.652472192303026
3299,1649.5,202.92050436562513,-42.666621321311595,0.20983596219759829,-42.456785359113994,0.6361897183873286
3300,1650.0,206.27031246846792,-42.67008563920967,0.21329993055621627,-42.45678570865345,0.6194315992161373
3301,1650.5,209.5752284741908,-42.67350048743901,0.21671747691118473,-42.45678301052782,0.6022241552073805
3302,1651.0,212.82787562731826,-42.67686591191235,0.22008097310985375,-42.4567849388025,0.586439466373761
3303,1651.5,216.0208446319243,-42.68017066443359,0.22338275735015606,-42.45678790708343,0.5771281127826886
3304,1652.0,219.14668516441108,-42.68340025140272,0.22661512540414425,-42.45678512599858,0.5671233160178684
3305,1652.5,222.1979049267599,-42.686558843457455,0.22977032963897684,-42.45678851381848,0.556425173561738
3306,1653.0,225.1669861476873,-42.6896250006142,0.23284059608042804,-42.45678440453377,0.5515963305218068
3307,1653.5,228.04641117727238,-42.692605182614564,0.23581815087977034,-42.45678703173479,0.5566706865618037
3308,1654.0,230.82869122577924,-42.695481843512205,0.23869525003200623,-42.456786593480196,0.5609888775914005
3309,1654.5,233.50637935489394,-42.69825371142492,0.2414641928098414,-42.456789518615075,0.5645341739666487
3310,1655.0,236.0720541216126,-42.700907958753014,0.2441173048501627,-42.45679065390285,0.5672957980712051
3311,1655.5,238.51831999403433,-42.7034364235917,0.24664693858400097,-42.4567894850077,0.5744210477016944
3312,1656.0,240.83781900097685,-42.70583429169827,0.24904548528316148,-42.456788806415105,0.5824168052978936
3313,1656.5,243.02325042875472,-42.70809111683869,0.25130539542826125,-42.45678572141043,0.5895597869852921
3314,1657.0,245.06743053354265,-42.7102079078009,0.25341924045606823,-42.45678866734483,0.5958484261377154
3315,1657.5,246.9633390738509,-42.712169215207936,0.25537976087778674,-42.45678945433015,0.6012692954086156
3316,1658.0,248.7041288789292,-42.71396983477198,0.2571798761735491,-42.45678995859843,0.6058249713899179
3317,1658.5,250.28310509263537,-42.71560468538249,0.25881266332892283,-42.45679202205356,0.6095032489430275
3318,1659.0,251.6937654058571,-42.71706340443045,0.26027139843843894,-42.45679200599201,0.6122996732128159
3319,1659.5,252.9298464973154,-42.71834094530045,0.261549604729081,-42.456791340571364,0.6142183312270257
3320,1660.0,253.9854472191259,-42.71943709139661,0.2626411799439665,-42.45679591145264,0.6152353025982746
3321,1660.5,254.85523189965122,-42.72033153140866,0.26354060657368705,-42.456790924834976,0.6153332945439025
3322,1661.0,255.53436313120605,-42.721035274390644,0.26424288235344257,-42.4567923920372,0.6145231229111635
3323,1661.5,256.01854885808535,-42.72153746553274,0.2647435689558127,-42.456793896576926,0.6128128875968347
3324,1662.0,256.30428631479197,-42.72183492935579,0.26503904424231156,-42.45679588511348,0.6102170963960296
3325,1662.5,256.38876598966266,-42.72192470264845,0.26512640295412854,-42.45679829969432,0.6067427504706843
3326,1663.0,256.26968271011555,-42.72179826404711,0.26500326135922897,-42.45679500268788,0.6024191957587778
3327,1663.5,255.94526458292142,-42.72146333114445,0.2646677871788994,-42.45679554396555,0.5972544708448091
3328,1664.0,255.41433506635434,-42.72091143711776,0.26411876377529486,-42.45679267334247,0.5912762114579184
3329,1664.5,254.6763319228173,-42.72015004726519,0.26335560974996325,-42.45679443751523,0.5845005481063716
3330,1665.0,253.73134189945608,-42.71917092870453,0.26237841480636187,-42.456792513898165,0.5769527867024957
3331,1665.5,252.5801376063617,-42.71798299152273,0.2611879778848558,-42.45679501363787,0.5686544383895931
3332,1666.0,251.22420737038132,-42.71658028992941,0.2597858380339362,-42.456794451895476,0.5596261896289323
3333,1666.5,249.6657971506018,-42.714973678418175,0.25817431775416794,-42.45679936066401,0.5499030197260585
3334,1667.0,247.90792120333322,-42.71315076422444,0.2563565340266325,-42.45679423019781,0.5395052494273148
3335,1667.5,245.95444624262535,-42.71112567530327,0.25433648534160425,-42.45678918996167,0.5538888279772647
3336,1668.0,243.81010441584527,-42.70890945772615,0.25211906511633114,-42.45679039260982,0.5768850654936184
3337,1668.5,241.48041294764874,-42.706504220405016,0.24970997860050162,-42.456794241804516,0.5996106133048493
3338,1669.0,238.97167413188834,-42.70391085089213,0.24711574286787683,-42.45679510802425,0.6220112127284211
3339,1669.5,236.29092952200804,-42.701136326850445,0.2443436394455105,-42.456792687404935,0.6440352291362963
3340,1670.0,233.4459215940859,-42.69819215892167,0.24140167467028162,-42.45679048425139,0.6656428920581374
3341,1670.5,230.44508687741936,-42.69508692990313,0.23829857258537301,-42.456788357317755,0.6867809597857081
3342,1671.0,227.297557600623,-42.6918341464343,0.23504377664246703,-42.45679036979183,0.707399925171716
3343,1671.5,224.01313652444412,-42.68843991290532,0.2316474236768728,-42.45679248922844,0.7274557282752586
3344,1672.0,220.60221217926954,-42.684906066965915,0.22812025625635773,-42.456785810709555,0.7468999917060043
3345,1672.5,217.07571043551283,-42.68126184418462,0.22447357260107084,-42.45678827158355,0.7656879927576219
3346,1673.0,213.4450402326771,-42.67750337643214,0.2207191704630716,-42.45678420596907,0.7837707210085177
3347,1673.5,209.72202565023906,-42.67365274804942,0.21686927688221416,-42.456783471167206,0.8011006675786081
3348,1674.0,205.91886619926385,-42.669719767501945,0.2129365071245146,-42.45678326037743,0.8176332186640876
3349,1674.5,202.04805605275737,-42.665716863110276,0.20893378115990277,-42.45678308195038,0.8333282329658577
3350,1675.0,198.1223313251384,-42.66165718408408,0.2048742691449978,-42.45678291493908,0.8481420689074761
3351,1675.5,194.1546566403964,-42.65755231967742,0.2007713775335135,-42.45678094214391,0.8620308675526769
3352,1676.0,190.15815371136358,-42.65341917290679,0.19663867522153766,-42.45678049768525,0.8749574623823859
3353,1676.5,186.14598219511703,-42.64927229982857,0.19248977034252923,-42.45678252948604,0.8868796096763678
3354,1677.0,182.13125172378994,-42.64511804269342,0.18833821930017117,-42.45677982339325,0.8977714444061269
3355,1677.5,178.12693890566857,-42.64097597095035,0.18419744094089455,-42.45677853000946,0.907600807218787
3356,1678.0,174.14581566137036,-42.6368579659469,0.18008064244777958,-42.456777323499125,0.916332666791037
3357,1678.5,170.2003809785613,-42.63277808858181,0.17600074876949803,-42.45677733981231,0.9239472868778444
3358,1679.0,166.30279090335108,-42.62874735065148,0.17197033022584055,-42.45677702042564,0.9304208307899761
3359,1679.5,162.46478503501726,-42.62477915093354,0.16800152649740724,-42.456777624436135,0.9357374145658531
3360,1680.0,158.6976312639366,-42.62088152929082,0.16410598948022775,-42.45677553981059,0.9398797362279968
3361,1680.5,155.01209209743067,-42.61707176805765,0.16029484846400371,-42.45677691959364,0.9428520890453722
3362,1681.0,151.41836539847017,-42.61335429140837,0.15657864885120937,-42.45677564255716,0.9446520308532808
3363,1681.5,147.92603169855857,-42.609739638015796,0.15296729767441725,-42.45677234034138,0.9452716299397272
3364,1682.0,144.54398527746142,-42.60624152843202,0.14946999232724956,-42.456771536104775,0.9447198862170628
3365,1682.5,141.28039613302477,-42.602864541953195,0.14609518123814155,-42.45676936071506,0.9430063746561795
3366,1683.0,138.14268150107054,-42.59961934405696,0.1428505344196452,-42.45676880963732,0.9401363661651401
3367,1683.5,135.13746778043162,-42.59651484896051,0.13974290409588322,-42.45677194486463,0.9361266959617287
3368,1684.0,132.27059532730692,-42.59355094569371,0.13677832966029396,-42.45677261603341,0.93100143047479
3369,1684.5,129.54710311498457,-42.59072983653141,0.13396202181256353,-42.456767814718845,0.9247831515595778
3370,1685.0,126.97120588301892,-42.58806727365259,0.131298338929055,-42.456768934723534,0.9175005380335044
3371,1685.5,124.5462820009951,-42.58556025039107,0.12879077451297422,-42.4567694758781,0.909190567167584
3372,1686.0,122.27488936193396,-42.58321452330469,0.1264419736294166,-42.45677254967527,0.899882584233026
3373,1686.5,120.15878754852172,-42.58102519853869,0.12425375582701367,-42.45677144271168,0.8896248598275097
3374,1687.0,118.19893840652911,-42.57899723558752,0.12222711573089423,-42.45677011985663,0.8784579697104269
3375,1687.5,116.39552986027894,-42.577131797425224,0.12036224766977442,-42.45676954975545,0.8664313449004349
3376,1688.0,114.7479937829406,-42.57542911782355,0.11865856415526552,-42.456770553668285,0.8535955964473402
3377,1688.5,113.25502869232682,-42.57388796198187,0.11711471935113524,-42.45677324263073,0.8408224749298628
3378,1689.0,111.91464242529472,-42.572497729114176,0.11572865320203703,-42.45676907591214,0.8409377133942983
3379,1689.5,110.72418491238328,-42.57126987670915,0.11449762532509544,-42.45677225138406,0.8404204268853473
3380,1690.0,109.68036796646612,-42.57018913213211,0.11341823547294905,-42.45677089665916,0.8392842490562984
3381,1690.5,108.77931918370159,-42.569258690280776,0.11248647927162551,-42.45677221100915,0.837520547036304
3382,1691.0,108.016623567413,-42.56847073239788,0.11169779126294876,-42.45677294113493,0.8351332751512068
3383,1691.5,107.3873634610433,-42.567818850110875,0.11104708619839433,-42.45677176391248,0.8321274575666547
3384,1692.0,106.8861641322773,-42.56729754360244,0.11052880617670217,-42.45676873742574,0.8285052562696689
3385,1692.5,106.50723326471407,-42.56690586381228,0.11013696148141089,-42.45676890233087,0.8242754380611548
3386,1693.0,106.24440578479448,-42.56663957717818,0.10986517693547104,-42.45677440024271,0.819439196434857
3387,1693.5,106.0911906694431,-42.56647583093286,0.10970674030407451,-42.45676909062878,0.814000245784405
3388,1694.0,106.04082185188497,-42.566428957105046,0.10965465493532331,-42.45677430216972,0.8079737286089589
3389,1694.5,106.08628610250645,-42.56647661656076,0.10970166859126002,-42.4567749479695,0.8013608110224366
3390,1695.0,106.22037203870818,-42.56661475370667,0.10984032412795906,-42.456774429578715,0.7941746954790645
3391,1695.5,106.43570795373387,-42.566838659525786,0.11006299861354826,-42.456775660912236,0.7864256737168173
3392,1696.0,106.72479537541743,-42.56713823623341,0.11036193803062605,-42.45677629820278,0.7781261698749643
3393,1696.5,107.08005716393778,-42.56750856201817,0.1107293070131705,-42.456779255004996,0.7692906420698178
3394,1697.0,107.49387082717867,-42.5679349961543,0.1111572232972746,-42.45677777285702,0.7599348065301127
3395,1697.5,107.9586052664824,-42.56841688982954,0.11163779571918199,-42.45677909411036,0.7500760863516762
3396,1698.0,108.46665278826815,-42.5689424427714,0.11216315731784988,-42.45677928545355,0.7397341482167012
3397,1698.5,109.01045235863724,-42.569505885502316,0.11272548938206274,-42.45678039612025,0.7289253383284126
3398,1699.0,109.58252335918351,-42.570096882126165,0.1133170563566287,-42.45677982576954,0.7176808669161562
3399,1699.5,110.17549148741304,-42.57071099157487,0.11393023262547612,-42.45678075894939,0.7060173450272936
3400,1700.0,110.78212420297942,-42.571337061261374,0.11455753916588396,-42.45677952209549,0.6939738866779925
3401,1700.5,111.39535848099085,-42.5719713641368,0.1151916722476115,-42.45677969188919,0.6815693308611306
3402,1701.0,112.0083079430783,-42.5726061277115,0.11582551080699074,-42.45678061690451,0.6688377749846647
3403,1701.5,112.61429566321415,-42.57323328002807,0.11645215037075568,-42.456781129657315,0.6558220814882723
3404,1702.0,113.20688450198521,-42.573846232280246,0.11706493442409627,-42.45678129785615,0.6425640077831771
3405,1702.5,113.77989041707346,-42.5744388972676,0.11765746817475564,-42.45678142909284,0.6291004882832071
3406,1703.0,114.32739399497339,-42.575006791561734,0.11822363047774428,-42.45678316108399,0.6154744293426703
3407,1703.5,114.84374840131352,-42.57554323287776,0.11875758205660555,-42.45678565082116,0.6017391332545149
3408,1704.0,115.32359589396992,-42.57603892968905,0.11925378257929023,-42.456785147109755,0.5879376638930305
3409,1704.5,115.76188234287353,-42.57649332068636,0.11970700567279363,-42.45678631501357,0.5741232925825502
3410,1705.0,116.15385773643976,-42.576895156807105,0.12011233944684414,-42.45678281736026,0.5803212334637528
3411,1705.5,116.49510185925142,-42.57724767875922,0.12046521304667238,-42.45678246571255,0.5868809849685175
3412,1706.0,116.7815269636984,-42.57754695652806,0.12076139941569936,-42.45678555711236,0.5931021604023755
3413,1706.5,117.00938447782005,-42.57777947078195,0.12099702223197976,-42.456782448549966,0.598977203635047
3414,1707.0,117.1753005090467,-42.57795346656654,0.12116859262189819,-42.45678487394464,0.6044938749713296
3415,1707.5,117.27625428221482,-42.578060804330775,0.12127298686335956,-42.456787817467415,0.6096474357969883
3416,1708.0,117.30958634723109,-42.5780903992476,0.12130745487316758,-42.45678294437443,0.6144251107490115
3417,1708.5,117.27300757498327,-42.57805601317517,0.12126962950951287,-42.45678638366566,0.6188205944307655
3418,1709.0,117.16459432433712,-42.577942478476885,0.12115752157426293,-42.456784956902624,0.6228211947957492
3419,1709.5,116.98280419755272,-42.57775243422684,0.12096953610531745,-42.45678289812152,0.626419311246618
3420,1710.0,116.72645958198433,-42.57748258435602,0.12070445535741507,-42.45677812899861,0.6296046797429328
3421,1710.5,116.3947511199423,-42.57714464197343,0.1203614423902471,-42.456783199583185,0.6323753347928611
3422,1711.0,115.98723413678042,-42.57672286259728,0.11994003737481525,-42.45678282522246,0.6347195675175188
3423,1711.5,115.50381763012211,-42.57622345757545,0.11944014620741467,-42.456783311368035,0.6366403928030884
3424,1712.0,114.944761200528,-42.575645881516024,0.11886203733569975,-42.45678384418032,0.638133270728957
3425,1712.5,114.31067646282241,-42.574992922691806,0.11820634321810813,-42.4567865794737,0.639201519523387
3426,1713.0,113.60252494173608,-42.57425985171353,0.11747405814778768,-42.45678579356574,0.6398456778432551
3427,1713.5,112.82160717804082,-42.57344714205874,0.11666652698747212,-42.45678061507127,0.6400626034412497
3428,1714.0,111.96956418922511,-42.5725696393763,0.11578544667993594,-42.45678419269636,0.6398642998627511
3429,1714.5,111.0483540777749,-42.57161651759388,0.1148328420590938,-42.45678367553479,0.6392473696415812
3430,1715.0,110.06026792673775,-42.570595604069844,0.1138110822872798,-42.456784521782566,0.638228095709179
3431,1715.5,109.00791950259297,-42.569506654401934,0.11272287020719514,-42.45678378419474,0.6368103333732719
3432,1716.0,107.8942149247161,-42.56835527484529,0.11157121097771881,-42.456784063867566,0.6350083507815263
3433,1716.5,106.72235788196068,-42.567139860255665,0.11035941746826866,-42.4567804427874,0.6328326249166568
3434,1717.0,105.49585188469266,-42.56586893079074,0.10909111258758426,-42.45677781820316,0.6302991312793293
3435,1717.5,104.21847822406663,-42.564552028589176,0.1077702064918633,-42.45678182209731,0.6274287109337052
3436,1718.0,102.89428149622101,-42.56318333066094,0.10640088161562636,-42.45678244904531,0.6243821591982174
3437,1718.5,101.52757080529251,-42.56177288435947,0.10498759391572988,-42.45678529044374,0.6325466790729773
3438,1719.0,100.12290042972248,-42.56031711791704,0.10353505287878709,-42.45678206503825,0.6408602259821399
3439,1719.5,98.68505883919795,-42.55882938370231,0.10204821016381033,-42.4567811735385,0.64928865517178
3440,1720.0,97.21907312929798,-42.557311476099756,0.10053226418798858,-42.456779211911766,0.6577985522922646
3441,1720.5,95.73022053647055,-42.55577433254772,0.09899267203409062,-42.45678166051363,0.6663516485438847
3442,1721.0,94.22400921556039,-42.554215511478986,0.09743512957289792,-42.456780381906086,0.6749125488269379
3443,1721.5,92.70613813424569,-42.55264724542228,0.09586552999085818,-42.45678171543142,0.6834478138300584
3444,1722.0,91.18247044396135,-42.551071635042774,0.09428993625349918,-42.45678169878928,0.6919280417729157
3445,1722.5,89.659030177254,-42.54949870650189,0.09271457769023092,-42.45678412881166,0.7003137616906026
3446,1723.0,88.14198085196787,-42.547923267590136,0.09114582786936976,-42.45677743972077,0.7085749678592637
3447,1723.5,86.63759868513422,-42.54637268993567,0.08959017689916686,-42.45678251303651,0.7166810339344822
3448,1724.0,85.15226298048748,-42.54483249382935,0.08805422148773434,-42.456778272341616,0.7246006469757257
3449,1724.5,83.69243841589149,-42.54332505954549,0.0865446466268334,-42.456780412918654,0.732309592173518
3450,1725.0,82.2646649180406,-42.541845899117156,0.08506821512150876,-42.45677768399565,0.7397822387930041
3451,1725.5,80.87553339975535,-42.54040761343859,0.08363174250052029,-42.45677587093807,0.7469897331598155
3452,1726.0,79.53165933449154,-42.53902116460297,0.0822420696902806,-42.45677909491269,0.7539077008483898
3453,1726.5,78.23966143225334,-42.53768128518745,0.08090604096405123,-42.4567752442234,0.7605148703415691
3454,1727.0,77.00616167365388,-42.53640641197474,0.0796305039771637,-42.456775907997574,0.7667936699159735
3455,1727.5,75.83776183214766,-42.53520037289207,0.07842228548913835,-42.45677808740293,0.7727223445485822
3456,1728.0,74.74102078871573,-42.53406728647667,0.07728816790526188,-42.45677911857141,0.778285447725657
3457,1728.5,73.72243554060782,-42.533006924583425,0.07623486963811442,-42.45677205494531,0.7834658061080751
3458,1729.0,72.78841562904846,-42.53204301873969,0.07526901866378097,-42.45677400007591,0.7882485180471096
3459,1729.5,71.94527776597533,-42.53117370649216,0.07439714696547098,-42.45677655952669,0.7926268638626006
3460,1730.0,71.19920709776979,-42.530395827698285,0.07362565047713071,-42.45677017722115,0.7965850438995008
3461,1730.5,70.55624403542487,-42.529734221114424,0.07296077546478812,-42.45677344564964,0.8001184732177519
3462,1731.0,70.02226868971267,-42.529180055992484,0.07240860243127631,-42.45677145356121,0.8032215404681803
3463,1731.5,69.60298356517366,-42.52874988661128,0.07197502822044023,-42.45677485839084,0.8058813779866209
3464,1732.0,69.30389311718051,-42.52844008858959,0.07166574487751265,-42.45677434371208,0.8081036325915495
3465,1732.5,69.13028266089657,-42.52826094896371,0.0714862178392974,-42.45677473112441,0.8098815525987103
3466,1733.0,69.08719967941933,-42.528215823005965,0.07144166660530121,-42.45677415640066,0.8112148732027761
3467,1733.5,69.17943967486346,-42.528307697859404,0.07153705010662667,-42.456770647752776,0.812108657983107
3468,1734.0,69.41152799275915,-42.52855184868909,0.07177704791095262,-42.456774800778135,0.8125553868557862
3469,1734.5,69.7876960948667,-42.52893841837949,0.0721660356867348,-42.456772382692755,0.8125741054660172
3470,1735.0,70.3118584503849,-42.52947744248594,0.0727080613068749,-42.456769381179065,0.8121562416936983
3471,1735.5,70.98759945978564,-42.530176172478676,0.0734068313269242,-42.45676934115175,0.8113109197209585
3472,1736.0,71.81816162081805,-42.53103351374665,0.07426569874778931,-42.45676781499886,0.8100463233125348
3473,1736.5,72.80642011034749,-42.5320571131727,0.07528763673132945,-42.456769476441366,0.8083678242955119
3474,1737.0,73.95486924419649,-42.53324561927701,0.07647522459875358,-42.45677039467826,0.8062818054587685
3475,1737.5,75.26559494007469,-42.53460184946016,0.07783061935509696,-42.45677123010506,0.8037980445443387
3476,1738.0,76.74026359678352,-42.536123383739195,0.079355544189433,-42.45676783954976,0.8009274838193737
3477,1738.5,78.3800992147358,-42.53782207489256,0.08105126481566853,-42.45677081007689,0.797672367031243
3478,1739.0,80.18586888160573,-42.53968981319965,0.08291857446354992,-42.4567712387361,0.7940397736772445
3479,1739.5,82.15787290096782,-42.5417274035684,0.0849577836708895,-42.456769619897514,0.7900451987221254
3480,1740.0,84.2959179158066,-42.54393603843906,0.08716869249113425,-42.456767345947924,0.785689254807561
3481,1740.5,86.59930024620016,-42.54632121280038,0.08955057326320351,-42.456770639537176,0.7883796597634742
3482,1741.0,89.06680040643512,-42.54886851426767,0.09210216494174923,-42.45676634932592,0.7948234813094159
3483,1741.5,91.69667500625705,-42.55159081091759,0.09482166472240394,-42.456769146195185,0.8006728891357158
3484,1742.0,94.48664369574674,-42.55447858058626,0.09770671454174301,-42.45677186604452,0.805907979032758
3485,1742.5,97.43386693450843,-42.557524076487454,0.10075437808885493,-42.456769698398595,0.8105256273531111
3486,1743.0,100.53491645775165,-42.56073145946425,0.10396111026491775,-42.45677034919933,0.8145133621587379
3487,1743.5,103.78577778106187,-42.5640899017728,0.10732275977333142,-42.45676714199947,0.8178536318692787
3488,1744.0,107.1818566634597,-42.56760158523291,0.11083457580303577,-42.456767009429875,0.8205452681862152
3489,1744.5,110.71796565208935,-42.57126058502026,0.11449119411464673,-42.45676939090561,0.8225788262061364
3490,1745.0,114.38833195454937,-42.575063366757675,0.11828664518107336,-42.4567767215766,0.8239490273388058
3491,1745.5,118.18659024301638,-42.578986440316946,0.12221434674640858,-42.456772093570535,0.8246538931723985
3492,1746.0,122.10577016714517,-42.583039389689624,0.12626709091327348,-42.45677229877635,0.824685039866404
3493,1746.5,126.13831475411058,-42.58721102081447,0.13043706316992607,-42.45677395764454,0.8240380653804968
3494,1747.0,130.27607832856566,-42.59148851838932,0.13471584023933214,-42.45677267814999,0.822719839291235
3495,1747.5,134.51035494055955,-42.59586541564142,0.13909441947589665,-42.456770996165524,0.8207280793535943
3496,1748.0,138.83189420399836,-42.6003370553679,0.14356323524369347,-42.456773820124205,0.8180670358672524
3497,1748.5,143.23090970251917,-42.604887579522725,0.1481121676088085,-42.45677541191392,0.8147396547395698
3498,1749.0,147.69712493625963,-42.609509110706576,0.1527305898519589,-42.45677852085462,0.8107486461105311
3499,1749.5,152.21978819348956,-42.61418710274625,0.1574073838469443,-42.456779718899305,0.806101811350276
3500,1750.0,156.78770773835362,-42.61890674157475,0.16213097644757526,-42.45677576512717,0.8008086633869981
3501,1750.5,161.38930832774125,-42.62366871402663,0.16688939793061763,-42.45677931609601,0.7948789853946325
3502,1751.0,166.0126634086734,-42.62845333306109,0.17167031529045493,-42.45678301777063,0.788322905388955
3503,1751.5,170.64551359624113,-42.633244152840824,0.1764610513467481,-42.456783101494075,0.7811518813210845
3504,1752.0,175.27533429508867,-42.638032254068165,0.18124865467043472,-42.45678359939773,0.7733793680647595
3505,1752.5,179.88939158906044,-42.64280264477831,0.18601995737807486,-42.456782687400235,0.7650249689370336
3506,1753.0,184.4747633819691,-42.64754599201744,0.1907615969930891,-42.45678439502435,0.7560981879678329
3507,1753.5,189.01841363739896,-42.65224394881928,0.19546009321562755,-42.45678385560365,0.7466182056892271
3508,1754.0,193.50726198962906,-42.65688671487558,0.20010191990580833,-42.45678479496978,0.7366073771608336
3509,1754.5,197.92821967335274,-42.66145790784359,0.204673542237909,-42.456784365605685,0.7260822113310941
3510,1755.0,202.2682511468518,-42.66594704193068,0.20916148042363633,-42.45678556150704,0.7150649427393526
3511,1755.5,206.51444679815813,-42.67033790362754,0.21355238489608774,-42.45678551873145,0.7035788704945081
3512,1756.0,210.6540976485575,-42.67462222428212,0.21783311355912377,-42.456789110722994,0.6916482299441109
3513,1756.5,214.6747441889263,-42.67878089486476,0.22199078228802946,-42.456790112576726,0.6792891568039361
3514,1757.0,218.56422639506846,-42.682801057839235,0.22601281664935613,-42.45678824118988,0.6665365093709635
3515,1757.5,222.31075431700833,-42.68668122991827,0.2298870248958718,-42.4567942050224,0.6534165346547474
3516,1758.0,225.90298461859942,-42.690392202555024,0.23360167711461238,-42.45679052544041,0.6399550620952785
3517,1758.5,229.3300734002658,-42.693938552962045,0.23714555984980326,-42.456792993112245,0.6261821660415987
3518,1759.0,232.58169129867915,-42.6973003820878,0.24050799171712756,-42.45679239037067,0.6121259862883836
3519,1759.5,235.64809082390067,-42.70047407313213,0.24367889303569393,-42.456795180096435,0.5978196323321309
3520,1760.0,238.52016873391278,-42.70344118745843,0.24664885032826978,-42.45679233713016,0.5832949463955978
3521,1760.5,241.18948324447652,-42.70620558922639,0.2494091341176444,-42.45679645510875,0.5685799976107245
3522,1761.0,243.64830870916774,-42.70874609490745,0.2519517554701411,-42.45679433943731,0.5537171301808292
3523,1761.5,245.8896832270746,-42.71106911554134,0.254269515225768,-42.45679960031558,0.5387443073094418
3524,1762.0,247.90743234784844,-42.713152335820645,0.25635602851112854,-42.45679630730952,0.5236956298617523
3525,1762.5,249.69620794374836,-42.715001533488476,0.2582057649362112,-42.45679576855226,0.5086181333449171
3526,1763.0,251.2514932349686,-42.71661006174457,0.2598140537909784,-42.45679600795359,0.5169573467941542
3527,1763.5,252.5696260229025,-42.71797454826225,0.2611771080704116,-42.456797440191835,0.5259894485298516
3528,1764.0,253.6478067554426,-42.71908520727971,0.2622920328146741,-42.456793174465034,0.5349166511488568
3529,1764.5,254.48411604816093,-42.719951067993826,0.26315684322740673,-42.45679422476642,0.5437049419361055
3530,1765.0,255.07754565429045,-42.720567560855685,0.26377049670115504,-42.45679706415453,0.5523337840486463
3531,1765.5,255.42796312811564,-42.720927489779456,0.26413285627650124,-42.45679463350295,0.5607737689809569
3532,1766.0,255.53613564924407,-42.72104048967332,0.26424471527825805,-42.45679577439506,0.5689930793657916
3533,1766.5,255.40379476518274,-42.72090400021247,0.26410786426444893,-42.456796135948025,0.5769596884261662
3534,1767.0,255.03376707078334,-42.72052288985661,0.2637252261592619,-42.45679766369735,0.584652708121663
3535,1767.5,254.42992589362737,-42.71989535011038,0.26310080629188987,-42.45679454381849,0.5920370292455933
3536,1768.0,253.59699365020163,-42.71903156104442,0.2622394880170756,-42.456792073027344,0.5990879373474037
3537,1768.5,252.54052650032173,-42.71794155723569,0.26114701684656355,-42.456794540389126,0.6057801298959448
3538,1769.0,251.26688399832986,-42.716624455368475,0.2598299690660215,-42.45679448630246,0.6120842676078861
3539,1769.5,249.783225277146,-42.71509336198109,0.25829574778904535,-42.45679761419204,0.6179757776227409
3540,1770.0,248.09752684973714,-42.713349651250546,0.2565526013652962,-42.45679704988525,0.6234402663667261
3541,1770.5,246.21845228182968,-42.71140565740173,0.2546094886117055,-42.45679616879002,0.6284575677882104
3542,1771.0,244.15527562202175,-42.70926409042299,0.25247599963311335,-42.45678809078988,0.6330006813790567
3543,1771.5,241.9179748966539,-42.706953862338594,0.2501624525034105,-42.45679140983518,0.6370499585020181
3544,1772.0,239.51722028755182,-42.704472997147874,0.24767988104038297,-42.45679311610749,0.6405886456835903
3545,1772.5,236.96423847811138,-42.70182857572194,0.2450398945287604,-42.45678868119318,0.6435954659992448
3546,1773.0,234.27080026396342,-42.69904132757777,0.2422546649086567,-42.45678666266911,0.6460540721435843
3547,1773.5,231.44921464882026,-42.696125416400776,0.23933692067020526,-42.45678849573057,0.6479537128847087
3548,1774.0,228.51216796167475,-42.69308420312437,0.23629978048792977,-42.45678442263644,0.649276238019851
3549,1774.5,225.47255512508366,-42.689941205460485,0.23315657873871162,-42.45678462672177,0.6500171627696435
3550,1775.0,222.34362119141025,-42.686706182223894,0.22992101186153655,-42.45678517036236,0.6501630994359265
3551,1775.5,219.1389818270651,-42.68339666849984,0.22660715953983113,-42.45678950896001,0.6497095217511654
3552,1776.0,215.87232518267172,-42.680011272328876,0.22322917641147072,-42.456782095917404,0.6486557197827435
3553,1776.5,212.55724795531938,-42.67658869002247,0.21980112254409298,-42.45678756747838,0.6520712032727795
3554,1777.0,209.20720504793718,-42.673118832161244,0.2163369113788813,-42.45678192078236,0.6698480315504832
3555,1777.5,205.8354478905805,-42.66962985670955,0.21285024594986302,-42.45677961075968,0.687041297233038
3556,1778.0,202.4549459599096,-42.666139137918535,0.20935453772880003,-42.456784600189735,0.7036136417917375
3557,1778.5,199.07834918414312,-42.66264227018614,0.20586286774891654,-42.45677940243722,0.719519573138376
3558,1779.0,195.71794531682406,-42.65916845168691,0.20238794252597847,-42.45678050916093,0.7347318849178183
3559,1779.5,192.38560233773524,-42.65572305030152,0.1989420344962527,-42.45678101580526,0.7492103776944908
3560,1780.0,189.09274135525683,-42.652311543684775,0.19553695399538668,-42.45677458968939,0.7629264714373741
3561,1780.5,185.8503722846949,-42.64896062791149,0.19218408615264174,-42.45677654175885,0.77583476602394
3562,1781.0,182.66903530396715,-42.64567135900658,0.18889433035140937,-42.45677702865517,0.787908376504181
3563,1781.5,179.55870024091146,-42.64245198189927,0.18567799618767575,-42.45677398571159,0.7991251311222217
3564,1782.0,176.52871080711927,-42.63931926547474,0.18254474580336394,-42.45677451967138,0.8094645122746382
3565,1782.5,173.5877695814217,-42.636279483736864,0.17950357835806274,-42.4567759053788,0.8189060995072417
3566,1783.0,170.74392839008243,-42.633338683390534,0.17656282008138005,-42.456775863309154,0.8274377884898729
3567,1783.5,168.00456920332394,-42.63050465676141,0.17373010451842943,-42.45677455224298,0.8350425608502562
3568,1784.0,165.3764040272749,-42.627782650442185,0.1710123724180952,-42.45677027802409,0.8417096024556167
3569,1784.5,162.86543158434498,-42.62518738555285,0.16841582693709004,-42.456771558615756,0.8474294908095217
3570,1785.0,160.4769973214562,-42.62271837859108,0.16594599569324517,-42.45677238289784,0.8521982484281723
3571,1785.5,158.21583039426537,-42.620379111020995,0.1636077690101419,-42.45677134201085,0.8560095782150187
3572,1786.0,156.08596645415517,-42.618174645354074,0.16140532007271113,-42.456769325281364,0.8588615914021112
3573,1786.5,154.09071441696116,-42.616116475782036,0.15934207056345037,-42.45677440521859,0.8607549362422846
3574,1787.0,152.23265441657736,-42.61419197834905,0.1574206885462891,-42.45677128980276,0.8616896452410182
3575,1787.5,150.51364440263353,-42.61241761402208,0.1556430952891125,-42.45677451873296,0.8616712364516761
3576,1788.0,148.93484083980934,-42.61078004798119,0.15401048666850073,-42.45676956131268,0.8607043801152631
3577,1788.5,147.4966968046335,-42.60929646794621,0.15252333120166767,-42.45677313674454,0.8587946331683401
3578,1789.0,146.19899010280918,-42.60795423001804,0.15118139912201478,-42.45677283089602,0.8559625806834227
3579,1789.5,145.04089131352123,-42.60675937375801,0.1499838327423637,-42.456775541015645,0.8522118098060145
3580,1790.0,144.02096595069276,-42.60570247230886,0.1489291486898678,-42.456773323619,0.8475522586891396
3581,1790.5,143.13716571983528,-42.60478449472446,0.1480152288648989,-42.45676926585956,0.8420007730871687
3582,1791.0,142.38687247830583,-42.60401064295266,0.147239365899454,-42.45677127705321,0.8355789508546756
3583,1791.5,141.76691453815855,-42.60336858664339,0.1465982800156024,-42.45677030662779,0.8283011483437244
3584,1792.0,141.27358723454188,-42.60286221522641,0.1460881402948464,-42.456774074931566,0.8201842367874491
3585,1792.5,140.90268888043298,-42.60247891690575,0.14570460185818002,-42.456774315047575,0.8218174378048658
3586,1793.0,140.64955977964382,-42.6022165638832,0.14544284620864445,-42.45677371767456,0.8284332062675159
3587,1793.5,140.50909785005067,-42.60206962482823,0.1452975973869916,-42.45677202744124,0.8344396462041671
3588,1794.0,140.47578645074802,-42.602036788148936,0.1452631507471773,-42.45677363740176,0.8398269657168097
3589,1794.5,140.54373412986007,-42.60210895724888,0.145333414058764,-42.45677554319012,0.8445855105465865
3590,1795.0,140.7067020461243,-42.60227953527901,0.14550193586302199,-42.456777599415986,0.8487192588578544
3591,1795.5,140.9581516329509,-42.602535464418,0.14576195476136297,-42.456773509656635,0.8522171096486656
3592,1796.0,141.29133433673738,-42.60288144831337,0.14610649221190403,-42.45677495610146,0.8550793421031022
3593,1796.5,141.69931454465456,-42.60330674189911,0.1465283762386243,-42.45677836566048,0.8573045350727966
3594,1797.0,142.17493766550731,-42.60379661942888,0.14702020842443306,-42.45677641100444,0.8588874352785669
3595,1797.5,142.71084551388623,-42.60435194628647,0.14757437981960767,-42.45677756646686,0.8598300288259112
3596,1798.0,143.29949916996972,-42.60495989850583,0.14818309458064952,-42.45677680392518,0.8601343616945912
3597,1798.5,143.93321206398363,-42.60561900157943,0.14883840418225014,-42.45678059739718,0.8597960545193709
3598,1799.0,144.60416543641912,-42.60630908306928,0.14953222340438774,-42.45677685966489,0.8588265932342537
3599,1799.5,145.30443326331246,-42.60703432157058,0.15025635610705154,-42.45677796546353,0.8572174510097531
3600,1800.0,146.02601110785238,-42.60778163518083,0.15100252506510167,-42.456779110115725,0.8549816370089907
3601,1800.5,146.7608628574134,-42.60854045284191,0.1517624202980836,-42.45677803254382,0.8521199214980574
3602,1801.0,147.50094718219077,-42.609307120434266,0.15252772643056395,-42.4567793940037,0.8486296353224013
3603,1801.5,148.23820469045458,-42.610072990257564,0.15329010940964027,-42.456782880847925,0.8445223697258355
3604,1802.0,148.96457538817685,-42.61082365217518,0.15404123455958602,-42.45678241761559,0.8398046312638159
3605,1802.5,149.67203820238737,-42.611552826665196,0.15477280745214794,-42.45678001921305,0.8344847166851622
3606,1803.0,150.35262611827895,-42.61225672627968,0.15547658955951865,-42.45678013672016,0.8285670323674736
3607,1803.5,150.99842839561086,-42.61292745430011,0.1561444005462742,-42.45678305375384,0.8220610796627188
3608,1804.0,151.6016415811656,-42.61355313645655,0.15676817102031704,-42.456784965436235,0.8149817278630378
3609,1804.5,152.15458285377082,-42.61412673811243,0.1573399563326915,-42.45678678177974,0.8073324808734139
3610,1805.0,152.64969944136587,-42.614636701667116,0.15785194631558055,-42.456784755351535,0.7991274234270654
3611,1805.5,153.07962824708122,-42.61508087291547,0.1582965269404207,-42.45678434597505,0.7903764018756745
3612,1806.0,153.43718141297504,-42.615450123155846,0.15866626538965567,-42.45678385776619,0.7810949909894717
3613,1806.5,153.71538613891087,-42.61574014745369,0.15895395123262737,-42.45678619622107,0.7712920440638165
3614,1807.0,153.9075211630864,-42.61593890037446,0.15915263414934772,-42.45678626622511,0.7609814137251139
3615,1807.5,154.00713009063082,-42.6160405607441,0.1592556377133301,-42.456784923030774,0.7501789668677228
3616,1808.0,154.00808784133358,-42.61604679279812,0.15925662810383245,-42.45679016469429,0.7388981182727433
3617,1808.5,153.904608610989,-42.615940866663614,0.159149622338522,-42.45679124432509,0.727155274061525
3618,1809.0,153.69125735598635,-42.61571987734694,0.1589290001494559,-42.456790877197484,0.714964104162588
3619,1809.5,153.3629693863639,-42.61537809425788,0.15858952424385936,-42.45678857001402,0.7023416862556399
3620,1810.0,152.9150793721745,-42.61491574135124,0.15812637029901805,-42.456789371052224,0.6893076481573719
3621,1810.5,152.34335303029337,-42.614322974551335,0.15753515972896065,-42.45678781482238,0.6758774494226063
3622,1811.0,151.6439904482364,-42.61360195024365,0.15681196312155174,-42.45678998712209,0.6620681492518207
3623,1811.5,150.81366174439026,-42.61274374199416,0.15595333711400988,-42.456790404880145,0.6479010272366774
3624,1812.0,149.84954541422795,-42.61174508768327,0.15495636404594818,-42.45678872363732,0.6334012530208231
3625,1812.5,148.7493395433066,-42.61060752000233,0.15381866355450718,-42.45678885644782,0.618582364343885
3626,1813.0,147.51129744405426,-42.60932503766476,0.15253842942563048,-42.45678660823913,0.6034711207303287
3627,1813.5,146.13428390871758,-42.60790082785633,0.15111448776409261,-42.456786340092236,0.5880975782336221
3628,1814.0,144.6177815355355,-42.6063376785051,0.14954630353526654,-42.45679137496983,0.5724799877664207
3629,1814.5,142.96189735607743,-42.60462390665599,0.1478339874183191,-42.45678991923767,0.5566488221856802
3630,1815.0,141.16738399603466,-42.60276473519383,0.1459783176881545,-42.456786417505676,0.5406325499882895
3631,1815.5,139.23564926127676,-42.60076934716625,0.14398075012816025,-42.45678859703809,0.5244612690209116
3632,1816.0,137.1687807863327,-42.59863395827766,0.14184344351869946,-42.45679051475896,0.5118457877104572
3633,1816.5,134.9695509114293,-42.59635811632027,0.13956926468035713,-42.456788851639914,0.5179939180678732
3634,1817.0,132.64142159984385,-42.59395034602737,0.13716179355887434,-42.456788552468495,0.5303589608448769
3635,1817.5,130.18857213394955,-42.591411373404725,0.13462535186506497,-42.456786021539656,0.5425478304144234
3636,1818.0,127.61591304619328,-42.58875015408289,0.13196501748055622,-42.456785136602335,0.5545421225590771
3637,1818.5,124.92907792356355,-42.58597299058226,0.12918661598295567,-42.45678637459931,0.566313345945452
3638,1819.0,122.13443438188753,-42.583085446921444,0.1262967319941485,-42.4567887149273,0.5778396798779273
3639,1819.5,119.23908502524378,-42.58009114886858,0.1233027101724067,-42.45678843869618,0.5890957701929952
3640,1820.0,116.25082291277012,-42.5770010732961,0.12021260916152156,-42.45678846413458,0.6000660375543375
3641,1820.5,113.17812904703898,-42.573821823202834,0.11703519899358403,-42.45678662420925,0.6107217473544498
3642,1821.0,110.03017889943982,-42.57056293005273,0.11377996783674958,-42.45678296221598,0.6210448118371658
3643,1821.5,106.81679794352854,-42.56724216109693,0.11045707601318035,-42.456785085083744,0.631020627590498
3644,1822.0,103.54842758887733,-42.563865309866245,0.10707732077193267,-42.45678798909431,0.6406199879888724
3645,1822.5,100.23610915148787,-42.56043599313971,0.10365211971308787,-42.45678387342662,0.6498282716661713
3646,1823.0,96.89144529895586,-42.55697841207525,0.10019347091898172,-42.45678494115627,0.659976940864115
3647,1823.5,93.52654745816164,-42.55349498558472,0.09671389856956819,-42.45678108701515,0.682464700663357
3648,1824.0,90.153992630007,-42.5500040589737,0.09322640828541795,-42.45677765068828,0.7048370716305659
3649,1824.5,86.78677777958868,-42.546526468995,0.08974443996352537,-42.45678202903147,0.7269869514856458
3650,1825.0,83.43825842176786,-42.54305960034458,0.08628180426989636,-42.45677779607468,0.7488232799805485
3651,1825.5,80.12209189551409,-42.53963213367528,0.08285262398070226,-42.456779509694584,0.7702547473039311
3652,1826.0,76.85217644182346,-42.53625431751557,0.07947127098399542,-42.45678304653158,0.7911804962299545
3653,1826.5,73.64256774552281,-42.53292992942062,0.07615227997728809,-42.45677764944333,0.8115230387469401
3654,1827.0,70.50740440133397,-42.529683870841396,0.0729102713935269,-42.45677359944787,0.8311963202477765
3655,1827.5,67.46085178125551,-42.52653289747934,0.06975989335549523,-42.456773004123846,0.8501169995325311
3656,1828.0,64.51699895955636,-42.52349132241002,0.06671571508804756,-42.45677560732197,0.8682155274834554
3657,1828.5,61.6897930000962,-42.52056496357616,0.06379215896596548,-42.456772804610196,0.8854045940541418
3658,1829.0,58.99296630663885,-42.51777953146035,0.06100342538839581,-42.456776106071956,0.9016236888501314
3659,1829.5,56.43992355920594,-42.5151322237515,0.05836337586203589,-42.456768847889464,0.9168032214832896
3660,1830.0,54.04367860658569,-42.51265881450777,0.05588546774296172,-42.45677334676481,0.9308800001563806
3661,1830.5,51.81677272212569,-42.51035176435004,0.053582669706607564,-42.456769094643434,0.9437953201751242
3662,1831.0,49.77118082295764,-42.50823791565299,0.05146736477097556,-42.45677055088201,0.9554941429676158
3663,1831.5,47.91824183176961,-42.5063233618328,0.049551278285162294,-42.456772083547634,0.9659266271138977
3664,1832.0,46.268578052378274,-42.50461387562599,0.04784539455727941,-42.456768481068714,0.9750505068524177
3665,1832.5,44.83202893087289,-42.503126601023304,0.046359888358201276,-42.4567667126651,0.9828208945299576
3666,1833.0,43.61758774535938,-42.50187251243053,0.04510405945371829,-42.45676845297681,0.9892050690861456
3667,1833.5,42.63332549528437,-42.50085238813726,0.0440862539000364,-42.45676613423723,0.9941726857945791
3668,1834.0,41.88633697297835,-42.5000809221831,0.04331380827745791,-42.45676711390564,0.9977003211167266
3669,1834.5,41.38270078751093,-42.49955725641699,0.04279300835186406,-42.45676424806513,0.9997635807279242
3670,1835.0,41.127418665900976,-42.4992919511854,0.04252902630733223,-42.45676292487806,1.0003502072627632
3671,1835.5,41.124382103677064,-42.49928956463164,0.042525886260159476,-42.45676367837148,0.9994580575469285
3672,1836.0,41.37635402265225,-42.49955294247933,0.04278644529154088,-42.45676649718779,0.9970813504079311
3673,1836.5,41.88493389423237,-42.50008128671513,0.04331235738229273,-42.45676892933284,0.9932229281739642
3674,1837.0,42.6505500621856,-42.500871663268455,0.04410406547398481,-42.45676759779447,0.9878956878411719
3675,1837.5,43.67245287725265,-42.501928068856074,0.045160794369580606,-42.456767274486495,0.9811058856420148
3676,1838.0,44.94871295860944,-42.503243772981335,0.04648054893565123,-42.45676322404569,0.9728792358186165
3677,1838.5,46.47624024551838,-42.504825847430176,0.048060133803300126,-42.45676571362688,0.9632414003199199
3678,1839.0,48.25079388707476,-42.506660617716925,0.04989516359494849,-42.45676545412198,0.9522210054727557
3679,1839.5,50.26701360857606,-42.50874638723549,0.05198009535965915,-42.45676629187583,0.9398557252058325
3680,1840.0,52.51844483047987,-42.511077289517665,0.05430825454813952,-42.456769034969525,0.9261797417608764
3681,1840.5,54.997579891608844,-42.5136387203206,0.05687187764081858,-42.456766842679784,0.9112440656004617
3682,1841.0,57.69591936188746,-42.51642907785238,0.059662175550099686,-42.45676690230228,0.8950917221316872
3683,1841.5,60.60400163344124,-42.5194338115587,0.06266936421991376,-42.456764447338784,0.8827349354031627
3684,1842.0,63.71146843493529,-42.52265192981431,0.06588273237276296,-42.456769197441545,0.88262141727596
3685,1842.5,67.00712608881915,-42.52606436112917,0.06929070485459042,-42.456773656274585,0.8816467143606082
3686,1843.0,70.47900864108688,-42.52965005765715,0.07288090791597984,-42.45676914974117,0.8798044905596736
3687,1843.5,74.11445912515234,-42.53341243737559,0.07664025324547442,-42.456772184130116,0.8770872147715739
3688,1844.0,77.90019117838968,-42.53733002707518,0.08055500168598696,-42.45677502538919,0.8735047911644309
3689,1844.5,81.82236023536899,-42.54138517122485,0.08461083685427526,-42.45677433437058,0.869055096755316
3690,1845.0,85.86665214245664,-42.54556922502594,0.08879295677549627,-42.456776268250444,0.8637510576666548
3691,1845.5,90.01836169875615,-42.549860697569116,0.093086155100794,-42.456774542468324,0.857612255084438
3692,1846.0,94.26245796212811,-42.55425226237869,0.09747488863892505,-42.45677737373976,0.850658368061028
3693,1846.5,98.58368675681658,-42.55872060806169,0.1019433833573081,-42.45677722470438,0.8429142476640448
3694,1847.0,102.9666298141561,-42.56325701398509,0.10647569553822499,-42.456781318446865,0.8344108771163142
3695,1847.5,107.39577575141193,-42.567835681899695,0.11105578517659424,-42.4567798967231,0.8251906421621112
3696,1848.0,111.85561855061982,-42.57244842807191,0.1156676178149343,-42.45678081025697,0.8152959344104372
3697,1848.5,116.33073334772098,-42.57707758947987,0.12029524291536503,-42.4567823465645,0.8047786689515308
3698,1849.0,120.80583535226856,-42.58170710585975,0.12492285478727656,-42.45678425107247,0.7936964958555828
3699,1849.5,125.26586512121851,-42.586317566026246,0.12953488076722028,-42.45678268525903,0.7821113583662722
3700,1850.0,129.69605384781187,-42.590901421490386,0.13411604873281274,-42.45678537275757,0.7701022826420663
3701,1850.5,134.08199075293777,-42.59543771943326,0.1386514567907722,-42.45678626264248,0.7577441135508386
3702,1851.0,138.40970293141413,-42.59991295536152,0.14312665584433165,-42.456786299517184,0.7451263557319086
3703,1851.5,142.66569859329158,-42.6043162623193,0.14752769430819102,-42.45678856801111,0.7323390207553009
3704,1852.0,146.8370205015888,-42.608629175285216,0.15184117336739122,-42.45678800191782,0.7194924004895837
3705,1852.5,150.91131684872855,-42.61284325894129,0.1560543202691937,-42.4567889386721,0.7066869529730754
3706,1853.0,154.8768928466692,-42.61694546398457,0.16015504167138503,-42.45679042231318,0.6940471591932608
3707,1853.5,158.7227391404464,-42.620919828849054,0.1641319530241419,-42.456787875824915,0.6816895215270579
3708,1854.0,162.43859847827164,-42.62476088771506,0.1679744475122227,-42.45678644020284,0.6697469037186543
3709,1854.5,166.0149853515559,-42.62846149811372,0.17167271636431605,-42.45678878174941,0.6583468949177663
3710,1855.0,169.44323680934738,-42.63200806564143,0.17521780139921633,-42.456790264242215,0.6476269101699522
3711,1855.5,172.7155435130915,-42.63539464779019,0.17860162713891872,-42.456793020651276,0.6377249229055564
3712,1856.0,175.82497195922724,-42.6386106776046,0.18181702378855374,-42.45679365381605,0.6287699328604804
3713,1856.5,178.76547651804617,-42.64165031710258,0.18485773968552605,-42.456792577417055,0.6208889166021674
3714,1857.0,181.53190859832804,-42.644509856194816,0.18771845077647772,-42.456791405418336,0.6142014503100139
3715,1857.5,184.12005324905428,-42.64718935035383,0.19039479846637486,-42.456794551887455,0.6088149971103083
3716,1858.0,186.52661957933233,-42.64967455585794,0.19288337971194655,-42.456791176146,0.6048201187982951
3717,1858.5,188.7492463138393,-42.651973293138866,0.19518175276645577,-42.45679154037241,0.602280927308295
3718,1859.0,190.78649814888337,-42.65407985564101,0.19728843341157698,-42.45679142222943,0.6012563602266521
3719,1859.5,192.6378563728335,-42.65599548014208,0.19920288525817323,-42.45679259488391,0.6017613620223468
3720,1860.0,194.3037020843125,-42.65771979006253,0.20092550239257137,-42.45679428766996,0.6038017396448156
3721,1860.5,195.78537244186973,-42.659247206766224,0.20245766754320335,-42.456789539223024,0.6073602855936521
3722,1861.0,197.0851479437945,-42.660592686829446,0.20380173892692033,-42.456790947902526,0.6123816123767881
3723,1861.5,198.2061633515067,-42.66175351656628,0.20496095813668427,-42.4567925584296,0.6187858841497398
3724,1862.0,199.15239559992506,-42.662733183926505,0.20593943763992614,-42.45679374628658,0.6264717924831368
3725,1862.5,199.92861870130164,-42.663533987341985,0.20674211414551907,-42.456791873196465,0.6353165912391673
3726,1863.0,200.5403330865872,-42.66416619734342,0.20737467553712308,-42.456791521806295,0.6451935408680735
3727,1863.5,200.99371230774145,-42.66463482911945,0.20784350575912905,-42.45679132336032,0.655964979672005
3728,1864.0,201.29558337182107,-42.66494374456379,0.20815566448053963,-42.45678808008325,0.6674836983399689
3729,1864.5,201.4534265680152,-42.66511012890691,0.20831888691611009,-42.4567912419908,0.6796033593893057
3730,1865.0,201.4752790413624,-42.66513230497895,0.20834148411389222,-42.45679082086505,0.6921773231067869
3731,1865.5,201.36964048859318,-42.66502298374856,0.2082322454372253,-42.456790738311334,0.7050580651718016
3732,1866.0,201.14541779719224,-42.66478912245866,0.20800038131711707,-42.45678874114154,0.7181078048286555
3733,1866.5,200.81183794013353,-42.66443965694811,0.20765543317846308,-42.456784223769645,0.7311871392615644
3734,1867.0,200.37838097710582,-42.66399370352138,0.20720720415797786,-42.4567864993634,0.7441692981796699
3735,1867.5,199.85472050364768,-42.66345075030213,0.206665697523858,-42.45678505277827,0.7569314954393764
3736,1868.0,199.25064766782248,-42.66282741141276,0.20604103810297253,-42.45678637330979,0.7693606958224133
3737,1868.5,198.5760103171523,-42.66213312828737,0.20534340935394657,-42.45678971893343,0.7813487455107164
3738,1869.0,197.8406573695151,-42.661365542865646,0.2045829958422382,-42.45678254702341,0.7927946985762956
3739,1869.5,197.05435714333228,-42.66055517632249,0.20376989878704868,-42.45678527753544,0.8036179128997126
3740,1870.0,196.22673771136334,-42.65969893593402,0.20291407438239553,-42.45678486155162,0.8137274515650216
3741,1870.5,195.3672542192152,-42.65880899296092,0.20202530000184846,-42.45678369295907,0.823053251729262
3742,1871.0,194.48513152331017,-42.65788868672883,0.20111311488162004,-42.45677557184721,0.8315317334087919
3743,1871.5,193.58929579838735,-42.656965862410686,0.20018674939727518,-42.45677911301341,0.8391023124429634
3744,1872.0,192.68835511492267,-42.65603546293082,0.19925510497923676,-42.45678035795158,0.8457132254583517
3745,1872.5,191.7906007176309,-42.65510795642267,0.19832675543485845,-42.45678120098781,0.8513285985045603
3746,1873.0,190.90397430453876,-42.65418994031997,0.19740991311238043,-42.456780027207586,0.8559054997609308
3747,1873.5,190.0359855215276,-42.6532921059345,0.1965123435837157,-42.456779762350784,0.8594201781880079
3748,1874.0,189.19366805573168,-42.65241964154319,0.19564132024152714,-42.45677832130166,0.8618518896992198
3749,1874.5,188.383572409955,-42.651585992166076,0.19480361682739927,-42.456782375338676,0.8631811317113116
3750,1875.0,187.6118318827603,-42.65078806507991,0.19400557566050466,-42.4567824894194,0.8634082777920392
3751,1875.5,186.8842611472994,-42.650034762537956,0.19325320957596565,-42.45678155296199,0.8625210405086408
3752,1876.0,186.20628715847332,-42.64933063317309,0.19255213047735503,-42.45677850269574,0.8605272608015047
3753,1876.5,185.58282253358868,-42.64868368451722,0.191907418402211,-42.456776266115014,0.8574409463798224
3754,1877.0,185.0182289791247,-42.64809656698083,0.19132358370240143,-42.456772983278434,0.8532742180016811
3755,1877.5,184.51632356199272,-42.647581574652776,0.19080457352910563,-42.45677700112367,0.850943774125219
3756,1878.0,184.08037991667945,-42.64712662875435,0.1903537730810966,-42.45677285567325,0.8514926606681911
3757,1878.5,183.7131423599254,-42.64675031396701,0.18997402020044274,-42.456776293766566,0.8516791652420804
3758,1879.0,183.41683019919108,-42.6464454478069,0.1896676098278049,-42.45677783797909,0.8515463264505709
3759,1879.5,183.19317150274475,-42.64620834129741,0.18943632892339654,-42.45677201237401,0.8511382952715857
3760,1880.0,183.04341761005793,-42.646060422773125,0.18928147147188856,-42.45677895130124,0.8504956011600645
3761,1880.5,182.9683771727653,-42.64598077687667,0.18920387368347258,-42.456776903193195,0.8496393312079612
3762,1881.0,182.96847256011137,-42.6459806528591,0.18920397232158512,-42.456776680537516,0.848581744869613
3763,1881.5,183.04375001320219,-42.64605742519846,0.18928181520321247,-42.45677560999525,0.8473546116966614
3764,1882.0,183.19392461733227,-42.646210913364904,0.18943710770385844,-42.456773805661044,0.8459810980206877
3765,1882.5,183.4184056753281,-42.646446387307854,0.1896692389956022,-42.456777148312256,0.8444863933399602
3766,1883.0,183.71625176996346,-42.64675282805109,0.18997723557805696,-42.456775592473036,0.8428884025091189
3767,1883.5,184.08612486875563,-42.64713702670126,0.19035971381907404,-42.45677731288218,0.8411935321832902
3768,1884.0,184.52630949815517,-42.64759033092645,0.19081489978238222,-42.45677543114407,0.8394159078519647
3769,1884.5,185.03473873040463,-42.64811867626814,0.19134065610006917,-42.45677802016807,0.8375497678829324
3770,1885.0,185.60899938156126,-42.64871317683631,0.19193448734775104,-42.45677868948856,0.835602284373379
3771,1885.5,186.24645331400856,-42.64937156259356,0.1925936654810298,-42.45677789711253,0.8335578035477711
3772,1886.0,186.94431268722678,-42.65009395407779,0.1933153076507832,-42.456778646427004,0.8314146625486832
3773,1886.5,187.69955464419257,-42.65087368137255,0.19409628798210726,-42.456777393390446,0.829153615810382
3774,1887.0,188.50890411192196,-42.651713015589706,0.19493321978870826,-42.456779795801,0.8267532764475001
3775,1887.5,189.36881259316732,-42.65260149155628,0.1958224336418282,-42.45677905791445,0.8241881596865545
3776,1888.0,190.27542517760472,-42.65353877691136,0.1967599432571852,-42.45677883365418,0.8214293182230723
3777,1888.5,191.2245640905379,-42.65451961628055,0.19774142848302353,-42.45677818779753,0.8184490195078825
3778,1889.0,192.2117371307091,-42.65553664759075,0.19876224402548154,-42.45677440356527,0.8152145514418495
3779,1889.5,193.23215379656236,-42.65659427839093,0.19981743612443265,-42.4567768422665,0.8116828725351639
3780,1890.0,194.28069803826278,-42.657679925594984,0.200901714376903,-42.45677821121808,0.8078269064630516
3781,1890.5,195.3519481928,-42.65879305580893,0.20200947235155606,-42.45678358345737,0.803607899988026
3782,1891.0,196.44021507423474,-42.65991277638901,0.20313482697704122,-42.456777949411965,0.7989953489521755
3783,1891.5,197.53957226214607,-42.661055453322405,0.20427164986266036,-42.45678380345974,0.7939509638806379
3784,1892.0,198.64383444118798,-42.662190774816835,0.20541354489974428,-42.456777229917094,0.7884454667376459
3785,1892.5,199.746533662701,-42.66333577595019,0.2065538237142687,-42.45678195223592,0.7824508859877082
3786,1893.0,200.8409488159888,-42.66446294912823,0.20768553614250115,-42.45677741298573,0.7759420345783459
3787,1893.5,201.92024982515179,-42.66558402250049,0.20880161934201108,-42.45678240315848,0.7688952115789244
3788,1894.0,202.97765736600422,-42.66667609683313,0.20989506295168187,-42.45678103388145,0.7612912601399814
3789,1894.5,204.00631735280123,-42.66773866670965,0.21095877930099075,-42.456779887408665,0.7531224337347342
3790,1895.0,204.99913810530765,-42.668770286242605,0.21198543502778983,-42.45678485121481,0.7443783147082896
3791,1895.5,205.948808677174,-42.66975368389289,0.21296747003130656,-42.456786213861584,0.7350645054709289
3792,1896.0,206.8478130119874,-42.6706828175007,0.21389711211062787,-42.45678570539007,0.7251828653221958
3793,1896.5,207.68846903699864,-42.67155224009371,0.2147664173907271,-42.45678582270298,0.7147485521743323
3794,1897.0,208.4630526941177,-42.67235331682818,0.21556739858039167,-42.45678591824779,0.7037909970698827
3795,1897.5,209.1638317302302,-42.67307794969149,0.21629205991410105,-42.456785889777386,0.6923395647159776
3796,1898.0,209.78301530311012,-42.673718045568805,0.21693234504052722,-42.45678570052828,0.6804405459755536
3797,1898.5,210.31278356969884,-42.674268107011805,0.2174801676191716,-42.45678793939263,0.668151636767333
3798,1899.0,210.7453017378994,-42.6747160540995,0.2179274258510395,-42.45678862824846,0.655533415095234
3799,1899.5,211.07275968030865,-42.67505114661928,0.2182660434423938,-42.45678510317689,0.6426767189389603
3800,1900.0,211.28741952059784,-42.67527281046742,0.21848801881286253,-42.456784791654556,0.629673441376324
3801,1900.5,211.38165654726632,-42.67537519062273,0.21858546740351847,-42.45678972321921,0.6166396401923068
3802,1901.0,211.34802754864643,-42.67533931592449,0.2185506923407164,-42.456788623583776,0.603704727241931
3803,1901.5,211.17932329575845,-42.67516777622697,0.21837623870754488,-42.45679153751943,0.5927904820636491
3804,1902.0,210.86863198685882,-42.67484522174422,0.21805495915054202,-42.45679026259368,0.5854235136581678
3805,1902.5,210.40941493532625,-42.67436992598514,0.21758009214699733,-42.456789833838144,0.5775823275256263
3806,1903.0,209.7955611517058,-42.67373732158572,0.21694531844713238,-42.45679200313859,0.5693022614104553
3807,1903.5,209.02144887678728,-42.67293782598941,0.21614482470420426,-42.456793001285206,0.560620426985336
3808,1904.0,208.08201275750253,-42.671964804062014,0.21517337293973346,-42.456791431122284,0.5515812016858985
3809,1904.5,206.9728265075705,-42.67081723208107,0.2140263860211938,-42.456790846059874,0.5422295003784156
3810,1905.0,205.69018496740452,-42.66949321560053,0.21270003251849215,-42.45679318308204,0.5458041304237443
3811,1905.5,204.23114201220346,-42.6679846066216,0.2111912659039533,-42.456793340717645,0.5562331316382382
3812,1906.0,202.5935922455914,-42.666292806193866,0.2094979090300498,-42.45679489716382,0.5666941439773154
3813,1906.5,200.77631503795502,-42.664412595221144,0.20761869966855,-42.45679389555259,0.5771563139486772
3814,1907.0,198.7790199387069,-42.66235008435714,0.20555333747041488,-42.45679674688673,0.5875921173793381
3815,1907.5,196.60243518963463,-42.6600978038252,0.2033025754956503,-42.456795228329554,0.5979662032893698
3816,1908.0,194.24836999392772,-42.657657503770736,0.20086828460444003,-42.456789219166296,0.6082602771217234
3817,1908.5,191.71973130236884,-42.65504780649282,0.19825347081540423,-42.456794335677415,0.6184458871020322
3818,1909.0,189.02051817098447,-42.65225370544248,0.19546226947096101,-42.456791435971525,0.628501570637476
3819,1909.5,186.15583746335437,-42.649292899391796,0.1924999614747648,-42.45679293791703,0.6384031496985656
3820,1910.0,183.13191964610647,-42.64616407600852,0.18937298962550617,-42.456791086383014,0.6481359225533895
3821,1910.5,179.95612054104362,-42.64287942424877,0.1860889604287503,-42.45679046382002,0.657679731316103
3822,1911.0,176.63690055765633,-42.63944672776902,0.1826566226217014,-42.45679010514732,0.6670199745743235
3823,1911.5,173.18382807397748,-42.63587569879729,0.1790858706692755,-42.45678982812802,0.6761389389166059
3824,1912.0,169.60753437189538,-42.632176529352044,0.1753876981636254,-42.45678883118842,0.6850212194618276
3825,1912.5,165.91966318747077,-42.62835949963298,0.17157414565515045,-42.45678535397783,0.6968164640693963
3826,1913.0,162.13283910610872,-42.62444483671175,0.16765826797058733,-42.456786568741165,0.7210823083405474
3827,1913.5,158.26058712438572,-42.6204409041046,0.1636540510335332,-42.456786853071065,0.7458443041215385
3828,1914.0,154.3172732650546,-42.616360659743975,0.15957635045563123,-42.456784309288345,0.7708886929351163
3829,1914.5,150.31800489144004,-42.61222340134944,0.1554407884537166,-42.45678261289572,0.7960210187201678
3830,1915.0,146.2785207126898,-42.60804382382659,0.15126364010648619,-42.456780183720106,0.8210455656496939
3831,1915.5,142.2150903536052,-42.60384156260008,0.14706172950170507,-42.45677983309837,0.8457793136247201
3832,1916.0,138.14439173289162,-42.599631898369935,0.14285230293555187,-42.456779595434384,0.8700471238836304
3833,1916.5,134.08340949519337,-42.59543288068694,0.1386529238832538,-42.456779956803686,0.89368376319905
3834,1917.0,130.04927959246075,-42.59126243970145,0.13448131228384264,-42.45678112741761,0.916534239161283
3835,1917.5,126.0591185069789,-42.587129602909286,0.13035516794316587,-42.45677443496612,0.9384527190368692
3836,1918.0,122.12989186158678,-42.58307005821795,0.1262920346663891,-42.45677802355156,0.9592952844228666
3837,1918.5,118.27825361744917,-42.57907930727504,0.12230913397568594,-42.456770173299354,0.9789322233820125
3838,1919.0,114.5203970876149,-42.575195635905914,0.11842321104639186,-42.45677242485952,0.9972493021502951
3839,1919.5,110.8719267686163,-42.57142448901416,0.11465040217067068,-42.456774086843495,1.0141321694324588
3840,1920.0,107.3477073336321,-42.56777374686682,0.11100607860441869,-42.4567676682624,1.0294846778523474
3841,1920.5,103.96172270430995,-42.564275851970876,0.10750470083630562,-42.45677115113457,1.0432124509768708
3842,1921.0,100.7269412096839,-42.56093011429195,0.10415967915135643,-42.45677043514059,1.0552424456627174
3843,1921.5,97.65523188843382,-42.557754800474456,0.10098328708082188,-42.45677151339363,1.0654989941981465
3844,1922.0,94.75725943500045,-42.55475345437658,0.09798655276809495,-42.45676690160849,1.0739269130315037
3845,1922.5,92.04236488917317,-42.55194548327931,0.0951791355922426,-42.45676634768707,1.0804830606303695
3846,1923.0,89.51851067260466,-42.54933869293871,0.09256926933138467,-42.45676942360733,1.0851289518900897
3847,1923.5,87.19221016703169,-42.54693345155333,0.09016368934096575,-42.45676976221236,1.0878415103143169
3848,1924.0,85.06848671312684,-42.54473331973384,0.08796759015530246,-42.456765729578535,1.0886126612162528
3849,1924.5,83.15085027791679,-42.54275720510352,0.08598460135983582,-42.45677260374369,1.087437235755325
3850,1925.0,81.44128284627179,-42.54098401198671,0.08421677248476787,-42.45676723950194,1.0843285305552939
3851,1925.5,79.94025757664566,-42.539435950154726,0.08266459281362241,-42.456771357341104,1.0793095739874046
3852,1926.0,78.64675997043626,-42.538096891982136,0.08132701327404968,-42.45676987870809,1.0724128472298735
3853,1926.5,77.55831990082568,-42.53697472762265,0.08020147955819791,-42.45677324806445,1.0636857001776385
3854,1927.0,76.67108590495275,-42.536054075955086,0.07928400894673636,-42.45677006700835,1.0531813020893879
3855,1927.5,75.97989664320932,-42.53533614188542,0.0785692642034587,-42.456766877681964,1.0409645387446451
3856,1928.0,75.47835529618439,-42.534815354799896,0.0780506305076483,-42.45676472429225,1.0271118148460567
3857,1928.5,75.15892696220271,-42.53449073751645,0.07772031617088986,-42.45677042134556,1.0117106000271356
3858,1929.0,75.01304979899753,-42.534342749015636,0.07756946756641042,-42.45677328144922,0.9948514239298448
3859,1929.5,75.03123675358475,-42.534361331797896,0.07758827432587115,-42.45677305747203,0.9766455070555617
3860,1930.0,75.2031952171077,-42.53453798816868,0.07776609307200606,-42.45677189509667,0.9571992878316057
3861,1930.5,75.51796804056039,-42.53486698382363,0.0780915932401105,-42.45677539058352,0.936645917922576
3862,1931.0,75.9640306635215,-42.535326133950676,0.07855285751688748,-42.456773276433786,0.9151035560254174
3863,1931.5,76.52942695574784,-42.535910827895606,0.07913752231147374,-42.45677330558413,0.8927250050833968
3864,1932.0,77.20189985806718,-42.536605675994274,0.0798329128485273,-42.45677276314574,0.869649724277704
3865,1932.5,77.96899340173402,-42.53740150949946,0.08062614866436615,-42.456775360835096,0.8538792350793105
3866,1933.0,78.81818562710203,-42.53828097127548,0.08150428105546127,-42.456776690220025,0.858283613103042
3867,1933.5,79.73698572502695,-42.53922993044619,0.08245439353038367,-42.456775536915806,0.8621085955352737
3868,1934.0,80.71303920509527,-42.54024017784443,0.08346371056212835,-42.4567764672823,0.8653452091101149
3869,1934.5,81.7342345900775,-42.54129652197098,0.0845197079186764,-42.456776814052304,0.8679895017948179
3870,1935.0,82.78879719128705,-42.54238850001308,0.08561020963418411,-42.4567782903789,0.8700307543740647
3871,1935.5,83.86537748763936,-42.54350349002749,0.08672347939996897,-42.45678001062752,0.8714574580997553
3872,1936.0,84.95309554929099,-42.54462776483001,0.08784826650209013,-42.45677949832792,0.8722676113823455
3873,1936.5,86.04159218696107,-42.54575358524491,0.08897385871382052,-42.45677972653109,0.872450919042497
3874,1937.0,87.12110217157864,-42.54687383528148,0.09009015801059339,-42.456783677270884,0.8720052378372259
3875,1937.5,88.18247834739152,-42.547972234222044,0.09118770550487723,-42.456784528717165,0.8709273367150041
3876,1938.0,89.21724518753496,-42.549041363149115,0.09225773682689896,-42.45678362632221,0.8692079291163596
3877,1938.5,90.21762549856703,-42.55007756580753,0.09329220973926033,-42.456785356068266,0.8668501872972401
3878,1939.0,91.17654283819898,-42.551071558297245,0.09428380663706362,-42.45678775166018,0.863851204643228
3879,1939.5,92.0876517792518,-42.55200792026201,0.09522596584325294,-42.45678195441875,0.8602057364049381
3880,1940.0,92.94534558689128,-42.55289498468706,0.09611288954748673,-42.45678209513957,0.8559170386491045
3881,1940.5,93.74475838491097,-42.55372592803272,0.0969395460462469,-42.456786381986475,0.8509824037823687
3882,1941.0,94.48177433860488,-42.55448635545677,0.09770167923866045,-42.456784676218106,0.8454103824297277
3883,1941.5,95.15302672669029,-42.55518229124178,0.0983958076667938,-42.45678648357499,0.8391981340703185
3884,1942.0,95.75587812641662,-42.55580291386472,0.09901920402547727,-42.45678370983924,0.83235215443123
3885,1942.5,96.28842228317014,-42.55635495393594,0.09956989709562525,-42.45678505684031,0.8248778249675793
3886,1943.0,96.74946249939704,-42.55683720045776,0.10004664939666157,-42.4567905510611,0.8167762290955641
3887,1943.5,97.13849890741591,-42.557237588220275,0.10044894402559393,-42.45678864419468,0.8080586080624894
3888,1944.0,97.45570589550348,-42.55756458650826,0.10077696131378885,-42.45678762519447,0.798731921252618
3889,1944.5,97.7019278692642,-42.55781541548457,0.10103157444389017,-42.45678384104068,0.7888025671376435
3890,1945.0,97.8786606283154,-42.55799351401149,0.10121433019182842,-42.45677918381966,0.7782891289715483
3891,1945.5,97.98799566786236,-42.558112835909824,0.10132739133021348,-42.45678544457961,0.7671927544544178
3892,1946.0,98.03261995757825,-42.558159623559575,0.10137353639967894,-42.4567860871599,0.7555347445277533
3893,1946.5,98.01576859087234,-42.55814033078792,0.10135611074445433,-42.45678422004347,0.7433212283387461
3894,1947.0,97.94117674468298,-42.55806292019477,0.10127897683496515,-42.45678394335981,0.7305695593223143
3895,1947.5,97.81308790856475,-42.55792804540856,0.10114652277736429,-42.456781522631196,0.7387159107220916
3896,1948.0,97.63621982300563,-42.557745889099564,0.1009636270910394,-42.456782262008524,0.7608661698399861
3897,1948.5,97.41572212658194,-42.557520219816226,0.10073561491239799,-42.45678460490383,0.783259258477958
3898,1949.0,97.15714912596926,-42.55725091557072,0.10046822983689019,-42.45678268573383,0.8057501858259095
3899,1949.5,96.86642802864844,-42.556952104701566,0.10016760106909678,-42.45678450363247,0.8282087644686402
3900,1950.0,96.5498351800707,-42.556618040414335,0.09984021885006539,-42.45677782156427,0.8505210225541354
3901,1950.5,96.21396555314777,-42.55627687263508,0.09949290290701344,-42.456783969728065,0.8725744633955297
3902,1951.0,95.86569974676055,-42.55591387990816,0.09913276832715794,-42.456781111581,0.8942593449841142
3903,1951.5,95.5121372753249,-42.55554555101199,0.09876715657381346,-42.456778394438174,0.9154879384250887
3904,1952.0,95.16055556431141,-42.55518633554618,0.09840359308449419,-42.45678274246169,0.9361738816345574
3905,1952.5,94.81838779445195,-42.55482952829717,0.09804976436005884,-42.456779763937114,0.9562352401215557
3906,1953.0,94.49315694671515,-42.55449334180671,0.0977134497619627,-42.45677989204475,0.9755975048147038
3907,1953.5,94.19244565539827,-42.554180475277846,0.09740249033795365,-42.45677798493989,0.9941919236813371
3908,1954.0,93.9238649632278,-42.55390052752225,0.09712475651235788,-42.456775771009895,1.0119536084164062
3909,1954.5,93.695021073677,-42.55366667031814,0.09688811370532834,-42.45677855661281,1.0288085112737164
3910,1955.0,93.5134493146097,-42.55347690861421,0.09670035404599323,-42.456776554568215,1.0447022681855922
3911,1955.5,93.3865442791911,-42.5533442273018,0.09656912413259423,-42.45677510316921,1.059589530617691
3912,1956.0,93.32151156807808,-42.5532787749995,0.09650187513006794,-42.45677689986943,1.0734301705282399
3913,1956.5,93.32533250883961,-42.55328425770707,0.09650582628711687,-42.456778431419956,1.0861767425307047
3914,1957.0,93.40471390627583,-42.553364980868125,0.0965879129740374,-42.45677706789409,1.0977992265136036
3915,1957.5,93.56603845581893,-42.5535301176412,0.09675473540622728,-42.45677538223497,1.1082699465368135
3916,1958.0,93.81532818428123,-42.553785605550544,0.09701252083900747,-42.456773084711536,1.1175577732338018
3917,1958.5,94.15820009752154,-42.5541366664346,0.09736707770377692,-42.45676958873082,1.1256410505218934
3918,1959.0,94.59983261539631,-42.554599936405104,0.09782376089907899,-42.45677617550602,1.132508200546734
3919,1959.5,95.1449247358586,-42.55515841082632,0.09838742956302751,-42.4567709812633,1.1381424154808943
3920,1960.0,95.79766822873187,-42.55583537621451,0.09906241831945446,-42.456772957895055,1.142543284180789
3921,1960.5,96.56172195590243,-42.55662200877033,0.09985251072294375,-42.456769498047386,1.14570941582795
3922,1961.0,97.44018237105178,-42.5575320068215,0.10076090875320506,-42.4567710980683,1.147641573718802
3923,1961.5,98.4355599572199,-42.55856313279377,0.10179020844963778,-42.456772924344136,1.148350400203207
3924,1962.0,99.54977001746809,-42.55971384515026,0.1029423903881429,-42.45677145476212,1.1478561884450382
3925,1962.5,100.78412063343616,-42.56098805011764,0.10421880722931223,-42.45676924288833,1.146173110427402
3926,1963.0,102.13929756255322,-42.562390713025074,0.1056201681009415,-42.45677054492413,1.1433273637384207
3927,1963.5,103.61538438690737,-42.56391778035807,0.10714655943356634,-42.4567712209245,1.1393561618922776
3928,1964.0,105.21186760211806,-42.56557107294143,0.10879745022276152,-42.45677362271867,1.134294241008879
3929,1964.5,106.92761920881563,-42.567346881086934,0.11057167402734441,-42.456775207059586,1.1281843403467806
3930,1965.0,108.76091514556771,-42.569237865426146,0.1124674480304889,-42.45677041739566,1.1210783385167242
3931,1965.5,110.70946495047329,-42.57125679220171,0.11448240371217588,-42.456774388489535,1.113025420013027
3932,1966.0,112.77040901314808,-42.57338680543729,0.1166135840075273,-42.45677322142976,1.104089271163881
3933,1966.5,114.94035785824661,-42.57563200237366,0.11885748392909655,-42.45677451844456,1.0943332609043206
3934,1967.0,117.21542319504215,-42.577983302188116,0.1212100826746069,-42.45677321951351,1.0838227589941336
3935,1967.5,119.59123747852087,-42.58043941569192,0.1236668638546807,-42.45677255183724,1.0726383071168393
3936,1968.0,122.0630107053801,-42.58299857180239,0.12622287422442494,-42.45677569757797,1.060853986651456
3937,1968.5,124.62554989812926,-42.585647545920715,0.1288727438315432,-42.45677480208917,1.0485505508606732
3938,1969.0,127.27329942491053,-42.5883884236087,0.13161072771024138,-42.45677769589846,1.0358155805414786
3939,1969.5,130.00040820178987,-42.59121090387741,0.13443077537374862,-42.45678012850366,1.0227416539133443
3940,1970.0,132.8007509261295,-42.594104464462916,0.1373265527713155,-42.4567779116916,1.0094115074020864
3941,1970.5,135.66795777325584,-42.59706627281778,0.14029147299693373,-42.45677479982084,1.0018506735835904
3942,1971.0,138.59549248331408,-42.600096641458265,0.1433187770373627,-42.4567778644209,0.9977621788785583
3943,1971.5,141.57667711272202,-42.603179532576725,0.14640155936710383,-42.45677797320962,0.9928210115200332
3944,1972.0,144.60472846340548,-42.60630773600102,0.14953280561913135,-42.45677493038189,0.9870219945296607
3945,1972.5,147.67281937438233,-42.60948412583562,0.1527054559652715,-42.45677866987035,0.9803719115159212
3946,1973.0,150.7741046431749,-42.61268972333964,0.15591243192100723,-42.45677729141863,0.9728754212442767
3947,1973.5,153.9017618257046,-42.615926690940164,0.15914667853581865,-42.456780012404344,0.9645340250707714
3948,1974.0,157.04902845540377,-42.61917797641067,0.1624012028807088,-42.45677677352996,0.9553590823465294
3949,1974.5,160.20923299797795,-42.62244968210615,0.16566910605789315,-42.45678057604826,0.9453593317228832
3950,1975.0,163.37582938824158,-42.62572113279411,0.1689436189146381,-42.45677751387947,0.9345395826357339
3951,1975.5,166.54241546569446,-42.628996207217014,0.17221812110711543,-42.4567780861099,0.9229172170276784
3952,1976.0,169.70275972376635,-42.63226683678233,0.1754861687612514,-42.456780668021075,0.9105019166275178
3953,1976.5,172.8508173229204,-42.635524262987914,0.17874151103155106,-42.45678275195636,0.897314190242377
3954,1977.0,175.98074833421614,-42.638757438023674,0.18197810896639538,-42.45677932905728,0.883365684316184
3955,1977.5,179.08695476612047,-42.64197392660846,0.18519017379671238,-42.456783752811745,0.8686883975263443
3956,1978.0,182.1640823976978,-42.64515451579747,0.18837216883164207,-42.45678234696583,0.8532929615695034
3957,1978.5,185.20701117556726,-42.64830223852434,0.19151879952822515,-42.45678343899611,0.8372081716653742
3958,1979.0,188.21082549574442,-42.651407470155625,0.19462498276046075,-42.45678248739517,0.8221587013365326
3959,1979.5,191.17078876809381,-42.65446760630719,0.1976858205169246,-42.45678178579027,0.8180856645198311
3960,1980.0,194.08237258622924,-42.657479740433004,0.20069663006476887,-42.456783110368235,0.8146993888950578
3961,1980.5,196.94123687532814,-42.660433856380585,0.20365292342098154,-42.4567809329596,0.8119469332357325
3962,1981.0,199.74321994045283,-42.663334185164715,0.2065503970615577,-42.45678378810316,0.8097691769657922
3963,1981.5,202.48434860485764,-42.66617005533892,0.20938494240531663,-42.4567851129336,0.8081019363282635
3964,1982.0,205.1607831009136,-42.66893694679844,0.21215258882672916,-42.45678435797171,0.8068660167299442
3965,1982.5,207.7688034271073,-42.67163251118822,0.21484948954796773,-42.456783021640256,0.8059949307804869
3966,1983.0,210.30478350111326,-42.67425703862837,0.21747189491112492,-42.45678514371724,0.8054088706780861
3967,1983.5,212.76516476893735,-42.67680094668786,0.2200161250879659,-42.456784821599896,0.8050313596803376
3968,1984.0,215.14645257390103,-42.67926176261957,0.22247856632516896,-42.456783196294396,0.8047884862199353
3969,1984.5,217.4451740376077,-42.681644116361795,0.2248556273898904,-42.4567884889719,0.8046033968446252
3970,1985.0,219.6578589381342,-42.68392715411655,0.22714371979629153,-42.456783434320265,0.8044093693274714
3971,1985.5,221.781011212759,-42.68612669468166,0.22933922833709025,-42.45678746634457,0.8041474591796218
3972,1986.0,223.8110802173481,-42.6882218643461,0.23143848136347703,-42.45678338298262,0.803751157901588
3973,1986.5,225.74444741333662,-42.690224786701386,0.23343773701839374,-42.456787049682994,0.8031676278964627
3974,1987.0,227.57741700609168,-42.69212132343095,0.23533317355585512,-42.456788149875095,0.8023622807886237
3975,1987.5,229.30620875854376,-42.693908884174306,0.23712088190967148,-42.45678800226464,0.8012940406419181
3976,1988.0,230.92693700527116,-42.69558263457101,0.23879684399234052,-42.45678579057867,0.7999377115821433
3977,1988.5,232.43560956026812,-42.697147577126145,0.24035693156559282,-42.45679064556055,0.7982801265619328
3978,1989.0,233.82820439444603,-42.698589896023826,0.2417969855310344,-42.456792910492794,0.7963171225584862
3979,1989.5,235.10069486953464,-42.69990128800262,0.2431128420240105,-42.45678844597861,0.7940575836917112
3980,1990.0,236.24901440348034,-42.701087889144524,0.24430029587481328,-42.45678759326971,0.7915177470977784
3981,1990.5,237.2690383691135,-42.70214875974357,0.24535508189046198,-42.45679367785311,0.7887183904573548
3982,1991.0,238.15660094685256,-42.70306619838671,0.2462728922817415,-42.45679330610496,0.7856970461844125
3983,1991.5,238.9075856779777,-42.703837363590154,0.24704947030249888,-42.456787893287654,0.7825072885621569
3984,1992.0,239.5181097943427,-42.704473503021376,0.2476808008612455,-42.45679270216013,0.7791929973287642
3985,1992.5,239.9846244185782,-42.70495405121518,0.2481632141361471,-42.45679083707903,0.7757772234612212
3986,1993.0,240.3038689000949,-42.70528435357481,0.24849333835481466,-42.45679101522,0.7723129242502301
3987,1993.5,240.47277029186824,-42.70545893709502,0.24866799584529384,-42.45679094124972,0.7688881692205192
3988,1994.0,240.48840087743142,-42.70547208465542,0.2486841591155933,-42.45678792553983,0.765609013117431
3989,1994.5,240.34803753112794,-42.70532942169602,0.2485390122369132,-42.45679040945911,0.762581628865805
3990,1995.0,240.04923118638555,-42.70502010310714,0.248230022679373,-42.456790080427766,0.7599214911927791
3991,1995.5,239.58985537254614,-42.70454676476434,0.24775499150295913,-42.45679177326138,0.7577558795905881
3992,1996.0,238.9681597759642,-42.70390400537222,0.24711210874396636,-42.45679189662825,0.7562083750001141
3993,1996.5,238.18288592437372,-42.70309014621143,0.24630007304184626,-42.456790073169586,0.7554170767105646
3994,1997.0,237.23331866209764,-42.70210933757937,0.24531814486867345,-42.456791192710696,0.7555049373193138
3995,1997.5,236.11935797349895,-42.70095812487676,0.244166220800314,-42.45679190407645,0.7566043283850762
3996,1998.0,234.8416828508317,-42.69963594670418,0.2428450029688338,-42.45679094373534,0.7588320308541565
3997,1998.5,233.40176025261323,-42.698147436903284,0.24135600832616907,-42.45679142857711,0.7622906661459204
3998,1999.0,231.8018082261327,-42.696491125769455,0.23970153050986315,-42.45678959525959,0.7670598450718179
3999,1999.5,230.04485699942015,-42.69467300574665,0.23788470301702783,-42.45678830272962,0.7732131861864743
4000,2000.0,228.134770552214,-42.69270173624508,0.23590952151044178,-42.456792214734634,0.7807924292504047
