step,time_fs,temperature_K,potential_eV,kinetic_eV,total_eV,max_force_eV_A
0,0.0,300.0000000000001,-43.068477951115675,0.3102238921398197,-42.75825405897586,8.404513336357187e-16
1,0.5,299.72928479757417,-43.068197931123,0.30994395106062644,-42.75825398006238,0.05365707013578809
2,1.0,298.91846616786614,-43.06735922334727,0.30910550002353476,-42.75825372332373,0.10729015543814381
3,1.5,297.57157929645496,-43.06596600141403,0.30771271173179743,-42.75825328968224,0.16083363693042296
4,2.0,295.6954106490606,-43.064025284835495,0.3057726039314461,-42.75825268090405,0.21422088353467017
5,2.5,293.29946910856256,-43.061546909178176,0.3032950095646702,-42.758251899613505,0.2673839369916665
6,3.0,290.3959434225289,-43.05854348207633,0.30029253276717255,-42.75825094930916,0.3202532185402645
7,3.5,286.99964575815693,-43.055030324879986,0.2967804904994831,-42.7582498343805,0.3727572636356649
8,4.0,283.12794115863085,-43.0510253997239,0.2927768395992143,-42.758248560124684,0.4248224908269108
9,4.5,278.8006627060954,-43.04654922181456,0.2883020890528199,-42.75824713276174,0.47637301069160715
10,5.0,274.0400122239349,-43.041624756761244,0.2833791973138428,-42.7582455594474,0.5273304804313513
11,5.5,268.8704462761703,-43.03627730277034,0.2780334544172127,-42.758243848353125,0.5776140275753322
12,6.0,263.3185471211961,-43.030534357040985,0.2722923485351332,-42.75824200850585,0.6271402119962567
13,6.5,257.41287971739837,-43.02442546795347,0.26618541810950186,-42.75824004984397,0.6758229733036377
14,7.0,251.18383435270994,-43.01798207248459,0.259744089118338,-42.75823798336626,0.7235737683134105
15,7.5,244.66345477469952,-43.011237318189515,0.2530014973486067,-42.75823582084091,0.7703017244286148
16,8.0,237.88525286695923,-43.004225871745355,0.24599229675684425,-42.75823357498851,0.8159138568481594
17,8.5,230.88401004942162,-42.99698371340904,0.23875245410126933,-42.75823125930777,0.8603153602932143
18,9.0,223.69556639868995,-42.989547918973976,0.23131903087541017,-42.758228888098564,0.9034099918307922
19,9.5,216.3565983128284,-42.98195642976651,0.22372995339579052,-42.75822647637072,0.9451004231069983
20,10.0,208.90438578518948,-42.97424781185977,0.21602377214453297,-42.75822403971524,0.9852887732176457
21,10.5,201.37657107141086,-42.96646100641161,0.2082394122118136,-42.7582215941998,1.023877089896799
22,11.0,193.81091045457632,-42.95863507288508,0.2004159166012691,-42.758219156283815,1.0607679875028622
23,11.5,186.24502071643715,-42.950808926712575,0.19259218406104822,-42.75821674265153,1.0958652941455584
24,12.0,178.71612259434863,-42.9430210738589,0.1848067037978533,-42.75821437006105,1.1290747345691046
25,12.5,171.2607835302841,-42.935309344657455,0.17709728945893283,-42.75821205519852,1.1603046432833815
26,13.0,163.91466211567405,-42.92771062934784,0.1695008148676928,-42.758209814480146,1.189466698186408
27,13.5,156.71225692009563,-42.92026061818177,0.16205295429255814,-42.758207663889216,1.2164766648271483
28,14.0,149.68666238780503,-42.91299354881108,0.15478793002454674,-42.75820561878653,1.2412551396593237
29,14.5,142.86933452522132,-42.90594196380516,0.14773827007946688,-42.7582036937257,1.2637282808697403
30,15.0,136.28986914878126,-42.899136481160475,0.14093457888853883,-42.758201902271935,1.2838285153653106
31,15.5,129.97579538587527,-42.89260558058989,0.13440532376191677,-42.75820025682797,1.3014952105094189
32,16.0,123.95238700364149,-42.886375408261465,0.1281766397876362,-42.758198768473825,1.3166752995682767
33,16.5,118.24249398004034,-42.8804696024726,0.12227215566269102,-42.75819744680991,1.329323850450256
34,17.0,112.86639653004534,-42.874909142580016,0.11671284274448965,-42.758196299835525,1.3394045680084163
35,17.5,107.84168348709188,-42.869712223125795,0.1115168892875872,-42.75819533383821,1.3468902214523777
36,18.0,103.18315661565188,-42.864894154804865,0.10669960149526701,-42.7581945533096,1.3517629895661851
37,18.5,98.90276207512716,-42.86046729354741,0.1022733326477483,-42.75819396089966,1.3540147178249147
38,19.0,95.00954985566652,-42.8564409985129,0.09824744115559035,-42.75819355735731,1.3536470832155274
39,19.5,91.50966171306622,-42.852821619637915,0.0946282780834188,-42.758193341554495,1.3506716636962133
40,20.0,88.40634755880599,-42.84961251461262,0.09141920409852812,-42.758193310514095,1.345109911486554
41,20.5,85.70000976368706,-42.84681409475022,0.08862063528437182,-42.75819345946585,1.336993031145945
42,21.0,83.38827454533926,-42.84442389889382,0.08623011696092997,-42.758193781932896,1.3263617648653196
43,21.5,81.46608915743793,-42.842436694030155,0.08424242418609985,-42.758194269844054,1.3132660891968921
44,22.0,79.92584321408214,-42.84084460088425,0.08264968721476516,-42.758194913669485,1.2977648290669648
45,22.5,78.75751213877847,-42.839637242412905,0.08144153983646982,-42.75819570257644,1.2799251964297773
46,23.0,77.94882042820812,-42.83880191280486,0.08060528820315535,-42.75819662460171,1.2598222623052873
47,23.5,77.48542217208079,-42.838323764338426,0.0801260975010666,-42.75819766683736,1.2375383714784793
48,24.0,77.35109608025974,-42.838186009248105,0.07998719362433107,-42.75819881562377,1.213162513443828
49,24.5,77.52795213416108,-42.83837013361926,0.08017007686896362,-42.75820005675029,1.1867896598622902
50,25.0,77.99664689920994,-42.83885612023767,0.08065474458309367,-42.75820137565458,1.15852007848058
51,25.5,78.7366045223244,-42.839622677315084,0.08141991969596399,-42.758202757619124,1.1284586417672866
52,26.0,79.72624048344436,-42.84064747005617,0.0824432820948312,-42.75820418796134,1.0967141430443759
53,26.5,80.94318526269129,-42.84190735212812,0.08370169991462192,-42.7582056522135,1.077956144938219
54,27.0,82.36450522722338,-42.843378594242274,0.08517145795253252,-42.75820713628974,1.0618523155939723
55,27.5,83.966918226261,-42.845037107248615,0.08682848061045549,-42.75820862663816,1.0447842822290991
56,28.0,85.7270016022638,-42.846858657370575,0.08864854699510276,-42.75821011037547,1.0268100252188188
57,28.5,87.62139057256837,-42.84881907146475,0.0906074960604182,-42.75821157540433,1.007990340832892
58,29.0,89.6269651953619,-42.850894430455845,0.0926814199452844,-42.75821301051056,0.9883889540620007
59,29.5,91.7210243855265,-42.85306124938789,0.09484684391976446,-42.75821440546813,0.9680726282503754
60,30.0,93.88144566237432,-42.85529664260783,0.09708089157698249,-42.75821575103085,0.9471112739592737
61,30.5,96.0868300422255,-42.85757847367304,0.09936143466358847,-42.75821703900945,0.9255784513491411
62,31.0,98.31663142922481,-42.85988548917842,0.10166722688016747,-42.75821826229825,0.9035515499937198
63,31.5,100.55126982984137,-42.86219743583141,0.1039780209540487,-42.75821941487737,0.8811121307342791
64,32.0,102.77222838315178,-42.864495160775704,0.10627466897634597,-42.75822049179936,0.8583463481106383
65,32.5,104.96213428798319,-42.86676069525067,0.10853920608706853,-42.7582214891636,0.835345443995588
66,33.0,107.10482395669662,-42.86897732192924,0.11075491784932207,-42.75822240407992,0.8122063124047495
67,33.5,109.1853922007527,-42.87112962596291,0.11290639111110069,-42.758223234851805,0.7890320750745249
68,34.0,111.19022662382581,-42.87320352985649,0.11497954957050613,-42.75822398028598,0.7659328775726731
69,34.5,113.10702936307273,-42.875186316458354,0.11696167625795095,-42.7582246402004,0.743026661102163
70,35.0,114.92482608441186,-42.87706663802204,0.11884142283799372,-42.75822521518405,0.7204398414345434
71,35.5,116.63396257901582,-42.87883451261381,0.1206088060898412,-42.758225706523966,0.6983080013542878
72,36.0,118.22609049783769,-42.8804813092856,0.12225519315571251,-42.75822611612989,0.6832339011679732
73,36.5,119.6941433198023,-42.88199972314753,0.12377327669003486,-42.75822644645749,0.6884873435601255
74,37.0,121.03230367122545,-42.88338374149855,0.12515704106512046,-42.758226700433426,0.6945378510913921
75,37.5,122.23596309023942,-42.88462860214644,0.12640172076437803,-42.758226881382065,0.7012288497674413
76,38.0,123.30167541222593,-42.88573074511329,0.1275037521791381,-42.758226992934155,0.708404961086016
77,38.5,124.22710489060034,-42.8866877589408,0.1284607199614122,-42.75822703897939,0.715914794113532
78,39.0,125.01097004358901,-42.88749832253997,0.1292712989569886,-42.75822702358298,0.7236131257002391
79,39.5,125.65298426704999,-42.88816214372514,0.12993519279435922,-42.75822695093078,0.7313625060135414
80,40.0,126.15379415621405,-42.88867989537648,0.13045307010448784,-42.75822682527199,0.7390343488639985
81,40.5,126.51491630256207,-42.88905315004546,0.13082649916374775,-42.75822665088172,0.746509601696795
82,41.0,126.7386736262702,-42.88928431399183,0.1310578820565995,-42.75822643193523,0.7536790719940032
83,41.5,126.82813204482729,-42.88937656173087,0.13115038918589766,-42.75822617254497,0.7604434860229358
84,42.0,126.78703801566331,-42.88933377137672,0.1311078946869945,-42.75822587668973,0.7667133475020484
85,42.5,126.61975767129483,-42.88916046164668,0.1309349134886329,-42.75822554815805,0.7724086530647205
86,43.0,126.33121804000554,-42.88886173109718,0.13063654053044904,-42.75822519056673,0.7774585125659013
87,43.5,125.92685071324638,-42.88844319982855,0.1302183925105777,-42.75822480731797,0.7818007080263775
88,44.0,125.41253830432969,-42.88791095410235,0.1296865525196779,-42.75822440158267,0.7853812192086078
89,44.5,124.79456403097652,-42.887271494194515,0.12904751790527158,-42.758223976289244,0.7881537364389477
90,45.0,124.07956461919417,-42.88653168568848,0.12830815157060224,-42.75822353411788,0.7900791752800456
91,45.5,123.27448663673235,-42.885698714328285,0.12747563681995097,-42.75822307750833,0.7911252012476491
92,46.0,122.38654611186489,-42.884780044282856,0.12655743560124078,-42.75822260868161,0.7912657438022903
93,46.5,121.42319173878761,-42.88378338000285,0.12556125045748762,-42.758222129545366,0.7904806320385478
94,47.0,120.39207171504621,-42.88271663206168,0.12449499023405976,-42.75822164182762,0.7887551699685746
95,47.5,119.30100364245084,-42.88158788600504,0.12336673895382633,-42.758221147051216,0.7860797380784325
96,48.0,118.15794730891216,-42.88040537422582,0.12218472767140819,-42.75822064655441,0.782449438347217
97,48.5,116.97098016033813,-42.87917745062349,0.12095730910916572,-42.75822014151432,0.7812196912252735
98,49.0,115.74827513365271,-42.87791256771219,0.11969293473477481,-42.758219632977415,0.8115378184257604
99,49.5,114.49808051355704,-42.876619255803575,0.11840013393151368,-42.75821912187206,0.8410901909268051
100,50.0,113.22870146203037,-42.87530610395113,0.11708749489829583,-42.75821860905284,0.8698408461502595
101,50.5,111.94848280569582,-42.87398174217284,0.11576364685043544,-42.758218095322405,0.8977542525086799
102,51.0,110.66579266430594,-42.872654824552875,0.11443724309019762,-42.758217581462674,0.9247950000537875
103,51.5,109.38900652726163,-42.8713340128022,0.11311694454065079,-42.75821706826155,0.9509275912152344
104,52.0,108.12649139486989,-42.87002795988573,0.11181140334646417,-42.75821655653927,0.9761163148544405
105,52.5,106.88658961918816,-42.86874529333658,0.11052924616405398,-42.758216047172525,1.000325191060809
106,53.0,105.67760211306718,-42.8674945979132,0.10927905679839643,-42.7582155411148,1.023517977402778
107,53.5,104.50777063392694,-42.866284397298365,0.1080693578830412,-42.758215039415326,1.04565822950683
108,54.0,103.38525889059446,-42.86512313457595,0.10690859134307701,-42.758214543232874,1.0667094093018443
109,54.5,102.3181322770691,-42.86401915128427,0.10580509743823094,-42.75821405384604,1.0866350357734387
110,55.0,101.31433608951446,-42.86298066489843,0.10476709223750322,-42.75821357266093,1.1053988734998816
111,55.5,100.38167212735993,-42.862015744646584,0.10380264342284282,-42.75821310122374,1.1229651648442893
112,56.0,99.52777366631452,-42.861132285580354,0.10291964440925044,-42.758212641171106,1.139298866777913
113,56.5,98.76007902781959,-42.860337981278256,0.10212578701348789,-42.75821219426477,1.154365917963735
114,57.0,98.08580379251188,-42.85964029509416,0.10142853272058572,-42.75821176237358,1.1681335440251366
115,57.5,97.51191168879984,-42.85904643003261,0.10083508258031286,-42.7582113474523,1.1805705667414883
116,58.0,97.04508448131958,-42.85856329759113,0.10035234606944189,-42.75821095152169,1.1916477233684515
117,58.5,96.6916911544772,-42.85819748587039,0.09998690922507762,-42.75821057664531,1.2013379911891104
118,59.0,96.45775672417028,-42.85795522729751,0.09974500239349321,-42.75821022490402,1.2096169123539904
119,59.5,96.34893104580809,-42.85784236634353,0.09963246797513896,-42.75820989836839,1.2164629140704464
120,60.0,96.37045801218076,-42.85786432764303,0.09965472857278594,-42.75820959907024,1.221857619269216
121,60.5,96.52714554985747,-42.85802608493899,0.09981675596541217,-42.75820932897358,1.2257861430123427
122,61.0,96.82333682209715,-42.858332131278296,0.10012304132971897,-42.75820908994858,1.2282373701065978
123,61.5,97.26288304405635,-42.858786450865225,0.10057756712889077,-42.75820888373634,1.2292042096135114
124,62.0,97.84911832448007,-42.85939249302705,0.10118378109689985,-42.75820871193015,1.2286838226151122
125,62.5,98.58483688642669,-42.86015314863362,0.10194457268292181,-42.7582085759507,1.2266778196738373
126,63.0,99.47227296598217,-42.86107072929707,0.10286225226500516,-42.75820847703206,1.2231924249893937
127,63.5,100.51308357108343,-42.862146949529816,0.10393853332132154,-42.7582084162085,1.218238603792952
128,64.0,101.70833455382711,-42.8633829122756,0.10517451802782384,-42.758208394247774,1.2118321527977647
129,64.5,103.05849024458045,-42.86477909824882,0.10657068653909127,-42.758208411709724,1.2039937549641344
130,65.0,104.56340650889607,-42.86633535872722,0.10812688980862628,-42.758208468918596,1.1947489938773013
131,65.5,106.22232732373331,-42.86805091200264,0.10984234604839485,-42.75820856595424,1.1841283294800469
132,66.0,108.03388496078915,-42.86992434357797,0.11171564091840512,-42.758208702659566,1.1721670367090775
133,66.5,109.99610371102439,-42.87195361002704,0.11374473137816414,-42.75820887864888,1.1589051087947642
134,67.0,112.10640700669832,-42.87413604636711,0.115926953051429,-42.758209093315685,1.1443871276945907
135,67.5,114.3616278035263,-42.87646837680767,0.11825903096218447,-42.758209345845486,1.1286621050958359
136,68.0,116.75802200348123,-42.87894672865183,0.12073709341488882,-42.758209635236945,1.1117832980876095
137,68.5,119.2912847268974,-42.881566649118646,0.1233566888211251,-42.75820996029752,1.0938080042475415
138,69.0,121.95656920436221,-42.88432312492021,0.1261128052353217,-42.758210319684885,1.0747973413232557
139,69.5,124.7485079519832,-42.88721060416924,0.1289998922516649,-42.75821071191758,1.0548160178072201
140,70.0,127.66123593803385,-42.89022302035446,0.1320118849602556,-42.758211135394205,1.0339321009903715
141,70.5,130.68841547082098,-42.89335381809553,0.13514222968314635,-42.75821158841238,1.0122167896785568
142,71.0,133.82326252300214,-42.89659598038272,0.13838391119578194,-42.75821206918694,0.9897441993140278
143,71.5,137.05857421917645,-42.89994205701835,0.14172948115135753,-42.75821257586699,0.9665911677421073
144,72.0,140.38675723090097,-42.90338419399516,0.14517108744352689,-42.75821310655163,0.9428370903178062
145,72.5,143.7998568452202,-42.90691416356947,0.148700504265577,-42.75821365930389,0.9185637934391846
146,73.0,147.2895864986258,-42.91052339481376,0.1523091626508944,-42.758214232162864,0.8938554558962507
147,73.5,150.84735759588716,-42.91420300446206,0.155988181308011,-42.75821482315405,0.8687985875857303
148,74.0,154.4643094621532,-42.91794382789105,0.15972839759346247,-42.75821543029759,0.8434820750865856
149,74.5,158.13133930629468,-42.92173645011102,0.1635203984962706,-42.75821605161475,0.8179973031632788
150,75.0,161.83913209898316,-42.92557123666863,0.16735455153425657,-42.75821668513437,0.7924383571622193
151,75.5,165.57819017241363,-42.92943836429789,0.1712210353625113,-42.75821732893537,0.7761271095920387
152,76.0,169.3388625010355,-42.933327851099655,0.17510987005200326,-42.75821798104765,0.7802110410354388
153,76.5,173.11137414213522,-42.93722958702759,0.17901094753348573,-42.7582186394941,0.783274421945519
154,77.0,176.88585564016887,-42.94113336434812,0.18291406200391816,-42.7582193023442,0.7853029118981013
155,77.5,180.65237196953953,-42.94502890753365,0.18680893985560335,-42.758219967678045,0.786284924140651
156,78.0,184.40095121866716,-42.94890590292295,0.1906852693377998,-42.758220633585154,0.7862115996714689
157,78.5,188.1216130958532,-42.952754028197354,0.19453273003405613,-42.7582212981633,0.7850767778931221
158,79.0,191.80439727264988,-42.95656298169531,0.19834102217151217,-42.7582219595238,0.7828769652079969
159,79.5,195.43939151521982,-42.96032251149546,0.20209989571096512,-42.7582226157845,0.7796113022658797
160,80.0,199.01675979042088,-42.9640224444569,0.20579917941079973,-42.758223265046105,0.7752815331957087
161,80.5,202.52677036840686,-42.967652715320504,0.20942880988731555,-42.75822390543319,0.7698919799656276
162,81.0,205.95982373084286,-42.97120339555231,0.21297886047404418,-42.75822453507826,0.7634495211066095
163,81.5,209.30648032635153,-42.974664722047,0.21643956992309119,-42.75822515212391,0.7559635784866453
164,82.0,212.5574881731556,-42.97802712567564,0.2198013709484667,-42.75822575472717,0.7567939757005001
165,82.5,215.70381018428787,-42.98128125956489,0.2230549184825288,-42.758226341082356,0.7569493304307823
166,83.0,218.7366512770554,-42.984418027071484,0.22619111770932857,-42.75822690936216,0.7562323220555578
167,83.5,221.64748527897063,-42.987428609688735,0.22920115188748547,-42.75822745780125,0.7546277556197819
168,84.0,224.42808129846674,-42.99030449428229,0.23207650961960738,-42.75822798466268,0.7521212102730491
169,84.5,227.07052962245183,-42.99303749987038,0.23480901163242404,-42.75822848823796,0.7486990249791556
170,85.0,229.56726707700696,-42.99561980388743,0.23739083700176858,-42.75822896688566,0.7443483495329473
171,85.5,231.9111014849096,-42.99804396750724,0.23981454844360453,-42.75822941906364,0.7390571943453302
172,86.0,234.09523362705295,-43.00030295894273,0.2420731150238825,-42.75822984391885,0.7415291996841686
173,86.5,236.1132766139398,-43.00239017165933,0.2441599321902075,-42.75823023946912,0.7507388723215351
174,87.0,237.95927884916264,-43.004299449722886,0.2460688455179063,-42.75823060420498,0.7592734296940991
175,87.5,239.62774762308078,-43.00602511197825,0.24779417510776844,-42.75823093687048,0.7671111842370887
176,88.0,241.11366800533045,-43.007561971478,0.2493307351224064,-42.75823123635559,0.774229946837767
177,88.5,242.41251963961207,-43.008905352838966,0.25067385115340307,-42.758231501685565,0.7806070202464465
178,89.0,243.52029148438822,-43.01005110750439,0.2518193754643676,-42.758231732040024,0.7862192169436795
179,89.5,244.43349464549706,-43.01099562695018,0.2527637002608795,-42.7582319266893,0.7910429026387015
180,90.0,245.14917286996464,-43.01173585379704,0.25350376854192636,-42.758232085255116,0.7950540666962651
181,90.5,245.66491060701145,-43.012269289615176,0.2540370824356265,-42.75823220717955,0.7982284225278233
182,91.0,245.97883972836755,-43.01259400237437,0.25436171014857023,-42.7582322922258,0.8005415329900071
183,91.5,246.0896440632527,-43.012708630981145,0.2544762906553504,-42.7582323403258,0.801968966314014
184,92.0,245.99656103082202,-43.01261238695221,0.25438003538664095,-42.758232351565574,0.8024864831724601
185,92.5,245.69938093541927,-43.01230505369506,0.2540727275004332,-42.75823232619462,0.8020702543127743
186,93.0,245.19844390415585,-43.01178698335219,0.2535547187152482,-42.75823226463694,0.8006971090598647
187,93.5,244.4946344598473,-43.01105909113298,0.252826923698121,-42.758232167434855,0.7983448145092654
188,94.0,243.58937412613787,-43.01012284768122,0.25189081241771055,-42.758232035263504,0.7949923853393676
189,94.5,242.4846121412838,-43.008980269480794,0.25074840054161207,-42.758231868939184,0.7906204238676915
190,95.0,241.18281418443152,-43.007633907171936,0.24940223777843082,-42.7582316693935,0.7852114898404049
191,95.5,239.6869494153671,-43.006086832127494,0.24785539447585084,-42.758231437651645,0.7787504999017079
192,96.0,238.00047614876402,-43.00434262161709,0.24611144680666627,-42.758231174810426,0.7712251564566519
193,96.5,236.12732641092379,-43.00240534283213,0.24417446079922134,-42.758230882032905,0.7812671592935252
194,97.0,234.0718895410275,-43.000279535909804,0.2420489753797983,-42.75823056053001,0.7974424293166184
195,97.5,231.83899517629,-42.99797019629421,0.23973998477791186,-42.7582302115163,0.8129169192231259
196,98.0,229.43389581404477,-42.995482756788334,0.23725292049411614,-42.75822983629422,0.8276281800305567
197,98.5,226.86224870719673,-42.99282306869248,0.2345936325784611,-42.75822943611402,0.8415187355756794
198,99.0,224.13009849086805,-42.989997383708705,0.23176837166506067,-42.75822901204364,0.85453610111003
199,99.5,221.24386105577165,-42.98701233750911,0.2287837722958765,-42.75822856521323,0.8666328294280212
200,100.0,218.21030767848245,-42.983874933172096,0.22564683651015466,-42.758228096661945,0.8777665661627019
201,100.5,215.0365498550035,-42.98059252552773,0.22236491816112516,-42.75822760736661,0.8879001101768045
202,101.0,211.73002512070642,-42.97717280647636,0.21894570825269108,-42.75822709822367,0.8970014710568497
203,101.5,208.29848387280686,-42.97362379135915,0.21539722131281863,-42.75822657004633,0.9050439171447242
204,102.0,204.74997726229137,-42.969953806438774,0.21172778287282532,-42.758226023565946,0.9120060086601142
205,102.5,201.09284612165956,-42.9661714774554,0.20794601801778353,-42.75822545943761,0.917871611298258
206,103.0,197.33571083445855,-42.96228571916071,0.20406084091081234,-42.7582248782499,0.9226298866254389
207,103.5,193.48746199216598,-42.95830572567036,0.2000814451315505,-42.758224280538805,0.9262752564919986
208,104.0,189.5572516250132,-42.95424096141382,0.19601729460812914,-42.75822366680569,0.928807339535183
209,104.5,185.55448473758332,-42.95010115240296,0.19187811486430617,-42.75822303753865,0.9302308586423419
210,105.0,181.48881042388174,-42.94589627725817,0.18767388383174155,-42.75822239342643,0.9305555178593318
211,105.5,177.37011216108263,-42.94163655667379,0.183414821812958,-42.75822173486083,0.9297958448846968
212,106.0,173.20849839035802,-42.93733244417522,0.1791113817411685,-42.75822106243405,0.927971016328878
213,106.5,169.0142922294102,-42.93299461545556,0.174774238542215,-42.75822037691335,0.9251046543770709
214,107.0,164.79801870941165,-42.92863395502146,0.17041427593654832,-42.75821967908491,0.9212245916439393
215,107.5,160.57039028918706,-42.92426154139225,0.16604257145973836,-42.75821896993251,0.9163626218795209
216,108.0,156.34229003008167,-42.919888629701084,0.16167037906394818,-42.758218250637135,0.9105542290052557
217,108.5,152.1247515835417,-42.91552663101996,0.15730910842349832,-42.75821752259646,0.9038382966356483
218,109.0,147.92893583761196,-42.911187088234925,0.15297030078548543,-42.75821678744944,0.8962568039583932
219,109.5,143.76610387116034,-42.906881648105575,0.1486656010022965,-42.758216047103275,0.8878545107551263
220,110.0,139.64758594331823,-42.902622029197225,0.14440672546422048,-42.758215303733,0.8786786347605612
221,110.5,135.58474633149407,-42.89841998554871,0.14020542573915407,-42.75821455980956,0.8687785245880147
222,111.0,131.588943842321,-42.8942872658382,0.13607344773777655,-42.75821381810042,0.858205331227556
223,111.5,127.67148791843384,-42.8902355679937,0.13202248632446167,-42.75821308166924,0.8470116810848616
224,112.0,123.84359032021416,-42.88627648926388,0.12806413535235375,-42.758212353911524,0.8495723016850524
225,112.5,120.11631237265767,-42.88242147154834,0.12420983311242745,-42.75821163843592,0.8649949342743871
226,113.0,116.5005085344682,-42.878681743082765,0.12047080397943666,-42.75821093910333,0.8794288298716583
227,113.5,113.00676654891231,-42.875068256547195,0.11685799652313184,-42.758210260024065,0.8928496230150019
228,114.0,109.64534412220378,-42.871591623530556,0.1133820180286665,-42.75820960550189,0.9052355128333515
229,114.5,106.4261028733056,-42.868262046189045,0.11005306619543234,-42.75820897999361,0.9165671708411567
230,115.0,103.35844020723324,-42.865089246751225,0.10688085868862907,-42.7582083880626,0.9268276549634781
231,115.5,100.45121982123787,-42.86208239560419,0.10387456127712336,-42.75820783432707,0.9360023278886012
232,116.0,97.71270162978921,-42.85925003877409,0.10104271537030035,-42.758207323403795,0.9440787783162431
233,116.5,95.15047195977382,-42.85660002568247,0.09839316583433935,-42.75820685984813,0.9627913465746938
234,117.0,92.77137492009933,-42.85413943811409,0.09593299002291887,-42.75820644809117,0.9855904297600397
235,117.5,90.58144588847782,-42.85187452137265,0.0936684289972535,-42.758206092375396,1.0069694663754916
236,118.0,88.58584808161025,-42.84981061862375,0.09160482193461301,-42.75820579668914,1.0268789674292358
237,118.5,86.78881319647545,-42.84795210944553,0.08974654474668785,-42.75820556469884,1.045273546514315
238,119.0,85.193587061739,-42.84630235357668,0.0880969538788175,-42.758205399697864,1.0621121997232492
239,119.5,83.80238121597353,-42.8448636407721,0.08665833623801406,-42.75820530453408,1.0773585687244631
240,120.0,82.61633133733513,-42.843637147763644,0.08543186620593685,-42.75820528155771,1.0909811814147508
241,120.5,81.63546336021012,-42.842622903170906,0.08441757060080674,-42.7582053325701,1.1029536678604388
242,121.0,80.85866802471931,-42.84181976113824,0.08361430235956668,-42.758205458778676,1.1132549491235881
243,121.5,80.2836845156237,-42.841225384383264,0.08301972361920719,-42.758205660764055,1.1218693967438946
244,122.0,79.90709370637758,-42.84083623717354,0.08263029873057913,-42.75820593844296,1.1287869610906747
245,122.5,79.72432155873133,-42.84064758880452,0.08244129777385388,-42.75820629103067,1.1340032670565836
246,123.0,79.72965303248814,-42.84065352799622,0.08244681094231948,-42.758206717053895,1.1375196762990814
247,123.5,79.91625656883917,-42.84084698819756,0.08263977386009905,-42.75820721433746,1.1393433157240067
248,124.0,80.27621920709177,-42.841219783902865,0.08301200389564452,-42.75820778000722,1.1394870722352193
249,124.5,80.80059228855467,-42.84176265792692,0.08355424742319374,-42.75820841050373,1.1379695544475772
250,125.0,81.4794475323528,-42.842465339414254,0.08425623780962901,-42.75820910160463,1.134815022570588
251,125.5,82.30194313271289,-42.8433166122201,0.0851067637643343,-42.75820984845576,1.1300532881928331
252,126.0,83.25639939919246,-42.84430439316745,0.08609374755721608,-42.758210645610234,1.1237195861984333
253,126.5,84.33038329158882,-42.84541581953995,0.08720433243453166,-42.75821148710542,1.1158544214372679
254,127.0,85.51080102604745,-42.84663734482437,0.0884249783809804,-42.758212366443395,1.1065033922776433
255,127.5,86.7839983269514,-42.847954842474515,0.08974156578814153,-42.75821327668638,1.0957169970895286
256,128.0,88.13586739282563,-42.84935371660893,0.09113950606573795,-42.758214210543194,1.0835504267998601
257,128.5,89.55195923695503,-42.85081901823149,0.0926038578107822,-42.75821516042071,1.0700633460743127
258,129.0,91.01760051586373,-42.85233556611249,0.09411944761752834,-42.75821611849496,1.0553196683661674
259,129.5,92.51801378262844,-42.85388807121357,0.0956709944289749,-42.75821707678459,1.0393873293958267
260,130.0,94.03844004619471,-42.85546126349849,0.09724323627295867,-42.75821802722553,1.0223380636978856
261,130.5,95.56426249791976,-42.85704001995128,0.09882105820525355,-42.758218961746024,1.004247188902725
262,131.0,97.08113025987745,-42.85860949261638,0.10038962027517334,-42.75821987234121,0.9851934023744444
263,131.5,98.5750810153074,-42.86015523548177,0.10193448433522236,-42.758220751146546,0.9652585946976037
264,132.0,100.0326613900216,-42.861663329037945,0.1034417385250572,-42.75822159051289,0.9445276839468549
265,132.5,101.44104398880253,-42.86312050136393,0.10489811829644324,-42.75822238306749,0.923088474296786
266,133.0,102.78814005327578,-42.86451424469568,0.106291122910467,-42.75822312178521,0.9010315450890065
267,133.5,104.06270672963882,-42.865832926410775,0.10760912636091052,-42.75822380004986,0.8784501703696822
268,134.0,105.2544479764519,-42.867065893433605,0.10884148172094357,-42.75822441171266,0.8554402708724334
269,134.5,106.35410821983564,-42.868203569136476,0.10997861799005665,-42.75822495114642,0.8321003990958774
270,135.0,107.35355792398079,-42.86923754187605,0.11101212858078298,-42.75822541329527,0.8260462674388557
271,135.5,108.24587031414715,-42.87016064437607,0.11193485065638964,-42.75822579371968,0.8294859100990484
272,136.0,109.02538856220173,-42.87096702324264,0.11274093460607464,-42.75822608863657,0.8334053684825348
273,136.5,109.6877828181397,-42.87165219797532,0.11342590302010176,-42.75822629495522,0.8378108721097466
274,137.0,110.23009655407095,-42.87221310891766,0.11398669861317337,-42.75822641030449,0.8426983730914892
275,137.5,110.65078177072643,-42.87264815369101,0.11442172063076185,-42.75822643306025,0.8480539097993757
276,138.0,110.94972268715442,-42.87295721171002,0.1147308493461423,-42.75822636236388,0.8538541587052594
277,138.5,111.12824761065967,-42.873141656479376,0.11491545833485485,-42.75822619814452,0.8600671486640569
278,139.0,111.1891284580171,-42.87320435516229,0.11497841397960148,-42.75822594118269,0.8666531072403137
279,139.5,111.13656837323978,-42.8731496555516,0.11492406266603208,-42.758225592885566,0.8735654052208214
280,140.0,110.97617771951778,-42.872983361494825,0.11475820595649712,-42.75822515553833,0.8807515642091536
281,140.5,110.71493775185407,-42.87271269523103,0.11448806302466007,-42.75822463220637,0.888154296332411
282,141.0,110.36115212439628,-42.87234624723266,0.11412222051021646,-42.758224026722445,0.8957125456807357
283,141.5,109.92438665444044,-42.87189391389135,0.11367057023007653,-42.75822334366127,0.9033625055902309
284,142.0,109.41539768966436,-42.871366823421845,0.11314423510437968,-42.758222588317466,0.9110385906131635
285,142.5,108.8460494913987,-42.87077725039719,0.11255548372421713,-42.758221766672975,0.9186743469436448
286,143.0,108.22922112787505,-42.87013851943019,0.11191763407183532,-42.758220885358355,0.9262032897732353
287,143.5,107.57870348832814,-42.86946489863353,0.11124494702501582,-42.75821995160852,0.9335596603022276
288,144.0,106.90908711170616,-42.868771483575706,0.11055251036302836,-42.75821897321268,0.9406790988357984
289,144.5,106.23564161069973,-42.86807407254096,0.10985611408147415,-42.75821795845949,0.9474992311951476
290,145.0,105.57418755904251,-42.86738903398562,0.10917211791355164,-42.758216916072065,0.9539601725384745
291,145.5,104.94096180972154,-42.8667331672027,0.10851731205835996,-42.75821585514434,0.9600049725836017
292,146.0,104.35247726723551,-42.8661235572442,0.10790877217424616,-42.75821478506995,0.9655799559637545
293,146.5,103.82537820055803,-42.86557742522634,0.10736370976088631,-42.75821371546545,0.9706350040209344
294,147.0,103.37629227357354,-42.865111975237404,0.10689931914697182,-42.758212656090436,0.9751237749692321
295,147.5,103.02168051917745,-42.86474423911594,0.10653262235148088,-42.75821161676446,0.9790038668230907
296,148.0,102.77768652944249,-42.86449092041563,0.10628031313429986,-42.758210607281335,0.9822369288887859
297,148.5,102.65998617064956,-42.86436823891131,0.10615860158959654,-42.75820963732171,0.9847887273914967
298,149.0,102.68363915630562,-42.86439177702531,0.1061830606604997,-42.75820871636481,0.9866291705148335
299,149.5,102.86294382248605,-42.86457632956533,0.10636847596523745,-42.75820785360009,0.9877322978028985
300,150.0,103.21129644708108,-42.864935758162204,0.1067287003220341,-42.75820705784017,0.9880762385475745
301,150.5,103.74105642913077,-42.86548285177338,0.10727651433380535,-42.758206337439574,0.9876431403861892
302,151.0,104.46341862530291,-42.86622919457205,0.10802349437390932,-42.75820570019814,0.9864190805624948
303,151.5,105.38829412070396,-42.86718504259553,0.1089798892936695,-42.75820515330186,0.9843939676201052
304,152.0,106.52420057695524,-42.868359210272175,0.11015450703355291,-42.75820470323862,0.9815614039141526
305,152.5,107.87816324202817,-42.869758967996944,0.111554612259456,-42.75820435573749,0.977918548198131
306,153.0,109.45562767878012,-42.8713899518174,0.11318583611706046,-42.75820411570034,0.9734659701997869
307,153.5,111.26038510407719,-42.873256086185215,0.11505209902654012,-42.75820398715867,0.9682074995896286
308,154.0,113.29451111024883,-42.87535952054127,0.11715554731566477,-42.758203973225605,0.9621500725309916
309,154.5,115.55831844053296,-42.877700580446636,0.11949650438584941,-42.758204076060785,0.9553035787405546
310,155.0,118.05032435507957,-42.88027773381209,0.12207343696600309,-42.75820429684609,0.9539050030084038
311,155.5,120.7672329590921,-42.88308757260813,0.12488293683841953,-42.758204635769715,0.9539928465232399
312,156.0,123.70393276038232,-42.88612481032707,0.12791971831309448,-42.758205092013974,0.952777022093455
313,156.5,126.85350956137273,-42.889382295325774,0.1311766315590829,-42.75820566376669,0.950254080925466
314,157.0,130.2072745993386,-42.89285103993576,0.13464469170375032,-42.758206348232015,0.9464250571874817
315,157.5,133.75480773661658,-42.896520265148155,0.13831312349488817,-42.758207141653266,0.9412958467106383
316,158.0,137.48401536051296,-42.90037746051874,0.14216942117383025,-42.75820803934491,0.9348776099493781
317,158.5,141.38120251192058,-42.90440845879485,0.1461994230621868,-42.75820903573266,0.9271872028069751
318,159.0,145.43115863274824,-42.90859752463383,0.15038740023151562,-42.75821012440231,0.9182476399815998
319,159.5,149.61725617417605,-42.91292745663281,0.15471615847211118,-42.758211298160695,0.9080885966488224
320,160.0,153.92156127810884,-42.91737970182139,0.15916715274644225,-42.75821254907495,0.8967469555077191
321,160.5,158.32495563228866,-42.92193448175976,0.1637206131970428,-42.75821386856272,0.8842674074206073
322,161.0,162.807268418729,-42.926570929047145,0.16835568159170147,-42.758215247455446,0.8707031150730151
323,161.5,167.34741725746042,-42.93126723314842,0.1730505570705193,-42.7582166760779,0.8561164499264537
324,162.0,171.92355701194475,-42.93600079433518,0.1777826500225589,-42.75821814431262,0.8405798132441888
325,162.5,176.5132353130186,-42.940748384601754,0.18252874290998827,-42.75821964169177,0.8241765475853585
326,163.0,181.09355355046955,-42.94548631422214,0.1872651567461917,-42.758221157475944,0.8070019392801716
327,163.5,185.64133206899584,-42.95019060265163,0.19196792192154868,-42.758222680730086,0.7891643684358922
328,164.0,190.13327821253247,-42.95483715246935,0.19661295197464998,-42.7582242004947,0.7707865196913707
329,164.5,194.5461557106556,-42.95940192439344,0.20117621875132993,-42.75822570564211,0.7520066767883001
330,165.0,198.85695518755153,-42.963861113829694,0.20563392872451977,-42.75822718510518,0.7329800642679334
331,165.5,203.04306432751162,-42.96819132694316,0.2099626989589214,-42.758228627984245,0.7138801582352546
332,166.0,207.08243551168815,-42.97236975407786,0.21413973046076365,-42.758230023617095,0.6948998443047268
333,166.5,210.9537498986579,-42.9763743394538,0.21814297785017242,-42.75823136160363,0.6762522452132887
334,167.0,214.6365774015859,-42.98018394668459,0.22195131479029875,-42.758232631894295,0.6581709657433231
335,167.5,218.11153126816538,-42.98377851869354,0.22554469383528744,-42.75823382485825,0.6409094221294316
336,168.0,221.36041604958803,-42.98713923069518,0.22890429944197663,-42.7582349312532,0.624738854557242
337,168.5,224.3663686856387,-42.99024863631022,0.23201269386312193,-42.7582359424471,0.6099444588989082
338,169.0,227.11399100921898,-42.99309080458977,0.23485395416762636,-42.75823685042214,0.5968192356043163
339,169.5,229.5894723463049,-42.99565144686696,0.23741379901866064,-42.7582376478483,0.5856552450106922
340,170.0,231.78070153639774,-42.99791803263985,0.2396797045117306,-42.75823832812812,0.5767322521629091
341,170.5,233.67736751949758,-42.99987989364272,0.2416410081896187,-42.7582388854531,0.5703042500658895
342,171.0,235.27104765833408,-43.00152831523097,0.24328900037460466,-42.75823931485637,0.566584967742068
343,171.5,236.55528298548498,-43.00285661424244,0.24461700197997865,-42.758239612262464,0.5657340453349688
344,172.0,237.52563961844479,-43.00386020255313,0.2456204280181136,-42.758239774535014,0.5678458619366183
345,172.5,238.17975563222214,-43.00453663558893,0.2462968360704636,-42.75823979951846,0.5729428281537391
346,173.0,238.51737276664215,-43.00488564515018,0.24664595907543982,-42.758239686074745,0.5809743293412781
347,173.5,238.54035240411997,-43.00490915597132,0.24666972185070093,-42.75823943412062,0.5918213190999233
348,174.0,238.2526753072632,-43.00461128547667,0.24637224082181294,-42.75823904465486,0.605305633662095
349,174.5,237.66042471574033,-43.003998326323575,0.24575980654306517,-42.75823851978051,0.6212023226767159
350,175.0,236.77175249946993,-43.00307871141722,0.2448408486971721,-42.758237862720044,0.639253072565468
351,175.5,235.59682817467527,-43.00186296119632,0.24362588337381358,-42.75823707782251,0.6591790528832387
352,176.0,234.14777071392598,-43.00036361311753,0.2421274425557873,-42.758236170561744,0.6806920445326531
353,176.5,232.43856321927365,-42.99859513340895,0.24035998588423532,-42.758235147524715,0.7035032932816234
354,177.0,230.4849506790209,-42.99657381131998,0.23833979493100074,-42.75823401638898,0.7273300148022993
355,177.5,228.30432114519132,-42.99431763624772,0.2360848503266686,-42.75823278592105,0.7518997999364881
356,178.0,225.9155707034995,-42.99184615799704,0.23361469212876074,-42.75823146586828,0.776953332219822
357,178.5,223.33895349166895,-42.98918033161889,0.23095026472873234,-42.75823006689016,0.8022457186328279
358,179.0,220.59591774059587,-42.986342347862006,0.22811374730547712,-42.75822860055653,0.8275470139431781
359,179.5,217.7089282059446,-42.98335544950401,0.22512837020545565,-42.75822707929856,0.8526421504319072
360,180.0,214.70127686232186,-42.98024373527508,0.22201821918539497,-42.75822551608969,0.8773305274895693
361,180.5,211.59688327971574,-42.97703195368862,0.21880802898562846,-42.758223924702996,0.9014254252617261
362,181.0,208.4200865343121,-42.97374528719768,0.21552296814930771,-42.75822231904837,0.9247533794149765
363,181.5,205.19543131790692,-42.97040913134154,0.21218841784250042,-42.75822071349904,0.947153677753478
364,182.0,201.94744945952684,-42.96704886852267,0.20882974593014642,-42.75821912259252,0.9684777682073721
365,182.5,198.7004387821159,-42.96368963916488,0.20547207829625985,-42.75821756086862,0.9905430752604566
366,183.0,195.4782420933919,-42.9603561130091,0.2021400703028732,-42.75821604270622,1.0110689629821201
367,183.5,192.30402875189654,-42.95707226307317,0.1988576809119371,-42.75821458216124,1.0298403508398324
368,184.0,189.20008124535542,-42.95386114480111,0.1956479519903475,-42.758213192810764,1.046788995718566
369,184.5,186.1875892727787,-42.95074468292171,0.19253279537443846,-42.75821188754727,1.0618527891767178
370,185.0,183.28645399495426,-42.94774346889196,0.18953279044940233,-42.75821067844255,1.0749760998642197
371,185.5,180.5151048308654,-42.94487657129899,0.1866669947021954,-42.7582095765968,1.0861101093851167
372,186.0,177.89033094719272,-42.94216136145706,0.18395276946826244,-42.7582085919888,1.0952131300314427
373,186.5,175.4271296461583,-42.939613356502065,0.18140562315249323,-42.75820773334957,1.1022508944907092
374,187.0,173.13857310527362,-42.93724608161476,0.17903907342750894,-42.75820700818725,1.1071968086677826
375,187.5,171.03569540790033,-42.93507095275983,0.17686453041426506,-42.758206422345566,1.110032159217824
376,188.0,169.12740264764466,-42.93309718380682,0.17489120372283587,-42.758205980083986,1.110746272613679
377,188.5,167.42040656027817,-42.931331718003534,0.17312603382253494,-42.758205684181,1.1093366228630064
378,189.0,165.9191813613897,-42.92977918321147,0.17157364740860975,-42.758205535802865,1.1058088805486321
379,189.5,164.6259446071834,-42.92844187210643,0.17023633761078263,-42.75820553449565,1.1001769028498607
380,190.0,163.5406624053709,-42.92731974758419,0.16911406938172813,-42.758205678202465,1.0924626650542089
381,190.5,162.66107869087932,-42.926410473087174,0.16820450977048687,-42.75820596331668,1.0826961351985884
382,191.0,161.98276786580462,-42.92570946710346,0.16750308235636938,-42.75820638474709,1.0709150941464594
383,191.5,161.49920983475673,-42.92520998085116,0.1670030448414789,-42.75820693600968,1.0571649021860245
384,192.0,161.20188596401718,-42.92490319763995,0.16669558828012257,-42.75820760935983,1.0414981557684115
385,192.5,161.08039471490784,-42.924778352456364,0.1665699566529238,-42.75820839580344,1.023974498037138
386,193.0,161.12258529147897,-42.924822870437076,0.16661358506917553,-42.7582092853679,1.0055249763713165
387,193.5,161.3147068262964,-42.925022521239946,0.16681225403682534,-42.75821026720312,0.9865942594925136
388,194.0,161.64157093012682,-42.92536158729519,0.16715025755179555,-42.758211329743396,0.9663292447101486
389,194.5,162.0867253517481,-42.92582304354637,0.16761058267605755,-42.75821246087032,0.9448543761124937
390,195.0,162.63263632475838,-42.926388746176755,0.16817509809875453,-42.758213648078,0.9223051810438903
391,195.5,163.2608771601628,-42.927039627793114,0.16882474915595563,-42.75821487863716,0.8988286398756006
392,196.0,163.9523206534236,-42.927755896549726,0.16953975679486935,-42.75821613975486,0.8745836840112184
393,196.5,164.68733293178124,-42.92851723675479,0.17029981802741156,-42.758217418727384,0.8497418283619518
394,197.0,165.44596646410017,-42.92930300860148,0.1710843055177574,-42.75821870308372,0.8244879324232711
395,197.5,166.20815006169735,-42.930092444787334,0.17187246405832984,-42.758219980729,0.7990210646098261
396,198.0,166.95387385938182,-42.93086484189629,0.1726436018549264,-42.75822124004136,0.7735554148201226
397,198.5,167.6633675737525,-42.93159974484052,0.17337727485999577,-42.758222469980524,0.7665137017639279
398,199.0,168.31727047096865,-42.93227712272477,0.17405346253284876,-42.75822366019192,0.7605533515671794
399,199.5,168.89679156731984,-42.932877534573976,0.1746527334998061,-42.75822480107417,0.7540310551261443
400,200.0,169.38385891038305,-42.93338228375949,0.17515639992280366,-42.75822588383669,0.7469677613604987
401,200.5,169.7612570432099,-42.93377356019134,0.17554665964830982,-42.75822690054303,0.739385193276605
402,201.0,170.01275195020438,-42.93403456955105,0.1758067254113137,-42.75822784413974,0.7313058230455544
403,201.5,170.12320297940644,-42.93414964904619,0.1759209405718801,-42.75822870847431,0.722752861281884
404,202.0,170.07866148365454,-42.93410436940206,0.17587488111796715,-42.75822948828409,0.7137502605770035
405,202.5,169.86645610904768,-42.9338856230597,0.1756554438604887,-42.75823017919922,0.7043227330409272
406,203.0,169.47526478121247,-42.93348169859015,0.17525092087284744,-42.7582307777173,0.6944957816613251
407,203.5,168.89517362327683,-42.93288234159088,0.1746510604168118,-42.75823128117407,0.6842957449398254
408,204.0,168.117723183718,-42.93207880245548,0.17384711474579262,-42.75823168770969,0.6737498540602816
409,204.5,167.1359423890912,-42.93106387144676,0.17283187521466847,-42.75823199623209,0.6628863015714536
410,205.0,165.94437092141217,-42.929831901751456,0.1715996954197813,-42.75823220633168,0.6517343204255452
411,205.5,164.53907072388972,-42.92837882137115,0.1701465030967804,-42.758232318274366,0.6403242719264488
412,206.0,162.91762719026937,-42.92670213428425,0.16846980135049824,-42.75823233293375,0.6286877404734864
413,206.5,161.07914078822532,-42.92480091173056,0.16656865999287077,-42.75823225173769,0.6168576328520419
414,207.0,159.02420990070607,-42.92267577441476,0.16444369779952225,-42.75823207661524,0.6057521809657033
415,207.5,156.754905642462,-42.92032886641276,0.16209705646804912,-42.75823180994471,0.6222954675994836
416,208.0,154.2747393984464,-42.91776382155385,0.1595323670501414,-42.75823145450371,0.6409668142172772
417,208.5,151.58862380885222,-42.914985723028636,0.15675470960700355,-42.758231013421636,0.6614832896306424
418,209.0,148.70282789410248,-42.912001056940376,0.1537705668050207,-42.758230490135354,0.6835690205813203
419,209.5,145.62492696624307,-42.90881766047567,0.15058777212014968,-42.75822988835552,0.7069616508103479
420,210.0,142.36374753269712,-42.90544466497981,0.14721545286401314,-42.7582292121158,0.7314162308689969
421,210.5,138.92930833204798,-42.90189243465601,0.14366396921020333,-42.75822846544581,0.7567071153601737
422,211.0,135.33275847464787,-42.898172502865485,0.13994485022674474,-42.75822765263874,0.7826283064491142
423,211.5,131.5863123561473,-42.89429750469585,0.13607072657150016,-42.758226778124346,0.8089927760661723
424,212.0,127.70318176601525,-42.89028110673414,0.13205526028697365,-42.75822584644717,0.8356312924711142
425,212.5,123.6975057022771,-42.88613793448383,0.12791307222315978,-42.75822486226067,0.8623909094367853
426,213.0,119.58427810109832,-42.88188349760875,0.12365966730417773,-42.75822383030457,0.8891333360864664
427,213.5,115.37927370687801,-42.877534113313665,0.11931135787204417,-42.75822275544162,0.9157333069855207
428,214.0,111.0989721921576,-42.873106827741424,0.11488518522061573,-42.75822164252081,0.9420770543724565
429,214.5,106.76048126673174,-42.86861933654036,0.11039884008428608,-42.758220496456076,0.9680609515488744
430,215.0,102.3814588027429,-42.864089904344716,0.10587058210913167,-42.75821932223558,0.993590211610656
431,215.5,97.98003358505959,-42.85953728279996,0.10131915790249144,-42.75821812489747,1.0185777894782917
432,216.0,93.57472501723288,-42.85498062752881,0.09676371800253111,-42.75821690952628,1.042943427279835
433,216.5,89.18436190354647,-42.85043941414312,0.0922237328924148,-42.758215681250704,1.0666128368202545
434,217.0,84.82800038751928,-42.84593335338366,0.0877189081421812,-42.75821444524148,1.08951700694882
435,217.5,80.52484112380402,-42.84148230546678,0.0832690987578903,-42.758213206708895,1.1115916228930756
436,218.0,76.29414576464198,-42.83710619372161,0.07889422282196656,-42.758211970899644,1.1327765847963978
437,218.5,72.15515285187988,-42.83282491761142,0.07461417451884594,-42.758210743092576,1.1530156133615754
438,219.0,68.12699322115684,-42.82865826524887,0.07044873665616794,-42.7582095285927,1.172255931393213
439,219.5,64.22860504669934,-42.82462582553842,0.06641749281432777,-42.75820833272409,1.1904480109024134
440,220.0,60.478648673466985,-42.82074690009717,0.06253973927613223,-42.75820716082104,1.20754537685333
441,220.5,56.8954214120276,-42.817040415133704,0.05883439691791478,-42.75820601821579,1.2235044590883903
442,221.0,53.49677250865881,-42.81352483350656,0.055319923281848794,-42.75820491022471,1.2382844847483678
443,221.5,50.30001852223497,-42.81021806720953,0.05201422506890917,-42.758203842140624,1.2518474045461985
444,222.0,47.32185931340689,-42.807137390462714,0.04893457126499352,-42.75820281919772,1.2641578469468417
445,222.5,44.5782951808804,-42.804299353989705,0.046097507453234945,-42.75820184653647,1.2751830944159253
446,223.0,42.08454545329585,-42.801719700852296,0.043518771631521964,-42.75820092922077,1.284893076831236
447,223.5,39.85496869085133,-42.79941328388601,0.04121321169462184,-42.758200072191386,1.293260378036001
448,224.0,37.90298500371755,-42.79739398534273,0.039194705105234914,-42.75819928023749,1.3002602512665697
449,224.5,36.24100096201272,-42.7956746392115,0.03747608124492845,-42.75819855796657,1.3058706398439281
450,225.0,34.88033756151948,-42.794266956697946,0.03606904692495106,-42.758197909772996,1.3100721999315754
451,225.5,33.83116173322941,-42.793181455366,0.034984115561647176,-42.758197339804354,1.3128483225375756
452,226.0,33.10242189742613,-42.79242739246307,0.03423054053424643,-42.75819685192882,1.3141851522868497
453,226.5,32.70178807501685,-42.792012702953514,0.03381625325521089,-42.7581964496983,1.314071600841427
454,227.0,32.63559707355771,-42.79194394280644,0.033747806488219935,-42.75819613631822,1.3124993532624862
455,227.5,32.908803244360165,-42.792226238040435,0.03403032342709645,-42.75819591461334,1.3094628658166665
456,228.0,33.52493529904978,-42.79286324003675,0.0346674530406895,-42.75819578699606,1.3049593541144924
457,228.5,34.48605966006932,-42.79385708761092,0.03566133217437577,-42.75819575543654,1.2989887707852616
458,229.0,35.79275078514583,-42.79520837629977,0.037012554863195074,-42.75819582143657,1.2915537702811646
459,229.5,37.444068847959315,-42.796916135257966,0.03872014925188437,-42.75819598600608,1.282659653003104
460,230.0,39.4375451777867,-42.7989778121676,0.04078156253830988,-42.75819624962929,1.272314333443714
461,230.5,41.76917579269314,-42.80138926654803,0.043192654286272,-42.758196612261756,1.260528266607327
462,231.0,44.43342323021786,-42.80414477163,0.045947698318580206,-42.75819707331142,1.2473143685579242
463,231.5,47.42322687159156,-42.807237025021976,0.049039393393116054,-42.75819763162886,1.2326879304093845
464,232.0,50.73002189865986,-42.81065716830878,0.05245888280580181,-42.75819828550298,1.216666523835553
465,232.5,54.343766939658764,-42.81439481563941,0.05619578297853398,-42.758199032660876,1.1992698992366908
466,233.0,58.252980387869144,-42.81843809128839,0.06023822101556448,-42.758199870272826,1.180519877847485
467,233.5,62.44478530471984,-42.822773676099,0.06457288113688534,-42.758200794962114,1.1604402391908484
468,234.0,66.90496274454365,-42.82738686263992,0.0691850598202732,-42.75820180281965,1.1390566053734386
469,234.5,71.61801326546427,-42.8322616188318,0.0740587294084452,-42.75820288942336,1.1163963237869634
470,235.0,76.56722632038122,-42.837380659726925,0.07917660986486368,-42.75820404986206,1.0924883498245146
471,235.5,81.7347571547958,-42.84272552705553,0.08452024829221241,-42.75820527876331,1.067363131246932
472,236.0,87.1017107752759,-42.84827667608786,0.09007010576247652,-42.758206570325385,1.0410524958441074
473,236.5,92.64823249457312,-42.854013569300236,0.09580565094780462,-42.75820791835243,1.0135895440367226
474,237.0,98.35360450752039,-42.859914776280355,0.10170545998767827,-42.75820931629268,0.9850085480627662
475,237.5,104.19634790644278,-42.86595807926028,0.10774732198097142,-42.75821075727931,0.9553448594014329
476,238.0,110.15432948654862,-42.87212058361584,0.11390834943123071,-42.75821223418461,0.9246348261471866
477,238.5,116.2048726471673,-42.8783788325636,0.12016509292738768,-42.75821373963621,0.8929157223402907
478,239.0,122.32487180681937,-42.88470892554397,0.12649365945805333,-42.75821526608591,0.8602256846836935
479,239.5,128.49090964399383,-42.891086639490375,0.13286983364781885,-42.75821680584256,0.8266036771449671
480,240.0,134.67937635785705,-42.89748755221383,0.13926920108232674,-42.758218351131504,0.7920894711935413
481,240.5,140.86659026527053,-42.9038871671432,0.1456672730151915,-42.75821989412801,0.7567236411765524
482,241.0,147.02891902635153,-42.91026103873603,0.15203961172488384,-42.75822142701115,0.7205475898825847
483,241.5,153.142900781207,-42.916584897785285,0.15836195577976087,-42.758222942005524,0.6871110071264275
484,242.0,159.18536450253495,-42.92283477591692,0.1646103444922409,-42.75822443142468,0.6685916155127343
485,242.5,165.13354889300152,-42.9289871285814,0.17076124086816044,-42.75822588771324,0.650164102183977
486,243.0,170.9652191693787,-42.93501895585844,0.17679165237087321,-42.758227303487566,0.6319730260549616
487,243.5,176.6587810971078,-42.940907920417125,0.1826792488420706,-42.758228671575054,0.6257289854308747
488,244.0,182.193391644989,-42.946632461983754,0.18840247692754328,-42.75822998505621,0.6283233175400111
489,244.5,187.54906568857803,-42.95217190770679,0.19394067041699126,-42.7582312372898,0.6302385468251842
490,245.0,192.7067781700305,-42.9575065778478,0.19927415588543898,-42.75823242196236,0.6314759222159908
491,245.5,197.6485612563915,-42.96261788625385,0.20438435316264442,-42.75823353309121,0.6320385632800246
492,246.0,202.35759596590535,-42.96748843517934,0.20925387008200072,-42.75823456509734,0.6319315032741595
493,246.5,206.81829772608646,-42.97210210374723,0.21386659095439517,-42.75823551279284,0.6311616480150362
494,247.0,211.0163954717801,-42.976444129801614,0.21820775836190343,-42.75823637143971,0.6297377812725884
495,247.5,214.93900377795495,-42.9805011845157,0.22226404774884193,-42.75823713676686,0.6276705888482571
496,248.0,218.57468761034443,-42.9842614393747,0.2260236343790875,-42.75823780499561,0.6249726717287644
497,248.5,221.9135192902705,-42.98771462511908,0.2294762522422422,-42.75823837287684,0.6216585643041339
498,249.0,224.94712732694506,-42.99085208222489,0.23261324455012158,-42.75823883767477,0.6177447592575865
499,249.5,227.6687368632426,-42.99366680278812,0.23542760556090517,-42.75823919722721,0.6171109048136073
500,250.0,230.07320134746826,-42.99615346328659,0.23791401333026665,-42.75823944995632,0.6201328955303014
501,250.5,232.15702495609287,-42.99830844780421,0.24006885289826788,-42.758239594905945,0.6225508887581797
502,251.0,233.91837579191474,-43.00012986160938,0.2418902299373092,-42.75823963167207,0.6243653520162359
503,251.5,235.35708972086263,-43.00161753523332,0.24337797471968914,-42.75823956051363,0.6255780502400333
504,252.0,236.4746643676049,-43.002773018244696,0.24453363590858637,-42.75823938233611,0.6261920150279098
505,252.5,237.274243107443,-43.00359956269505,0.24536046400440245,-42.75823909869065,0.6262115235770953
506,253.0,237.76058906499972,-43.004102096242036,0.24586338445733483,-42.7582387117847,0.625642087165492
507,253.5,237.9400490404569,-43.00428718484672,0.24604896036423365,-42.75823822448248,0.624490449131994
508,254.0,237.820507439936,-43.00416298511372,0.24592534482894624,-42.758237640284776,0.6227645932803276
509,254.5,237.41133032482537,-43.00373918646142,0.24550222310486572,-42.75823696335655,0.6204737627884003
510,255.0,236.72329955405442,-43.00302694297407,0.2447907444927973,-42.75823619848127,0.6176284892896827
511,255.5,235.76853741906032,-43.00203879546082,0.24380344440751198,-42.75823535105331,0.6142406313429308
512,256.0,234.56042207302983,-43.0007885839879,0.24255415692484725,-42.75823442706305,0.6293197177693958
513,256.5,233.1134940360078,-42.999291351159755,0.24105791810054325,-42.75823343305921,0.6448938331553524
514,257.0,231.44335432996488,-42.99756323674523,0.23933086063379025,-42.75823237611144,0.6604094488560555
515,257.5,229.5665548481848,-42.99562136426675,0.23739010050044423,-42.75823126376631,0.6757488348831994
516,258.0,227.5004814455034,-42.99348372020406,0.23525361605902292,-42.758230104145035,0.6908054219345332
517,258.5,225.2632292358692,-42.99116902479508,0.2329401190984525,-42.758228905696626,0.7239163809788087
518,259.0,222.87347414110724,-42.988696598791414,0.23046892200925911,-42.758227676782155,0.7575894435376901
519,259.5,220.35034201192073,-42.98608622872272,0.22785980244426154,-42.758226426278455,0.7900277570849189
520,260.0,217.71327296656648,-42.983358026277386,0.22513286303395744,-42.75822516324343,0.821161283579849
521,260.5,214.9818831126397,-42.980532285157196,0.22230838839583617,-42.75822389676136,0.8509223173682836
522,261.0,212.17582541112208,-42.977629337194,0.2194067012567238,-42.75822263593728,0.8792456934159819
523,261.5,209.31465084383305,-42.97466940866542,0.21644801888887089,-42.75822138977655,0.9060690381942709
524,262.0,206.4176711493956,-42.97167247827619,0.21345231116800953,-42.75822016710818,0.9313330514151574
525,262.5,203.50382444144222,-42.968658138103585,0.21043916161187587,-42.75821897649171,0.9549818081071343
526,263.0,200.59154506369387,-42.96564545892826,0.20742763279999712,-42.75821782612826,0.9769630726650177
527,263.5,197.69863899746989,-42.96265286131046,0.20443613753513412,-42.75821672377533,0.9972286172866373
528,264.0,194.84216596238312,-42.95969799365091,0.2014823169260106,-42.7582156767249,1.015734538013532
529,264.5,192.03832944356688,-42.956797618219056,0.19858292666670746,-42.75821469155235,1.032441562461817
530,265.0,189.30237611651592,-42.95396750728328,0.19575373303393867,-42.75821377424934,1.0473153416178282
531,265.5,186.64850553493878,-42.951222349517025,0.1930094194970979,-42.75821293001993,1.0603267219872885
532,266.0,184.08979031095586,-42.94857566777965,0.19036350417822662,-42.75821216360142,1.0714519919769563
533,266.5,181.6381067642342,-42.94603974664482,0.18782826813769612,-42.75821147850713,1.0806731016160689
534,267.0,179.3040794361864,-42.94362557545715,0.18541469799747048,-42.758210877459675,1.0879778442909112
535,267.5,177.09703997569167,-42.941342805765245,0.18313244342566765,-42.758210362339575,1.0933600008817574
536,268.0,175.02499795145604,-42.939199721171455,0.1809897869542155,-42.75820993421724,1.0968194486555791
537,268.5,173.09462434780065,-42.937203220213874,0.17899362691218235,-42.75820959330169,1.098362227184544
538,269.0,171.31124786958458,-42.935358812574044,0.17714947360477304,-42.75820933896927,1.098000561344696
539,269.5,169.67886382313833,-42.93367062829175,0.17546145849692135,-42.75820916979483,1.0957528412839632
540,270.0,168.20015505925926,-42.93214143946554,0.17393235587001526,-42.758209083595524,1.091643559962358
541,270.5,166.87652432259932,-42.93077269376112,0.17256361627374012,-42.75820907748738,1.0857032199497003
542,271.0,165.70813723328982,-42.92956455890954,0.17135541097250176,-42.75820914793704,1.0779681724571952
543,271.5,164.6939749809328,-42.928515977279545,0.17030668643521016,-42.758209290844334,1.068480435678327
544,272.0,163.8318956550655,-42.9276247293693,0.16941522775586407,-42.758209501613436,1.0572874885397343
545,272.5,163.1187030850872,-42.9268875050727,0.16867772983951784,-42.75820977523318,1.0444420275267547
546,273.0,162.55022200631498,-42.92629998148995,0.1680898751299693,-42.758210106359975,1.0300016989184342
547,273.5,162.121378316646,-42.92585690600407,0.16764641660154028,-42.75821048940253,1.014028811777312
548,274.0,161.82628315999125,-42.925552183314046,0.16734126470804345,-42.758210918606004,0.9965900375378054
549,274.5,161.65831960941085,-42.92537896515158,0.16716757702004786,-42.758211388131535,0.9777561027704527
550,275.0,161.6102307194015,-42.92532974141105,0.1671178492779566,-42.75821189213309,0.957601482245832
551,275.5,161.67420780656684,-42.92539643151309,0.16718400668125058,-42.75821242483184,0.9362040996521622
552,276.0,161.84197785597772,-42.925570474862056,0.16735749427362637,-42.75821298058843,0.9136450442413253
553,276.5,162.10488898206424,-42.92584291928037,0.16762936531636444,-42.758213553964005,0.8900083094838616
554,277.0,162.4539929591773,-42.926204506417996,0.1679903666315028,-42.758214139786496,0.8653805072299449
555,277.5,162.88012416484517,-42.926645753378125,0.16843102023545117,-42.75821473314267,0.8398507924660829
556,278.0,163.37397429796076,-42.9271570300804,0.16894170060354746,-42.758215329476855,0.8153049918248853
557,278.5,163.92616212984913,-42.92772863139375,0.16951270679821634,-42.75821592459553,0.7919704495941016
558,279.0,164.52729784167855,-42.92835084369787,0.1701343289989762,-42.758216514698894,0.7793689223594268
559,279.5,165.1680415810131,-42.92901400544717,0.17079690905457817,-42.75821709639259,0.7839500923492009
560,280.0,165.83915604810502,-42.92970856154809,0.17149089486142016,-42.75821766668667,0.78770528082712
561,280.5,166.53155286666873,-42.93042511140149,0.17220688831462036,-42.75821822308687,0.7906268449531828
562,281.0,167.2363326004581,-42.93115445004521,0.17293568668834505,-42.758218763356865,0.7927101301289926
563,281.5,167.9448192868928,-42.93188760404256,0.17366831834632843,-42.75821928569623,0.7939533171642991
564,282.0,168.6485894122453,-42.93261586140052,0.1743960727045237,-42.758219788695996,0.7943575831312476
565,282.5,169.33949491572275,-42.93333079532108,0.1751105240191557,-42.75822027130193,0.7939271589740234
566,283.0,170.0096808676756,-42.93402428245735,0.1758035496673965,-42.75822073278995,0.7926693798710427
567,283.5,170.6515981985287,-42.93468851604919,0.176467343310094,-42.7582211727391,0.7905947352261463
568,284.0,171.25801188031423,-42.93531601435404,0.1770944233521285,-42.75822159100191,0.787716919252934
569,284.5,171.82200499689534,-42.935899624824934,0.17767763715134804,-42.758221987673586,0.7840528832459556
570,285.0,172.33697916401587,-42.936432524512824,0.17821016145293334,-42.75822236305989,0.7796228907424191
571,285.5,172.79665177690268,-42.93690821718785,0.17868549954319943,-42.75822271764465,0.7744505768615372
572,286.0,173.19505057207232,-42.93732052768321,0.17909747562607056,-42.75822305205714,0.7685630131530615
573,286.5,173.5265059867124,-42.93766359396674,0.17944022692207212,-42.758223367044664,0.7619907829452421
574,287.0,173.78564162711032,-42.93793185728116,0.17970819381192674,-42.75822366346923,0.7547681843595798
575,287.5,173.96736361809755,-42.93812005098244,0.1798961088230316,-42.75822394215941,0.7469331321278663
576,288.0,174.06684945583575,-42.93822318911284,0.17999898510235138,-42.75822420401049,0.7385272511965746
577,288.5,174.0795364259866,-42.93823655435105,0.18001210443988355,-42.75822444991117,0.7295960480628073
578,289.0,174.00111001842154,-42.93815568600557,0.17993100528854564,-42.75822468071703,0.7201890292267656
579,289.5,173.8274928321093,-42.93797636851671,0.17975147129094515,-42.758224897225766,0.710359827989655
580,290.0,173.55483420851746,-42.93769462078566,0.17946952055949134,-42.75822510022617,0.7081198636718411
581,290.5,173.17950045556958,-42.93730668601951,0.1790813955671882,-42.75822529045232,0.7167280410828702
582,291.0,172.69806674586223,-42.93680902300052,0.1785835547697458,-42.758225468230776,0.7248483797723543
583,291.5,172.10731211717572,-42.93619830133912,0.17797266743570997,-42.75822563390341,0.732459704931044
584,292.0,171.40421653650515,-42.935471398282495,0.17724561061043687,-42.75822578767206,0.7395432980703743
585,292.5,170.5859595034207,-42.93462539728297,0.17639946767185608,-42.758225929611115,0.7460830849550941
586,293.0,169.64992081307037,-42.9336575887299,0.17543152911947626,-42.75822605961042,0.752065799727624
587,293.5,168.59368422550205,-42.932565473659174,0.17433929636875653,-42.75822617729042,0.7574812539928482
588,294.0,167.4150442632739,-42.93134677092203,0.1731204887803767,-42.758226282141656,0.7623225088328931
589,294.5,166.11201558433615,-42.929999426818114,0.17177305335254378,-42.75822637346557,0.7665860507132254
590,295.0,164.68284504703846,-42.92852162757091,0.1702951771971703,-42.75822645037374,0.7702719780029337
591,295.5,163.12602657778115,-42.92691181470487,0.16868530291420974,-42.75822651179066,0.7733841782672688
592,296.0,161.4403187939105,-42.92516870327415,0.16694214681513397,-42.75822655645902,0.7759304940206974
593,296.5,159.62476529337607,-42.92329130285161,0.1650647199040544,-42.75822658294756,0.7779228737881771
594,297.0,157.67871748259634,-42.92127894114527,0.16305235148355351,-42.75822658966172,0.7793775049886559
595,297.5,155.60185975162358,-42.919131290061564,0.16090471518781005,-42.75822657487375,0.7803149264513997
596,298.0,153.3942366150574,-42.916848393770955,0.15862185704846513,-42.75822653672249,0.7807601276625507
597,298.5,151.0562819495952,-42.91443069890739,0.156204225728578,-42.75822647317881,0.7807425786024051
598,299.0,148.58885011494533,-42.911879086854285,0.15365270470412876,-42.758226382150156,0.7802962452726557
599,299.5,145.99324824497634,-42.90919490712627,0.15096864565563817,-42.75822626147063,0.7794595698014731
600,300.0,143.27126944762907,-42.90638001172828,0.14815390279952104,-42.75822610892876,0.7782753882669841
601,300.5,140.42522656803294,-42.90343679009127,0.14521086780183728,-42.758225922289434,0.7767907920368834
602,301.0,137.45798611699485,-42.90036820418962,0.14214250486305144,-42.758225699326566,0.7750569221763409
603,301.5,134.37300191700524,-42.89717782336313,0.1389523855106827,-42.758225437852445,0.7731286876730052
604,302.0,131.17434799217193,-42.89386985835979,0.1356447226101157,-42.758225135749676,0.7710643991764247
605,302.5,127.86675021709488,-42.89044919409631,0.13222440309205766,-42.75822479100425,0.7689253080443321
606,303.0,124.45561620537013,-42.88692142061033,0.12869701885963178,-42.758224401750695,0.7667750454463348
607,303.5,120.94706255483415,-42.883292861324584,0.1250688949621296,-42.75822396636246,0.7646789560285764
608,304.0,117.34793953991756,-42.87957059837541,0.12134711512887153,-42.75822348324654,0.76270332236113
609,304.5,113.66585305095174,-42.875762495605436,0.1175395444561968,-42.758222951149236,0.7609144861328806
610,305.0,109.90918242787858,-42.87187721694543,0.11365484784893987,-42.75822236909649,0.759377868398817
611,305.5,106.08709367575793,-42.867924240115364,0.10970250368631757,-42.75822173642905,0.7581569023204447
612,306.0,102.20954773060774,-42.863913865206285,0.105692812369466,-42.75822105283682,0.7573118975183363
613,306.5,98.2873032617117,-42.85985721761109,0.10163689921924997,-42.75822031839184,0.7568988615214245
614,307.0,94.33191351270874,-42.855766244793266,0.09754671120969782,-42.75821953358357,0.756968309860421
615,307.5,90.35571664783352,-42.85165370633732,0.09343500698524536,-42.75821869935208,0.7575641006517265
616,308.0,86.3718192953573,-42.84753315692433,0.08931533984334304,-42.75821781708098,0.7587223385300763
617,308.5,82.39407294914396,-42.84341892199205,0.08520203333178555,-42.758216888660264,0.7604703857589367
618,309.0,78.43704274847464,-42.83932606545714,0.08111014896456406,-42.75821591649258,0.7628260208959553
619,309.5,74.51596836940813,-42.83527034928928,0.07705544578041826,-42.758214903508865,0.7698666967194471
620,310.0,70.64671683626811,-42.831268184725225,0.07305433154615606,-42.75821385317907,0.7878663174029731
621,310.5,66.84572711114215,-42.82733657497539,0.0691238054577826,-42.758212769517606,0.8058957787060816
622,311.0,63.12994640149353,-42.82349304936046,0.0652813922774984,-42.75821165708296,0.8238806950209212
623,311.5,59.51675821617255,-42.81975558890861,0.06154506793788545,-42.75821052097073,0.8417493006248519
624,312.0,56.023902297234336,-42.816142543545055,0.05793317674503006,-42.758209366800024,0.8594323491777676
625,312.5,52.66938665849351,-42.81267254111193,0.054464340419383146,-42.75820820069254,0.876863008540021
626,313.0,49.47139207091913,-42.80936438857012,0.05115735932605181,-42.75820702924406,0.8939767589974495
627,313.5,46.44816944798029,-42.80623696585136,0.048031106363074345,-42.758205859488285,0.9107113005835943
628,314.0,43.617930699528905,-42.80330911294854,0.04510441409564261,-42.7582046988529,0.9270064732502272
629,314.5,40.99873373887029,-42.800599510952075,0.042395955844254936,-42.75820355510782,0.9452390320146583
630,315.0,38.60836244223823,-42.79812655785935,0.039924121553253256,-42.75820243630609,0.9652252021297436
631,315.5,36.46420244449874,-42.7959082400803,0.03770688935368908,-42.758201350726615,0.984291975246707
632,316.0,34.58311381662869,-42.7939620006743,0.035761693901696416,-42.7582003067726,1.0023912943744444
633,316.5,32.98130178852895,-42.792304605618725,0.03410529269558482,-42.75819931292314,1.0194773748056654
634,317.0,31.674186650162557,-42.7909520091825,0.03275363154325515,-42.75819837763924,1.0355068557038658
635,317.5,30.67627407047463,-42.78991921973805,0.03172171046163489,-42.75819750927642,1.0504389483099283
636,318.0,30.00102718639312,-42.78922016740129,0.031023451406518052,-42.75819671599477,1.064235578926335
637,318.5,29.66074182066529,-42.78886757490557,0.030671569237870355,-42.7581960056677,1.076861524854378
638,319.0,29.666426204685862,-42.78887283313439,0.03067744734365462,-42.758195385790735,1.0882845415646552
639,319.5,30.027686578758857,-42.789245882733454,0.031051019341390658,-42.75819486339206,1.0984754795016183
640,320.0,30.752620014958378,-42.78999510319538,0.03180065824845769,-42.75819444494692,1.1074083890628101
641,320.5,31.847715760412264,-42.79112721075682,0.03293307446319256,-42.758194136293625,1.1150606124560218
642,321.0,33.31776633690677,-42.792647166394715,0.034453223834800935,-42.75819394255991,1.1214128613075807
643,321.5,35.16578953008475,-42.79455809508849,0.03636422699397537,-42.758193868094516,1.1264492791152225
644,322.0,37.39296228579314,-42.79686121740412,0.038667300996454115,-42.75819391640767,1.1301574878554927
645,322.5,39.99856741046328,-42.799555794328484,0.04136170420696955,-42.75819409012151,1.1325286182932224
646,323.0,42.979953822516,-42.80263908612737,0.044444695196035444,-42.75819439093134,1.1335573238001693
647,323.5,46.33251094184661,-42.80610632583472,0.04791150625663478,-42.75819481957809,1.13324177776014
648,324.0,50.04965763472878,-42.809950707805214,0.051755331972370006,-42.75819537583284,1.1315836549178733
649,324.5,54.122845955276496,-42.81416339157962,0.055967333086432564,-42.75819605849318,1.128588097316043
650,325.0,58.5415797455861,-42.81873352112713,0.06053665573563117,-42.7581968653915,1.124263665754993
651,325.5,63.29344797858173,-42.82364825934455,0.06545046592954941,-42.758197793415,1.1186222780008552
652,326.0,68.3641725540907,-42.828892837512136,0.07069399897549417,-42.75819883853664,1.1116791352561088
653,326.5,73.73767009329919,-42.83445061923527,0.07625062337888416,-42.75819999585639,1.103452638692121
654,327.0,79.39612712273319,-42.840303178241136,0.08210191858947397,-42.75820125965166,1.093964298121906
655,327.5,85.32008789914626,-42.84643038925527,0.08822776581928227,-42.758202623435984,1.0832386351660421
656,328.0,91.48855400359409,-42.85281053105512,0.09460645103079679,-42.75820408002432,1.0713030835344217
657,328.5,97.8790947303295,-42.85942040069073,0.10121477908788308,-42.75820562160285,1.0581878892942556
658,329.0,104.46796721247759,-42.86623543778238,0.10802819797529953,-42.75820723980708,1.0439260140465416
659,329.5,111.23024514391025,-42.8732298577046,0.11502093190736704,-42.758208925797234,1.028553045100202
660,330.0,118.13995493328919,-42.88037679245853,0.12216612212209285,-42.75821067033643,1.0121071161563744
661,330.5,125.17021811336207,-42.88764843801385,0.12943597414372443,-42.75821246387012,0.9946288422099432
662,331.0,132.2933988031595,-42.89501620687393,0.136801910270405,-42.758214296603526,0.9761612733650771
663,331.5,139.48125504075466,-42.90245088464111,0.14423472606429916,-42.758216158576815,0.9567498724982043
664,332.0,146.70509283485328,-42.90992278939023,0.15170474965320582,-42.758218039737024,0.9364425222500654
665,332.5,153.935921826806,-42.91740193270351,0.1591820026974759,-42.758219930006035,0.9152895675109264
666,333.0,161.14461150749824,-42.92485818127616,0.16663636193071757,-42.75822181934544,0.8933439010812557
667,333.5,168.3020469647442,-42.93226141803389,0.17403772021500552,-42.758223697818885,0.8706611141373072
668,334.0,175.37928329681847,-42.93958170184292,0.18135614621677026,-42.75822555562615,0.8472996694473276
669,334.5,182.34769787140561,-42.94678942502859,0.18856204185467784,-42.75822738317391,0.8233211685513615
670,335.0,189.17913958081888,-42.95385546775313,0.1956262966414128,-42.758229171111715,0.7987907083247089
671,335.5,195.84607434665858,-42.96075134854662,0.202520438147083,-42.75823091039954,0.7737773307890813
672,336.0,202.32172615762525,-42.96744937011554,0.20921677784355086,-42.75823259227199,0.7483545894255307
673,336.5,208.58021342323772,-42.97392276041488,0.21568855210503685,-42.758234208309844,0.7226012562896109
674,337.0,214.59668007245872,-42.98014580825944,0.22191005777453937,-42.7582357504849,0.6966021936527987
675,337.5,220.3474206003977,-42.98609399264225,0.22785678147208416,-42.75823721117017,0.670449416379807
676,338.0,225.80999872937525,-42.991744105497986,0.23350552229971505,-42.75823858319827,0.6442433761570544
677,338.5,230.96335914724168,-42.99707436721048,0.23883450738781442,-42.758239859822666,0.6180944978025584
678,339.0,235.78793233538178,-43.00206453501727,0.24382350029560856,-42.75824103472166,0.5921249896652735
679,339.5,240.26573236311808,-43.00669600422272,0.24845390213836904,-42.758242102084346,0.5664709417695727
680,340.0,244.38044687341375,-43.0109519012519,0.2527088446397961,-42.7582430566121,0.5412846915653095
681,340.5,248.1175188737827,-43.014817168249465,0.2565732747103334,-42.75824389353913,0.5167373808437425
682,341.0,251.46422017941083,-43.01827863902411,0.26003403039320466,-42.7582446086309,0.49302153677780675
683,341.5,254.40971624373978,-43.02132510612831,0.26307990790440017,-42.75824519822391,0.4703533618864136
684,342.0,256.9451220283453,-43.023947378646426,0.2657017194065806,-42.75824565923985,0.4489741991436628
685,342.5,259.0635485189897,-43.02613833037981,0.26789234111037996,-42.758245989269426,0.42915035818736696
686,343.0,260.7601389825835,-43.027892937291405,0.2696467507669912,-42.75824618652442,0.4111701746096923
687,343.5,262.0320956363505,-43.02920830504449,0.270962055246207,-42.75824624979828,0.39533696219597825
688,344.0,262.8786972908475,-43.03008368719723,0.2718375087807072,-42.75824617841652,0.38195659102553026
689,344.5,263.3013068115402,-43.03052049319245,0.27227452068192265,-42.75824597251052,0.37131907319972157
690,345.0,263.3033676618403,-43.03052228467018,0.27227665176526006,-42.75824563290492,0.3698145321106368
691,345.5,262.890389332238,-43.03009476043309,0.2718495992826646,-42.75824516115042,0.3863908830274445
692,346.0,262.0699215410616,-43.02924572977342,0.27100117024415094,-42.758244559529274,0.4031860996278364
693,346.5,260.851516836281,-43.02798507417884,0.26974124274508926,-42.758243831433745,0.4200936014980543
694,347.0,259.2466802278511,-43.026324694158404,0.2680817138820373,-42.758242980276364,0.4370183463925393
695,347.5,257.2688113837806,-43.02427845017228,0.26603643997887183,-42.75824201019341,0.4538752452658994
696,348.0,254.93313828497776,-43.021862094296296,0.2636211679806155,-42.75824092631568,0.47217455696429395
697,348.5,252.25663680929935,-43.01909318677823,0.2608534522969391,-42.758239734481286,0.504157255223055
698,349.0,249.25793906594905,-43.01599100130973,0.25775256001262903,-42.7582384412971,0.535550312172301
699,349.5,245.95723124307185,-43.012576419079394,0.25433936525386464,-42.75823705382553,0.566281797541772
700,350.0,242.3761418553909,-43.00887181362306,0.2506362336273747,-42.758235579995684,0.5962871566436995
701,350.5,238.53762017382266,-43.00490092461816,0.2466668965069774,-42.75823402811118,0.6255075422281292
702,351.0,234.46580596871965,-43.000688723485716,0.24245631633771986,-42.75823240714799,0.6538887544882248
703,351.5,230.18589132018965,-42.99626127022633,0.23803054373674254,-42.758230726489586,0.6813805320172756
704,352.0,225.72397479671906,-42.991645562713956,0.23341656670236247,-42.758228996011596,0.707935705681222
705,352.5,221.1069090557728,-42.98686937901499,0.22864215302095656,-42.758227225994034,0.7335100302231462
706,353.0,216.36214229170878,-42.981961113357144,0.2237356863114779,-42.758225427045666,0.7580619748768074
707,353.5,211.51755496990222,-42.97694960719154,0.2187259971955377,-42.75822360999601,0.7815525909548517
708,354.0,206.6012930106364,-42.97186397665541,0.21364219079626312,-42.75822178585915,0.8039454456469386
709,354.5,201.64159832067264,-42.966733437300455,0.20851347149444394,-42.75821996580601,0.8252066033419231
710,355.0,196.66663786640595,-42.96158712707162,0.20336896617656294,-42.758218160895055,0.8453046422582905
711,355.5,191.70433310431534,-42.9564539300136,0.19823754785229725,-42.75821638216131,0.8642106953067975
712,356.0,186.7821907556316,-42.95136230115308,0.19314766066204758,-42.75821464049103,0.8818985086137278
713,356.5,181.92713577405425,-42.94634009368269,0.1881271471522551,-42.758212946530435,0.9046996761549739
714,357.0,177.16534803210092,-42.94141438999899,0.18320307939608027,-42.75821131060291,0.9303105772516341
715,357.5,172.52210398231196,-42.93661133788694,0.1784015952584783,-42.75820974262846,0.9544260240110087
716,358.0,168.02162450982428,-42.93195599311002,0.17374774106364332,-42.75820825204638,0.976992963483249
717,358.5,163.68693014520179,-42.92747216961547,0.16926532187354423,-42.758206847741924,0.9979627764184135
718,359.0,159.53970474530664,-42.923182298501125,0.1649767605230889,-42.758205537978036,1.0172913998551665
719,359.5,155.60016867255976,-42.91910729681098,0.16090296647737973,-42.7582043303336,1.0349394457476118
720,360.0,151.8869624256343,-42.915266447141306,0.1570632154965827,-42.75820323164472,1.05087231002258
721,360.5,148.4170415731212,-42.9116772889483,0.15347504098897025,-42.758202247959325,1.0650602676253418
722,361.0,145.20558372268977,-42.90835552230448,0.1501541378096242,-42.75820138449486,1.077478550116919
723,361.5,142.2659081514296,-42.90531492475748,0.1471142791518086,-42.75820064560567,1.088107403153485
724,362.0,139.60940860331226,-42.902567281812836,0.14436724705419315,-42.758200034758644,1.0969321218872852
725,362.5,137.24549962649988,-42.90012233142834,0.1419227769093565,-42.75819955451899,1.1039430629607334
726,363.0,135.18157670154582,-42.89798772277249,0.13978851623317035,-42.758199206539324,1.1091356323336852
727,363.5,133.42299027938728,-42.896168989384165,0.13796999781801614,-42.75819899156615,1.1125102486967662
728,364.0,131.97303371789636,-42.894669536704214,0.13647062725821818,-42.758198909445994,1.1140722827502227
729,364.5,130.83294497627966,-42.89349064384883,0.1352916847021878,-42.75819895914664,1.113831973040166
730,365.0,130.00192179960277,-42.89263147933638,0.1344323405544308,-42.75819913878195,1.1118043195287912
731,365.5,129.4771500104103,-42.892089130380405,0.1338896847313359,-42.75819944564907,1.1080089565678675
732,366.0,129.25384443603934,-42.89185864523891,0.1336587689832763,-42.75819987625564,1.102470006912555
733,366.5,129.32530191284485,-42.891933088080314,0.13373266170519996,-42.75820042637511,1.095215919011095
734,367.0,129.68296571263645,-42.89230360564883,0.13410251455869618,-42.75820109109013,1.0862792912948718
735,367.5,130.3165006471991,-42.892959504986024,0.13475764013605143,-42.75820186484997,1.0756966863216473
736,368.0,131.2138780412897,-42.89388834135488,0.135685599829095,-42.758202741525785,1.0635084369524435
737,368.5,132.36146971810348,-42.89507601549796,0.13687230101765646,-42.75820371448031,1.0497584488459508
738,369.0,133.74415005462615,-42.896506879211394,0.1383021026029273,-42.758204776608466,1.0344940034881729
739,369.5,135.34540533925278,-42.89816384849128,0.1399579280919484,-42.758205920399334,1.017765565778338
740,370.0,137.14744953637154,-42.9000285233202,0.14182138530740893,-42.75820713801279,0.999626600928307
741,370.5,139.13134539358688,-42.902081312954685,0.1438728916221603,-42.758208421332526,0.9801334062859163
742,371.0,141.27713002336148,-42.904301565845245,0.14609180382063522,-42.758209762024606,0.9593449638385648
743,371.5,143.56394395748205,-42.90666770324106,0.1484565515514434,-42.75821115168962,0.9377698302923902
744,372.0,145.97016147107317,-42.90915735402135,0.15094477209278087,-42.758212581928575,0.9291423303839933
745,372.5,148.47352353595238,-42.911747491716774,0.15353344783678755,-42.75821404387999,0.9195448259461171
746,373.0,151.0512740330412,-42.914414575949266,0.15619904714402838,-42.75821552880524,0.9089947832915676
747,373.5,153.68029587476528,-42.91713469317246,0.15891766510489583,-42.75821702806756,0.897511269519554
748,374.0,156.33724618469134,-42.91988369643174,0.16166516332612038,-42.75821853310562,0.885114953064227
749,374.5,158.99868991122233,-42.92263734375186,0.1644173080979722,-42.758220035653885,0.8718281096754835
750,375.0,161.64123168911428,-42.92537143401306,0.16714990674957128,-42.75822152726349,0.8576746359105821
751,375.5,164.24164666527355,-42.92806194271762,0.1698389429331806,-42.75822299978444,0.842680068609107
752,376.0,166.77700907256337,-42.930685154863255,0.17246070957976206,-42.758224445283496,0.8268716152924996
753,376.5,169.22481730270079,-42.93321779429449,0.17499193823431244,-42.75822585606018,0.8102781965810658
754,377.0,171.56311554752128,-42.9356371494839,0.17740992484261883,-42.75822722464128,0.7929305027300512
755,377.5,173.77061179152264,-42.937921195583655,0.17969265176494595,-42.75822854381871,0.774861068301347
756,378.0,175.8267917010152,-42.94004871224809,0.18181890554648758,-42.75822980670161,0.7561043451508412
757,378.5,177.712028198867,-42.94199939683574,0.18376839022637967,-42.758231006609364,0.736696857241764
758,379.0,179.40768672484143,-42.94375397338809,0.18552183618527252,-42.75823213720282,0.7166773657761111
759,379.5,180.89622558985434,-42.94529429641709,0.18706110391962483,-42.758233192497464,0.696087037239847
760,380.0,182.1612911867634,-42.946603449254326,0.18836928249724255,-42.758234166757084,0.6749696801510839
761,380.5,183.18780819770157,-42.947665837458864,0.1894307828388458,-42.758235054620016,0.6533720369415099
762,381.0,183.9620643826466,-42.94846727647039,0.19023142539620236,-42.75823585107419,0.6313441450831859
763,381.5,184.471789581114,-42.94899507331668,0.19075852184617004,-42.75823655147051,0.6089397832769853
764,382.0,184.7062288024723,-42.949238102208824,0.1910009506719034,-42.75823715153692,0.5862170223500314
765,382.5,184.65620915621625,-42.94918687376817,0.19094922637408668,-42.75823764739408,0.5632389054451469
766,383.0,184.314200353046,-42.9488335976068,0.19059556203386815,-42.75823803557293,0.5400742877811114
767,383.5,183.67436848495507,-42.94817223795983,0.18993392492575395,-42.75823831303408,0.5321654317472748
768,384.0,182.73262268086688,-42.9471985620011,0.18896008476325202,-42.758238477237846,0.5405636160946661
769,384.5,181.48665422933095,-42.94591018018423,0.18767165415485568,-42.75823852602937,0.5513314775831283
770,385.0,179.93596831787437,-42.94430657920372,0.18606812142506088,-42.75823845777866,0.5643503894553846
771,385.5,178.0819078199817,-42.94238914661064,0.18415087521199766,-42.75823827139864,0.5794721886751037
772,386.0,175.92766826818468,-42.94016118630969,0.18192321995079763,-42.75823796635889,0.5965267091243092
773,386.5,173.47830379002846,-42.93762792474355,0.1793903820118555,-42.7582375427317,0.6153290187835514
774,387.0,170.74072363031533,-42.93479650727481,0.17655950610455232,-42.75823700117026,0.6356857588884771
775,387.5,167.72367893109873,-42.93167598460123,0.17343964160671638,-42.75823634299451,0.6611225736784861
776,388.0,164.4377392339479,-42.928277288467875,0.17004171826609346,-42.758235570201784,0.6874635157513039
777,388.5,160.89525822765117,-42.92461319627483,0.16637851078074428,-42.75823468549408,0.7138379959924865
778,389.0,157.11032842984588,-42.92069828423951,0.1624645919362405,-42.75823369230327,0.7401327726181878
779,389.5,153.0987244704759,-42.916548868771244,0.15831627395624293,-42.758232594815,0.7662389236436004
780,390.0,148.8778346868573,-42.91218293574733,0.15395153776635173,-42.75823139798098,0.7920510312190684
781,390.5,144.46658080179088,-42.907620057508325,0.1493899499348777,-42.758230107573446,0.8174665310499508
782,391.0,139.88532558496996,-42.90288129724439,0.14465256718738423,-42.758228730057006,0.8423852179366637
783,391.5,135.15576889348984,-42.897989101609895,0.1397618289042946,-42.7582272727056,0.8667088948363334
784,392.0,130.30083206625721,-42.89296718113526,0.13474143757550444,-42.758225743559755,0.8903411544710594
785,392.5,125.34453063277289,-42.88784037856584,0.1296162271711255,-42.758224151394714,0.9131872814714024
786,393.0,120.31183597916079,-42.88263452577703,0.12441202009314282,-42.75822250568388,0.9351542630587308
787,393.5,115.22852659158718,-42.8773762898998,0.11915547334926294,-42.75822081655054,0.9576851496066582
788,394.0,110.12102966254213,-42.8720930094686,0.11387391476119449,-42.75821909470741,0.9811635605885825
789,394.5,105.01625402266285,-42.866812521587036,0.1085951702028482,-42.75821735138419,1.003754743432405
790,395.0,99.94141553768834,-42.86156298129003,0.1033473830468824,-42.75821559824315,1.0253384604838667
791,395.5,94.92385628220741,-42.856372674459365,0.0981588271759575,-42.75821384728341,1.0457995236246127
792,396.0,89.99085896432739,-42.85126982581806,0.09305771508306407,-42.758212110734995,1.0650279969831873
793,396.5,85.16945822336366,-42.84628240368205,0.08807200273830547,-42.758210400943746,1.0829194530944393
794,397.0,80.48625055142972,-42.84143792328142,0.0832291930326841,-42.75820873024873,1.0993752707037192
795,397.5,75.96720469508611,-42.83676325057245,0.07855613971830665,-42.758207110854144,1.1143029620585074
796,398.0,71.63747446826551,-42.83228440854007,0.07407885384204094,-42.75820555469803,1.1276165176580126
797,398.5,67.52121595065609,-42.82802638803534,0.06982231471408601,-42.75820407332125,1.1392367565892532
798,399.0,63.641411032313435,-42.82401296517593,0.06581028743904777,-42.75820267773688,1.1490916710882
799,399.5,60.019699320954174,-42.820266527385044,0.06206514909469364,-42.75820137829035,1.1571167547731416
800,400.0,56.67622032909299,-42.81680791009543,0.05860772554088399,-42.758200184554546,1.1632553048019179
801,400.5,53.62946767853014,-42.8136562458676,0.05545714065540092,-42.7581991052122,1.1674586891510021
802,401.0,50.89615699583002,-42.81082882768263,0.052630679727352324,-42.75819814795528,1.1696865714363787
803,401.5,48.491109003468985,-42.808340987961714,0.05014366856410799,-42.7581973193976,1.1699070869149923
804,402.0,46.42714907800249,-42.80620599463754,0.04800936962644524,-42.758196625011095,1.168096950486418
805,402.5,44.71502436590214,-42.80443496536515,0.04623889631972344,-42.758196069045425,1.164241536592999
806,403.0,43.36333933525631,-42.803036800862344,0.04484114634920984,-42.75819565451314,1.158334898583593
807,403.5,42.378510286253494,-42.80201813784277,0.04382275468029647,-42.75819538316247,1.1503796985910313
808,404.0,41.76473908912793,-42.801383321856584,0.043188066381444436,-42.75819525547514,1.1403870932923195
809,404.5,41.52400620073022,-42.80113440008488,0.042939129402761775,-42.758195270682116,1.1283765628998426
810,405.0,41.65608272303335,-42.80127113384234,0.043075707045459,-42.75819542679688,1.1143756874427064
811,405.5,42.15856101120901,-42.801791030277556,0.043595309613037696,-42.75819572066452,1.0984198759252481
812,406.0,43.026903100300274,-42.80268939251386,0.04449324448832674,-42.75819614802553,1.0805520555004358
813,406.5,44.25450600229522,-42.803959387248334,0.04576268365585678,-42.758196703592475,1.0608223293649996
814,407.0,45.83278273384402,-42.80559212862838,0.047394747490972715,-42.758197381137414,1.0392876137068243
815,407.5,47.751257772339194,-42.80757677705702,0.049378603469022925,-42.758198173588,1.0160112657721578
816,408.0,49.99767550698233,-42.809900651442554,0.0517015783123993,-42.75819907313016,1.0100855093158967
817,408.5,52.55812015312255,-42.81254935330626,0.05434928199151323,-42.75820007131475,1.014210645249464
818,409.0,55.417145532892405,-42.815506901094544,0.057305741928309,-42.758201159166234,1.017421983360836
819,409.5,58.55791309230656,-42.818755873008215,0.06055354571693548,-42.75820232729128,1.0197095379405625
820,410.0,61.96233652293587,-42.822277556659095,0.06407399067407488,-42.75820356598502,1.0210645277566688
821,410.5,65.61123138262772,-42.82605210389248,0.0678472385586835,-42.758204865333795,1.0214794134513023
822,411.0,69.48446816144336,-42.830058689166705,0.07185247385436112,-42.75820621531234,1.020947931241368
823,411.5,73.56112731242898,-42.83427566995818,0.07606806408351502,-42.75820760587467,1.0194651226837594
824,412.0,77.819654858078,-42.83868074775421,0.0804717207168346,-42.758209027037374,1.0170273602852866
825,412.5,82.2380172882182,-42.84325112830526,0.08504065935004275,-42.75821046895522,1.0136323687563373
826,413.0,86.79385457937218,-42.84796367992613,0.08975175793810115,-42.75821192198803,1.0092792417273777
827,413.5,91.46463028530081,-42.85279508876036,0.09458171200078547,-42.75821337675957,1.0039684537680116
828,414.0,96.22777776959227,-42.8577220100468,0.09950718583882841,-42.75821482420797,0.9977018675718561
829,414.5,101.06084177029489,-42.86272121455151,0.10450495892302446,-42.75821625562849,0.9904827361966322
830,415.0,105.94161460046263,-42.86776972944559,0.10955206673644086,-42.75821766270915,0.9823157002782539
831,415.5,110.8482663866808,-42.87284497301278,0.11462593545142553,-42.758219037561354,0.9732067800406439
832,416.0,115.75946886819939,-42.877924882684624,0.11970450994777032,-42.75822037273685,0.9631633621500201
833,416.5,120.65451235706938,-42.88298803601239,0.12476637475880675,-42.758221661253586,0.9521941820361103
834,417.0,125.51341550422096,-42.888013764185835,0.12979086757827268,-42.75822289660756,0.9403093010597137
835,417.5,130.31702759979615,-42.89298225783143,0.13475818504700351,-42.75822407278442,0.9275200788615763
836,418.0,135.0471231901507,-42.89787466486321,0.13964948059444748,-42.75822518426876,0.9138391411837441
837,418.5,139.6864888252765,-42.90267318019443,0.144446954142409,-42.75822622605202,0.8992803434867861
838,419.0,144.2190017769609,-42.907361127145556,0.14913393350589457,-42.75822719363966,0.8838587307823602
839,419.5,148.6297005851816,-42.91192303040185,0.15369494734370354,-42.75822808305815,0.8675904942094382
840,420.0,152.90484729056988,-42.91634468037871,0.15811578951175112,-42.75822889086695,0.8504929316060101
841,420.5,157.03198121829666,-42.920613188832,0.16238357467989015,-42.75822961415211,0.832584405244608
842,421.0,160.99996423392884,-42.92471703567672,0.1664867851300705,-42.75823025054665,0.8138842631309555
843,421.5,164.7990173114834,-42.928646106813005,0.17041530857061965,-42.75823079824239,0.7944128044671211
844,422.0,168.4207480610166,-42.93239172263128,0.17416046660196183,-42.75823125602932,0.7741911521400315
845,422.5,171.8581693852008,-42.9359466571916,0.1777150340090046,-42.758231623182596,0.7532413429266733
846,423.0,175.10570922268042,-42.939305148483996,0.18107324883654477,-42.75823189964745,0.7438180962992578
847,423.5,178.15921090637138,-42.942462898641324,0.18423081275977846,-42.758232085881545,0.7381227646906399
848,424.0,181.0159242786105,-42.945417064901896,0.18718488189665805,-42.75823218300524,0.7315675072174377
849,424.5,183.67448729448083,-42.948166240489186,0.18993404778426562,-42.758232192704924,0.7241511460400102
850,425.0,186.13489821267615,-42.95071042589737,0.19247830862195184,-42.75823211727542,0.7158748208211606
851,425.5,188.3984784184138,-42.95305099046705,0.19481903082726712,-42.75823195963978,0.7067422306299724
852,426.0,190.46782558391735,-42.95519062392677,0.19695890060017052,-42.758231723326595,0.6967599006445999
853,426.5,192.3467574521543,-42.95713327825132,0.1989018657909372,-42.75823141246038,0.6859374751181988
854,427.0,194.04024645790741,-42.95888410003952,0.2006530682931396,-42.75823103174638,0.6909418740573371
855,427.5,195.55434543967422,-42.96044935368811,0.20221876722383508,-42.75823058646428,0.7135608179458561
856,428.0,196.89610479261148,-42.96183633564685,0.2036062532531124,-42.75823008239374,0.7355622356278708
857,428.5,198.07348174219518,-42.96305328059957,0.20482375478583098,-42.75822952581374,0.7568667364266967
858,429.0,199.0952422211339,-42.964109259966705,0.20588033649453436,-42.75822892347217,0.7774037494898337
859,429.5,199.97085590383898,-42.9650140732669,0.20678579077673317,-42.758228282490165,0.797110236936877
860,430.0,200.7103854193197,-42.96577813352408,0.20755052319221554,-42.758227610331865,0.8159296416725876
861,430.5,201.32437068468715,-42.96641234757937,0.20818543285467817,-42.758226914724695,0.8338110374031309
862,431.0,201.82370936249274,-42.96692799240187,0.20870178881509416,-42.75822620358678,0.8507084441180459
863,431.5,202.2195346065883,-42.96733658858879,0.2091111036411959,-42.758225484947594,0.871458622770449
864,432.0,202.52309140319107,-42.96764977238962,0.20942500554428792,-42.75822476684533,0.8940556742260365
865,432.5,202.74561282943637,-42.96787916766854,0.20965511042073565,-42.75822405724781,0.9150910946433671
866,433.0,202.89819759911285,-42.96803625919419,0.2098128952245033,-42.75822336396969,0.9345065946911755
867,433.5,202.99169058299688,-42.968132268890386,0.2099095744156642,-42.758222694474725,0.9522494217153769
868,434.0,203.03656782010563,-42.96817803696119,0.20995598105287874,-42.75822205590831,0.9682725465669569
869,434.5,203.04282718151273,-42.96818390868092,0.20996245373107214,-42.75822145494985,0.9825350153686809
870,435.0,203.01988608946996,-42.968159628535794,0.20993873081486064,-42.75822089772093,0.9950022556838264
871,435.5,202.97648778791367,-42.96811424321468,0.20989385351479048,-42.758220389699886,1.0056463953825565
872,436.0,202.9206174346969,-42.968056014765565,0.2098360791200234,-42.75821993564554,1.014446582477071
873,436.5,202.8594289517976,-42.967992344971464,0.2097728053556262,-42.75821953961584,1.021389296026371
874,437.0,202.79918366546264,-42.96792971159539,0.20971050693159315,-42.758219204663796,1.026468640308904
875,437.5,202.74520233560008,-42.96787361894572,0.209654685937417,-42.7582189330083,1.029686613798156
876,438.0,202.7018308141907,-42.967828562309144,0.20960983633015157,-42.75821872597899,1.0310533480569215
877,438.5,202.6724190670948,-42.9677980062201,0.20957942224128914,-42.75821858397881,1.0305873128396734
878,439.0,202.65931432610867,-42.96778437734414,0.2095658708954418,-42.7582185064487,1.0283154838858535
879,439.5,202.6638684164023,-42.96778907212856,0.20957058018749528,-42.758218491941065,1.0242734715996347
880,440.0,202.6864587333031,-42.96781247850705,0.2095939403742741,-42.75821853813277,1.018505609838776
881,440.5,202.72652241269572,-42.96785401128378,0.20963536940945615,-42.75821864187432,1.0110650051781858
882,441.0,202.78260300018954,-42.967912160454446,0.2096933612032089,-42.75821879925124,1.0020135487368844
883,441.5,202.85240868261909,-42.96798455150303,0.20976554583819812,-42.758219005664834,0.9914218917102012
884,442.0,202.93288092138513,-42.96806801646162,0.2098487605419288,-42.75821925591969,0.9793693823816051
885,442.5,203.0202721633966,-42.96815867436442,0.20993913004604792,-42.75821954431837,0.9659439806041769
886,443.0,203.1102312389761,-42.96825201965603,0.21003215489457983,-42.75821986476145,0.9512421432154627
887,443.5,203.1978947567525,-42.96834301690704,0.21012280595352403,-42.75822021095352,0.9353686850049638
888,444.0,203.27798244423522,-42.96842619931847,0.21020562300060192,-42.75822057631787,0.9184366143845643
889,444.5,203.34489592995828,-42.96849577105426,0.21027481687386074,-42.758220954180395,0.9005669477801157
890,445.0,203.39281923629363,-42.96854571135603,0.21032437338924595,-42.75822133796678,0.8818885033575801
891,445.5,203.4158182579945,-42.968569877468795,0.21034815620933744,-42.75822172125946,0.8625376825255564
892,446.0,203.40793803431248,-42.968562105329966,0.21034000743046558,-42.7582220978995,0.8426581827032279
893,446.5,203.36329635764204,-42.968516306458525,0.2102938443815044,-42.75822246207702,0.8224006592560592
894,447.0,203.27617233928405,-42.968426559624994,0.2102037512079248,-42.75822280841707,0.8019223101647085
895,447.5,203.14108866358532,-42.96828719597921,0.21006406392912544,-42.758223132050084,0.7813863341887242
896,448.0,202.95288629540877,-42.96809287645089,0.20986944769190655,-42.75822342875898,0.7609612251989459
897,448.5,202.70679026841245,-42.9678386596737,0.20961496480079006,-42.75822369487291,0.7408198403600218
898,449.0,202.3984671738191,-42.9675200614146,0.2092961341659856,-42.75822392724861,0.7323041048179659
899,449.5,202.02407387392722,-42.967133105185475,0.2089089816770405,-42.758224123508434,0.7500798713609271
900,450.0,201.58029572210208,-42.96667436168152,0.20845007972535445,-42.75822428195617,0.7667970650173929
901,450.5,201.06437452714601,-42.96614097769169,0.20791657612156547,-42.758224401570125,0.7824270052757637
902,451.0,200.47412646234315,-42.965530694602435,0.20730621261492835,-42.758224481987504,0.7969439592603511
903,451.5,199.80795010800492,-42.9648418567019,0.20661733320994727,-42.758224523491954,0.8103252750576252
904,452.0,199.06482495406613,-42.964073409559916,0.20584888261794093,-42.75822452694197,0.8225515000954172
905,452.5,198.24430105358212,-42.9632248893043,0.20500039555793464,-42.75822449374637,0.8336064817852207
906,453.0,197.34648040179596,-42.962296403351644,0.2040719775011326,-42.758224425850514,0.8478308451436022
907,453.5,196.37199040578514,-42.96128860285853,0.20306427723641995,-42.75822432562211,0.8639183780221709
908,454.0,195.3219507261153,-42.96020264842979,0.20197845258199185,-42.7582241958478,0.8789729382395923
909,454.5,194.19793437698306,-42.95904016966843,0.2008161301598032,-42.758224039508626,0.8929648473686385
910,455.0,193.0019243711553,-42.95780322043244,0.19957936056298303,-42.75822385986945,0.9058682126849664
911,455.5,191.73626683747398,-42.95649423026482,0.19827056987560068,-42.75822366038922,0.9176607185300462
912,456.0,190.40362095376443,-42.955115952533085,0.1968925078993057,-42.75822344463378,0.9283234090469054
913,456.5,189.00690706626284,-42.953671410713866,0.19544819450468412,-42.75822321620918,0.9378404804617753
914,457.0,187.54925400954627,-42.95216384385341,0.1939408651558704,-42.75822297869754,0.9461990869965403
915,457.5,186.0339465839834,-42.95059665219405,0.19237391659804878,-42.758222735596,0.9533891609105831
916,458.0,184.46437409341317,-42.948973343904285,0.19075085364131447,-42.75822249026297,0.9594032537957298
917,458.5,182.84398080245128,-42.94729748378547,0.189075237929583,-42.75822224585588,0.9642363846274459
918,459.0,181.17621912057558,-42.945572644823415,0.1873506395292059,-42.75822200529421,0.9678858974643706
919,459.5,179.46450620354338,-42.94380236326598,0.1855805920513801,-42.7582217712146,0.9703513589690932
920,460.0,177.71218458601132,-42.941990097878225,0.18376855194314162,-42.758221545935086,0.9716344681669963
921,460.5,175.92248739713963,-42.94013919394318,0.1819178625175301,-42.75822133142565,0.9717389885576772
922,461.0,174.0985083951429,-42.93825285237922,0.18003172296692763,-42.75822112941229,0.970670703911833
923,461.5,172.24317672279778,-42.93633410332351,0.1781131622582437,-42.75822094106527,0.9684373977188713
924,462.0,170.35923822659785,-42.9343857869344,0.1761650198154331,-42.758220767118964,0.9650488602473045
925,462.5,168.44924337408992,-42.9324105410086,0.17418993302505964,-42.75822060798354,0.9605169237910204
926,463.0,166.51554033356365,-42.930410793752316,0.17219033008014412,-42.758220463672174,0.9548555246943526
927,463.5,164.56027373855304,-42.928388762513464,0.17016842870256024,-42.758220333810904,0.9480807938784755
928,464.0,162.58538896431705,-42.92634645828097,0.16812624056525638,-42.75822021771571,0.940211177224375
929,464.5,160.5926418305277,-42.92428569554775,0.1660655813256077,-42.75822011422215,0.9312675877160397
930,465.0,158.58361380793886,-42.92220810826572,0.16398808635032278,-42.7582200219154,0.9212735844089894
931,465.5,156.55973194090907,-42.92011517041149,0.16189523131691883,-42.75821993909457,0.9102555846743137
932,466.0,154.52229275546657,-42.918008220746316,0.15978835693656498,-42.75821986380975,0.8982431110760071
933,466.5,152.47248982682777,-42.91588849136568,0.15766869746109188,-42.75821979390459,0.8852690740005958
934,467.0,150.41144438404254,-42.913757139393375,0.1555374123306323,-42.758219727062745,0.8713700926007464
935,467.5,148.34023826572928,-42.911615281114855,0.15339562025247583,-42.75821966086238,0.8565868572651347
936,468.0,146.2599484628674,-42.909464027741784,0.1512444349210672,-42.758219592820716,0.840964537359124
937,468.5,144.171682576129,-42.90730452212463,0.1490850016837112,-42.758219520440925,0.8245532394255609
938,469.0,142.07661442318854,-42.90513797564238,0.14691853436136662,-42.758219441281014,0.823720210948857
939,469.5,139.9760189172574,-42.90296570431702,0.1447463513158287,-42.75821935300119,0.833028646060017
940,470.0,137.87130546024207,-42.900789163396965,0.1425699099809142,-42.75821925341605,0.842084821498579
941,470.5,135.76404909800422,-42.89860997962395,0.14039083907948147,-42.75821914054447,0.8508740553388893
942,471.0,133.65601871104514,-42.89642998043086,0.13821096777484326,-42.75821901265601,0.8593784826737427
943,471.5,131.54920156420013,-42.89425121937018,0.13603235105710604,-42.75821886831308,0.8675766548973471
944,472.0,129.44582360375486,-42.89207599713949,0.13385729073200456,-42.75821870640749,0.8754432614938666
945,472.5,127.34836496908387,-42.8899068776522,0.13168835146117153,-42.75821852619103,0.8829489780115272
946,473.0,125.25957023880287,-42.887746698670455,0.12952837135747514,-42.75821832731298,0.8900604411311895
947,473.5,123.18245310379477,-42.88559857661151,0.12738046681730006,-42.75821810979421,0.8967403490309171
948,474.0,121.12029535918897,-42.883465905537456,0.1252480314781738,-42.758217874059284,0.9029476843248835
949,474.5,119.07664004490029,-42.88135235009571,0.12313472912553758,-42.75821762097017,0.9086380466446444
950,475.0,117.05527854096403,-42.87926183212276,0.12104448034829522,-42.75821735177446,0.9224032388386678
951,475.5,115.06023169437994,-42.87719851117355,0.11898144302246659,-42.75821706815108,0.9381920396945114
952,476.0,113.09572550753985,-42.875166759204134,0.11694998717108564,-42.75821677203305,0.9527546651289407
953,476.5,111.16616203337512,-42.87317113057388,0.11495466486746492,-42.75821646570642,0.9660395863303841
954,477.0,109.2760857738838,-42.871216327217184,0.1130001754885967,-42.75821615172859,0.9779986544270491
955,477.5,107.43014602018188,-42.8693071596599,0.11109132677176659,-42.75821583288813,0.9885875826643737
956,478.0,105.63305588698802,-42.867448504598876,0.10923299245294836,-42.75821551214593,0.997766437495993
957,478.5,103.88954883884567,-42.86564525989199,0.10743006731145527,-42.758215192580536,1.0055001310466727
958,479.0,102.20433352823845,-42.86390229779878,0.10568742046895466,-42.75821487732983,1.0117589075593323
959,479.5,100.58204778865421,-42.862224417344905,0.10400984781463216,-42.758214569530274,1.0165188168160486
960,480.0,99.02721265885013,-42.86061629672079,0.10240202446262035,-42.75821427225817,1.0197621680806408
961,480.5,97.54418724377,-42.859082446561025,0.10086845807459224,-42.75821398848643,1.021477958592459
962,481.0,96.13712532691903,-42.85762716497683,0.09941344399350151,-42.758213720983335,1.0216622714020924
963,481.5,94.80993460193089,-42.85625449539609,0.09804102308577588,-42.75821347231031,1.0203186384196103
964,482.0,93.56623912898421,-42.85496818768073,0.0967549429182619,-42.75821324476247,1.0174583646088062
965,482.5,92.40934563441908,-42.853771663240686,0.09555862290934446,-42.75821304033134,1.0131008106567216
966,483.0,91.34221423065652,-42.852667984726466,0.09445512405101163,-42.75821286067546,1.007273632290826
967,483.5,90.36743398826239,-42.8516598307472,0.09344712364842328,-42.75821270709878,1.0000129752810551
968,484.0,89.4872036755831,-42.85074947594071,0.09253689540316054,-42.758212580537545,0.9913636260142286
969,484.5,88.70331786071561,-42.84993877659727,0.09172629504155592,-42.75821248155572,0.9813791182802719
970,485.0,88.01715844925721,-42.849229161912355,0.0910167515640526,-42.7582124103483,0.970121797502606
971,485.5,87.42969161282947,-42.8486216308218,0.09040926406905368,-42.75821236675275,0.9576628440100509
972,486.0,86.94146995073636,-42.84811675425567,0.08990440398824869,-42.75821235026742,0.9440822582493357
973,486.5,86.55263956539623,-42.84771468250388,0.08950232240317388,-42.75821236010071,0.9294688049510861
974,487.0,86.26295173604773,-42.84741515724243,0.08920276211675379,-42.758212395125675,0.9139199204923322
975,487.5,86.07177894111089,-42.84721752821145,0.08900507422169861,-42.758212453989756,0.8975415827045927
976,488.0,85.97813461280974,-42.8471207736567,0.08890823852835728,-42.758212535128344,0.8804481366381371
977,488.5,85.98069596465714,-42.847123523973515,0.08891088717015475,-42.75821263680336,0.862762069883281
978,489.0,86.07782941712924,-42.847224088039034,0.08901133089576431,-42.75821275714327,0.8446137253405486
979,489.5,86.26761804379116,-42.84742048163375,0.08920758745058742,-42.75821289418316,0.826140933335015
980,490.0,86.54789045519519,-42.84771045734914,0.08949741144500466,-42.758213045904135,0.8183071984436148
981,490.5,86.91625057489783,-42.8480915354105,0.0898783251451488,-42.758213210265346,0.8104713825866917
982,491.0,87.37010778535391,-42.84856103488846,0.09034764964616016,-42.7582133852423,0.8019162262921349
983,491.5,87.90670693984481,-42.84911610476209,0.0909025359069105,-42.758213568855176,0.8057822558504069
984,492.0,88.52315780173687,-42.84975375438747,0.09153999519254084,-42.75821375919493,0.8194917701884242
985,492.5,89.21646352907679,-42.85047088297516,0.09225692852980157,-42.75821395444536,0.8322468864785424
986,493.0,89.98354784192976,-42.851264307718466,0.09305015480024373,-42.75821415291822,0.8440024325564484
987,493.5,90.82128050304111,-42.85213079014101,0.09391643708925243,-42.758214353051756,0.8547195445976928
988,494.0,91.72650115219726,-42.85306706069345,0.09485250733267428,-42.75821455336077,0.8643652116747685
989,494.5,92.69604147830204,-42.854069841781744,0.09585508924451006,-42.758214752537235,0.8729119137881153
990,495.0,93.72674531500067,-42.85513586851318,0.09692091909739037,-42.75821494941579,0.8803372634463591
991,495.5,94.81548657195002,-42.85626190723861,0.09804676426493712,-42.758215142973675,0.8866236682905692
992,496.0,95.95918509679379,-42.85744477195258,0.09922943962430915,-42.75821533232827,0.8917580121763002
993,496.5,97.15482049167653,-42.858681338576325,0.100465821843578,-42.75821551673275,0.8957313522405791
994,497.0,98.3994439363108,-42.859968557178135,0.10175286160772104,-42.758215695570414,0.8985386303340674
995,497.5,99.69018808974022,-42.86130346220599,0.103087593857833,-42.75821586834815,0.9001783978661382
996,498.0,101.02427515730383,-42.862683180822266,0.10446714613300961,-42.758216034689255,0.9006525537444363
997,498.5,102.39902321874457,-42.86410493944027,0.10588874511411567,-42.75821619432615,0.8999660956615217
998,499.0,103.81185091675061,-42.8655660685654,0.10734972147211026,-42.75821634709329,0.8981268854423086
999,499.5,105.26028060472497,-42.867064006043464,0.10884751312309116,-42.758216492920376,0.8951454295653487
1000,500.0,106.74194004884733,-42.86859629881456,0.11037966698836235,-42.758216631826194,0.8910346763116249
1001,500.5,108.25456277217584,-42.87016060326343,0.11194383935026271,-42.75821676391317,0.8858098312832828
1002,501.0,109.79598712627889,-42.871754684253474,0.11353779489215922,-42.758216889361314,0.8794881932904284
1003,501.5,111.36415416783979,-42.873376412927435,0.11515940450268725,-42.75821700842475,0.8720890128305538
1004,502.0,112.95710440662727,-42.875023763340096,0.11680664191289293,-42.7582171214272,0.86363337560057
1005,502.5,114.57297349024672,-42.87669480799209,0.11847757923392238,-42.75821722875816,0.8545533219046536
1006,503.0,116.20998688840866,-42.878387712329655,0.12017038146013181,-42.75821733086952,0.8494565957298642
1007,503.5,117.86645362053054,-42.88010072825794,0.12188329998292839,-42.75821742827502,0.8439205245832531
1008,504.0,119.54075912893244,-42.88183218675284,0.12361466522108698,-42.758217521531755,0.8410294025081413
1009,504.5,121.23135738450571,-42.883580489709196,0.12536287845738275,-42.758217611251816,0.8656384599847631
1010,505.0,122.93676225758044,-42.88534410100574,0.12712640291538094,-42.75821769809036,0.8899141174786697
1011,505.5,124.65553825003578,-42.8871215369146,0.12890375417570085,-42.758217782738896,0.9137439185738238
1012,506.0,126.38629070941464,-42.88891135597394,0.1306934900566311,-42.75821786591731,0.9370236150249253
1013,506.5,128.12765564910515,-42.890712148452195,0.1324942000873865,-42.75821794836481,0.9596563310208374
1014,507.0,129.87828931644583,-42.89252252554995,0.13430449472069791,-42.758218030829255,0.9815518349046265
1015,507.5,131.63685766907003,-42.894341108505984,0.13612299445051457,-42.75821811405547,1.002625916863141
1016,508.0,133.40202593812774,-42.89616651779156,0.13794831901954385,-42.75821819877202,1.0227998673064318
1017,508.5,135.17244847437192,-42.897997362596236,0.13977907691929628,-42.75821828567694,1.0420000485566097
1018,509.0,136.94675908798163,-42.89983223082333,0.14161385540069293,-42.758218375422636,1.0601575514536858
1019,509.5,138.72356210786782,-42.90166967982778,0.14345121122867585,-42.75821846859911,1.0772079281473554
1020,510.0,140.50142439428606,-42.90350822814106,0.1452896624226134,-42.758218565718444,1.0930909924055368
1021,510.5,142.27886854038806,-42.90534634842396,0.14712768122616307,-42.758218667197795,1.1077506793899112
1022,511.0,144.05436750089282,-42.90718246189584,0.14896368855288972,-42.75821877334295,1.1211349568529378
1023,511.5,145.82634088205776,-42.909014934482585,0.1507960501498002,-42.758218884332784,1.133195776926997
1024,512.0,147.59315307987018,-42.91084207490077,0.1526230746720851,-42.758219000228685,1.1438890687171117
1025,512.5,149.3531132538875,-42.91266213458702,0.15444301365606752,-42.75821912093095,1.153174759626681
1026,513.0,151.10447780262948,-42.91447331019502,0.15625406407895565,-42.75821924611606,1.161016820375322
1027,513.5,152.8454555642523,-42.91627374906484,0.158054373736754,-42.75821937532809,1.1673833285917687
1028,514.0,154.5742152214636,-42.91806155687244,0.15984204890153528,-42.7582195079709,1.1722465251226648
1029,514.5,156.28889516488215,-42.91983480771659,0.1616151645209399,-42.75821964319565,1.1755829165532
1030,515.0,157.98761614501765,-42.9215915573115,0.1633717773013306,-42.75821978001017,1.1773733967468465
1031,515.5,159.6684964833901,-42.92332985869231,0.16510994143730126,-42.75821991725501,1.1776033149683427
1032,516.0,161.32966957769378,-42.92504778031534,0.1668277267134107,-42.75822005360193,1.1762625605711658
1033,516.5,162.96930361939667,-42.926743426524816,0.16852323889375076,-42.75822018763107,1.1733456193079945
1034,517.0,164.58562201310752,-42.92841495883121,0.17019464083719796,-42.75822031799402,1.168851637789654
1035,517.5,166.1769263517598,-42.93006061893687,0.1718401762555836,-42.758220442681285,1.1627845345193173
1036,518.0,167.74162273527935,-42.93167875683629,0.17345819692929204,-42.758220559907,1.1551530340805998
1037,518.5,169.27824829234493,-42.93326785797285,0.1750471901328734,-42.75822066783998,1.145970696316554
1038,519.0,170.7854975781383,-42.934826570570856,0.17660580593241934,-42.75822076463844,1.135255940228227
1039,519.5,172.2622489315149,-42.93635373292851,0.1781328844409768,-42.75822084848753,1.123032055089583
1040,520.0,173.70759023247172,-42.93784840009302,0.17962748245382096,-42.75822091763919,1.1093271984339046
1041,520.5,175.12084346696267,-42.93930986930474,0.18108889885043086,-42.75822097045431,1.0941743869334675
1042,521.0,176.5015874967818,-42.940737703581405,0.18251669814036192,-42.758221005441044,1.0776114775172827
1043,521.5,177.84967841616472,-42.94213175282023,0.18391073151359297,-42.75822102130664,1.059681143388508
1044,522.0,179.1652667511392,-42.94349217162841,0.18527115462602473,-42.758221017002384,1.0404308501360768
1045,522.5,180.44881118810517,-42.94481943349068,0.18659844179592472,-42.758220991694756,1.0199128356820653
1046,523.0,181.70108831645098,-42.94611434097535,0.18789339607856842,-42.75822094489678,0.9981840975154997
1047,523.5,182.9231973212615,-42.947378030670066,0.18915715411887324,-42.75822087655119,0.9753063970496844
1048,524.0,184.11655926975456,-42.94861197220354,0.19039118541351682,-42.75822078679002,0.9513462869197266
1049,524.5,185.2829114232651,-42.94981796264334,0.1915972864290758,-42.758220676214265,0.9263751781751205
1050,525.0,186.42429582411484,-42.9509981146425,0.1927775687999401,-42.75822054584256,0.9004694535100437
1051,525.5,187.54304137263298,-42.95215483790506,0.19393444079452474,-42.75822039711054,0.8737106400812616
1052,526.0,188.64173965819072,-42.9532908141958,0.19507058232263497,-42.75822023187317,0.8461856605593157
1053,526.5,189.72321454268962,-42.95440896588195,0.19618891348237066,-42.75822005239958,0.8179871828453633
1054,527.0,190.7904855970083,-42.95551241811029,0.1972925567505004,-42.75821986135979,0.7892140932867626
1055,527.5,191.8467256083394,-42.95660445484618,0.1983847930416635,-42.75821966180452,0.7599721229406734
1056,528.0,192.8952124800048,-42.95768846910741,0.19946901196894865,-42.75821945713846,0.7516320626680958
1057,528.5,193.93927597770244,-42.95876790785341,0.20054865677527156,-42.75821925107814,0.7607083692818016
1058,529.0,194.9822398976759,-42.95984621214456,0.2016271645306568,-42.758219047613906,0.7698170369560797
1059,529.5,196.0273602948767,-42.96092675322359,0.20270790225523797,-42.75821885096835,0.7788907740213602
1060,530.0,197.07776030748565,-42.96201276509625,0.20379409952262217,-42.75821866557362,0.7878619901703668
1061,530.5,198.13636275001952,-42.96310727461439,0.2048887787557941,-42.75821849585859,0.7966631954626954
1062,531.0,199.2058216825658,-42.96421303081723,0.20599468446425478,-42.75821834635297,0.8120864428596386
1063,531.5,200.288453431386,-42.965332433478096,0.20711421191383192,-42.75821822156426,0.8280240168946985
1064,532.0,201.38616813863092,-42.96646746222531,0.20824933634363407,-42.758218125881676,0.8427595523264955
1065,532.5,202.5004030426923,-42.967619607517605,0.2094015439726206,-42.75821806354499,0.8562452256084417
1066,533.0,203.63205838996768,-42.968789804286814,0.2105717657272626,-42.758218038559555,0.8684389910764643
1067,533.5,204.78143704026328,-42.969978369422115,0.21176031478871968,-42.758218054633396,0.8793044784879295
1068,534.0,205.94818880536113,-42.97118494413854,0.2129668290344852,-42.75821811510406,0.8888108989150294
1069,534.5,207.13126050049726,-42.97240844226881,0.21419021938763713,-42.75821822288117,0.8969329516506792
1070,535.0,208.32885265120981,-42.97364700543966,0.21542862504827096,-42.75821838039139,0.9036507257842098
1071,535.5,209.53838362212707,-42.97489796594863,0.21667937639980964,-42.75821858954882,0.9089495920789541
1072,536.0,210.75646180445514,-42.97615781792643,0.21793896624865103,-42.758218851677775,0.9128200824111397
1073,536.5,211.97886666760186,-42.97742219772581,0.21920303023003776,-42.75821916749577,0.9152577542254925
1074,537.0,213.2005391797202,-42.97868587400251,0.22046633690213638,-42.75821953710037,0.9162630391787627
1075,537.5,214.41558168563938,-42.97994274758382,0.22172278761980824,-42.75821995996401,0.9158410767040149
1076,538.0,215.61726782084656,-42.98118586162435,0.22296542678645634,-42.75822043483789,0.9140015336328998
1077,538.5,216.7980623822145,-42.98240742234803,0.22418646240194,-42.758220959946094,0.9107585592119156
1078,539.0,217.94965125497797,-42.98359882968,0.22537729700945194,-42.75822153267055,0.9061304011653262
1079,539.5,219.06298174903893,-42.984750719269734,0.22652856940647043,-42.758222149863265,0.9001391092276889
1080,540.0,220.12831246640758,-42.985853013984396,0.22763020621166447,-42.75822280777273,0.8928104317530221
1081,540.5,221.13527215797376,-42.986894984804636,0.22867148272748303,-42.75822350207715,0.8841736042253954
1082,541.0,222.07292731876421,-42.98786532076316,0.2296410928390344,-42.75822422792413,0.874261145400303
1083,541.5,222.92985791897704,-42.9887522073025,0.2305272273260068,-42.75822497997649,0.8631086671729984
1084,542.0,223.69424057721804,-42.98954341233345,0.23131765987041916,-42.75822575246303,0.8507547049461223
1085,542.5,224.35393829296106,-42.99022637913955,0.231999839847131,-42.758226539292416,0.8372405761253302
1086,543.0,224.89659583076622,-42.990788324908046,0.23256099095872076,-42.75822733394932,0.8226102758390583
1087,543.5,225.3097404218478,-42.991216345058604,0.23298821536892692,-42.75822812968968,0.8069104173990985
1088,544.0,225.58088480118545,-42.99149752055336,0.23326860025122678,-42.75822892030213,0.7901902304501448
1089,544.5,225.69763259233645,-42.991619024832495,0.2333893267651254,-42.75822969806737,0.7725016323057476
1090,545.0,225.64778979746094,-42.99156824115342,0.23333778534572072,-42.758230455807706,0.7574270192066384
1091,545.5,225.41947815378524,-42.991332879287086,0.2331016929233143,-42.75823118636377,0.7436210338897458
1092,546.0,225.00124664469328,-42.99090109085929,0.23266920823476092,-42.75823188262453,0.7293505201666256
1093,546.5,224.38218212371626,-42.99026158380666,0.23202904621748371,-42.75823253758917,0.7147209386074407
1094,547.0,223.55201831532887,-42.98940373514983,0.23117059072497853,-42.75823314442485,0.6998500164598583
1095,547.5,222.501242255686,-42.98831770111484,0.23008400459501271,-42.758233696519824,0.684977186524787
1096,548.0,221.2211973672217,-42.98699452376305,0.2287603362369691,-42.758234187526085,0.7000027733547725
1097,548.5,219.70418242069786,-42.985426233377154,0.2271916219664861,-42.75823461141067,0.71427714777114
1098,549.0,217.94354564261255,-42.98360594581996,0.2253709833200123,-42.75823496249995,0.7277824373758908
1099,549.5,215.9337732501165,-42.98152795412548,0.22329271860696137,-42.75823523551852,0.7405061440102545
1100,550.0,213.67057178775678,-42.979187813678465,0.22095238805246215,-42.758235425626005,0.7524406300370728
1101,550.5,211.15094367718743,-42.97658242037255,0.2183468919217764,-42.758235528450776,0.7635826756126416
1102,551.0,208.37325542336117,-42.97371008118265,0.21547454105093294,-42.75823554013172,0.7739330922903751
1103,551.5,205.3372977575791,-42.97057057640441,0.21233511903943084,-42.75823545736498,0.7834963814800348
1104,552.0,202.04433763739954,-42.96716521333539,0.20892993602228643,-42.758235277313105,0.7922804273314334
1105,552.5,198.4971618492629,-42.96349687153423,0.20526187375862018,-42.75823499777561,0.8002962151514156
1106,553.0,194.7001110913131,-42.95957003809674,0.20133542087600803,-42.75823461722074,0.8075575703822848
1107,553.5,190.6591044507061,-42.955390832759264,0.19715669818196818,-42.75823413457729,0.8140809116855324
1108,554.0,186.3816548279176,-42.9509670240669,0.19273347461392334,-42.758233549452974,0.8198850160971514
1109,554.5,181.8768744012019,-42.9463080350503,0.1880751728898866,-42.75823286216041,0.8249907915782847
1110,555.0,177.15546948588295,-42.94142493780797,0.18319286419255887,-42.75823207361542,0.8294210531358316
1111,555.5,172.22972498696112,-42.93633043754617,0.17809925209208607,-42.75823118545408,0.83320029870018
1112,556.0,167.11347803136172,-42.93103884528611,0.17280864527970424,-42.75823020000641,0.8363544850802367
1113,556.5,161.82208058517875,-42.92556603921726,0.1673369189109923,-42.75822912030627,0.8389108021527825
1114,557.0,156.37235100946347,-42.9199294146095,0.16170146451069936,-42.7582279500988,0.8408974441084786
1115,557.5,150.78251445665012,-42.91414782218505,0.15592112833790206,-42.75822669384715,0.842343377139775
1116,558.0,145.0721320649652,-42.908241494894924,0.15001613816738477,-42.758225356727536,0.8432781033274986
1117,558.5,139.26201897867605,-42.902231963148836,0.14400801851604772,-42.75822394463279,0.8437314210884423
1118,559.0,133.37415126080293,-42.89614195854632,0.13791949438323772,-42.75822246416308,0.8437331826234741
1119,559.5,127.43156184053757,-42.88999530626512,0.13177438365209226,-42.75822092261303,0.8433130493367753
1120,560.0,121.45822574338581,-42.883816806361025,0.1255974784083666,-42.75821932795266,0.8425002466372584
1121,560.5,115.47893493963896,-42.877632104325464,0.11941441552378601,-42.75821768880168,0.8591988022235736
1122,561.0,109.51916325292696,-42.8714675513567,0.11325153696073104,-42.75821601439597,0.8865830743317269
1123,561.5,103.60492188649954,-42.86535005492093,0.10713574037490624,-42.758214314546024,0.912849018574188
1124,562.0,97.76260624242924,-42.859306920303574,0.10109432071419676,-42.75821259958938,0.9379390108761166
1125,562.5,92.01883485330409,-42.853365683982744,0.09515480366121094,-42.758210880321535,0.9617985352958797
1126,563.0,86.40028139629061,-42.847553939860084,0.08934477192244307,-42.75820916793764,0.9843762278924388
1127,563.5,80.93350085445074,-42.84189915941606,0.08369168546523043,-42.758207473950826,1.0056239475069209
1128,564.0,75.64475103467774,-42.83642850705785,0.07822269695308459,-42.75820581010477,1.0254968664861837
1129,564.5,70.55981081406195,-42.831168652075085,0.07296446379795878,-42.758204188277126,1.0439535754988
1130,565.0,65.70379659879576,-42.8261455787404,0.06794295836413822,-42.75820262037627,1.0609561973361574
1131,565.5,61.10097859059671,-42.82138439620334,0.06318327797308901,-42.758201118230254,1.076470505170148
1132,566.0,56.77459855382201,-42.816909149930495,0.05870945646014146,-42.75819969347035,1.0904660411947453
1133,566.5,52.74669085742156,-42.81274263652806,0.05454427911761719,-42.75819835741044,1.1029162319594883
1134,567.0,49.03790862183206,-42.808906223840765,0.05070910291687186,-42.758197120923896,1.1137984970441328
1135,567.5,45.667356831706805,-42.805419678253664,0.047223683933566886,-42.7581959943201,1.1230943480516578
1136,568.0,42.65243427763957,-42.8023010011252,0.04410601390282401,-42.758194987222375,1.1307894752288767
1137,568.5,40.00868616167423,-42.79956627625146,0.04137216780158373,-42.75819410844988,1.1368738193689238
1138,569.0,37.74966914101807,-42.79722953019831,0.03903616429305689,-42.75819336590525,1.1413416270162844
1139,569.5,35.88683049142081,-42.79530260724263,0.037109840772035066,-42.7581927664706,1.144191487382978
1140,570.0,34.42940294643771,-42.79379506053404,0.035602744620313605,-42.758192315913725,1.1454263497949067
1141,570.5,33.38431661246476,-42.79271406092649,0.03452204211982285,-42.75819201880667,1.1450535209170658
1142,571.0,32.75612917411327,-42.79206432473777,0.033872446279427045,-42.75819187845835,1.1430846414507292
1143,571.5,32.54697539315361,-42.79184806147555,0.03365616461281016,-42.75819189686274,1.13953564245113
1144,572.0,32.75653667067669,-42.79206494232733,0.03387286766332684,-42.758192074664,1.1344266818736837
1145,572.5,33.38203119077731,-42.79271208995101,0.034519678811785984,-42.75819241113923,1.127782062415823
1146,573.0,34.418224900017385,-42.79378408982947,0.03559118563009016,-42.75819290419938,1.1196301321752622
1147,573.5,35.857463305667764,-42.79527302317189,0.03707947276315005,-42.758193550408734,1.1100031700886013
1148,574.0,37.68972380300932,-42.7971685210615,0.03897417603948119,-42.75819434502202,1.0989372585460824
1149,574.5,39.90268796495246,-42.79945783926793,0.04126255722442764,-42.7581952820435,1.086472145976433
1150,575.0,42.48183297237249,-42.80212595285309,0.043929598566410384,-42.75819635428668,1.0726511025294474
1151,575.5,45.41054116196962,-42.80515566954727,0.04695811607813901,-42.75819755346913,1.0575207727550735
1152,576.0,48.670226403238395,-42.80852776053017,0.05032889022046276,-42.758198870309705,1.0411310291031748
1153,576.5,52.2404757974847,-42.8122211070686,0.05402081243043917,-42.758200294638165,1.023534830581381
1154,577.0,56.09920506603028,-42.81621286131949,0.05801104580511267,-42.75820181551438,1.0047880914340552
1155,577.5,60.22282584420354,-42.82047861945106,0.06227519809682447,-42.75820342135423,0.9849495650964771
1156,578.0,64.58642299344314,-42.82499260512808,0.0667875050680489,-42.75820510006003,0.9640807491791272
1157,578.5,69.16393997351524,-42.82972786133482,0.07152102218102917,-42.758206839153786,0.942245817427506
1158,579.0,73.92837022867619,-42.83465644842834,0.07644782250631164,-42.75820862592203,0.9195115652029472
1159,579.5,78.85195265967364,-42.839749646361874,0.08153919885636253,-42.75821044750551,0.8959474485429519
1160,580.0,83.90636929387185,-42.84497815925615,0.08676586819221992,-42.758212291063934,0.8716256487423938
1161,580.5,89.06294315622667,-42.850312320120686,0.09209817623784049,-42.758214143882846,0.8466211817296223
1162,581.0,94.29283450426482,-42.85572229388948,0.09750630040269637,-42.75821599348678,0.8210120927314526
1163,581.5,99.56723374910153,-42.861178277015824,0.10296044927747161,-42.75821782773835,0.7948797373986688
1164,582.0,104.85754949431086,-42.86665069201559,0.10843105708122963,-42.75821963493436,0.7683091654761285
1165,582.5,110.13559025565961,-42.87211037546193,0.11388897157409039,-42.75822140388784,0.7413896248826969
1166,583.0,115.37373858213256,-42.87752875810753,0.11930563411223746,-42.75822312399529,0.7167687189661421
1167,583.5,120.5451164742071,-42.882878036004385,0.12465325070358807,-42.7582247853008,0.7110492029490821
1168,584.0,125.62374114233789,-42.888131331617714,0.12990495307447084,-42.75822637854324,0.7051584284451037
1169,584.5,130.58467031396614,-42.893262844123555,0.1350349489286458,-42.758227895194906,0.6991268102981019
1170,585.0,135.40413643022376,-42.898247988217435,0.14001866071738386,-42.758229327500054,0.6929845423407548
1171,585.5,140.05966930693424,-42.90306352093886,0.14483285248071057,-42.75823066845815,0.6867614304069195
1172,586.0,144.53020700112728,-42.90768765635865,0.14945574449221172,-42.75823191186643,0.6804867377225062
1173,586.5,148.7961946118624,-42.91210016773971,0.15386711542695336,-42.758233052312754,0.6741890440146606
1174,587.0,152.83967095242022,-42.91628247714678,0.15804839198743045,-42.75823408515935,0.6678961200190298
1175,587.5,156.6443431711812,-42.9202177326102,0.16198272606749803,-42.7582350065427,0.6616348190266766
1176,588.0,160.195649419913,-42.9238908729081,0.1656550595563715,-42.75823581335173,0.6554309858235723
1177,588.5,163.48080979222956,-42.927288680219526,0.16905217701304998,-42.758236503206476,0.6493093838128903
1178,589.0,166.48886582582668,-42.93039982094799,0.17216274651477387,-42.75823707443322,0.6432936406175037
1179,589.5,169.2107089073199,-42.93321487506768,0.17497734902988943,-42.75823752603779,0.6374062120547089
1180,590.0,171.6390977644971,-42.93572635424478,0.17748849650623102,-42.75823785773855,0.6316683642978206
1181,590.5,173.76866566916118,-42.93792870907235,0.17969063931943413,-42.75823806975292,0.6261001734222625
1182,591.0,175.5959181289017,-42.93981832683229,0.18158016388604334,-42.75823816294624,0.6207205389571152
1183,591.5,177.11922110478315,-42.94139351924709,0.1831553804796637,-42.75823813876743,0.6155472121757662
1184,592.0,178.33877988228198,-42.94265450058364,0.18441650138182694,-42.75823799920182,0.6105968370543662
1185,592.5,179.2566094100836,-42.94360335693244,0.18536561020994516,-42.7582377467225,0.6058849984874469
1186,593.0,179.87649646367535,-42.94424400704982,0.18600662279145289,-42.758237384258365,0.6014262786840642
1187,593.5,180.20395455935096,-42.94458215568516,0.18634524054129684,-42.75823691514386,0.5972343203897404
1188,594.0,180.24617187488755,-42.94462523980354,0.18638889660776836,-42.758236343195776,0.5933218923233174
1189,594.5,180.01195176896582,-42.94438236700837,0.18614669436484688,-42.75823567264353,0.5897009524043765
1190,595.0,179.51164659544608,-42.94386424707621,0.1856293389708903,-42.75823490810532,0.5863827072763406
1191,595.5,178.75708521158214,-42.94308311697593,0.18484906240635468,-42.75823405456957,0.5833776657461902
1192,596.0,177.7614945080153,-42.94205265970705,0.1838195423295589,-42.75823311737749,0.590104639728484
1193,596.5,176.5394152579235,-42.94078791726463,0.18255581505800297,-42.75823210220663,0.6062693940623937
1194,597.0,175.1066125733655,-42.93930519802812,0.1810741829730964,-42.758231015055024,0.622522077149372
1195,597.5,173.47998124934813,-42.93762197886407,0.1793921166383857,-42.75822986222569,0.6387755661712807
1196,598.0,171.677446274189,-42.93575680223019,0.17752815191934562,-42.75822865031084,0.6549482724752604
1197,598.5,169.71785884315958,-42.933729168604856,0.17550178245320489,-42.75822738615165,0.6709636240775594
1198,599.0,167.62088819608223,-42.93155942467565,0.17333334780040727,-42.75822607687524,0.686749558425315
1199,599.5,165.40690940027832,-42.9292686472464,0.17104391740324287,-42.75822472984316,0.7044766465910474
1200,600.0,163.09688740507778,-42.92687852332262,0.16865517068897717,-42.75822335263364,0.7222590211662551
1201,600.5,160.71225785215597,-42.924411226837236,0.16618927381824705,-42.75822195301899,0.739474467182916
1202,601.0,158.2748050045063,-42.921889292394056,0.1636687534538965,-42.75822053894016,0.7560643258951265
1203,601.5,155.80653722229232,-42.9193354864714,0.16111636799309068,-42.75821911847831,0.7719772110943908
1204,602.0,153.3295603961646,-42.91677267655523,0.15855497668728574,-42.75821769986795,0.7871680800590637
1205,602.5,150.86594949681714,-42.91422369820226,0.15600740681424025,-42.75821629138802,0.801597617890986
1206,603.0,148.4376197786929,-42.91171122174904,0.15349632049238926,-42.75821490125665,0.8152310641172354
1207,603.5,146.06619818654457,-42.90925761949923,0.15104408170498707,-42.75821353779424,0.8280377597192858
1208,604.0,143.77289399896696,-42.90688483188619,0.14867262253521749,-42.75821220935097,0.8399906940287616
1209,604.5,141.57837093693212,-42.90461423482935,0.14640331091623401,-42.75821092391312,0.851066062569393
1210,605.0,139.50262204482848,-42.90246651071796,0.14425682124818964,-42.758209689469766,0.8612428875285862
1211,605.5,137.5648466976774,-42.90046152101917,0.14225300721390366,-42.758208513805265,0.8705026953388866
1212,606.0,135.78333074579433,-42.898618182282256,0.14041077783889586,-42.75820740444336,0.8788292435237942
1213,606.5,134.17533093828422,-42.89695434656627,0.1387479779760763,-42.758206368590194,0.8862082906673012
1214,607.0,132.7569644891473,-42.895486687184714,0.13728127410830365,-42.75820541307641,0.8926274044850524
1215,607.5,131.54310465572067,-42.894230590667554,0.13602604636817764,-42.758204544299375,0.8980758037709732
1216,608.0,130.5472831940647,-42.89320005583558,0.13499628766914004,-42.75820376816644,0.9025442306383129
1217,608.5,129.7816005389192,-42.892407600863955,0.1342045108243961,-42.75820309003956,0.9060248499949238
1218,609.0,129.2566445264638,-42.89186417918269,0.1336616644997757,-42.758202514682914,0.9085111736099607
1219,609.5,128.9814184360071,-42.89157910501677,0.13337705880310935,-42.758202046213654,0.9099980064624332
1220,610.0,128.96327907187353,-42.89155998931308,0.13335830125596784,-42.75820168805711,0.9104814133286259
1221,610.5,129.20788553939732,-42.891812686731086,0.13361124382396053,-42.75820144290712,0.9099587037794065
1222,611.0,129.7191592794868,-42.89234125428686,0.134139941589292,-42.75820131269757,0.9084284315655049
1223,611.5,130.49925584154855,-42.89314792212184,0.1349466235617176,-42.758201298560124,0.905890410181474
1224,612.0,131.54854882902208,-42.894233076894444,0.1360316760769478,-42.7582014008175,0.9023457533293631
1225,612.5,132.8656262701063,-42.895595258012776,0.13739363904369015,-42.75820161896909,0.8977969131324578
1226,613.0,134.44729952573138,-42.89723116684398,0.13902921515520172,-42.758201951688775,0.8922477349027139
1227,613.5,136.28862477955036,-42.899135688934294,0.14093329211165193,-42.75820239682264,0.885703522644989
1228,614.0,138.38293706838098,-42.901301929213695,0.14309897781030956,-42.75820295140338,0.8781711144237685
1229,614.5,140.72189662779368,-42.903721259947844,0.1455176482705717,-42.758203611677274,0.8696589668744377
1230,615.0,143.29554715900184,-42.90638338101764,0.14817900788656874,-42.75820437313107,0.8601772482891346
1231,615.5,146.0923855643596,-42.90927639206957,0.1510711615392228,-42.75820523053035,0.8497379402371439
1232,616.0,149.09944256285138,-42.91238687592447,0.15418069795908412,-42.758206177965384,0.8383549479223952
1233,616.5,152.30237347800005,-42.91569999251258,0.15749278360825872,-42.75820720890432,0.8260442198824753
1234,617.0,155.68555819081195,-42.919199582402946,0.16099126603971353,-42.75820831636323,0.8128238783783908
1235,617.5,159.2322091419209,-42.92286827824768,0.1646587855800949,-42.75820949266758,0.7987143644534536
1236,618.0,162.92448756111662,-42.92668762529145,0.16847689552031742,-42.758210729771136,0.8017652857019647
1237,618.5,166.7436265241829,-42.930638208671965,0.17242618936613494,-42.75821201930583,0.8115752221704081
1238,619.0,170.67005843334218,-42.934699785340705,0.17648643266307285,-42.75821335267763,0.8213093368713893
1239,619.5,174.68354675429032,-42.938851420202,0.18063669922301365,-42.758214720978984,0.830935250398295
1240,620.0,178.7633210532606,-42.94307162601812,0.18485551076327553,-42.75821611525484,0.8404190244234815
1241,620.5,182.8882134880977,-42.947338504587606,0.1891209780492531,-42.75821752653835,0.8497252023064471
1242,621.0,187.03679560974786,-42.95162988822038,0.19341094235805303,-42.758218945862325,0.8588168646982904
1243,621.5,191.18751462516553,-42.955923480781365,0.1977031163851918,-42.75822036439617,0.8676556963302333
1244,622.0,195.3188278751094,-42.96019699681615,0.20197522330534645,-42.758221773510805,0.8762021101558747
1245,622.5,199.40933425502521,-42.96442829751349,0.20620513267201393,-42.75822316484148,0.8844153853933087
1246,623.0,203.43790163099249,-42.96859552253102,0.21037099217574748,-42.75822453035527,0.8922538307153683
1247,623.5,207.38378915901436,-42.97267721657146,0.2144513541320439,-42.75822586243942,0.8996749712194111
1248,624.0,211.22676345523848,-42.9766524495839,0.21842529561060364,-42.7582271539733,0.9066357575035838
1249,624.5,214.9472080727874,-42.98050092982706,0.22227253164309255,-42.75822839818397,0.9130927959326975
1250,625.0,218.52622659891125,-42.98420311061312,0.2259735218338081,-42.758229588779315,0.9190026010085819
1251,625.5,221.9457383201824,-42.987740289389265,0.22950956928510963,-42.75823072010416,0.9243218678377243
1252,626.0,225.18856501203825,-42.9910946974253,0.2328629103447177,-42.75823178708058,0.9290077569089528
1253,626.5,228.23850889735067,-42.99424958044518,0.23601679522108326,-42.758232785224095,0.9330181913553007
1254,627.0,231.08042167018212,-42.99718927001195,0.2389555593594487,-42.758233710652505,0.936312164654313
1255,627.5,233.7002644444932,-42.999899245521334,0.24166468543358594,-42.75823456008775,0.9388500565677631
1256,628.0,236.08515858690913,-43.002366186765386,0.24413085591092504,-42.75823533085446,0.9405939553157852
1257,628.5,238.22342743258758,-43.00457801706393,0.24634199619008398,-42.758236020873845,0.9415079842457966
1258,629.0,240.10462913152944,-43.00652393718334,0.24828730856656994,-42.75823662861677,0.9415586316663536
1259,629.5,241.71958091560157,-43.00819445044304,0.24995729732681327,-42.75823715311623,0.9407150829332606
1260,630.0,243.06037497626625,-43.00958137909761,0.25134378516700445,-42.75823759393061,0.9389495543257833
1261,630.5,244.12038632883915,-43.01067787244018,0.25243992132536297,-42.75823795111482,0.9362376289576987
1262,631.0,244.89427310333522,-43.011478407072204,0.2532401818828953,-42.75823822518931,0.932558595638416
1263,631.5,245.37796965108296,-43.01197877975946,0.253740362635085,-42.758238417124375,0.9278957920715022
1264,632.0,245.568673071771,-43.012176093403326,0.2539375651597857,-42.75823852824354,0.9222369549245015
1265,632.5,245.46482376514862,-43.012068736961595,0.253830176706131,-42.758238560255464,0.9155745817617897
1266,633.0,245.06608025058418,-43.01165635938109,0.25341784415595203,-42.75823851522514,0.9079062860472407
1267,633.5,244.3732887660276,-43.01093983807563,0.2527014425866838,-42.758238395488945,0.8992352130482777
1268,634.0,243.3884485271946,-43.00992124292969,0.25168303934659486,-42.7582382035831,0.8895704845832888
1269,634.5,242.11467299217978,-43.0086037963844,0.25036585399931227,-42.75823794238509,0.8789276420869867
1270,635.0,240.5561474114083,-43.0069918292571,0.24875421442709092,-42.758237614830016,0.867329168732087
1271,635.5,238.7180835742343,-43.005090734111604,0.24685351003519235,-42.75823722407641,0.8548050627468138
1272,636.0,236.60667199104094,-43.002906915738784,0.24467014230436787,-42.75823677343442,0.8413934650735264
1273,636.5,234.2290314263363,-43.00044773894199,0.24221147260406056,-42.75823626633793,0.8271413806268554
1274,637.0,231.5931568224982,-42.99772147457657,0.23948576834141005,-42.75823570623516,0.8121054942323793
1275,637.5,228.7078660588513,-42.9947372445894,0.236502147905898,-42.75823509668351,0.796353088766431
1276,638.0,225.58274539647647,-42.99150496554468,0.23327052425493636,-42.758234441289744,0.7799631272013516
1277,638.5,222.228093932494,-42.98803529119558,0.22980154747517242,-42.75823374372041,0.7630274311599416
1278,639.0,218.65486745177978,-42.984339554321735,0.22610654672069164,-42.75823300760104,0.745651999288193
1279,639.5,214.87462220768685,-42.98042970864651,0.22219747207780646,-42.7582322365687,0.7279584512080852
1280,640.0,210.8994587760807,-42.976318270748045,0.21808683650565733,-42.75823143424239,0.7100855609794319
1281,640.5,206.74196608978508,-42.97201826216647,0.21378765796337246,-42.7582306042031,0.7108324137119123
1282,641.0,202.41516596049885,-42.96754315203876,0.2093134020413116,-42.75822974999745,0.7326753146110804
1283,641.5,197.93245817610855,-42.96290680031775,0.20467792518731487,-42.758228875130435,0.753536506765593
1284,642.0,193.30756668572386,-42.958123401964386,0.1998954190577433,-42.75822798290664,0.7733842004730108
1285,642.5,188.55448749241933,-42.953207433235704,0.1949803566344242,-42.75822707660128,0.7921885210147224
1286,643.0,183.6874379976335,-42.9481735992173,0.18994743984272555,-42.75822615937457,0.8099215789604886
1287,643.5,178.7208078531365,-42.94303678298404,0.18481154872857616,-42.75822523425546,0.8265575632416443
1288,644.0,173.66911178558604,-42.93781199680836,0.17958769267529973,-42.75822430413306,0.8420728537367776
1289,644.5,168.54694455501328,-42.932514335568854,0.174290963827102,-42.75822337174175,0.856446150060616
1290,645.0,163.36893824895915,-42.92715893257795,0.16893649292780652,-42.75822243965015,0.869658613531826
1291,645.5,158.14972207772354,-42.92176091799807,0.16353940774594053,-42.75822151025213,0.8816940195473102
1292,646.0,152.90388479545794,-42.91633537997827,0.15811479421515184,-42.75822058576312,0.8925389177565483
1293,646.5,147.64593983429162,-42.910897328589904,0.1526776603801186,-42.75821966820978,0.9021827994894097
1294,647.0,142.39029322309662,-42.905461662656634,0.14724290322199737,-42.758218759434634,0.9106182620658044
1295,647.5,137.15121427939098,-42.90004313945226,0.14182527835151693,-42.75821786110074,0.9178411786219121
1296,648.0,131.94280898472007,-42.89465634717489,0.13643937247700208,-42.75821697469789,0.9238508673205499
1297,648.5,126.77899593625112,-42.8893156800928,0.13109957853640733,-42.75821610155639,0.9286502555817797
1298,649.0,121.6734846811046,-42.88403531615337,0.12582007329328995,-42.75821524286008,0.9322460391773004
1299,649.5,116.63975619847469,-42.87882919682424,0.12061479715376823,-42.75821439967047,0.934648834020011
1300,650.0,111.69104520659013,-42.873711008823086,0.11549743587050978,-42.75821357295258,0.9358733192361585
1301,650.5,106.84032388915888,-42.86869416731945,0.1104814037145794,-42.75821276360487,0.9359383701361119
1302,651.0,102.10028662931174,-42.86379180017728,0.10557982768912091,-42.75821197248816,0.9348671798479659
1303,651.5,97.48333527104273,-42.85901673275387,0.10080553228851279,-42.75821120046536,0.9326873680003279
1304,652.0,93.00156438576481,-42.85438147269799,0.0961710242628133,-42.75821044843517,0.9294310759259994
1305,652.5,88.66674601972991,-42.84989819421389,0.09168847684537824,-42.758209717368516,0.9251350472869133
1306,653.0,84.490313398493,-42.84557872124596,0.08736971290197883,-42.758209008343975,0.9198406930621603
1307,653.5,80.48334307467881,-42.84143450905116,0.08322618647017087,-42.75820832258099,0.913594139816456
1308,654.0,76.65653504039963,-42.83747662366335,0.0792689621939508,-42.7582076614694,0.9064462599816611
1309,654.5,73.02019038034935,-42.833715718809195,0.0755086922152753,-42.75820702659392,0.8984526825715264
1310,655.0,69.5841861156302,-42.83016200991314,0.07195559016057466,-42.75820641975256,0.9254480510089736
1311,655.5,66.35794698073022,-42.826825244923334,0.06861940195589973,-42.758205842967435,0.9553161140065074
1312,656.0,63.35041398495927,-42.82371467180418,0.06550937331694308,-42.75820529848724,0.9846987210119311
1313,656.5,60.57000973188264,-42.82083900266757,0.06263421388657128,-42.758204788781,1.0134225883304915
1314,657.0,58.02460060277229,-42.8182063746506,0.06000205812950181,-42.7582043165211,1.0413245033672078
1315,657.5,55.721456055111574,-42.81582430780123,0.05762042324371544,-42.75820388455752,1.0682509860474112
1316,658.0,53.66720542702606,-42.813699660375086,0.05549616449279758,-42.75820349588229,1.094058048680223
1317,658.5,51.86779277387851,-42.811838582088114,0.053635428503380676,-42.75820315358473,1.1186110493091317
1318,659.0,50.32843039940343,-42.810246466011016,0.0520436052126365,-42.75820286079838,1.1417846277104198
1319,659.5,49.05355186201987,-42.80892789991412,0.050725279273061,-42.75820262064106,1.1634627098608847
1320,660.0,48.04676533841804,-42.80788661797603,0.049684181826708744,-42.758202436149325,1.1835385650740158
1321,660.5,47.31080830620095,-42.807125453852635,0.04892314364343522,-42.7582023102092,1.2019148995296849
1322,661.0,46.847504561414254,-42.806646296158796,0.04844405067359961,-42.758202245485194,1.2185039702094917
1323,661.5,46.657724612300726,-42.80645004744159,0.04824780309205263,-42.75820224434953,1.2332277040474666
1324,662.0,46.74135048561867,-42.80653658771904,0.048334278905066905,-42.75820230881397,1.2460178082425655
1325,662.5,47.0972459454952,-42.80690474362049,0.04870230315425954,-42.758202440466235,1.256815859050424
1326,663.0,47.7232330573165,-42.807552264095,0.04934962368178809,-42.75820264041322,1.2655733579029516
1327,663.5,48.61607593202484,-42.808475803553286,0.050272894320659185,-42.75820290923263,1.2722517453466087
1328,664.0,49.771472361961784,-42.809670913180526,0.05146766624552415,-42.758203246935004,1.2768223650074468
1329,664.5,51.18405391167513,-42.81113204100364,0.05292838806658073,-42.758203652937055,1.27926637155337
1330,665.0,52.847394860415854,-42.81285254112446,0.05464841507682702,-42.75820412604763,1.2795745784054569
1331,665.5,54.75403021264467,-42.814824692342896,0.05662002787635968,-42.75820466446653,1.2777472427255527
1332,666.0,56.8954828045301,-42.817039726199226,0.05883446040265169,-42.758205265796576,1.2737937869531557
1333,666.5,59.262299344231174,-42.819487864267316,0.06128193719907492,-42.75820592706824,1.2677324578561975
1334,667.0,61.844095037851254,-42.822158364338385,0.0639517195616904,-42.75820664477669,1.2595899256759295
1335,667.5,64.62960627726495,-42.825039574952136,0.0668321600226575,-42.75820741492948,1.249400827463684
1336,668.0,67.60675070473248,-42.82811899756693,0.06991076446182867,-42.7582082331051,1.237207260108015
1337,668.5,70.76269378921724,-42.83138335547686,0.07317426095196404,-42.758209094524894,1.223058229626317
1338,669.0,74.0839210477019,-42.834818668537174,0.07660867444132397,-42.75820999409585,1.2070090647712954
1339,669.5,77.55631492637099,-42.83841033277157,0.08019940625493466,-42.75821092651664,1.1891208045276334
1340,670.0,81.16523513364976,-42.8421432035237,0.0839313171653482,-42.758211886358346,1.1694595682076476
1341,670.5,84.89560132809079,-42.84600168099444,0.08778881289850254,-42.75821286809594,1.1480959183026191
1342,671.0,88.73197718716195,-42.84996979729169,0.09175593106754354,-42.758213866224146,1.1251042281958976
1343,671.5,92.65865473931055,-42.85403130369022,0.09581642837889554,-42.758214875311324,1.1005620667925415
1344,672.0,96.65973787788694,-42.858169757056004,0.09995386699230945,-42.758215890063695,1.0745496104373344
1345,672.5,100.71922417551403,-42.8623686045031,0.1041516991234366,-42.75821690537966,1.0471490952516809
1346,673.0,104.82108418658461,-42.866611265445016,0.1083933490489266,-42.75821791639609,1.0184443231734024
1347,673.5,108.949337546573,-42.87088121032409,0.11266229179917621,-42.75821891852492,0.9885202357931087
1348,674.0,113.08812531102959,-42.87516203544242,0.11694212796261083,-42.75821990747981,0.957462571408586
1349,674.5,117.22177811905084,-42.87943753346466,0.12121665417214099,-42.758220879292516,0.9253576227124316
1350,675.0,121.3348799102207,-42.88369175931295,0.12546992899355425,-42.7582218303194,0.9178142003587075
1351,675.5,125.41232706588264,-42.88790909132058,0.12968633408230051,-42.75822275723828,0.9105969325962853
1352,676.0,129.4393829807821,-42.89207428765162,0.1338506306149165,-42.7582236570367,0.9027487692560867
1353,676.5,133.4017281592048,-42.89617253810442,0.1379480110924223,-42.758224527012004,0.8942684263309105
1354,677.0,137.28550604040677,-42.900189511421274,0.14196414672746568,-42.75822536469381,0.8851547394927786
1355,677.5,141.0773650790338,-42.90411139881048,0.14588523095882713,-42.75822616785165,0.8754067556831047
1356,678.0,144.76449745874615,-42.90792495394105,0.14969801948439085,-42.75822693445666,0.8650238403173336
1357,678.5,148.3346747387247,-42.911617529762594,0.15338986712247119,-42.758227662640124,0.8540058013764162
1358,679.0,151.77628100668983,-42.9151771127497,0.15694876209467434,-42.75822835065503,0.8423530314898644
1359,679.5,155.07834404904088,-42.91859235509924,0.160363358258305,-42.75822899684094,0.8300666693065951
1360,680.0,158.23056503098164,-42.92185260538387,0.16362300579797986,-42.75822959958589,0.8171487824167879
1361,680.5,161.2233471656281,-42.92494793816705,0.16671778087176836,-42.75823015729528,0.8036025738852414
1362,681.0,164.0478237995341,-42.92786918301917,0.16963851465386265,-42.75823066836531,0.789432614739618
1363,681.5,166.69588626365942,-42.93060795329622,0.17237682213469707,-42.75823113116152,0.7746451058689017
1364,682.0,169.1602117645034,-42.933156674966874,0.17492513096260118,-42.758231544004275,0.767865666229684
1365,682.5,171.43429146023297,-42.93550861565175,0.17727671047675236,-42.758231905174995,0.7653251696777514
1366,683.0,173.51245884033764,-42.93765791392738,0.17942570105399933,-42.75823221287338,0.7618663828165222
1367,683.5,175.3899184654366,-42.93959960909798,0.18136714382811123,-42.75823246526987,0.7574725553190703
1368,684.0,177.06277485202125,-42.94132967106579,0.183097010558902,-42.758232660506884,0.7521305228904763
1369,684.5,178.52806117375926,-42.94284503003637,0.1846122333116647,-42.758232796724705,0.7458306097871366
1370,685.0,179.78376752522882,-42.9441436057619,0.1859107336841233,-42.75823287207778,0.7385666136149417
1371,685.5,180.828868310874,-42.945224335919576,0.18699145112879406,-42.75823288479078,0.7303357287644646
1372,686.0,181.66334806222406,-42.9460872028723,0.18785436965004637,-42.75823283322225,0.7211384787237151
1373,686.5,182.28822509491116,-42.946733258105965,0.18850054226734292,-42.75823271583862,0.7109786626622133
1374,687.0,182.7055724940245,-42.94716464404916,0.18893211271576751,-42.75823253133339,0.6998633089574507
1375,687.5,182.91853557445117,-42.94738461216379,0.18915233350140767,-42.75823227866238,0.6878026348369078
1376,688.0,182.9313449251073,-42.94739753648778,0.18916557939012876,-42.75823195709765,0.6748100137301098
1377,688.5,182.7493243084659,-42.94720892186158,0.18897735557631481,-42.75823156628527,0.7023441652937046
1378,689.0,182.3788926176557,-42.94682540600474,0.18859429970666458,-42.758231106298076,0.7465603470270687
1379,689.5,181.82755912689103,-42.946254754654774,0.18802417696875773,-42.758230577686014,0.7901885884985759
1380,690.0,181.1039112165558,-42.94550584898739,0.18727586739781424,-42.75822998158957,0.8331110028050126
1381,690.5,180.2175937015453,-42.944588664113965,0.18635934450055341,-42.75822931961341,0.8752152725302181
1382,691.0,179.17928007142325,-42.94351423946273,0.1852856455152258,-42.7582285939475,0.9163933415643609
1383,691.5,178.00063509850415,-42.94229464017905,0.18406683274539248,-42.758227807433656,0.9565405893024813
1384,692.0,176.69426772380794,-42.94094290838332,0.18271594484025003,-42.75822696354307,0.9955553657752271
1385,692.5,175.273674397423,-42.93947300458301,0.1812469382040534,-42.75822606637895,1.0333387829667258
1386,693.0,173.7531729034999,-42.93789973923964,0.17967461856588926,-42.75822512067375,1.0697946993559257
1387,693.5,172.14782680710053,-42.936238694605635,0.178014562851701,-42.758224131753934,1.1048298513016233
1388,694.0,170.47336092525669,-42.93450613729386,0.17628303177463123,-42.75822310551923,1.138354031341743
1389,694.5,168.74606827071526,-42.93271892201311,0.17449687360744337,-42.75822204840566,1.170280411432206
1390,695.0,166.98270903452206,-42.9308943870507,0.1726734197224682,-42.75822096732823,1.2005259000296242
1391,695.5,165.2004024487261,-42.92905024238807,0.170830372769028,-42.75821986961905,1.2290115301123166
1392,696.0,163.4165124714036,-42.9272044514197,0.16898568846264733,-42.75821876295705,1.2556628672523449
1393,696.5,161.64852835231247,-42.92537510737117,0.16715745208042787,-42.758217655290736,1.280410424328297
1394,697.0,159.9139412402903,-42.923580305616596,0.16536375086327093,-42.758216554753325,1.3031900704081503
1395,697.5,158.23011811944613,-42.921838013227244,0.16362254365585993,-42.75821546957138,1.3239434230407194
1396,698.0,156.6141743186004,-42.92016593707301,0.16195152907126797,-42.75821440800174,1.3426182176758292
1397,698.5,155.08284592496238,-42.918581391750976,0.16036801355653932,-42.758213378194434,1.3591686397611245
1398,699.0,153.6523634211839,-42.917101168897126,0.15888878072333906,-42.75821238817379,1.373555622551002
1399,699.5,152.33832803430076,-42.915741409120855,0.15752996348291126,-42.75821144563795,1.385747095544547
1400,700.0,151.15559212186102,-42.914517478363095,0.15630692035580926,-42.758210558007285,1.3957181815782642
1401,700.5,150.1181444186633,-42.91344384912942,0.1552341168078842,-42.75820973232154,1.403451336670844
1402,701.0,149.23900117954568,-42.912533987789,0.15432501268325932,-42.75820897510574,1.4089364284611858
1403,701.5,148.53010512648882,-42.91180024998547,0.15359195770758646,-42.758208292277885,1.412170756114934
1404,702.0,148.00223297349376,-42.91125378509482,0.15304609586140527,-42.758207689233416,1.4131590112000791
1405,702.5,147.6649115554946,-42.91090444938387,0.15269727865075922,-42.758207170733115,1.4119131745344484
1406,703.0,147.5263435278364,-42.9107607291437,0.1525539882745383,-42.75820674086916,1.4084523528449715
1407,703.5,147.59334328279255,-42.91082967439762,0.1526232713570547,-42.75820640304056,1.4028025579240047
1408,704.0,147.87128347163954,-42.911116843587024,0.15291068364760865,-42.75820615993941,1.3949964388940324
1409,704.5,148.3640524028274,-42.911626259504054,0.15342024596680426,-42.75820601353725,1.385072949307257
1410,705.0,149.07402245857273,-42.9123603766402,0.15415441154679105,-42.75820596509341,1.3730769716148137
1411,705.5,150.00202952471966,-42.91332005992072,0.15511404476010224,-42.75820601516062,1.359058917013444
1412,706.0,151.14736327694663,-42.91450457469428,0.15629841107481876,-42.758206163619455,1.3580672103447762
1413,706.5,152.50776818065447,-42.915911587729646,0.1577051780885332,-42.75820640964111,1.3640162146772568
1414,707.0,154.07945504215493,-42.91753717924132,0.15933042747319887,-42.75820675176812,1.3680141773843042
1415,707.5,155.85712265234756,-42.919375865282746,0.16116867735641502,-42.75820718792633,1.3700326950495587
1416,708.0,157.8339890358079,-42.921420630092456,0.16321291463547313,-42.75820771545698,1.370047492930839
1417,708.5,160.00183188479954,-42.92366296793992,0.16545463678934536,-42.75820833115057,1.3680385859057218
1418,709.0,162.35103768679988,-42.92609293396135,0.16788390268045866,-42.75820903128089,1.363990418427179
1419,709.5,164.87065900886557,-42.92869920343691,0.17048939179129097,-42.75820981164562,1.3578919814961663
1420,710.0,167.5484793646471,-42.931469138904546,0.17325847130203026,-42.75821066760252,1.349736904928875
1421,710.5,170.37108509827814,-42.934388864531435,0.1761772704242409,-42.758211594107195,1.3395235237411596
1422,711.0,173.3239437096242,-42.93744334714623,0.17923076139540875,-42.75821258575082,1.3272549179066726
1423,711.5,176.39148804071502,-42.940616483331794,0.18240284653441685,-42.75821363679738,1.3129389252458836
1424,712.0,179.55720574461802,-42.94389119197991,0.18567645075948594,-42.75821474122042,1.2965881277374038
1425,712.5,182.8037334583357,-42.94724951171211,0.18903361897045023,-42.75821589274166,1.2782198120970694
1426,713.0,186.112954955958,-42.9506727024611,0.19245561754693408,-42.758217084914165,1.2578559060270769
1427,713.5,189.46610282979762,-42.95414135050782,0.1959230394947437,-42.758218311013074,1.2355228925801445
1428,714.0,192.8438634789662,-42.95763547721731,0.19941591301241637,-42.75821956420489,1.2112517047550964
1429,714.5,196.22648462976005,-42.96113465021456,0.20291381267586217,-42.7582208375387,1.1850776036712842
1430,715.0,199.59388467671369,-42.964618096484216,0.20639597250572142,-42.75822212397849,1.157040044470607
1431,715.5,202.925763435615,-42.96806481693502,0.2098414004948026,-42.75822341644022,1.1271825346244724
1432,716.0,206.2017138007289,-42.9714537018787,0.21322899407054427,-42.758224707808154,1.0955524902409923
1433,716.5,209.40133383641395,-42.974763646984904,0.2165376560066735,-42.75822599097823,1.062201097684375
1434,717.0,212.50433879088175,-42.97797366913785,0.21974641025435396,-42.7582272588835,1.0271831882551967
1435,717.5,215.4906725303226,-42.98106302169698,0.22283451717394662,-42.75822850452304,0.9905571361701933
1436,718.0,218.34061793572866,-42.984011308683954,0.22578158769411685,-42.75822972098984,0.9523847929031515
1437,718.5,221.03490578763078,-42.98679859741637,0.22856769590732387,-42.758230901509044,0.9127314749795794
1438,719.0,223.55482162221614,-42.989405529013695,0.23117348956755665,-42.758232039446135,0.8716660282626599
1439,719.5,225.8823102949806,-42.99181342654329,0.23358029821747778,-42.75823312832581,0.8292610020743746
1440,720.0,228.0000777501612,-42.9940044003852,0.23577023842612166,-42.75823416195908,0.7855929349452789
1441,720.5,229.89168876209416,-42.99596144921285,0.23772631486124293,-42.75823513435161,0.7447843495416442
1442,721.0,231.5416617535306,-42.997668557939846,0.23943251833900625,-42.75823603960084,0.7479636870637818
1443,721.5,232.93556049288216,-42.999110792834834,0.24087392064624102,-42.75823687218859,0.7501160349949716
1444,722.0,234.0600809329364,-43.000274391196754,0.24203676433858903,-42.75823762685817,0.7512428073743634
1445,722.5,234.9031333166415,-43.001146846332894,0.24290854764442485,-42.75823829868847,0.7513476198017558
1446,723.0,235.45391911260498,-43.001716987120155,0.24347810402228862,-42.75823888309787,0.750436282181836
1447,723.5,235.70300239590844,-43.00197505187866,0.24373567597433315,-42.758239375904324,0.7485167898706563
1448,724.0,235.64237530530747,-43.00191275597947,0.243672982734282,-42.75823977324519,0.7455993075255385
1449,724.5,235.26551751618032,-43.001523353493155,0.24328328176719458,-42.75824007172596,0.7416961601218203
1450,725.0,234.56744902688877,-43.00080169171795,0.24256142335476727,-42.75824026836319,0.7368217932186757
1451,725.5,233.54477591574178,-42.99974425868665,0.24150389791167806,-42.75824036077497,0.7309927219962464
1452,726.0,232.19572606846546,-42.99834922033549,0.24010887293063576,-42.75824034740486,0.7242274844663895
1453,726.5,230.5201789104099,-42.996616449871205,0.23837622372784975,-42.75824022614336,0.7165465841466906
1454,727.0,228.51969143903867,-42.994547556302486,0.23630756036269732,-42.75823999593979,0.7079724489584417
1455,727.5,226.19751455483492,-42.99214590082091,0.2339062445251813,-42.75823965629573,0.698529368073636
1456,728.0,223.55859975462076,-42.98941660374089,0.23117739645735524,-42.75823920728354,0.688243420965792
1457,728.5,220.60959685177642,-42.98636654218238,0.2281278925958486,-42.75823864958653,0.6771424012137287
1458,729.0,217.35884234585103,-42.983004338025644,0.22476635354511784,-42.75823798448052,0.6652557351779761
1459,729.5,213.81633830031907,-42.97934033612145,0.22110312223536457,-42.75823721388609,0.6526143987071572
1460,730.0,209.99372124830376,-42.97538657218437,0.21715023176857712,-42.75823634041579,0.6392508314262388
1461,730.5,205.90422092614207,-42.97115673003633,0.2129213627457503,-42.758235367290574,0.6560009572809145
1462,731.0,201.5626088273225,-42.966666088519844,0.20843179006755982,-42.75823429845229,0.6957419907624519
1463,731.5,196.98513611739023,-42.96193145727446,0.20369831873342983,-42.75823313854103,0.7351668833549642
1464,732.0,192.18946078888774,-42.95697110141431,0.19873920851394,-42.75823189290037,0.7741662272065954
1465,732.5,187.1945640776542,-42.95180465509459,0.1935740875186225,-42.75823056757597,0.8126383077634993
1466,733.0,182.02065618926966,-42.94645302401756,0.18822385470959727,-42.75822916930796,0.8504868434160987
1467,733.5,176.68907148395147,-42.94093827703002,0.18271057151440748,-42.758227705515615,0.887619406747008
1468,734.0,171.22215338157235,-42.935283527082554,0.17705734280864185,-42.75822618427391,0.9239463433520474
1469,734.5,165.64312934197412,-42.92951280192502,0.17128818763562256,-42.7582246142894,0.9593800614905257
1470,735.0,159.97597648587768,-42.923650905078034,0.16542790024772414,-42.75822300483031,0.9938346037726336
1471,735.5,154.24527857426247,-42.91772326791197,0.15950190221166144,-42.75822136570031,1.0272254372850789
1472,736.0,148.47607510694203,-42.91175579353073,0.15353608636439914,-42.75821970716633,1.0594694161444318
1473,736.5,142.69370350285385,-42.90577469349962,0.14755665361500245,-42.75821803988462,1.0904848816237218
1474,737.0,136.92363551547743,-42.89980631860137,0.1415899437851515,-42.75821637481622,1.1201918728181546
1475,737.5,131.19130916690276,-42.89387698494857,0.13566226181558322,-42.75821472313299,1.148512426087937
1476,738.0,125.52195762674162,-42.88801279692782,0.12979970081325767,-42.75821309611456,1.175370945048976
1477,738.5,119.94043659185344,-42.882239468585816,0.12402796354824672,-42.75821150503757,1.2006946252567299
1478,739.0,114.47105183518059,-42.87658214518428,0.11837218412549588,-42.75820996105878,1.2244139193306824
1479,739.5,109.13738868241524,-42.871065226743674,0.11285675165011719,-42.758208475093554,1.2464630293698977
1480,740.0,103.96214523958395,-42.865712195463416,0.10750513777142984,-42.75820705769198,1.266780414306598
1481,740.5,98.96697122925565,-42.860545448941544,0.10233973002676412,-42.75820571891478,1.2853093004766065
1482,741.0,94.17231429491055,-42.85558614111918,0.09738167290793841,-42.75820446821125,1.30199818425173
1483,741.5,89.59727555453101,-42.850854032811164,0.09265071849216842,-42.758203314319,1.316801316241993
1484,742.0,85.25947618852388,-42.84636735358831,0.08816508848335383,-42.75820226510496,1.3296791572872566
1485,742.5,81.17493681948164,-42.84214267699428,0.08394134948114515,-42.758201327513135,1.3405988007852574
1486,743.0,77.35797111317511,-42.83819481041123,0.07999430295589639,-42.758200507455335,1.3495343539088174
1487,743.5,73.82109489875019,-42.83453670101213,0.0763368912717109,-42.75819980974042,1.3581505406657277
1488,744.0,70.57495197073388,-42.83117935897617,0.07298012095980633,-42.75819923801637,1.372803046800056
1489,744.5,67.62825744169182,-42.828131798867474,0.06993300414065118,-42.75819879472682,1.3852488084105312
1490,745.0,64.98775930171128,-42.82540099986084,0.0672025187734088,-42.75819848108743,1.3954961821991092
1491,745.5,62.65821855847858,-42.82299188520009,0.06479358811919568,-42.758198297080895,1.4035620500232575
1492,746.0,60.6424080513307,-42.82090732098583,0.06270907951471648,-42.75819824147111,1.409471749951716
1493,746.5,58.941129751927704,-42.81914813409831,0.06094982226253711,-42.75819831183578,1.4132589366637154
1494,747.0,57.55325008806451,-42.817713148775695,0.05951464415871929,-42.75819850461698,1.4149653727959566
1495,747.5,56.475752562402235,-42.81659924109297,0.058400425904779375,-42.758198815188194,1.4146406541765946
1496,748.0,55.703806690977665,-42.815801410331936,0.057602172395597395,-42.75819923793634,1.4123418731438644
1497,748.5,55.2308520630845,-42.81531286600072,0.057113099644028865,-42.75819976635669,1.4081332253011618
1498,749.0,55.04869612953861,-42.81512512906025,0.05692473590175898,-42.75820039315849,1.4020855660869007
1499,749.5,55.14762416434758,-42.815228145747184,0.05702703536842625,-42.75820111037876,1.3942759244035734
1500,750.0,55.516519720221616,-42.81561041225369,0.057408502752214,-42.75820190950147,1.384786981282712
1501,750.5,56.14299380958683,-42.81625910843353,0.058056326853306084,-42.75820278158022,1.373706522090482
1502,751.0,57.01352099217272,-42.81716023865,0.058956521289290444,-42.75820371736071,1.3611268710593085
1503,751.5,58.11358054001047,-42.81829877787249,0.06009407047100976,-42.75820470740148,1.3471443171003483
1504,752.0,59.42780087364477,-42.81965882115107,0.061453078961107514,-42.758205742189965,1.3318585397749907
1505,752.5,60.940105529718366,-42.82122373466712,0.06301692241613525,-42.75820681225099,1.315372043998303
1506,753.0,62.63385900599462,-42.822976306651306,0.06476839840192115,-42.75820790824938,1.2977896115599037
1507,753.5,64.49201093956803,-42.8248988965662,0.06668987548532207,-42.75820902108087,1.2792177769169844
1508,754.0,66.49723721928463,-42.8269735811083,0.06876343915570451,-42.758210141952596,1.259764333807292
1509,754.5,68.63207678827284,-42.82918229574167,0.07097103328965657,-42.75821126245201,1.2395378781892223
1510,755.0,70.87906305829982,-42.831506970647666,0.07329459604389826,-42.758212374603765,1.2186473917954215
1511,755.5,73.22084902019634,-42.8339296601481,0.07571618922942469,-42.758213470918676,1.1972018690657817
1512,756.0,75.6403253237968,-42.83643266483158,0.07821812041556801,-42.758214544416006,1.1753099886836313
1513,756.5,78.12073079635087,-42.83899864586886,0.08078305721483679,-42.758215588654025,1.1530798307284753
1514,757.0,80.64575499595382,-42.84161073107021,0.08339413333133033,-42.75821659773888,1.1306186360836283
1515,757.5,83.19963254629994,-42.84425261243673,0.08603504611038659,-42.758217566326344,1.1080326042596147
1516,758.0,85.76722916253976,-42.8469086351116,0.08869014549616976,-42.75821848961543,1.0854267238195447
1517,758.5,88.33411939366964,-42.8495638777584,0.0913445144234924,-42.75821936333491,1.0629046273646279
1518,759.0,90.88665621271981,-42.85220422450386,0.0939840407796122,-42.75822018372425,1.0405684609627888
1519,759.5,93.41203267272932,-42.85481642867176,0.09659548116142029,-42.75822094751034,1.0185187558836364
1520,760.0,95.89833591361067,-42.85738816860413,0.09916651672284049,-42.75822165188129,0.996854288636688
1521,760.5,98.33459385260646,-42.859908095915216,0.10168580145647986,-42.75822229445873,0.9756719137351084
1522,761.0,100.71081491971748,-42.86236587655301,0.10414300328322591,-42.75822287326978,0.955066352504619
1523,761.5,103.01802121029202,-42.86475222505445,0.10652883833466427,-42.75822338671979,0.9351299208560352
1524,762.0,105.24827542134364,-42.86705893237445,0.10883509880737645,-42.75822383356707,0.915952179509159
1525,762.5,107.39470191512152,-42.86927888764609,0.11105467474434913,-42.75822421290174,0.8976194919964399
1526,763.0,109.45150222061265,-42.87140609418724,0.11318157006476189,-42.75822452412248,0.8802144791948853
1527,763.5,111.41396525776179,-42.87343568006109,0.11521091313664501,-42.75822476692445,0.8638153642151436
1528,764.0,113.27847249975352,-42.87536390340333,0.1171389621150902,-42.75822494128824,0.8484952086732547
1529,764.5,115.04249822088606,-42.877188152671835,0.11896310519857183,-42.75822504747326,0.8343210502712196
1530,765.0,116.70460491989515,-42.878906941925834,0.12068185589629939,-42.75822508602953,0.821352955076801
1531,765.5,118.26443375190263,-42.880519900937976,0.12229484313409028,-42.758225057803884,0.8096429538024392
1532,766.0,119.72269036180397,-42.88202776045855,0.12380279660496432,-42.758224963853586,0.7992342232239631
1533,766.5,121.0811261622415,-42.88343233298773,0.125207527409077,-42.75822480557866,0.7901600854640235
1534,767.0,122.34251445502028,-42.884736488052475,0.12651190336136178,-42.75822458469111,0.8056713835615685
1535,767.5,123.51062130947822,-42.88594412210876,0.1277198188774456,-42.758224303231316,0.8338775667105407
1536,768.0,124.5901710786306,-42.887060122900586,0.1288361593145959,-42.75822396358599,0.8616792274210816
1537,768.5,125.58680633517324,-42.8880903280491,0.12986675954235732,-42.75822356850674,0.8890012159624593
1538,769.0,126.5070420043455,-42.889041477640504,0.13081835651227902,-42.758223121128225,0.9157675034184045
1539,769.5,127.35821348585962,-42.889921160594724,0.13169853561185813,-42.758222624982864,0.9419010960603711
1540,770.0,128.14841857167502,-42.89073775462282,0.13251567060289257,-42.75822208401993,0.9673240267587239
1541,770.5,128.88645300301022,-42.89150035959302,0.13327885698229924,-42.758221502610716,0.9919574067906064
1542,771.0,129.58173958788328,-42.89221872423903,0.13399783868400567,-42.758220885555026,1.0157215253767464
1543,771.5,130.24425086798556,-42.89290316619249,0.13468292811033852,-42.75822023808215,1.0385360068192462
1544,772.0,130.88442535244405,-42.89356448535996,0.13534491951106292,-42.7582195658489,1.0603200181045882
1545,772.5,131.51307737095752,-42.89421387072498,0.1359949957643456,-42.75821887496064,1.0809926343322414
1546,773.0,132.1413012260743,-42.8948628010197,0.13664462926257695,-42.75821817175712,1.100472993792027
1547,773.5,132.78037027542157,-42.89552294056742,0.137305477555359,-42.75821746301206,1.1186805632788792
1548,774.0,133.44163093000364,-42.896206029536316,0.13798927373530356,-42.758216755801016,1.1355356211936962
1549,774.5,134.13639215364196,-42.896923769624024,0.13870771217165323,-42.75821605745237,1.150959667964758
1550,775.0,134.8758115349617,-42.89768770617392,0.13947233069964202,-42.75821537547428,1.1648758647747484
1551,775.5,135.67077891145456,-42.898509107772746,0.14029439027850799,-42.75821471749424,1.1772094915095639
1552,776.0,136.53179860594358,-42.899398844391214,0.14118475321461937,-42.7582140911766,1.1878884303871398
1553,776.5,137.46887145384503,-42.90036726530984,0.14215376116826783,-42.75821350414157,1.1968436598793568
1554,777.0,138.4913779386395,-42.90142407816266,0.1432111143064383,-42.758212963856224,1.2040097553307036
1555,777.5,139.6079638386502,-42.90257823061637,0.14436575305247085,-42.7582124775639,1.209325392091085
1556,778.0,140.82642977596728,-42.90383779603211,0.14562574387085186,-42.758212052161255,1.212733844216543
1557,778.5,142.15362616973735,-42.90520986475348,0.14699817064054946,-42.75821169411293,1.2141834724084564
1558,779.0,143.59535508457,-42.90670044250914,0.14848903315844914,-42.75821140935069,1.2136281958008097
1559,779.5,145.15628031588454,-42.90831435739405,0.1501031541604413,-42.75821120323361,1.2110279421236272
1560,780.0,146.83984599502915,-42.9100551756837,0.15184409515263217,-42.75821108053107,1.2063490649708826
1561,780.5,148.64820746641624,-42.91192512964639,0.1537140849327968,-42.7582110447136,1.199564730625675
1562,781.0,150.58217618022726,-42.913925061302486,0.15571396260504713,-42.75821109869744,1.1906552872089116
1563,781.5,152.6411767465795,-42.9160543776363,0.15784313317042006,-42.75821124446588,1.179608586996685
1564,782.0,154.8232175983923,-42.91831102020561,0.1600995371899449,-42.758211483015664,1.1664202710820843
1565,782.5,157.12487664060797,-42.92069145026201,0.16247963594479475,-42.75821181431722,1.1510940021071343
1566,783.0,159.5413024233122,-42.92319064994778,0.1649784126493865,-42.75821223729839,1.1336416686223536
1567,783.5,162.06623108524957,-42.925802139818636,0.16758938997232514,-42.75821274984631,1.1140835515986478
1568,784.0,164.6920191880361,-42.92851801277324,0.17030466398959473,-42.75821334878364,1.0924484578758695
1569,784.5,167.40969237040247,-42.931328984422585,0.1731149544969204,-42.75821402992567,1.0687738290332984
1570,785.0,170.20900927457473,-42.93422445929718,0.17600967111473742,-42.75821478818244,1.04310583519826
1571,785.5,173.07853976987772,-42.93719261162182,0.17897699417762675,-42.75821561744419,1.0154994684639156
1572,786.0,176.00575782466964,-42.94022048145706,0.18200397077129177,-42.75821651068577,0.9860186513128363
1573,786.5,178.97714798427558,-42.94329408500575,0.18507662483922147,-42.758217460166534,0.9688015749284213
1574,787.0,181.97832315982416,-42.94639853643736,0.18818007898572842,-42.758218457451626,0.9625737150313309
1575,787.5,184.99415279765066,-42.949518180523214,0.19129868701331895,-42.75821949350989,0.9609633690657224
1576,788.0,188.00890006592704,-42.95263673460392,0.19441617578459425,-42.758220558819325,0.9585275624007089
1577,788.5,191.00636647484848,-42.95573743824914,0.19751579477104084,-42.758221643478095,0.9552588600845525
1578,789.0,193.9700422611721,-42.95880320888221,0.20058047156262035,-42.75822273731959,0.9511520021613038
1579,789.5,196.88326080639027,-42.96181680157905,0.20359297154845865,-42.75822383003059,0.9462038819859417
1580,790.0,199.72935530025964,-42.9647609712011,0.2065360599194115,-42.75822491128169,0.9404135477866419
1581,790.5,202.49181578575175,-42.96761863489887,0.20939266406505092,-42.75822597083382,0.9337822366650372
1582,791.0,205.15444483159467,-42.97037303319287,0.21214603455147066,-42.7582269986414,0.9263133632563094
1583,791.5,207.70151053255802,-42.97300788825654,0.2147799033357663,-42.75822798492077,0.9180125916857477
1584,792.0,210.11789508054795,-42.975507557743846,0.21727863740037948,-42.75822892034347,0.9088879133089675
1585,792.5,212.3892369096492,-42.97785718183989,0.21962738574239205,-42.758229796097496,0.8989497416770417
1586,793.0,214.50206503763783,-42.980042822273205,0.2218122182933491,-42.758230603979854,0.8882110289087405
1587,793.5,216.4439242565298,-42.98205159186354,0.22382025537625663,-42.758231336487285,0.8766874045957642
1588,794.0,218.20348985770673,-42.98387177322321,0.2256397863404981,-42.758231986882706,0.8643973384796116
1589,794.5,219.77067079857434,-42.98549292551076,0.22726037624437578,-42.75823254926639,0.8513623234545982
1590,795.0,221.13670016703298,-42.98690597807089,0.22867295940257756,-42.75823301866831,0.8376070907244506
1591,795.5,222.29421216694212,-42.98810330998852,0.22986991899527875,-42.75823339099324,0.8231598518383488
1592,796.0,223.23730511256105,-42.989078815373716,0.23084515220941046,-42.758233663164305,0.8080525649630534
1593,796.5,223.96158957948958,-42.98982795314931,0.2315941200305671,-42.758233833118744,0.7923212477830719
1594,797.0,224.46422119223368,-42.990347780965564,0.2321138811479604,-42.758233899817604,0.7760063041333541
1595,797.5,224.74391799713337,-42.99063697316319,0.23240310991941054,-42.75823386324378,0.7591529845473569
1596,798.0,224.80096230361076,-42.990695822697695,0.23246209827534334,-42.758233724422354,0.7418117939535422
1597,798.5,224.63718691832133,-42.99052622687668,0.23229274148380605,-42.75823348539288,0.7240389723169972
1598,799.0,224.25594601832728,-42.99013165723959,0.23189850803100925,-42.75823314920858,0.7181806095873382
1599,799.5,223.662070752202,-42.989517113598296,0.23128439370933274,-42.758232719888966,0.7320298094829341
1600,800.0,222.8618108024495,-42.9886890634343,0.23045686118821326,-42.758232202246084,0.7468608876213683
1601,800.5,221.86276278810428,-42.98765536797742,0.22942376597673084,-42.758231602000684,0.7625319410200352
1602,801.0,220.67378563359281,-42.98642519455763,0.22819426890827124,-42.758230925649364,0.7788920965391636
1603,801.5,219.30490398547343,-42.98500891669264,0.22677873626574335,-42.7582301804269,0.7957844699426293
1604,802.0,217.76720093269003,-42.98341800294849,0.22518862884577753,-42.75822937410271,0.813048863155687
1605,802.5,216.0727010243145,-42.98166489625229,0.2234363809897548,-42.75822851526254,0.8305242061728684
1606,803.0,214.23424510765517,-42.97976288356999,0.221535271156443,-42.75822761241355,0.8480506284864768
1607,803.5,212.26536005782566,-42.9777259618135,0.21949928721199627,-42.7582266746015,0.8654711567484904
1608,804.0,210.18012403021896,-42.97556869815933,0.21734298709028185,-42.758225711069045,0.8826332727360414
1609,804.5,207.9930276821408,-42.973306086440374,0.21508135528499653,-42.75822473115538,0.8993901719241427
1610,805.0,205.71883379698355,-42.97095340186728,0.212729657689883,-42.75822374417739,0.9156018181294219
1611,805.5,203.37243700380293,-42.968526055852415,0.21030329653760008,-42.75822275931481,0.9311357925567171
1612,806.0,200.96872512084266,-42.966039452609316,0.2078176670178845,-42.75822178559143,0.9458680071209461
1613,806.5,198.5224435023107,-42.96350884855415,0.20528801700131422,-42.75822083155283,0.9596832883188022
1614,807.0,196.0480649053677,-42.96094921778198,0.2027293124714105,-42.75821990531057,0.9724759290677665
1615,807.5,193.55966615924447,-42.95837512446647,0.20015610999068317,-42.758219014475785,0.9841500432079487
1616,808.0,191.07081213783712,-42.95580060276308,0.19758243671905373,-42.758218166044024,0.9946198614536976
1617,808.5,188.59444863293518,-42.9532390459633,0.19502167963624145,-42.75821736632706,1.0038099688060864
1618,809.0,186.14280470739283,-42.950703105614,0.1924864845671658,-42.75821662104683,1.0116554762516208
1619,809.5,183.7273061559984,-42.94820460149428,0.18998866669359354,-42.75821593480069,1.0181021310538156
1620,810.0,181.35850153603877,-42.94575444561046,0.18753913406385134,-42.75821531154661,1.023106367565394
1621,810.5,179.04600006370416,-42.94336257777792,0.1851478233727623,-42.75821475440516,1.0266353038481317
1622,811.0,176.7984214222325,-42.94103791371493,0.18282364805927012,-42.75821426565566,1.0286666836861817
1623,811.5,174.62335804414352,-42.9387883060471,0.18057445930326493,-42.758213846743836,1.0343334055233682
1624,812.0,172.52734977470476,-42.936620518131036,0.17840701982558982,-42.758213498305444,1.0433335729505024
1625,812.5,170.5158706300175,-42.93454021039208,0.17632699019484663,-42.758213220197234,1.0507926356853696
1626,813.0,168.59332719581917,-42.93255193872274,0.1743389271716304,-42.758213011551106,1.0567573007521278
1627,813.5,166.76306798421132,-42.93065916420385,0.17244629338413126,-42.75821287081972,1.061279056767195
1628,814.0,165.02740307935815,-42.928864273474574,0.17065147764335115,-42.75821279583122,1.0644136775301027
1629,814.5,163.3876331789271,-42.927168608853044,0.1689558249742663,-42.758212783878776,1.066220702999915
1630,815.0,161.84408706428547,-42.925572507122894,0.16735967536299493,-42.7582128317599,1.0667629039993087
1631,815.5,160.39616636187748,-42.92407534597278,0.16586241004362548,-42.75821293592916,1.0661057399708007
1632,816.0,159.04239661569883,-42.92267559673467,0.16446250431122322,-42.758213092423446,1.0643168154892726
1633,816.5,157.78048383029827,-42.92137088306454,0.16315758599179667,-42.75821329707274,1.061465342143643
1634,817.0,156.60737517196992,-42.92015804372956,0.16194449821216486,-42.75821354551739,1.0576216093329391
1635,817.5,155.5193228124402,-42.919033198686876,0.16081936541941413,-42.75821383326746,1.052856470983656
1636,818.0,154.5119499987698,-42.91799181749095,0.15977766170243857,-42.758214155788515,1.047240854121993
1637,818.5,153.58031836776104,-42.917028788944556,0.1588142804003982,-42.75821450854416,1.040845296592778
1638,819.0,152.71899569676765,-42.916138491211036,0.15792360416245207,-42.75821488704858,1.033739516559183
1639,819.5,151.92212337763328,-42.91531486162465,0.15709957472118427,-42.758215286903464,1.0259920183187903
1640,820.0,151.18348299644936,-42.91455146557403,0.15633576174137587,-42.758215703832654,1.017669747073663
1641,820.5,150.49656150761365,-42.91384156392395,0.15562543021517222,-42.75821613370878,1.0088377870325607
1642,821.0,149.85461457786587,-42.91317817853729,0.15496160596486036,-42.75821657257243,0.9995591082868279
1643,821.5,149.2507277809168,-42.91255415556803,0.15433713892298906,-42.75821701664504,0.9898943642290069
1644,822.0,148.67787541287154,-42.91196222629016,0.15374476395220069,-42.75821746233796,0.9799017401677129
1645,822.5,148.12897675034023,-42.91139506527638,0.15317715902059797,-42.75821790625578,0.9696368528043285
1646,823.0,147.59694973915865,-42.91084534589874,0.15262700072015709,-42.758218345178584,0.9591526990776191
1647,823.5,147.07476212097302,-42.910305793212494,0.15208701713568787,-42.75821877607681,0.9484996518054581
1648,824.0,146.5554799512483,-42.909769234113455,0.15155003801631847,-42.75821919609714,0.9377254988996392
1649,824.5,146.0323135740527,-42.90922864487423,0.15100904231708412,-42.75821960255715,0.9268755217766699
1650,825.0,145.49866111206268,-42.908677196105565,0.15045720317105565,-42.75821999293451,0.915992607883113
1651,825.5,144.94814962231646,-42.90810829529691,0.14988793044766646,-42.758220364849244,0.9051173914721969
1652,826.0,144.3746740035826,-42.90751562705954,0.14929491098603012,-42.75822071607351,0.8942884162518969
1653,826.5,143.77243363823857,-42.906893191005985,0.14867214648556099,-42.758221044520425,0.8835423133332376
1654,827.0,143.13596682416534,-42.90623533735298,0.14801398911129557,-42.75822134824168,0.8729139874713749
1655,827.5,142.46018301024526,-42.90553680025929,0.1473151748279643,-42.758221625431325,0.8624368045759668
1656,828.0,141.74039268738076,-42.904792728766644,0.14657085430968564,-42.75822187445696,0.8521427520679541
1657,828.5,140.9723349612682,-42.90399871522175,0.14577662145240994,-42.75822209376934,0.8420625579260759
1658,829.0,140.1522030329725,-42.90315082170984,0.1449285397228632,-42.75822228198698,0.8322260101943493
1659,829.5,139.2766672669398,-42.90224560391419,0.14402316601270893,-42.75822243790148,0.8226620034080198
1660,830.0,138.34289548995184,-42.90128013210654,0.14305757162928387,-42.75822256047726,0.8133986227896535
1661,830.5,137.34857048399866,-42.90025200924787,0.14202936038462138,-42.75822264886325,0.8044632080801026
1662,831.0,136.29190451366867,-42.89915938602279,0.14093668361792983,-42.75822270240486,0.7958823809203407
1663,831.5,135.17165070760217,-42.89800097262199,0.13977825196492183,-42.75822272065707,0.7876820337545415
1664,832.0,133.98711112291008,-42.896776047088544,0.13855334369706562,-42.758222703391475,0.7798872793886066
1665,832.5,132.73814134470499,-42.89548446008767,0.13726180947786631,-42.75822265060981,0.7725223617332567
1666,833.0,131.42515147775663,-42.894126635938875,0.13590407338831675,-42.75822256255056,0.7656105293902602
1667,833.5,130.04910341505683,-42.892703569796694,0.13448113010237614,-42.758222439694315,0.7591738751291047
1668,834.0,128.61150431696456,-42.891216820910266,0.13299453814388654,-42.75822228276638,0.7532331456314705
1669,834.5,127.11439627120848,-42.88966850193044,0.13144640919419223,-42.75822209273625,0.7478075270876784
1670,835.0,125.56034213638544,-42.88806126427568,0.12983939345318962,-42.75822187082249,0.7429144133084777
1671,835.5,123.95240760512829,-42.88639827955524,0.12817666109121426,-42.75822161846402,0.7385691638193944
1672,836.0,122.29413971570622,-42.88468321734974,0.12646188002832426,-42.758221337321416,0.7347848605091005
1673,836.5,120.58954195035561,-42.88292021945808,0.12469919018399124,-42.75822102927409,0.7315720679775589
1674,837.0,118.84304602233787,-42.88111387068562,0.12289317430267122,-42.75822069638295,0.7289386085673204
1675,837.5,117.05948072899386,-42.879269166627694,0.12104882574538228,-42.75822034088231,0.7268893875643649
1676,838.0,115.24403815356645,-42.877391478698456,0.11917151353969752,-42.75821996515876,0.7370436796854934
1677,838.5,113.40223749770381,-42.875486516702566,0.11726694497967291,-42.75821957172289,0.7477801307529922
1678,839.0,111.53988685653471,-42.87356028932259,0.11534112609823102,-42.75821916322436,0.7620577130879364
1679,839.5,109.66304330137471,-42.871619062755926,0.11340032038950013,-42.758218742366424,0.7766929505766622
1680,840.0,107.77797162567903,-42.86966931801409,0.11145100614884397,-42.75821831186524,0.7906682380206121
1681,840.5,105.89110299488112,-42.86771770810073,0.10949983371350178,-42.75821787438723,0.8039620945451992
1682,841.0,104.00899378699529,-42.865771015538265,0.10755358290049333,-42.75821743263777,0.8165569389480277
1683,841.5,102.13828419080838,-42.86383610947557,0.10561912019385195,-42.75821698928172,0.8284391358162625
1684,842.0,100.28565728997282,-42.86191990334696,0.10370335643431815,-42.75821654691264,0.8395990385716195
1685,842.5,98.45779914221241,-42.86002931356583,0.10181320553805909,-42.758216108027774,0.8500310267648574
1686,843.0,96.66136024157571,-42.85817121965035,0.09995554464556944,-42.758215675004784,0.859733535112964
1687,843.5,94.90291871669643,-42.85635242614669,0.09813717606574168,-42.75821525008095,0.8687090718685644
1688,844.0,93.18894558450445,-42.85457962668027,0.0963647913454361,-42.75821483533483,0.8769642241558346
1689,844.5,91.52577234129502,-42.85285937042675,0.0946449377560653,-42.758214432670684,0.8845096479112818
1690,845.0,89.91956113233465,-42.85119803125245,0.092983987446591,-42.75821404380586,0.8913600400346331
1691,845.5,88.3762776980997,-42.84960177972893,0.09138810946778009,-42.75821367026115,0.8975340902915296
1692,846.0,86.90166725064991,-42.84807655818069,0.0898632448264537,-42.75821331335424,0.9030544104247127
1693,846.5,85.50123338632426,-42.84662805887729,0.08841508467953534,-42.75821297419776,0.9079474378326197
1694,847.0,84.18022007917237,-42.84526170541161,0.08704905171382482,-42.75821265369778,0.9122433110510386
1695,847.5,82.94359681170603,-42.84398263731964,0.08577028477001127,-42.75821235254963,0.9159757142394765
1696,848.0,81.79604682903434,-42.84279569794879,0.08458362669651327,-42.758212071252274,0.9191816878955713
1697,848.5,80.741958409511,-42.84170542543502,0.08349361532263314,-42.75821181011239,0.9219014029049857
1698,849.0,79.7854190577357,-42.84071604670784,0.08250447745365769,-42.75821156925418,0.924177895224711
1699,849.5,78.9302124880529,-42.83983147438286,0.08162012575155589,-42.758211348631306,0.9260567587245621
1700,850.0,78.17981822937708,-42.83905530636695,0.0808441583263366,-42.758211148040616,0.9275857940932749
1701,850.5,77.53741365457617,-42.838390827971956,0.08017986083459272,-42.758210967137366,0.9288146122818004
1702,851.0,77.0058782135994,-42.83784101630898,0.0796302108568925,-42.75821080545209,0.929794191731024
1703,851.5,76.58779962231252,-42.83740854670774,0.07919788429752798,-42.758210662410214,0.9305763905158528
1704,852.0,76.28548168476772,-42.83709580083502,0.07888526347336522,-42.758210537361656,0.9312134475435522
1705,852.5,76.10095359370737,-42.83690487628352,0.07869444673130564,-42.758210429552214,0.9317573652889108
1706,853.0,76.03598043983978,-42.83683759752473,0.07862725931571429,-42.75821033820901,0.9322592899547739
1707,853.5,76.09207462351712,-42.83689552765602,0.07868526516900361,-42.75821026248701,0.932768883739586
1708,854.0,76.27050797524191,-42.83707998100914,0.07886977946520234,-42.75821020154394,0.9333336617762781
1709,854.5,76.5723241958935,-42.8373920360131,0.07918188147414056,-42.75821015453896,0.9339983167438418
1710,855.0,76.99835134075931,-42.837832548120105,0.07962242747093218,-42.758210120649174,0.9348040439576284
1711,855.5,77.5492141378041,-42.83840216255928,0.08019206347404638,-42.75821009908523,0.9357878808208275
1712,856.0,78.22534590157001,-42.83910132667104,0.08089123756522912,-42.75821008910581,0.936982075457921
1713,856.5,79.02699981950057,-42.83993030159142,0.08172021156046097,-42.758210090030964,0.9384134999317179
1714,857.0,79.9542594052655,-42.8408891730735,0.08267907181952748,-42.75821010125397,0.9401031233785655
1715,857.5,81.00704793314206,-42.841977861253696,0.08376773900192087,-42.758210122251775,0.9420655596165886
1716,858.0,82.18513668835519,-42.84319612919225,0.08498597659834878,-42.758210152593904,0.9443087022710352
1717,858.5,83.4881518890805,-42.84454359003899,0.08633339808863662,-42.758210191950354,0.9468334581642563
1718,859.0,84.91558015774261,-42.84601971269605,0.08780947259948584,-42.75821024009656,0.9496335868114313
1719,859.5,86.46677244786436,-42.847623825882884,0.08941352896514866,-42.75821029691774,0.952695651993811
1720,860.0,88.14094635452783,-42.849355120528244,0.0911447581166289,-42.75821036241162,0.9559990857953147
1721,860.5,89.93718675573832,-42.85121265043443,0.09300221374490326,-42.758210436689524,0.9595163630161185
1722,861.0,91.85444475767478,-42.85319533118611,0.09498481121022641,-42.75821051997588,0.9632132807579927
1723,861.5,93.8915349398938,-42.855301937299636,0.0970913246934524,-42.758210612606184,0.967049334879602
1724,862.0,96.0471309194323,-42.85753109763263,0.09932038260896367,-42.758210715023665,0.9709781826437618
1725,862.5,98.31975927418596,-42.85988128909549,0.10167046132096032,-42.75821082777453,0.9749481791057338
1726,863.0,100.70779188730016,-42.86235082872871,0.10413987722695069,-42.75821095150176,0.9789029737048637
1727,863.5,103.20943679532671,-42.864937864231834,0.10672677729401654,-42.75821108693782,0.9827821530874427
1728,864.0,105.82272764266745,-42.867640363049844,0.10942912815386792,-42.758211234895974,0.9865219163510869
1729,864.5,108.54551186387877,-42.87045610014301,0.1122447038824048,-42.758211396260606,0.990055769569628
1730,865.0,111.37543773357194,-42.87338264458466,0.11517107260828273,-42.758211571976375,0.9933152275207019
1731,865.5,114.30994044084748,-42.87641734514916,0.11820558211276892,-42.758211763036385,0.996230511875694
1732,866.0,117.34622736138219,-42.879557315069384,0.12134534459990726,-42.758211970469475,0.9987312366101501
1733,866.5,120.4812627153651,-42.88279941615818,0.12458722083160231,-42.75821219532658,1.0007470729504246
1734,867.0,123.71175179341094,-42.88614024249615,0.1279278038159575,-42.75821243868019,1.002208387677825
1735,867.5,127.03412489264186,-42.88957610377456,0.13136340219590434,-42.75821270157866,1.0030468494746483
1736,868.0,130.44452141753212,-42.89310300884396,0.13489002380820958,-42.75821298503575,1.0031960013178916
1737,868.5,133.9387743594747,-42.89671664967479,0.13850335963411106,-42.75821329004067,1.002591796749025
1738,869.0,137.51239517094368,-42.90041238568564,0.14219876815799695,-42.758213617527645,1.0011730975009159
1739,869.5,141.1605593742049,-42.90418522884499,0.14597126048566647,-42.75821396835932,0.9988821329307527
1740,870.0,144.87809317610274,-42.908029829813344,0.14981548650295345,-42.75821434331039,0.9956649221516767
1741,870.5,148.659461298062,-42.911940465356764,0.15372572229097894,-42.758214743065786,0.9914716309770755
1742,871.0,152.4987563211576,-42.91591102726836,0.15769585910810477,-42.758215168160255,0.9862569526602558
1743,871.5,156.38968989078998,-42.91993501329905,0.16171939429486756,-42.75821561900418,0.9799804561085168
1744,872.0,160.32558594787568,-42.924005520129924,0.16578942427449056,-42.75821609585543,0.9726068480857812
1745,872.5,164.29937618071,-42.928115238654485,0.16989863984974743,-42.75821659880474,0.9641062396237297
1746,873.0,168.3035979618512,-42.93225645183162,0.17403932406953632,-42.75821712776208,0.9544543924444847
1747,873.5,172.33039498431052,-42.93642103533091,0.17820335288675085,-42.758217682444155,0.9436329508530099
1748,874.0,176.37152079487086,-42.94060046117521,0.18238219881201323,-42.758218262363194,0.9359619503395313
1749,874.5,180.41834540310663,-42.94478580456506,0.1865669377479269,-42.75821886681713,0.9344628649054353
1750,875.0,184.46186512271382,-42.94896775404736,0.19074825916579577,-42.758219494881565,0.931494210806588
1751,875.5,188.49271577722644,-42.953136625164824,0.19491647976138657,-42.758220145403435,0.927061477365728
1752,876.0,192.50118937438418,-42.95728237769497,0.19906156069755315,-42.75822081699742,0.9211735643486743
1753,876.5,196.47725431225774,-42.9613946365438,0.20317312849897917,-42.75822150804482,0.9138426915214748
1754,877.0,200.41057914347158,-42.965462716322556,0.20724049962627702,-42.758222216696275,0.9050843002708832
1755,877.5,204.2905599786941,-42.96947564966429,0.21125270881337915,-42.758222940850914,0.8949169502705475
1756,878.0,208.10635148024645,-42.973422219333706,0.2151985411173979,-42.75822367821631,0.8833622141509521
1757,878.5,211.84690128167694,-42.977290993736815,0.21906656751120654,-42.75822442622561,0.8704445725313452
1758,879.0,215.5009879707647,-42.98107036630251,0.22284518416089025,-42.75822518214162,0.856191298871853
1759,879.5,219.05726238621088,-42.98474859811993,0.2265226551298135,-42.758225942990116,0.840632362274137
1760,880.0,222.50429205001043,-42.9883138639447,0.23008715832523122,-42.758226705619464,0.8238004207466358
1761,880.5,225.8306086464049,-42.991754301320256,0.2335268345953071,-42.75822746672495,0.8057307286370168
1762,881.0,229.02475799861082,-42.9950580622383,0.23682983940903113,-42.75822822282927,0.786461107320699
1763,881.5,232.0753526685444,-42.99821336754391,0.23998439724852375,-42.758228970295384,0.7660319533219757
1764,882.0,234.97112694562153,-43.001208563860715,0.24297885847183454,-42.75822970538888,0.7444862918188405
1765,882.5,237.70099335558982,-43.004032182170484,0.24580175774757493,-42.75823042442291,0.721869888457918
1766,883.0,240.25410004058145,-43.006672996802536,0.2484418733904626,-42.758231123412074,0.698231440288974
1767,883.5,242.61989049114808,-43.009120087453354,0.2508882891290026,-42.75823179832435,0.6736228586943105
1768,884.0,244.78816459761066,-43.011362902606436,0.25313045723744526,-42.75823244536899,0.6480995997390666
1769,884.5,246.74913865140417,-43.01339132100331,0.25515826058195534,-42.758233060421354,0.6291646795467679
1770,885.0,248.4935066764832,-43.01519571551231,0.2569620760421696,-42.75823363947014,0.6157600731677669
1771,885.5,250.01250201917784,-43.01676701688916,0.2585328382000129,-42.75823417868915,0.6014398548817828
1772,886.0,251.2979570863996,-43.01809677531834,0.25986210111376085,-42.75823467420458,0.5862420421073139
1773,886.5,252.34236241243303,-43.01917722167089,0.2609420993978063,-42.75823512227308,0.5834108633229672
1774,887.0,253.138924369993,-43.02000132722368,0.26176580790048887,-42.75823551932319,0.594279384125395
1775,887.5,253.6816205209049,-43.02056286088557,0.26232699894110617,-42.75823586194446,0.6042874435936627
1776,888.0,253.96525257462955,-43.02085644396131,0.2626202970732464,-42.75823614688806,0.6134139716155216
1777,888.5,253.98549671503176,-43.0208776022502,0.2626412311266751,-42.75823637112353,0.6216411835193187
1778,889.0,253.73895075824717,-43.02062281484702,0.2623862829723249,-42.7582365318747,0.6289545876904985
1779,889.5,253.22317751335677,-43.020089558983486,0.26185293236068663,-42.7582366266228,0.6353430027325088
1780,890.0,252.43674442273866,-43.019276350983084,0.2610396979130896,-42.75823665306999,0.6423496414909426
1781,890.5,251.37925925493644,-43.01818278328428,0.25994617403097053,-42.75823660925331,0.6554976191877704
1782,891.0,250.0514010362631,-43.01680955641399,0.25857306288161486,-42.75823649353237,0.6677361864388026
1783,891.5,248.4549459712273,-43.01515850581234,0.2569222012019424,-42.75823630461039,0.6790588796706862
1784,892.0,246.5927880738186,-43.013232623187044,0.254996581632899,-42.75823604155414,0.6894630535832611
1785,892.5,244.46895419229318,-43.011036072069416,0.25280036825628155,-42.758235703813135,0.6989494963452403
1786,893.0,242.08861312759817,-43.008574197261154,0.2503389060239151,-42.75823529123724,0.7075220509509569
1787,893.5,239.45807845882143,-43.005853527812185,0.24761872367939294,-42.75823480413279,0.7151872468683068
1788,894.0,236.58480492502107,-43.00288177317108,0.24464753001660003,-42.75823424315448,0.7219539088326623
1789,894.5,233.47737837370184,-42.99966781293276,0.24143420348563713,-42.758233609447124,0.7278327574074344
1790,895.0,230.14549884093657,-42.996221679302224,0.23798877469631896,-42.758232904605904,0.7328360492560446
1791,895.5,226.5999564845539,-42.99255453222134,0.23432240153117356,-42.75823213069017,0.763390418001795
1792,896.0,222.85260038130792,-42.98867862710541,0.23044733687923064,-42.75823129022618,0.7979155042581108
1793,896.5,218.9163001062727,-42.98460727511555,0.22637688890605576,-42.7582303862095,0.8321878596799045
1794,897.0,214.80490007861235,-42.980354795947186,0.22212537384364056,-42.75822942210355,0.866063642649766
1795,897.5,210.53316671731878,-42.97593646316982,0.21770806134522722,-42.758228401824596,0.8994113215934876
1796,898.0,206.1167285462318,-42.97136844229016,0.21314111254912899,-42.758227329741025,0.9321098835763006
1797,898.5,201.57200936948416,-42.96666772163681,0.20844151097681857,-42.75822621065999,0.9640474306508602
1798,899.0,196.916154768704,-42.961852036316024,0.20362698652518152,-42.758225049790845,0.9951200919862716
1799,899.5,192.16695227685506,-42.95693978565687,0.19871593291990983,-42.75822385273696,1.0252311913558865
1800,900.0,187.34274537741953,-42.95194994433929,0.19372731878380764,-42.75822262555548,1.0542906561966694
1801,900.5,182.46234164484008,-42.946901967129754,0.18868059264669262,-42.758221374483064,1.082214579487307
1802,901.0,177.54491654137772,-42.941815689494995,0.18359558346368546,-42.75822010603131,1.1089247474665525
1803,901.5,172.60991333538067,-42.9367112241269,0.17849239712272916,-42.75821882700417,1.1343484733139562
1804,902.0,167.67693889377293,-42.93160885308487,0.17339130868572314,-42.758217544399145,1.1584184454983772
1805,902.5,162.76565634380816,-42.926528916757,0.1683126513922283,-42.75821626536477,1.181072636130272
1806,903.0,157.89567545049456,-42.92149170042702,0.16327670330099397,-42.758214997126025,1.202254251632231
1807,903.5,153.08644169171993,-42.91651731951957,0.15830357258480304,-42.758213746934764,1.2219117156460049
1808,904.0,148.3571248281236,-42.911625604328115,0.15341308230284523,-42.75821252202527,1.2399986670540284
1809,904.5,143.72650786477593,-42.90683598509776,0.1486246555782506,-42.758211329519504,1.2564739742353053
1810,905.0,139.21287737100675,-42.902167378591365,0.14395720218005711,-42.75821017641131,1.2713017492318244
1811,905.5,134.8339158304101,-42.89763807671778,0.13942900720454218,-42.75820906951324,1.2844513565583915
1812,906.0,130.60659689098858,-42.893265638102335,0.13505762275552982,-42.7582080153468,1.2958974108254058
1813,906.5,126.54708464718452,-42.88906678391353,0.1308597637939893,-42.758207020119535,1.3056197594491372
1814,907.0,122.67063776018836,-42.88505729867198,0.12685120899079852,-42.75820608968118,1.3136034458851795
1815,907.5,118.99151897787686,-42.88125193663292,0.12304670716315391,-42.758205229469766,1.3198386497679173
1816,908.0,115.52291085520349,-42.87766433459226,0.11945989012274215,-42.75820444446952,1.3243206019309584
1817,908.5,112.27683833345947,-42.87430693179036,0.11610319261653032,-42.75820373917383,1.3270494726981032
1818,909.0,109.26409875357744,-42.87119089750844,0.11298777995494803,-42.75820311755349,1.328030232540134
1819,909.5,106.49419979696589,-42.86832606686952,0.11012348383776782,-42.75820258303175,1.3272724848709232
1820,910.0,103.97530575904736,-42.86572088525952,0.10751874679666491,-42.758202138462856,1.3247902713999042
1821,910.5,101.71419248695418,-42.86338236171535,0.10518057559720574,-42.75820178611815,1.320601851053135
1822,911.0,99.71621121817677,-42.86131603152373,0.10311450384513048,-42.7582015276786,1.314729454032108
1823,911.5,97.98526145666507,-42.8595259281714,0.10132456393808163,-42.75820136423332,1.3071990130630133
1824,912.0,96.52377294110354,-42.85801456470145,0.09981326841936448,-42.75820129628208,1.2980398744725399
1825,912.5,95.33269668312482,-42.85678292445422,0.09858160071074619,-42.75820132374348,1.2872844919815303
1826,913.0,94.41150497880696,-42.85583046109274,0.09762901512434484,-42.75820144596839,1.274968106423611
1827,913.5,93.7582002159331,-42.85515510772757,0.09695344597003748,-42.75820166175753,1.2611284149611024
1828,914.0,93.36933223623733,-42.85475329489213,0.0965513255094049,-42.758201969382725,1.2458052335314047
1829,914.5,93.2400239540308,-42.85461997705885,0.0964176104474315,-42.75820236661142,1.229040156384621
1830,915.0,93.3640048822002,-42.85474866733492,0.09654581660105756,-42.75820285073386,1.210876216632193
1831,915.5,93.73365217421109,-42.85513147993229,0.09692806133987943,-42.75820341859241,1.1913575517185269
1832,916.0,94.34003875647828,-42.85575917997125,0.09755511335885374,-42.7582040666124,1.1705290776537582
1833,916.5,95.17298809913201,-42.856621240149614,0.09841644931563155,-42.758204790833986,1.148436175712342
1834,917.0,96.22113515451497,-42.8577059037904,0.09950031684581753,-42.75820558694458,1.1334195370016522
1835,917.5,97.47199298124104,-42.859000253768954,0.1007938034575526,-42.7582064503114,1.1262117622953047
1836,918.0,98.91202456678258,-42.86049028681536,0.10228291080178915,-42.75820737601357,1.1174273144182203
1837,918.5,100.52671935956599,-42.86216099268885,0.10395263381257305,-42.758208358876274,1.107078584104636
1838,919.0,102.30067398816782,-42.8639964376802,0.10578704417712075,-42.75820939350308,1.0951811751170262
1839,919.5,104.21767677408336,-42.86597985201425,0.10776937772875274,-42.7582104742855,1.0817539226290533
1840,920.0,106.2607956139217,-42.868093720779434,0.10988212532408222,-42.75821159545535,1.0668189228918745
1841,920.5,108.4124686958689,-42.87031987775498,0.11210712665106268,-42.75821275110392,1.0504015763662042
1842,921.0,110.65459765696235,-42.872639601762074,0.11442566656102875,-42.75821393520105,1.032530651852968
1843,921.5,112.96864275853319,-42.87503371514438,0.11681857348768339,-42.7582151416567,1.013238355608949
1844,922.0,115.33571955089585,-42.877482683673236,0.11926631940608533,-42.75821636426715,0.992560393541569
1845,922.5,117.73669709929807,-42.879966718165726,0.1217491214061042,-42.75821759675962,0.9705363490741394
1846,923.0,120.1522974649081,-42.882465877408514,0.12424704456368392,-42.75821883284483,0.9472098475975306
1847,923.5,122.56319571467505,-42.88496017157278,0.12674010535900318,-42.758220066213774,0.9226288715362675
1848,924.0,124.95012030964364,-42.88742966604199,0.1292083754859879,-42.758221290556,0.8968461956658619
1849,924.5,127.29395362441423,-42.889854585364574,0.13163208579743826,-42.75822249956713,0.8699199575480581
1850,925.0,129.57583234843034,-42.89221541709747,0.133991730127956,-42.758223686969515,0.8419144037997205
1851,925.5,131.77724751297256,-42.89449301525159,0.1362681687298224,-42.75822484652177,0.8129008521250821
1852,926.0,133.88014388579984,-42.89666870308943,0.138442731054973,-42.75822597203446,0.7829589467910546
1853,926.5,135.86701848499683,-42.8987243750087,0.1404973176261618,-42.758227057382534,0.7639190888356882
1854,927.0,137.7210179641913,-42.90064259726023,0.14241450074103149,-42.7582280965192,0.7509353744830636
1855,927.5,139.42603461528515,-42.90240670723695,0.14417762374658324,-42.75822908349036,0.737082281048591
1856,928.0,140.96680072214374,-42.90400091105877,0.1457708986084059,-42.75823001245037,0.7223747448948745
1857,928.5,142.3289809834562,-42.90541037916229,0.14717950148327386,-42.75823087767902,0.7068291818831386
1858,929.0,143.4992627034776,-42.90662133958377,0.14838966598355757,-42.758231673600214,0.6904635258879629
1859,929.5,144.46544342576576,-42.907621168600265,0.14938877379748655,-42.75823239480278,0.6732972694515861
1860,930.0,145.2165156575925,-42.90839847836422,0.150165442300938,-42.75823303606328,0.6553515071199632
1861,930.5,145.74274830179615,-42.90894320113601,0.15070960876445763,-42.75823359237155,0.6366489821783168
1862,931.0,146.03576437892266,-42.909246669682865,0.1510126107241434,-42.75823405895872,0.6172141377451392
1863,931.5,146.08861458614885,-42.90930169337556,0.1510672620474304,-42.75823443132813,0.5970731735219709
1864,932.0,145.89584618874122,-42.909102629471626,0.1508679241723459,-42.75823470529928,0.6112714262232498
1865,932.5,145.45356650459553,-42.90864544882891,0.15041057175557906,-42.758234877073335,0.6316058908285087
1866,933.0,144.75950070865161,-42.907927795577486,0.1496928524468496,-42.75823494313064,0.6513688708010092
1867,933.5,143.81304364836356,-42.90694904089888,0.14871414047023038,-42.75823490042865,0.6705437337580601
1868,934.0,142.6153046012197,-42.9057103293021,0.14747558290698767,-42.75823474639512,0.6891150649497018
1869,934.5,141.16914421169665,-42.90421461686588,0.1459801378913334,-42.75823447897454,0.7070685273290641
1870,935.0,139.47920304841242,-42.90246670081785,0.14423260414079564,-42.75823409667705,0.7243907406350385
1871,935.5,137.55192106110067,-42.90047323970481,0.1422396410762796,-42.75823359862853,0.7410691763056
1872,936.0,135.39554720529648,-42.89824276339603,0.14000977877475917,-42.758232984621266,0.7570920658745256
1873,936.5,133.02013850206606,-42.895785672161104,0.1375534169969627,-42.75823225516414,0.7724483211047973
1874,937.0,130.43754781188562,-42.893114224076335,0.1348828125445899,-42.758231411531746,0.7871274645473453
1875,937.5,127.66139962772651,-42.89024251003933,0.13201205422843412,-42.758230455810896,0.8011195695306527
1876,938.0,124.70705321044848,-42.887186415706445,0.12895702474744306,-42.758229390959,0.8144152087765372
1877,938.5,121.59155242846758,-42.88396356961868,0.1257353488189405,-42.75822822079974,0.8270054104834452
1878,939.0,118.3335619548055,-42.8805932772997,0.12236632720129416,-42.75822695009841,0.8388816229520524
1879,939.5,114.95328940506246,-42.87709644072479,0.11887085617837856,-42.758225584546416,0.8500356870182807
1880,940.0,111.47239299462912,-42.8734954628888,0.11527133206977802,-42.758224130819016,0.8604598140800314
1881,940.5,107.91387454654982,-42.86981413715306,0.11159154059239633,-42.758222596560664,0.8701465709299402
1882,941.0,104.30195783259826,-42.866077521432544,0.10785653105543992,-42.758220990377104,0.8790888709474796
1883,941.5,100.66195248390493,-42.86231179744759,0.10409247563316856,-42.75821932181442,0.8872799712749403
1884,942.0,97.0201038534368,-42.85854411543428,0.10032651411074224,-42.75821760132354,0.8947134756906946
1885,942.5,93.40342942522986,-42.8548024249279,0.09658658471833921,-42.75821584020956,0.901383342881775
1886,943.0,89.83954258931827,-42.851115292465835,0.092901241900398,-42.758214050565435,0.9072838997996996
1887,943.5,86.35646483016932,-42.84751170729361,0.08929946210350191,-42.75821224519011,0.9124098597634472
1888,944.0,82.98242761630578,-42.844020876402666,0.08581043891447078,-42.758210437488195,0.932248625680706
1889,944.5,79.74566550948167,-42.84067201047722,0.08246336911877192,-42.75820864135845,0.9621345154439499
1890,945.0,76.6742022250681,-42.83749410253516,0.07928723146992081,-42.75820687106524,0.9904198309191137
1891,945.5,73.79563158695792,-42.834515701277,0.07631056017940767,-42.75820514109759,1.0170167513999586
1892,946.0,71.13689550752538,-42.83176468134745,0.0735612153302939,-42.75820346601716,1.0418404368074852
1893,946.5,68.72406127413223,-42.8292680128756,0.0710661525737225,-42.75820186030188,1.0648096391337232
1894,947.0,66.58210055704471,-42.827051532770845,0.0688511946055042,-42.75820033816534,1.0858473094503494
1895,947.5,64.73467267670804,-42.82513972044697,0.06694080704721868,-42.75819891339975,1.104881190951157
1896,948.0,63.203914646304945,-42.82355548054024,0.0653578813334989,-42.758197599206746,1.1218443938386056
1897,948.5,62.01024043227955,-42.82231993515923,0.06412352713142591,-42.7581964080278,1.1391645369001937
1898,949.0,61.17215212728297,-42.82145222843042,0.06325687707831623,-42.7581953513521,1.156654929357028
1899,949.5,60.70606542463965,-42.82096934592251,0.06277490630842081,-42.75819443961409,1.1720910247566358
1900,950.0,60.626151444693875,-42.82088595092306,0.06269226888877028,-42.758193682034296,1.1854352262271208
1901,950.5,60.94419702946859,-42.8212142398495,0.06302115335272593,-42.758193086496775,1.1966593175736497
1902,951.0,61.6694853634506,-42.82196381869738,0.06377115925236428,-42.758192659445015,1.2057445078665388
1903,951.5,62.808698467503056,-42.82314160212782,0.06494919632941708,-42.758192405798404,1.2126814208119712
1904,952.0,64.36584280792094,-42.82475173648018,0.06655940758911016,-42.75819232889107,1.2174700227927346
1905,952.5,66.34219893288159,-42.82679554765432,0.06860311722024239,-42.75819243043408,1.2201194857397288
1906,953.0,68.73629570176494,-42.82927151444803,0.07107880394625025,-42.75819271050178,1.22064798313707
1907,953.5,71.54390931728258,-42.832175267566406,0.07398210002435236,-42.75819316754205,1.2190824194870067
1908,954.0,74.7580870123884,-42.83549961415112,0.07730581573970143,-42.75819379841142,1.2154580954633367
1909,954.5,78.36919489643098,-42.83923458730841,0.08103998888211636,-42.75819459842629,1.2098183135714282
1910,955.0,82.36498916455604,-42.84336751982632,0.08517195838227548,-42.75819556144405,1.2022139320749468
1911,955.5,86.73070950572637,-42.84788314086479,0.08968646090304828,-42.75819667996174,1.1927028572621898
1912,956.0,91.44919327525945,-42.85276369412477,0.09456574890299202,-42.758197945221774,1.1813495112728143
1913,956.5,96.50100881611765,-42.85798907584028,0.09978972850118355,-42.758199347339094,1.168224267792535
1914,957.0,101.86460606485139,-42.863536990652555,0.1053361152157589,-42.7582008754368,1.1534028680193749
1915,957.5,107.51648242166172,-42.86938312327593,0.11118060548676799,-42.758202517789165,1.1369658296857361
1916,958.0,113.43136175111798,-42.87550132374639,0.11729706177717228,-42.75820426196922,1.1189978614247214
1917,958.5,119.58238430823741,-42.88186380396928,0.123657708971537,-42.758206094997746,1.0995872953312125
1918,959.0,125.94130535605117,-42.8884413432534,0.13023333976241236,-42.758208003490985,1.078825551009457
1919,959.5,132.47870025316033,-42.89520350053171,0.1369935267271997,-42.758209973804505,1.0568066447468678
1920,960.0,139.1641738398193,-42.902118831021056,0.14390683885003738,-42.75821199217102,1.0336267577439981
1921,960.5,145.96657203459452,-42.90915510515964,0.15094106032959753,-42.75821404483004,1.0093838776064212
1922,961.0,152.8541936658041,-42.91627952777792,0.15806340962966503,-42.758216118148255,0.9841775276141077
1923,961.5,159.7950006801055,-42.92345895559152,0.16524075685155817,-42.75821819873996,0.9581085986805623
1924,962.0,166.75682495948357,-42.93066011114915,0.17243983759936538,-42.75822027354979,0.9312792993828184
1925,962.5,173.70757041914322,-42.93784979188425,0.17962746196526136,-42.758222329918986,0.9037932403213372
1926,963.0,180.61540907753474,-42.944995072981946,0.18677071728152844,-42.75822435570042,0.8757556701483259
1927,963.5,187.4489697143709,-42.9520635025121,0.19383716320797104,-42.75822633930412,0.8472738810192902
1928,964.0,194.17751814761465,-42.95902328790943,0.20079501815267825,-42.758228269756756,0.8184577962818782
1929,964.5,200.77112821953065,-42.96584347283993,0.20761333608521856,-42.75823013675471,0.7894207308266598
1930,965.0,207.200842806954,-42.972494103674805,0.21426217303408074,-42.758231930640726,0.7602805135387408
1931,965.5,213.43882476352223,-42.978946385609866,0.2207127431729626,-42.758233642436906,0.7311607454591508
1932,966.0,219.45849723279025,-42.98517282783045,0.22693756391570674,-42.75823526391475,0.7021923379566064
1933,966.5,225.2346726590063,-42.991147376898844,0.23291058932371717,-42.75823678757513,0.67351533210842
1934,967.0,230.7436704474003,-42.99684553842836,0.23860733177606797,-42.758238206652294,0.6452809749689546
1935,967.5,235.96342314852362,-43.002244486928944,0.24400497177256736,-42.758239515156376,0.617653987816445
1936,968.0,240.8735706709004,-43.007323163194314,0.24908245535714207,-42.758240707837174,0.5908148326762589
1937,968.5,245.45554340064268,-43.01206236011486,0.2538205800701393,-42.75824178004472,0.5719830872067927
1938,969.0,249.69263451918772,-43.01644479765703,0.2582020697306263,-42.7582427279264,0.5616523507707469
1939,969.5,253.5700605830986,-43.02045518545276,0.26221163708072903,-42.75824354837203,0.5504922714676673
1940,970.0,257.07500996440297,-43.024080272959864,0.2658360338768,-42.75824423908306,0.5385122840644042
1941,970.5,260.19668062847296,-43.02730888810913,0.26906408995475495,-42.75824479815438,0.5257241118359578
1942,971.0,262.9263078938428,-43.03013196648698,0.271886741935935,-42.75824522455104,0.5121416908384571
1943,971.5,265.2571807267286,-43.0325425679969,0.27429705007693767,-42.75824551791996,0.4977811177850391
1944,972.0,267.18464663475885,-43.03453588199453,0.27629020333012416,-42.7582456786644,0.4826605655590226
1945,972.5,268.70610582881557,-43.0361092210116,0.2778635133064981,-42.7582457077051,0.46680018174161464
1946,973.0,269.82099521011935,-43.03726200443177,0.27901639771707615,-42.75824560671469,0.45022198809248254
1947,973.5,270.5307616137847,-43.03799573083067,0.27975035270459336,-42.75824537812608,0.4329497390652403
1948,974.0,270.8388243689966,-43.03831393893302,0.2800689141277438,-42.75824502480528,0.41707139960780765
1949,974.5,270.75052836421133,-43.038222159402885,0.2799776090268609,-42.75824455037603,0.4215339169507727
1950,975.0,270.27308685605504,-43.03772785569967,0.2794838964837631,-42.75824395921591,0.4470712093653696
1951,975.5,269.41551422241764,-43.03684035410292,0.27859709808309774,-42.758243256019824,0.4872270601827063
1952,976.0,268.1885501964471,-43.035570765797246,0.2773283195642574,-42.75824244623299,0.526483292061849
1953,976.5,266.60457493447586,-43.03393189886558,0.275690362994851,-42.75824153587073,0.5647822942713022
1954,977.0,264.6775148854211,-43.03193816092182,0.2736976294321679,-42.75824053148965,0.6020681462013809
1955,977.5,262.42274039996596,-43.029605453199025,0.2713660130429164,-42.75823944015611,0.6382864336077068
1956,978.0,259.8569555690391,-43.0269510566249,0.2687127871874383,-42.75823826943746,0.6733841607417805
1957,978.5,256.9980797683755,-43.0239935094871,0.2657564819273509,-42.75823702755975,0.7073097387726154
1958,979.0,253.8651233989472,-43.02075247811176,0.26251675553125664,-42.7582357225805,0.7400130128745138
1959,979.5,250.47805967995026,-43.01724862508079,0.25901426189848065,-42.75823436318231,0.7714452620579468
1960,980.0,246.8576906964668,-43.013503470467256,0.25527051204168555,-42.75823295842557,0.8015593092192229
1961,980.5,243.02550844249964,-43.009539247802216,0.25130773039430276,-42.758231517407914,0.830309626032316
1962,981.0,239.00355336668824,-43.005378757979045,0.24714870853553705,-42.75823004944351,0.8576524521096301
1963,981.5,234.81427101784507,-43.001045220906,0.24281665695043447,-42.75822856395557,0.8835459289823036
1964,982.0,230.48036705630147,-42.996562125483855,0.23833505510006703,-42.75822707038379,0.9079502467058622
1965,982.5,226.02466216179266,-42.99195307949599,0.23372750138473045,-42.758225578111265,0.9308277997902727
1966,983.0,221.46994797292567,-42.987241660563754,0.2290175641738812,-42.758224096389874,0.9521433498560791
1967,983.5,216.8388451858603,-42.98245126933417,0.22422863506887122,-42.7582226342653,0.9718641924188665
1968,984.0,212.15366494451573,-42.977604986071725,0.21938378556938293,-42.75822120050234,0.989960325182074
1969,984.5,207.4362746450152,-42.97272543181637,0.21450562830453732,-42.758219803511835,1.0064046152001551
1970,985.0,202.7079692525397,-42.967834635244316,0.2096161839642725,-42.758218451280044,1.021172962277098
1971,985.5,197.98934906222433,-42.96295390625431,0.20473675489437526,-42.758217151359936,1.0342444562183981
1972,986.0,193.30020465132165,-42.95810371685669,0.19988780612785556,-42.758215910728836,1.0456015244077836
1973,986.5,188.6594106011156,-42.95330359113694,0.19508885548494145,-42.758214735652,1.0552300647084627
1974,987.0,184.08482926749312,-42.94857200583751,0.19035837406418632,-42.75821363177332,1.06311957045269
1975,987.5,179.59322455147876,-42.94392630113253,0.1857136970743345,-42.758212604058194,1.069263240299682
1976,988.0,175.20018610061956,-42.939382602184125,0.1811709454525164,-42.75821165673161,1.073658068400275
1977,988.5,170.92006473462394,-42.93495575234819,0.17674495908921656,-42.75821079325897,1.0763049152843132
1978,989.0,166.76591951972972,-42.93065925840989,0.1724492420989549,-42.75821001631093,1.0772085586532827
1979,989.5,162.74947679367708,-42.92650524822076,0.16829592044884584,-42.75820932777191,1.0763777232845682
1980,990.0,158.88110123624688,-42.92250444078036,0.1642957120432307,-42.758208728737124,1.0738250887430298
1981,990.5,155.16977890695898,-42.91866612871855,0.160457909183307,-42.75820821953524,1.069567275104864
1982,991.0,151.6231119283765,-42.91499817282149,0.15679037306924157,-42.75820779975225,1.063624806372871
1983,991.5,148.24732482834216,-42.91150700854235,0.15329954035854806,-42.758207468183805,1.0560220530949616
1984,992.0,145.04728224190166,-42.90819766443696,0.14999044147128557,-42.75820722296567,1.0467871562590587
1985,992.5,142.02651705539046,-42.90507379127878,0.14686672969328568,-42.758207061585495,1.0359519320066841
1986,993.0,139.18726837599309,-42.90213770137524,0.14393072043970068,-42.75820698093554,1.02355175788702
1987,993.5,136.53052857827902,-42.89939041728008,0.14118343990486865,-42.75820697737521,1.0096254075857607
1988,994.0,134.05609861698878,-42.89683172903209,0.13862468226013916,-42.75820704677195,0.9942149728035289
1989,994.5,131.7626507259643,-42.894460259076986,0.13625307448956092,-42.75820718458743,0.9826895443158393
1990,995.0,129.6477974613447,-42.892273533725344,0.13406614778604461,-42.7582073859393,0.9773521648023908
1991,995.5,127.70816606511097,-42.89026806011968,0.13206041444919053,-42.75820764567049,0.9706807087604062
1992,996.0,125.93947712082692,-42.888439407640526,0.13023144922158897,-42.758207958418936,0.9626940401124386
1993,996.5,124.33662642757233,-42.88678229265433,0.12857397395298747,-42.75820831870134,0.9534144312862205
1994,997.0,122.89376903314498,-42.88529066543916,0.12708194449731425,-42.758208720941845,0.942867462730393
1995,997.5,121.60440455610303,-42.883957798507055,0.125748638942465,-42.758209159564586,0.9310819245520657
1996,998.0,120.46146281438695,-42.8827763752068,0.12456674615711756,-42.75820962904969,0.9180897198874051
1997,998.5,119.45738874801273,-42.88173857759367,0.12352845360756001,-42.75821012398611,0.9039257718180731
1998,999.0,118.5842258497969,-42.880836172753256,0.12262553363170467,-42.75821063912155,0.8886279384524471
1999,999.5,117.83369734710355,-42.880060596794024,0.12184942738748,-42.75821116940654,0.8722369403120773
2000,1000.0,117.19728445680202,-42.87940303580957,0.12119132577468904,-42.75821171003488,0.8547963035460009
2001,1000.5,116.66630108259383,-42.878854503158266,0.12064224667799436,-42.75821225648027,0.836352307040481
2002,1001.0,116.23196450343976,-42.87840591257119,0.12019310806438147,-42.758212804506805,0.8169539987035006
2003,1001.5,115.8854616578167,-42.878048146722186,0.1198347965263591,-42.758213350195824,0.7966532348195164
2004,1002.0,115.61801079707674,-42.87777212097998,0.11955823103644278,-42.758213889943534,0.7758510449573721
2005,1002.5,115.42091832171948,-42.877568842209705,0.11935442172038678,-42.75821442048932,0.7634244026137138
2006,1003.0,115.28563056000405,-42.87742946230779,0.11921452340039264,-42.75821493890739,0.7504402745086151
2007,1003.5,115.20378049219602,-42.87734532651402,0.11912988391170158,-42.758215442602314,0.7369357550436224
2008,1004.0,115.16722947927201,-42.877308016553144,0.11909208725339845,-42.758215929299745,0.7229490732336832
2009,1004.5,115.16810411070027,-42.87730938872521,0.11909299169195132,-42.75821639703326,0.7203181911143753
2010,1005.0,115.19882834683145,-42.87734160712674,0.11912476299900344,-42.75821684412774,0.7235702941406245
2011,1005.5,115.25215118317335,-42.8773971722384,0.11917990305843652,-42.758217269179966,0.7399414536664393
2012,1006.0,115.32117010602238,-42.877468945158526,0.11925127412136159,-42.758217671037166,0.7563165290913583
2013,1006.5,115.39935064143252,-42.877550167795434,0.11933211902130995,-42.758218048774125,0.7721441987905069
2014,1007.0,115.4805423223898,-42.87763447935502,0.11941607768556309,-42.75821840166945,0.7873882658514256
2015,1007.5,115.55899135704469,-42.87771592944942,0.11949720023511393,-42.758218729214306,0.8020157829500298
2016,1008.0,115.62935026114496,-42.87778898794936,0.11956995694536954,-42.75821903100399,0.8159969414749295
2017,1008.5,115.68668515158848,-42.877848552570235,0.11962924578826552,-42.75821930678197,0.8293049670963727
2018,1009.0,115.72648092118469,-42.87788995418886,0.11967039778338164,-42.75821955640548,0.841916019489851
2019,1009.5,115.74464438638796,-42.87790896007574,0.11968918025294865,-42.758219779822795,0.8538090981897712
2020,1010.0,115.73750583180384,-42.87790177548303,0.11968179841899086,-42.758219977064044,0.864965952465023
2021,1010.5,115.70181910678981,-42.87786504372838,0.11964489550321895,-42.758220148225156,0.8753709923155395
2022,1011.0,115.63476052019512,-42.87779584504011,0.11957555158410293,-42.758220293456006,0.88501120097499
2023,1011.5,115.53392663609128,-42.877691694267256,0.11947128131748205,-42.758220412949775,0.893876046838221
2024,1012.0,115.39733139325749,-42.87755053785026,0.11933003095788311,-42.75822050689238,0.9019573968107484
2025,1012.5,115.22340268781865,-42.87737075034762,0.11915017482469618,-42.75822057552293,0.9092494325188066
2026,1013.0,115.01097820022017,-42.877151130093864,0.11893051098693416,-42.75822061910693,0.9157485649541169
2027,1013.5,114.75930057248664,-42.87689089421345,0.11867025627613412,-42.75822063793732,0.9214533490863241
2028,1014.0,114.46801197550461,-42.87658967300632,0.11836904066849507,-42.758220632337824,0.926364398634776
2029,1014.5,114.13714803116802,-42.87624750366833,0.11802690099989231,-42.75822060266844,0.9304843011184497
2030,1015.0,113.76713102449092,-42.875864823279315,0.11764427394666133,-42.758220549332655,0.9338175333640677
2031,1015.5,113.35876231517166,-42.87544246096488,0.11722198817855087,-42.75822047278633,0.9363703777023796
2032,1016.0,112.91321383716466,-42.87498162911608,0.1167612555686032,-42.75822037354747,0.9381508391216329
2033,1016.5,112.43201855907353,-42.87448391353548,0.11626366132844075,-42.75822025220704,0.9391685636756745
2034,1017.0,111.91705976133542,-42.87395126236567,0.1157311529200209,-42.75822010944565,0.9394347584583723
2035,1017.5,111.37055883195688,-42.873385973497726,0.11516602743545476,-42.75821994606227,0.9389621125265456
2036,1018.0,110.7950617454681,-42.872790680503,0.11457091761516917,-42.75821976288783,0.9377647200393102
2037,1018.5,110.19342420037064,-42.87216833739048,0.11394877647884391,-42.758219560911634,0.9358580088437123
2038,1019.0,109.5687949130031,-42.871522201295846,0.11330286004993831,-42.758219341245905,0.9332586703531129
2039,1019.5,108.92459701434053,-42.87085581325053,0.11263670811850032,-42.75821910513203,0.9299845923388338
2040,1020.0,108.26450756308272,-42.870172977000955,0.1119541230560682,-42.75821885394489,0.9260547951795584
2041,1020.5,107.59243513195061,-42.86947773583276,0.11125914663811595,-42.75821858919464,0.9214893718274164
2042,1021.0,106.91249545879691,-42.8687743473913,0.11055603486536256,-42.75821831252594,0.9163094317219559
2043,1021.5,106.22898519260717,-42.868067256529166,0.1098492308150462,-42.75821802571412,0.9105370488535101
2044,1022.0,105.54635380581298,-42.867361066254624,0.10914333559601923,-42.75821773065861,0.9041952142490642
2045,1022.5,104.86917378075117,-42.86666050689376,0.10844307751917251,-42.75821742937459,0.8973078001621023
2046,1023.0,104.20210924078381,-42.86597040363377,0.1077532796595154,-42.758217123974255,0.8898995115267304
2047,1023.5,103.54988323262157,-42.86529564268429,0.10707882602349236,-42.7582168166608,0.8819958496633841
2048,1024.0,102.91724386110529,-42.86464113623493,0.10642462652965014,-42.75821650970528,0.8935883039442217
2049,1024.5,102.30892955698882,-42.86401178651993,0.10579558109275901,-42.758216205427175,0.911521333056079
2050,1025.0,101.72963390258325,-42.863412449394765,0.10519654325072775,-42.75821590614404,0.9283763386838934
2051,1025.5,101.18397040255093,-42.86284789791422,0.10463228373479887,-42.75821561417942,0.9441231258115644
2052,1026.0,100.67643751673731,-42.86232278612831,0.10410745431071201,-42.758215331817595,0.9587337276656492
2053,1026.5,100.21138435739232,-42.861841613588176,0.10362655230689893,-42.75821506128128,0.9721825725079811
2054,1027.0,99.79297748698531,-42.86140869098031,0.10319388628077993,-42.758214804699534,0.984446665445524
2055,1027.5,99.42516925148516,-42.86102810735099,0.10281354327285347,-42.75821456407814,0.9955057810380259
2056,1028.0,99.1116680832376,-42.86070369937036,0.10248935809750635,-42.758214341272854,1.0053426627678317
2057,1028.5,98.8559111849477,-42.86043902305231,0.10222488509607601,-42.75821413795623,1.0139432257869987
2058,1029.0,98.66104003339444,-42.86023732839867,0.10202337280574061,-42.75821395559293,1.021296759377913
2059,1029.5,98.52987907803282,-42.86010153735136,0.10188774193217708,-42.75821379541919,1.027396125998709
2060,1030.0,98.46491794181851,-42.860034225363975,0.10182056694379632,-42.75821365842018,1.032237954169449
2061,1030.5,98.46829743373678,-42.860037606920166,0.10182406160758412,-42.75821354531258,1.0358228224901505
2062,1031.0,98.54179962125359,-42.86011352525426,0.10190006872322498,-42.75821345653104,1.0381554323991429
2063,1031.5,98.68684215107065,-42.860263446469105,0.10205005425031048,-42.75821339221879,1.039244767535906
2064,1032.0,98.9044769440447,-42.86048845818166,0.102275105958782,-42.75821335222288,1.0391042378229578
2065,1032.5,99.1953933236242,-42.86078927275794,0.10257593666398326,-42.75821333609396,1.037751806623086
2066,1033.0,99.55992556798907,-42.861166235127065,0.10295289203617437,-42.758213343090894,1.035210099552576
2067,1033.5,99.9980648056517,-42.86161933509177,0.10340596290153062,-42.758213372190234,1.0315064937293374
2068,1034.0,100.50947504987623,-42.862148223949056,0.10393480182300899,-42.75821342212605,1.0266731862878558
2069,1034.5,101.0935131576016,-42.86275223507122,0.10453874373946412,-42.75821349133176,1.020747240732766
2070,1035.0,101.74925264583446,-42.86343040862916,0.10521683059369535,-42.758213578035466,1.0137706118629217
2071,1035.5,102.47551090653354,-42.86418151974256,0.10596783947480456,-42.75821368026775,1.0057901472027706
2072,1036.0,103.27087925048376,-42.86500410957455,0.10679031368595471,-42.758213795888594,0.9968575635685909
2073,1036.5,104.13375543693707,-42.86589651900273,0.10768259638260906,-42.75821392262012,0.9870293977511906
2074,1037.0,105.0623781993383,-42.866856924356526,0.10864286627488154,-42.75821405808164,0.9763669295912483
2075,1037.5,106.05486324063682,-42.86788337467596,0.10966917484955546,-42.758214199826405,0.9649360751975531
2076,1038.0,107.10924014680866,-42.86897382992094,0.11075948454160536,-42.758214345379336,0.9528072473806608
2077,1038.5,108.22348965132781,-42.8701261995441,0.11191170726862801,-42.75821449227548,0.940055179542001
2078,1039.0,109.39558066011207,-42.87133838082547,0.11312374271758516,-42.75821463810789,0.9267587083011894
2079,1039.5,110.62350644482392,-42.87260829630986,0.11439351577155898,-42.7582147805383,0.9130005092291636
2080,1040.0,111.90531955856085,-42.87393392996827,0.11571901261535676,-42.75821491735291,0.8988667780054264
2081,1040.5,113.2391648974256,-42.87531336142268,0.11709831492380736,-42.75821504649887,0.8844468491449375
2082,1041.0,114.62331028874837,-42.87674479760471,0.11852963149241917,-42.75821516611229,0.8698327432720083
2083,1041.5,116.05617417565225,-42.87822660141273,0.12001132686542554,-42.758215274547304,0.8551186325619258
2084,1042.0,117.53634996617679,-42.879757316917264,0.12154194651471772,-42.758215370402546,0.8404002138664728
2085,1042.5,119.06262665205888,-42.88133569070569,0.12312023816130642,-42.758215452544384,0.8358553673374436
2086,1043.0,120.63400535138207,-42.88296068900816,0.12474516888173859,-42.75821552012642,0.8346825000356093
2087,1043.5,122.24971148285913,-42.88463151030268,0.1264159376972752,-42.75821557260541,0.8329756798985238
2088,1044.0,123.90920233599236,-42.886347593155236,0.12813198340203993,-42.758215609753194,0.83075370358751
2089,1044.5,125.61216985934396,-42.88810861911117,0.12989298744631275,-42.75821563166486,0.8280368853610163
2090,1045.0,127.35853854570111,-42.88991451051478,0.13169887174962214,-42.75821563876516,0.8248469956271037
2091,1045.5,129.14845829040712,-42.891765423132334,0.13354979131569084,-42.75821563181664,0.82120718831721
2092,1046.0,130.98229232952485,-42.89366173364351,0.13544612175953613,-42.758215611883976,0.8171419154970928
2093,1046.5,132.86060017543593,-42.89560402205885,0.13738844166152045,-42.75821558039733,0.8126768283042409
2094,1047.0,134.78411592595756,-42.89759304912357,0.13937751013725067,-42.75821553898632,0.8078386653358455
2095,1047.5,136.75372227106934,-42.89962972959559,0.14141423995846353,-42.758215489637124,0.802655126279185
2096,1048.0,138.7704199291504,-42.90171510055602,0.14349966594766075,-42.75821543460836,0.7971547289050612
2097,1048.5,140.83529283855705,-42.90385028539292,0.14563490898342812,-42.758215376409495,0.7913666516629488
2098,1049.0,142.94946957753677,-42.9060364538817,0.14782113610555397,-42.75821531777614,0.7853205607168402
2099,1049.5,145.11408139197493,-42.908274778754695,0.1500595171123768,-42.75821526164232,0.7790464216555733
2100,1050.0,147.33021725582708,-42.910566389199595,0.15235117808969298,-42.7582152111099,0.7725742964743441
2101,1050.5,149.59887643113493,-42.91291232177001,0.15469715235403536,-42.758215169415976,0.7659341268459438
2102,1051.0,151.92091899761547,-42.91531346921509,0.15709832929632844,-42.75821513991876,0.7591555051216635
2103,1051.5,154.29701481256282,-42.91777052760417,0.15955540160236215,-42.75821512600181,0.7622619925034749
2104,1052.0,156.72759185212436,-42.92028394289356,0.162068811833557,-42.758215131060005,0.7694873610296793
2105,1052.5,159.2127844252802,-42.92285385737117,0.16463869887609492,-42.75821515849508,0.7762525865711785
2106,1053.0,161.7523814369911,-42.925480056116164,0.16726484444089362,-42.75821521167527,0.782514144271915
2107,1053.5,164.3457756424835,-42.92816191438578,0.16994662058849597,-42.758215293797285,0.7882303919025307
2108,1054.0,166.99191476514062,-42.930898347125094,0.17268293918107647,-42.758215407944014,0.7933615740890884
2109,1054.5,169.68925494446552,-42.93368776074676,0.1754722037439274,-42.75821555700283,0.7978698341504356
2110,1055.0,172.43571710347948,-42.93652800796658,0.17831226434587422,-42.7582157436207,0.8017192358904489
2111,1055.5,175.2286470209345,-42.93941634647102,0.18120037631076302,-42.75821597016026,0.8048757961708127
2112,1056.0,178.06477977231503,-42.9423494021032,0.18413316344662464,-42.75821623865657,0.8073075291751262
2113,1056.5,180.94020918662065,-42.94532313723747,0.18710658646155534,-42.75821655077592,0.8089845057512307
2114,1057.0,183.8503629391845,-42.94833282498447,0.19011591720770754,-42.75821690777676,0.8098789210313434
2115,1057.5,186.78998386355858,-42.95137302982988,0.1931557193562908,-42.75821731047359,0.809965173202207
2116,1058.0,189.75311802231784,-42.95443759526596,0.1962198360618333,-42.75821775920412,0.8092199514519709
2117,1058.5,192.7331100231848,-42.9575196389194,0.19930138511868156,-42.75821825380072,0.8076223315881532
2118,1059.0,195.72260600458924,-42.96061155561468,0.202392762048307,-42.75821879356638,0.8051538777111644
2119,1059.5,198.71356464366963,-42.96370502873832,0.20548565148245612,-42.75821937725586,0.8017987482523389
2120,1060.0,201.6972764601083,-42.96679105018768,0.2085710471248534,-42.758220003062824,0.797543804683584
2121,1060.5,204.66439159298898,-42.969859949094264,0.21163928047468406,-42.75822066861958,0.7923787212720668
2122,1061.0,207.6049556829016,-42.97290142904148,0.21468005793154832,-42.75822137110993,0.7862960948951107
2123,1061.5,210.50845420032837,-42.975904613689515,0.21768250663454275,-42.75822210705497,0.779291553770735
2124,1062.0,213.3638648152627,-42.9788581010682,0.22063522861661705,-42.75822287245158,0.7713638609241872
2125,1062.5,216.15971921189663,-42.98175002724627,0.22352636472588372,-42.758223662520386,0.7625150155968681
2126,1063.0,218.88417403313855,-42.984568140192,0.2263436679878996,-42.758224472204105,0.7527503524399082
2127,1063.5,221.52508811341104,-42.987299879429315,0.22907458347052956,-42.75822529595879,0.7420786363914224
2128,1064.0,224.07010632470693,-42.98993246282173,0.231706334987446,-42.758226127834284,0.7305121550000206
2129,1064.5,226.5067496719681,-42.99245297978867,0.23422601826392583,-42.75822696152475,0.7180668098175421
2130,1065.0,228.82251066796312,-42.99484848999688,0.23662069956206971,-42.758227790434816,0.704762205511645
2131,1065.5,231.00495311428995,-42.99710612658401,0.23887751886230524,-42.758228607721705,0.690621714573138
2132,1066.0,233.04181546679575,-42.9992132031198,0.2409837967514633,-42.758229406368336,0.6861740390239087
2133,1066.5,234.92111671321064,-43.00115732319205,0.24292714390868345,-42.758230179283366,0.6841865799914558
2134,1067.0,236.63126345629854,-43.00292649119489,0.24469557183792,-42.75823091935697,0.6814290265386449
2135,1067.5,238.1611571086362,-43.00450922327255,0.24627760371588064,-42.75823161955667,0.6778984049312673
2136,1068.0,239.50029994368606,-43.00589465706672,0.2476623840572817,-42.75823227300944,0.6735942134551895
2137,1068.5,240.63889868904383,-43.00707265892552,0.24883978583851638,-42.758232873087,0.6685184482494411
2138,1069.0,241.56796439075217,-43.0080339272713,0.2498005137653083,-42.75823341350599,0.6626756235658816
2139,1069.5,242.27940694036562,-43.00877009045821,0.25053620202122484,-42.75823388843699,0.6560728040826614
2140,1070.0,242.76612351959048,-43.00927379821606,0.25103950572647854,-42.758234292489576,0.648719645296409
2141,1070.5,243.02207983990237,-43.00953880570934,0.2513041849461617,-42.758234620763176,0.6406284438417577
2142,1071.0,243.0423831936691,-43.009560049269844,0.25132518023092504,-42.758234869038915,0.6318141954519281
2143,1071.5,242.82334609959068,-43.009333712255746,0.2510986784314317,-42.75823503382431,0.6222946617250505
2144,1072.0,242.36253894733343,-43.00885727951801,0.25062216713710134,-42.75823511238091,0.6120904469879279
2145,1072.5,241.65883126950396,-43.00812958012387,0.24989447735461823,-42.758235102769255,0.6012250874981498
2146,1073.0,240.71242099938607,-43.0071508176464,0.2489158137627613,-42.758235003883634,0.5897251557126211
2147,1073.5,239.52485119299521,-43.00592258748012,0.2476877720043403,-42.75823481547578,0.6078119680868243
2148,1074.0,238.09901384737267,-43.004447880809536,0.24621334263461586,-42.75823453817492,0.6351208070310309
2149,1074.5,236.43914044475548,-43.00273107489962,0.2444969013432183,-42.7582341735564,0.6622833218931665
2150,1075.0,234.55077883637026,-43.00077790903173,0.24254418505014938,-42.75823372398158,0.6891215983305377
2151,1075.5,232.44075799787004,-42.998595447995825,0.24036225546009718,-42.75823319253573,0.7154716516133977
2152,1076.0,230.11714088844698,-42.9961920335626,0.23795945031500418,-42.7582325832476,0.7411818831618202
2153,1076.5,227.5891645625769,-42.99357722228966,0.23534532146484172,-42.75823190082482,0.7661118454290896
2154,1077.0,224.86716855868315,-42.990761711595184,0.2325305608157852,-42.7582311507794,0.7901312870319903
2155,1077.5,221.9625133308685,-42.98775725501549,0.22952691598212874,-42.75823033903336,0.8131194338053854
2156,1078.0,218.8874898019783,-42.9845765689503,0.22634709675694928,-42.75822947219336,0.8349644607779808
2157,1078.5,215.65521992990818,-42.98123322964103,0.2230046722897497,-42.75822855735128,0.855563123898024
2158,1079.0,212.27955029561286,-42.977741562904335,0.2195139610479854,-42.75822760185635,0.8748205156741286
2159,1079.5,208.77494042096401,-42.974116528741035,0.2158899153288347,-42.7582266134122,0.8926499151453051
2160,1080.0,205.15634642538873,-42.97037360086016,0.21214800095089756,-42.75822559990926,0.9089727050910104
2161,1080.5,201.4391015927881,-42.96652864308145,0.20830407375087753,-42.75822456933057,0.9237183352502081
2162,1081.0,197.6387953958658,-42.96259778414247,0.20437425448510316,-42.758223529657364,0.9368243130946126
2163,1081.5,193.77115235748545,-42.958597292357965,0.20037480356252374,-42.75822248879544,0.948236206715701
2164,1082.0,189.8519120799351,-42.954543451425934,0.19632199698541433,-42.75822145444052,0.9579076471622177
2165,1082.5,185.89671196138767,-42.95045243910022,0.1922320050688555,-42.758220434031365,0.9658003193075724
2166,1083.0,181.92097376572195,-42.946340209824335,0.18812077514489428,-42.75821943467944,0.9718839331387868
2167,1083.5,177.9397949843132,-42.942222382317226,0.184003919221984,-42.75821846309524,0.9761361692464074
2168,1084.0,173.96784609249767,-42.93811413327113,0.17989660773998578,-42.758217525531144,0.978542593705122
2169,1084.5,170.01927459023813,-42.93403009807413,0.1758134703405747,-42.75821662773356,0.9790965393089112
2170,1085.0,166.10761651204794,-42.92998427930291,0.1717685043614536,-42.758215774941455,0.9777989516762641
2171,1085.5,162.2457158741221,-42.92598996330868,0.1677749915382716,-42.75821497177041,0.9746582005193032
2172,1086.0,158.4456529914623,-42.92205964611585,0.1638454238788223,-42.75821422223702,0.969689856304618
2173,1086.5,154.71868193141597,-42.918204968762794,0.15999143898502216,-42.75821352977777,0.9629164351589271
2174,1087.0,151.07517680441705,-42.91443666176929,0.15622376451325887,-42.75821289725603,0.9543671227061342
2175,1087.5,147.52458695459637,-42.910764498751334,0.1525521718379138,-42.75821232691342,0.9440774856955844
2176,1088.0,144.07540152760922,-42.907197259778975,0.14898543941167414,-42.7582118203673,0.9320891036234669
2177,1088.5,140.73512327647444,-42.90374270438368,0.14553132567868407,-42.758211378705,0.9184492550179087
2178,1089.0,137.51025085190892,-42.900407553233265,0.14219655076134044,-42.758211002471924,0.903210586204186
2179,1089.5,134.40626941423056,-42.897197478461955,0.13898678675225268,-42.7582106917097,0.8864307842977134
2180,1090.0,131.42764912798148,-42.89411710213182,0.13590665615756328,-42.75821044597426,0.8681722682081567
2181,1090.5,128.57785142075755,-42.891170002694146,0.13295973836907615,-42.75821026432507,0.8634687975024598
2182,1091.0,125.85934260981192,-42.888358729178755,0.13014858375524965,-42.758210145423504,0.8706372948610361
2183,1091.5,123.27361413014039,-42.88568482211535,0.12747473457864805,-42.7582100875367,0.8766126710066241
2184,1092.0,120.82120896486974,-42.883148840901505,0.12493875232706786,-42.75821008857444,0.8813842542090655
2185,1092.5,118.50175390383507,-42.880750397170225,0.12254025107147593,-42.75821014609875,0.8849472321524836
2186,1093.0,116.3139972124572,-42.8784881937923,0.12027793641862868,-42.75821025737367,0.8873029194178503
2187,1093.5,114.25585126014407,-42.876360068966214,0.11814964959223402,-42.75821041937398,0.8884590414671582
2188,1094.0,112.3244397244052,-42.87436304506452,0.11615241624576515,-42.75821062881875,0.888430035083191
2189,1094.5,110.51614898910692,-42.872493381802165,0.1142824996123498,-42.758210882189815,0.8872373651511101
2190,1095.0,108.82668337837094,-42.870746633372974,0.11253545762102016,-42.75821117575195,0.884909857464605
2191,1095.5,107.25112390025406,-42.86911770921421,0.11090620364235615,-42.75821150557185,0.8814840467515994
2192,1096.0,105.78399018060674,-42.86760093806938,0.10938907053302761,-42.75821186753635,0.8770045382733094
2193,1096.5,104.4193052769233,-42.86619013502862,0.10797787765847718,-42.75821225737014,0.8715243800462199
2194,1097.0,103.1506630655387,-42.864878671230315,0.1066660005766485,-42.75821267065367,0.8651054408352513
2195,1097.5,101.97129789278762,-42.86365954590438,0.10544644306283188,-42.75821310284155,0.8578187864059211
2196,1098.0,100.8741561716282,-42.862525460428294,0.10431191114627503,-42.75821354928202,0.8497450429251212
2197,1098.5,99.85196958997197,-42.861468894051264,0.10325488881342672,-42.75821400523784,0.8409747316673069
2198,1099.0,98.89732957605864,-42.86048218092011,0.1022677150110647,-42.75821446590904,0.8316085531377287
2199,1099.5,98.00276264042843,-42.85955758801365,0.10134266155589537,-42.758214926457754,0.8217575912351144
2200,1100.0,97.16080618434452,-42.85868739356192,0.10047201152650005,-42.758215382035424,0.8132651779216009
2201,1100.5,96.3640843320473,-42.85786396549243,0.09964813767992507,-42.7582158278125,0.8076743409099725
2202,1101.0,95.60538331024884,-42.8570798394107,0.09886358040008249,-42.75821625901062,0.8015202609255216
2203,1101.5,94.8777258641615,-42.85632779558708,0.09811112464985004,-42.75821667093723,0.7948055718022208
2204,1102.0,94.17444416649697,-42.855600934387375,0.09738387536478274,-42.75821705902259,0.7875335961585581
2205,1102.5,93.4892506456924,-42.854892749553805,0.09667533069513946,-42.75821741885866,0.7797083627840113
2206,1103.0,92.81630613350062,-42.85419719871565,0.09597945247591858,-42.75821774623974,0.7713346240091048
2207,1103.5,92.15028464264509,-42.853508770454354,0.09529073321211202,-42.758218037242244,0.7624178114740234
2208,1104.0,91.48643406855072,-42.85282254701495,0.09460425884912933,-42.75821828816582,0.7529639967330797
2209,1104.5,90.82063256367037,-42.85213426272154,0.09391576706834089,-42.7582184956532,0.7429801923545739
2210,1105.0,90.14943985914434,-42.851440357089395,0.09322170035776116,-42.758218656731636,0.7324742142184163
2211,1105.5,89.47014252758083,-42.85073802167264,0.09251925281736842,-42.75821876885527,0.7214546841585249
2212,1106.0,88.78079266971123,-42.850025240076214,0.09180641016418728,-42.758218829912025,0.7331780022417869
2213,1106.5,88.08023974400702,-42.84930082090636,0.09108198264664762,-42.75821883825971,0.7495638270358742
2214,1107.0,87.36815500618725,-42.84856442310773,0.09034563031698159,-42.75821879279075,0.7659375031458499
2215,1107.5,86.64504782372425,-42.84781657284668,0.08959787990172183,-42.75821869294496,0.7822123550468305
2216,1108.0,85.91227355072672,-42.847058671677594,0.08884013294495775,-42.758218538732635,0.7983085606814614
2217,1108.5,85.17203259402424,-42.846292995624296,0.08807466484259259,-42.7582183307817,0.8141527361237015
2218,1109.0,84.42736043112217,-42.845522684782544,0.08730461452011373,-42.75821807026243,0.829677499596319
2219,1109.5,83.68210868455235,-42.84475172383295,0.0865339648619641,-42.758217758970986,0.8448210352564258
2220,1110.0,82.94091709408387,-42.84398491303263,0.085767513728576,-42.75821739930405,0.8595266704946507
2221,1110.5,82.20917628341057,-42.84322782969998,0.08501083545416059,-42.758216994245814,0.8737424758344545
2222,1111.0,81.49298162002157,-42.842486780483306,0.08427023313413957,-42.758216547349164,0.887420892426744
2223,1111.5,80.79907846968696,-42.841768744721264,0.0835526820139233,-42.75821606270734,0.900518389322621
2224,1112.0,80.13479928145068,-42.841081309347885,0.08286576442978284,-42.7582155449181,0.9129951511123315
2225,1112.5,79.5079930541835,-42.84043259591163,0.08221759687164851,-42.75821499903998,0.9248147951164889
2226,1113.0,78.92694785168771,-42.83983118039855,0.08161674985755712,-42.75821443054099,0.9359441164695528
2227,1113.5,78.40030714443328,-42.83928600666466,0.08107216142434467,-42.75821384524031,0.9463528589237433
2228,1114.0,77.93698085889372,-42.83880629438927,0.08059304514557544,-42.758213249243695,0.9560135089301348
2229,1114.5,77.54605210772922,-42.83840144255656,0.08018879368312341,-42.75821264887344,0.9649011104526171
2230,1115.0,77.23668065343205,-42.83808092955485,0.07986887896089331,-42.758212050593954,0.9729930979902653
2231,1115.5,77.01800422238983,-42.83785421104986,0.07964275011570279,-42.758211460934156,0.9802691453863496
2232,1116.0,76.89903883375884,-42.837730616837135,0.07951973042939935,-42.75821088640774,0.9867110281617057
2233,1116.5,76.8885793365292,-42.83771924790914,0.07950891447626467,-42.75821033343288,0.9923024973059065
2234,1117.0,76.99510135754112,-42.837828874982115,0.07961906672945439,-42.75820980825266,0.9970291626783822
2235,1117.5,77.22666585224613,-42.8380678397165,0.07985852285888365,-42.75820931685762,1.000878384401946
2236,1118.0,77.59082741846228,-42.83844395983216,0.08023509492034801,-42.758208864911815,1.0124854966801875
2237,1118.5,78.09454748150782,-42.83896443926581,0.08075598158203767,-42.75820845768377,1.0252959647170632
2238,1119.0,78.744113387706,-42.83963578444431,0.0814276844607781,-42.758208099983534,1.0369960519485564
2239,1119.5,79.54506435364134,-42.84046372765461,0.08225593154766347,-42.758207796106944,1.047505650401293
2240,1120.0,80.50212511250685,-42.841453158381185,0.0832456085930953,-42.75820754978809,1.0567542884906098
2241,1120.5,81.61914797866493,-42.842608063357716,0.08440069919692442,-42.75820736416079,1.0646809568392843
2242,1121.0,82.89906391978221,-42.84393147594267,0.08572423421314176,-42.75820724172953,1.0712338974805788
2243,1121.5,84.34384308552835,-42.8454254352838,0.08721825093340939,-42.75820718435039,1.0763703597563608
2244,1122.0,85.95446509605155,-42.84709095558501,0.08888376236297796,-42.758207193222034,1.0800563253154922
2245,1122.5,87.73089924557308,-42.84892800563619,0.09072073674962683,-42.758207268886565,1.0822662041535855
2246,1123.0,89.67209462954266,-42.85093549861446,0.09272808737435646,-42.75820741124011,1.0829825034987026
2247,1123.5,91.77598006150563,-42.853111292017786,0.09490367246542254,-42.758207619552365,1.0821954714423736
2248,1124.0,94.03947351105359,-42.85545219745261,0.09724430495792838,-42.75820789249468,1.0799027174624043
2249,1124.5,96.45850066951694,-42.85795399986777,0.0997457716922298,-42.75820822817554,1.0761088123233777
2250,1125.0,99.02802213798998,-42.86061148571105,0.10240286152851824,-42.75820862418253,1.0708248702212289
2251,1125.5,101.74206863438144,-42.86341847938336,0.1052094017537149,-42.75820907762965,1.064068116421363
2252,1126.0,104.5937835368913,-42.86636788728334,0.10815830207481403,-42.758209585208526,1.0558614440007825
2253,1126.5,107.57547201575633,-42.86945174866829,0.1112416054250206,-42.75821014324327,1.0462329636179284
2254,1127.0,110.67865595491392,-42.87266129250475,0.11445054475712474,-42.758210747747626,1.0352155504822553
2255,1127.5,113.89413383180973,-42.87598699944463,0.11777560496399174,-42.75821139448064,1.0228463891681907
2256,1128.0,117.21204471099614,-42.87941866805888,0.12120658905303927,-42.758212079005844,1.009166527699207
2257,1128.5,120.6219355567995,-42.88294548448591,0.12473268775289614,-42.75821279673301,0.9942204502965144
2258,1129.0,124.11283106814305,-42.886556094712766,0.12834255172817088,-42.75821354298459,0.9780556538038945
2259,1129.5,127.67330521665295,-42.890238678595004,0.13202436555555072,-42.75821431303945,0.9607222477119605
2260,1130.0,131.29155375029936,-42.89398102487623,0.13576592269834067,-42.75821510217789,0.9422725781891447
2261,1130.5,134.95546699121638,-42.89777060650739,0.139554700785207,-42.75821590572219,0.9227608805193858
2262,1131.0,138.65270231039247,-42.90159465562509,0.14337793655477904,-42.75821671907031,0.902242971646899
2263,1131.5,142.3707557137124,-42.905440237617405,0.14722269988131775,-42.75821753773609,0.8807759724879206
2264,1132.0,146.09703202838477,-42.909294323718456,0.15107596635307136,-42.75821835736539,0.8683033744546187
2265,1132.5,149.81891329245002,-42.913143861753234,0.15492468799247336,-42.75821917376076,0.8630601734550317
2266,1133.0,153.52382501290305,-42.91697584467058,0.15875586177231793,-42.75821998289826,0.8567482136501069
2267,1133.5,157.19929993668987,-42.920777376524676,0.16255659556004945,-42.75822078096463,0.8493781179392319
2268,1134.0,160.83303915082644,-42.92453573559097,0.16631417130015122,-42.75822156429082,0.8409628149410033
2269,1134.5,164.41297052713244,-42.92823843488227,0.17001610545065493,-42.75822232943161,0.8315175678875719
2270,1135.0,167.92730427905224,-42.93187327957374,0.1736502064333179,-42.75822307314043,0.8210599758870898
2271,1135.5,171.36458546655683,-42.93542842129861,0.17720462892787342,-42.758223792370735,0.8096099831875844
2272,1136.0,174.71374351532052,-42.93889240935022,0.180667925078803,-42.758224484271416,0.7971898851077432
2273,1136.5,177.96413875714447,-42.942254238805255,0.18402909262184092,-42.75822514618341,0.7838243319010658
2274,1137.0,181.1056059512422,-42.94550339553737,0.18727761988844946,-42.758225775648924,0.769540347903472
2275,1137.5,184.12849500376717,-42.94862989825335,0.1904035279130533,-42.758226370340296,0.7543673117432103
2276,1138.0,187.02370911850136,-42.95162433799108,0.19339740988388987,-42.758226928107185,0.7383369524533592
2277,1138.5,189.78274029965453,-42.954477914814305,0.19625046785573141,-42.75822744695857,0.7349778978288116
2278,1139.0,192.39770227966721,-42.95718247184608,0.19895454679985536,-42.75822792504623,0.7417709654475674
2279,1139.5,194.86136104769096,-42.95973052683109,0.20150216617292444,-42.758228360658165,0.7494955224499376
2280,1140.0,197.1671631032119,-42.96211530133356,0.20388654913348342,-42.758228752200075,0.7580892206494991
2281,1140.5,199.30926160625762,-42.96433074777517,0.20610164958335586,-42.75822909819182,0.7674874366403003
2282,1141.0,201.28254052057142,-42.96637157439079,0.20814217713360875,-42.75822939725718,0.7776248509785675
2283,1141.5,203.08263686893844,-42.96823326822896,0.21000362011833237,-42.75822964811062,0.788436829412366
2284,1142.0,204.70596122008487,-42.969912116339565,0.2116822667797257,-42.75822984955984,0.7998605885290284
2285,1142.5,206.14971642717882,-42.971405225145595,0.21317522464519842,-42.7582300005004,0.8118361360069987
2286,1143.0,207.411914527877,-42.972710537948856,0.21448043800336533,-42.75823009994549,0.8243069839616223
2287,1143.5,208.49139188993985,-42.97382685057396,0.21559670356581853,-42.75823014700814,0.8372206427231733
2288,1144.0,209.3878226768765,-42.9747538251367,0.2165236843916767,-42.75823014074503,0.8505289117663756
2289,1144.5,210.10173119755532,-42.97549200302324,0.21726192265806593,-42.75823008036517,0.8641879716120551
2290,1145.0,210.63450266207687,-42.97604281598421,0.21781285078254894,-42.75822996520166,0.8781583002095665
2291,1145.5,210.98839153091828,-42.97640859475976,0.2181788000568054,-42.758229794702956,0.8924044281935398
2292,1146.0,211.16652772235616,-42.976592575482044,0.2183630070656015,-42.758229568416446,0.9068945632416076
2293,1146.5,211.17292057191176,-42.976598903831956,0.2183696177811715,-42.758229286050785,0.9216001142957142
2294,1147.0,211.01246016485993,-42.97643263643441,0.2182036889411383,-42.75822894749327,0.9364950643301416
2295,1147.5,210.69091553492586,-42.97609973902019,0.2178711861858223,-42.75822855283437,0.9515552786364939
2296,1148.0,210.2149293746709,-42.97560708100554,0.21737897858835903,-42.758228102417185,0.9667577460243061
2297,1148.5,209.59200874009514,-42.97496242587588,0.216734829042518,-42.758227596833365,0.982079770359989
2298,1149.0,208.83051141564533,-42.97417441715372,0.2159473801630351,-42.75822703699068,0.9974981312946088
2299,1149.5,207.93962732696681,-42.97325255922825,0.21502613506491747,-42.75822642416333,1.0129882341749097
2300,1150.0,206.92935421213681,-42.972207192234656,0.21398143220556154,-42.75822576002909,1.0285232696373656
2301,1150.5,205.81046700847293,-42.97104946044436,0.2128244137282747,-42.758225046716085,1.0440734034283643
2302,1151.0,204.59448032328874,-42.969791273501585,0.2115669866540479,-42.758224286847536,1.0596050169275342
2303,1151.5,203.29360338973106,-42.96844525988402,0.210221776302304,-42.758223483581716,1.0750800185182467
2304,1152.0,201.92068693230067,-42.96702471200168,0.20880207134561443,-42.758222640656065,1.0904552448231284
2305,1152.5,200.48916139931782,-42.965543522356356,0.20732175993714955,-42.758221762419204,1.1056819687239436
2306,1153.0,199.01296613147534,-42.96401611032265,0.20579525646532126,-42.75822085385733,1.1207055291854382
2307,1153.5,197.50646914672737,-42.962457339216094,0.20423741860496988,-42.758219920611126,1.1354650950546992
2308,1154.0,195.9843773587042,-42.960882423457605,0.20266345447605452,-42.75821896898155,1.1498935718202916
2309,1154.5,194.46163721207336,-42.959306825815226,0.20108881989270327,-42.75821800592252,1.1639176568442016
2310,1155.0,192.95332590917297,-42.95774614490189,0.19952910588288914,-42.758217039019,1.1774580449527303
2311,1155.5,191.47453361500993,-42.95621599332827,0.19799991687901702,-42.75821607644925,1.1904297826293786
2312,1156.0,190.0402372623034,-42.954731867150564,0.19651674022228846,-42.75821512692828,1.2027427638117565
2313,1156.5,188.66516682305033,-42.95330900751625,0.19509480787685013,-42.758214199639404,1.2143023582686765
2314,1157.0,187.36366513705238,-42.951962255626185,0.1937489514813274,-42.75821330414486,1.2250101729201215
2315,1157.5,186.14954265250958,-42.95070590241623,0.1924934521390296,-42.7582124502772,1.2347649185083376
2316,1158.0,185.03592870206526,-42.949553534642064,0.19134188662553617,-42.75821164801653,1.2434633672589508
2317,1158.5,184.03512114885837,-42.94851787926488,0.19030697191074025,-42.75821090735413,1.251001386206494
2318,1159.0,183.15843643053236,-42.94761064823888,0.1894004100924116,-42.75821023814647,1.2572750274643767
2319,1159.5,182.416062140977,-42.946842385915296,0.18863273595397695,-42.75820964996132,1.2621816558022292
2320,1160.0,181.81691399336486,-42.94622232113059,0.18801316905290827,-42.75820915207768,1.2656210948416022
2321,1160.5,181.36850036155298,-42.94575822639763,0.18754947364574415,-42.758208752751884,1.2674967726228443
2322,1161.0,181.07679773252468,-42.945456289559395,0.18724782989599556,-42.7582084596634,1.2677168450092877
2323,1161.5,180.94613822459092,-42.945320997086526,0.18711271755900796,-42.758208279527516,1.2661952848527083
2324,1162.0,180.9791110476826,-42.945355032083995,0.18714681408405576,-42.758208217999936,1.2628529202816485
2325,1162.5,181.17648026538623,-42.94555918906047,0.1873509095737378,-42.75820827948673,1.25761840776646
2326,1163.0,181.53712164561307,-42.9459323084177,0.18772384148253995,-42.758208466935166,1.2504291239478866
2327,1163.5,182.05798039479905,-42.94647123283083,0.1882624509106318,-42.758208781920196,1.241231977668472
2328,1164.0,182.7340502735384,-42.947170785488616,0.1889615610077685,-42.75820922448085,1.2299841397624227
2329,1164.5,183.5583754126435,-42.94802377193446,0.18981397885124146,-42.75820979308322,1.2166536607181615
2330,1165.0,184.52207560773667,-42.94902100620662,0.19081052160250048,-42.75821048460412,1.2012199997175432
2331,1165.5,185.61439527852608,-42.950151361478746,0.19194006713494438,-42.7582112943438,1.1836744629558207
2332,1166.0,186.82277561957392,-42.95140184483775,0.1931896286435614,-42.75821221619419,1.1640204610264246
2333,1166.5,188.13294920181178,-42.952757694852174,0.1945444524704301,-42.75821324238174,1.1451837420387783
2334,1167.0,189.52905699949787,-42.954202502930556,0.19598813911991317,-42.758214363810644,1.1249997639645781
2335,1167.5,190.99378619778503,-42.955718355942714,0.19750278576265812,-42.758215570180056,1.1025475371415732
2336,1168.0,192.5085260210832,-42.957285997465966,0.19906914737453393,-42.75821685009143,1.077915950809083
2337,1168.5,194.0535397850894,-42.958885005870684,0.20066681465213257,-42.75821819121855,1.0512050652367073
2338,1169.0,195.60815088884235,-42.96049398682297,0.20227440634336596,-42.758219580479604,1.0225258439138836
2339,1169.5,197.15093922243477,-42.96209077691754,0.20386977234868248,-42.75822100456886,0.9919997135461096
2340,1170.0,198.65994569787028,-42.96365265438333,0.2054302052222618,-42.75822244916107,0.9597585617890235
2341,1170.5,200.11288439375315,-42.96515655960745,0.20693265954651957,-42.75822390006093,0.9259450497034547
2342,1171.0,201.48735784941545,-42.96657931768285,0.20835397456338098,-42.75822534311947,0.8907124997915907
2343,1171.5,202.76107097605822,-42.96789785979267,0.20967109537543666,-42.75822676441724,0.8542253301691647
2344,1172.0,203.91204214208994,-42.96908944159782,0.21086129122499356,-42.75822815037283,0.8166598657641388
2345,1172.5,204.9188089711329,-42.97013185628765,0.21190236830560344,-42.75822948798205,0.7782056600667004
2346,1173.0,205.7606261937084,-42.97100363929245,0.21277287435646244,-42.75823076493599,0.742658138717002
2347,1173.5,206.41765341905736,-42.971684262580375,0.21345229283342773,-42.758231969746944,0.7320522701722784
2348,1174.0,206.871130996667,-42.972154316617534,0.21392122476384173,-42.75823309185369,0.7206481515311985
2349,1174.5,207.1035423810782,-42.97239567834995,0.21416155664467387,-42.75823412170527,0.7084715243253852
2350,1175.0,207.09876172067231,-42.97239166388432,0.21415661306108016,-42.758235050823245,0.6955511263495132
2351,1175.5,206.84218570199104,-42.97212716486647,0.21389129302393003,-42.758235871842544,0.681919016621889
2352,1176.0,206.3208489873221,-42.971588767873506,0.2133521893414634,-42.75823657853204,0.6676109537380494
2353,1176.5,205.52352287713427,-42.970764856440134,0.21252769064410618,-42.758237165796025,0.6526668349922977
2354,1177.0,204.44079710373464,-42.96964569562398,0.21140806596562575,-42.75823762965835,0.6371312043945907
2355,1177.5,203.0651449125778,-42.968223499274,0.20998553204238793,-42.758237967231615,0.621053838350582
2356,1178.0,201.3909718084654,-42.96649248039397,0.20825430372080941,-42.75823817667316,0.6044904181232256
2357,1178.5,199.4146485321016,-42.96444888518874,0.20621062805774243,-42.758238257131,0.5875032979573408
2358,1179.0,197.13452871221,-42.96209101139966,0.20385280257416938,-42.75823820882549,0.570162376786294
2359,1179.5,194.55095183338213,-42.959419210922256,0.2011811783241946,-42.75823803259806,0.5525460800310941
2360,1180.0,191.66623380087415,-42.95643588028349,0.19819815013829278,-42.7582377301452,0.5432717514863846
2361,1180.5,188.484645713759,-42.95314543858226,0.19490813467305762,-42.758237303909205,0.5616683347902615
2362,1181.0,185.01238072013868,-42.949554293119355,0.19131753613685182,-42.758236756982505,0.5796010939480175
2363,1181.5,181.25751046812914,-42.94567079429851,0.18743470125665707,-42.75823609304185,0.5970466523455192
2364,1182.0,177.2299319961856,-42.94150518070953,0.18326986435844084,-42.75823531635108,0.6139838781155196
2365,1182.5,172.94130581649168,-42.93706951487014,0.1788350833404496,-42.75823443152969,0.6303937008687337
2366,1183.0,168.4049866702185,-42.932377611713136,0.1741441680686321,-42.75823344364451,0.6462589544034736
2367,1183.5,163.63594742400093,-42.92744495984534,0.16921260167953486,-42.758232358165806,0.6742380869537813
2368,1184.0,158.6506960892255,-42.92228863568528,0.16405745477163733,-42.75823118091364,0.720994168068627
2369,1184.5,153.46718676758712,-42.916927211350604,0.158697293315965,-42.75822991803464,0.7682885879084902
2370,1185.0,148.1047249247021,-42.911380656685026,0.15315208070146147,-42.758228575983566,0.8158294443068784
2371,1185.5,142.58386729889915,-42.90567023574408,0.1474430742327068,-42.75822716151138,0.8633707595520372
2372,1186.0,136.92631665048552,-42.899818397956096,0.14159271629227668,-42.758225681663816,0.9107012567498102
2373,1186.5,131.15481146964746,-42.89384866406773,0.13562452028992764,-42.7582241437778,0.9576359423200337
2374,1187.0,125.29301073655334,-42.88778550697949,0.12956295149536595,-42.758222555484124,1.0040098102797268
2375,1187.5,119.36537378969868,-42.8816542275218,0.12343330281254912,-42.75822092470925,1.049673136445757
2376,1188.0,113.39703535347441,-42.875480825224955,0.11726156554823852,-42.758219259676714,1.0944879638208815
2377,1188.5,107.41367579632973,-42.86929186415441,0.11107429524860715,-42.758217568905806,1.1383254855883997
2378,1189.0,101.44138673327448,-42.86311433392735,0.10489847272152358,-42.75821586120583,1.1810641111654843
2379,1189.5,95.50653215089754,-42.85697550609262,0.09876136042876085,-42.75821414566386,1.222588061316859
2380,1190.0,89.63560531883101,-42.85090278615458,0.09269035452105491,-42.758212431633524,1.2627863575468048
2381,1190.5,83.85508187968975,-42.84492356159942,0.08671283292140206,-42.75821072867802,1.3015521509858567
2382,1191.0,78.19126969473238,-42.839065046615886,0.08085600005351402,-42.75820904656237,1.338782306424682
2383,1191.5,72.67015604327815,-42.83335412402858,0.07514672883384595,-42.75820739519474,1.3743771904150304
2384,1192.0,67.3172529242346,-42.827817185266625,0.0696114007010557,-42.75820578456557,1.4082406267178538
2385,1192.5,62.157441459952835,-42.82247996939455,0.06427574471719853,-42.75820422467735,1.4402799867489107
2386,1193.0,57.2148165011372,-42.81736740234403,0.05916467687682786,-42.75820272546721,1.4704063881323348
2387,1193.5,52.51253266160446,-42.812503437605095,0.05430214089467446,-42.75820129671042,1.4985349783702437
2388,1194.0,48.07265319111539,-42.80791089985398,0.04971095192811846,-42.75819994792586,1.5245852833629472
2389,1194.5,43.916003158452945,-42.80361133303278,0.04541264475679962,-42.758198688275975,1.54848160269796
2390,1195.0,40.06202845638841,-42.79962485444043,0.04142732798252341,-42.758197526457906,1.5701534353095177
2391,1195.5,36.528662241775585,-42.79597001651375,0.03777354591768164,-42.75819647059607,1.5895359197710204
2392,1196.0,33.33220041505223,-42.792663677955204,0.03446814982114004,-42.75819552813407,1.6065702712072747
2393,1196.5,30.487187758555795,-42.789720885882346,0.031526180156188806,-42.758194705726154,1.6212042230259636
2394,1197.0,28.00631627503917,-42.78715477061075,0.02896076146447142,-42.75819400914628,1.6333924314938915
2395,1197.5,25.900337132774034,-42.78497645450717,0.026783011310208858,-42.75819344319696,1.6430968479401025
2396,1198.0,24.17798752322244,-42.7831949762772,0.02500196464520688,-42.758193011631995,1.6502870497612647
2397,1198.5,22.84593356473876,-42.781817231859485,0.023624514766736673,-42.75819271709275,1.6549405203384768
2398,1199.0,21.908730179300566,-42.780847932886765,0.022655371826879166,-42.758192561059886,1.6570428711215153
2399,1199.5,21.36879863963082,-42.7802895834366,0.022097039614461186,-42.75819254382214,1.656588000565514
2400,1200.0,21.226422232821562,-42.78014247553391,0.021949811070897017,-42.75819266446301,1.6535781857805087
2401,1200.5,21.479760219837452,-42.780404703591714,0.022211782725426808,-42.758192920866286,1.6480241047906607
2402,1201.0,22.124879995023637,-42.78107219769083,0.022878887950608887,-42.75819330974022,1.6399447882249456
2403,1201.5,23.155807073068356,-42.782138775313065,0.0239449486528201,-42.758193826660246,1.6293675008470931
2404,1202.0,24.56459225973551,-42.78359621086113,0.025401744732142788,-42.758194466128984,1.6163275547663913
2405,1202.5,26.34139510406921,-42.785434322031385,0.027239100378590467,-42.7581952216528,1.6008680573889713
2406,1203.0,28.474582490434113,-42.78764107185671,0.02944498602412943,-42.75819608583258,1.5830395990752846
2407,1203.5,30.95084101439984,-42.79020268501553,0.03200563454829294,-42.75819705046724,1.5628998854505611
2408,1204.0,33.755301601729286,-42.7931037768112,0.034905670144139825,-42.75819810666706,1.540513321193551
2409,1204.5,36.87167467895568,-42.79632749307033,0.038128248095396215,-42.75819924497493,1.5159505527106318
2410,1205.0,40.28239408983823,-42.79985565908997,0.041655203597532275,-42.758200455492435,1.489287977848236
2411,1205.5,43.96876787603847,-42.80366893568527,0.045467207676989745,-42.75820172800828,1.4606072313926248
2412,1206.0,47.91113400310633,-42.807746980350785,0.04954392822425368,-42.75820305212653,1.4299946555627074
2413,1206.5,52.08901911359094,-42.81206861154927,0.05386419415721213,-42.75820441739206,1.397540765043765
2414,1207.0,56.48129842600692,-42.81661197418038,0.05840616076942178,-42.75820581341096,1.3633397163650063
2415,1207.5,61.0663549687453,-42.821354704354675,0.06314747439065327,-42.75820722996402,1.3274887916317113
2416,1208.0,65.82223641593889,-42.826274091693094,0.06806543456766645,-42.75820865712543,1.2900879067639872
2417,1208.5,70.72680788763316,-42.83134723739526,0.07313715207175618,-42.758210085323505,1.2512391517046622
2418,1209.0,75.75789946109454,-42.83655120687755,0.07833970143719297,-42.75821150544036,1.2110463809747352
2419,1209.5,80.89344709686603,-42.84186317558517,0.0836502666899879,-42.75821290889518,1.1696148631128087
2420,1210.0,86.1116257042652,-42.847260566642625,0.08904627894821494,-42.75821428769441,1.1270509985866564
2421,1210.5,91.39097350094345,-42.852721179497934,0.09450554501969931,-42.75821563447823,1.0834621245311251
2422,1211.0,96.71050694103366,-42.85822330880183,0.100006366246875,-42.75821694255496,1.038956424138492
2423,1211.5,102.04982565390785,-42.863745852945435,0.10552764702181769,-42.75821820592362,0.993642964050725
2424,1212.0,107.38920700872501,-42.86926841185934,0.11104899257351823,-42.75821941928582,0.9476318905580827
2425,1212.5,112.70969007263949,-42.8747713738391,0.1165507957873567,-42.75822057805175,0.9010348265939288
2426,1213.0,117.99314889032615,-42.88023599130274,0.1220143129819674,-42.75822167832077,0.8560745383633127
2427,1213.5,123.22235519951302,-42.88564444563619,0.12742172876209423,-42.758222716874094,0.8335992128806525
2428,1214.0,128.3810307586332,-42.89097990128279,0.1327562101295503,-42.75822369115324,0.8105060522137512
2429,1214.5,133.45388954510364,-42.896226549349805,0.1380019501195988,-42.7582245992302,0.786837354136893
2430,1215.0,138.42667022966057,-42.90136964115673,0.143144201382002,-42.758225439774726,0.7626383579301997
2431,1215.5,143.28615938930534,-42.90639551220288,0.1481693001850562,-42.758226212017824,0.7379576689056915
2432,1216.0,148.02020598012487,-42.91129159709432,0.15306468138164048,-42.758226915712676,0.712847783612142
2433,1216.5,152.61772763602391,-42.916046436016394,0.1578188849226075,-42.75822755109379,0.6873657406233213
2434,1217.0,157.0687093918021,-42.920649673371386,0.1624215545363436,-42.75822811883504,0.6615739281491283
2435,1217.5,161.36419533537068,-42.92509204914841,0.16686342909649607,-42.758228620051916,0.6355410875567614
2436,1218.0,165.49627388715874,-42.92936538353137,0.1711363273997066,-42.75822905613166,0.6093435612396368
2437,1218.5,169.45805763317819,-42.93346255612428,0.17523312731139468,-42.75822942881289,0.5830668427764296
2438,1219.0,173.24365814674246,-42.93737747983653,0.1791477397294094,-42.75822974010712,0.5711957836845459
2439,1219.5,176.84815624040215,-42.94110507008161,0.1828750778221616,-42.75822999225945,0.573838595746761
2440,1220.0,180.26756838194095,-42.944641210009486,0.18641102230008935,-42.758230187709394,0.5758055121559494
2441,1220.5,183.4988098443518,-42.94798271237132,0.1897523833097982,-42.758230329061526,0.5770730377729039
2442,1221.0,186.53965518915217,-42.951127278600616,0.1928968595706623,-42.75823041902996,0.5776191183054815
2443,1221.5,189.3886966525076,-42.95407345577091,0.19584299534276178,-42.75823046042815,0.5774233036302358
2444,1222.0,192.04530090071117,-42.956820591837406,0.19859013570860476,-42.7582304561288,0.576466919611624
2445,1222.5,194.5095645568052,-42.95936878966285,0.20113838058411207,-42.758230409078735,0.5747332490374458
2446,1223.0,196.78226899409756,-42.961718860103346,0.20348853797151298,-42.75823032213183,0.5722077197180456
2447,1223.5,198.86483525567627,-42.96387227550146,0.20564207734253304,-42.75823019815893,0.568878111510296
2448,1224.0,200.75927927036267,-42.96583112332048,0.20760108332812305,-42.758230039992355,0.5650793379635345
2449,1224.5,202.46816740650178,-42.967598060151985,0.2093682097575385,-42.75822985039445,0.5736173098860637
2450,1225.0,203.99457295274163,-42.969176266693694,0.2109466346559996,-42.7582296320377,0.5830009122667131
2451,1225.5,205.34203385783175,-42.97056940403108,0.21234001654427728,-42.75822938748681,0.5948934891350925
2452,1226.0,206.51451201668897,-42.97178157152041,0.21355245233724268,-42.75822911918317,0.6061438090055323
2453,1226.5,207.5163543542442,-42.972817266533276,0.2145884371014655,-42.75822882943181,0.6167576723199584
2454,1227.0,208.3522559210857,-42.973681346283925,0.21545282589316997,-42.75822852039075,0.6267423361659497
2455,1227.5,209.02722517392587,-42.974378991919735,0.21615079785547256,-42.758228194064266,0.63610623970498
2456,1228.0,209.54655151725456,-42.97491567498735,0.21668782265386644,-42.758227852333484,0.6448587535898019
2457,1228.5,209.91577491662875,-42.97529712594416,0.21706962905394298,-42.758227496890214,0.6530099520157994
2458,1229.0,210.14065844520167,-42.97552930571903,0.2173021765323164,-42.758227129186714,0.6700707660297588
2459,1229.5,210.22716369660847,-42.975618380447244,0.21739162985158958,-42.758226750595654,0.702059117739868
2460,1230.0,210.18142823191573,-42.975570698047115,0.21734433573870354,-42.75822636230841,0.733112897215981
2461,1230.5,210.0097452631503,-42.975392767281015,0.21716680187608844,-42.758225965404925,0.7631818363325527
2462,1231.0,209.71854562853443,-42.97509123905251,0.21686567826262101,-42.75822556078989,0.7922222824945865
2463,1231.5,209.3143819285281,-42.974672890080804,0.21644774080902904,-42.75822514927177,0.8201958883922899
2464,1232.0,208.80391444395127,-42.97414460834911,0.21591987677610822,-42.758224731573,0.8470686245485336
2465,1232.5,208.1938985369587,-42.97351338005662,0.21528907174632675,-42.7582243083103,0.8728100251033516
2466,1233.0,207.49117357276157,-42.972786278188806,0.21456239816800327,-42.7582238800208,0.8973926044082389
2467,1233.5,206.70265309724513,-42.971970452405415,0.2137470051981811,-42.758223447207236,0.9207914013212555
2468,1234.0,205.8353157289516,-42.971073119629445,0.21285010928421333,-42.75822301034523,0.9429836215093719
2469,1234.5,204.89619654656735,-42.97010155516211,0.21187898525773863,-42.75822256990437,0.9639483562624581
2470,1235.0,203.89237867954128,-42.96906308400755,0.2108409576387109,-42.75822212636884,0.9836663626056537
2471,1235.5,202.8309839050339,-42.96796507157161,0.20974339091189576,-42.758221680659716,1.0021202461135323
2472,1236.0,201.71916233025374,-42.96681491178256,0.20859367885758467,-42.75822123292498,1.0192942503721087
2473,1236.5,200.5640838846161,-42.96562001961678,0.2073992357538096,-42.75822078386297,1.035173242603353
2474,1237.0,199.37292895733285,-42.96438782084939,0.20616748669486515,-42.75822033415452,1.0497432899245422
2475,1237.5,198.15287679927096,-42.9631257401803,0.20490585559790667,-42.758219884582395,1.062991643992836
2476,1238.0,196.91109295870663,-42.961841188301854,0.20362175221051934,-42.75821943609134,1.0749067360965698
2477,1238.5,195.65471457517398,-42.96054154665015,0.20232255690338657,-42.75821898974676,1.0854781963713873
2478,1239.0,194.3908337789748,-42.95923415028676,0.20101560350406095,-42.7582185467827,1.0946968932403145
2479,1239.5,193.12647921706392,-42.95792626867771,0.19970816019325852,-42.75821810848445,1.102554990761014
2480,1240.0,191.86859594447182,-42.95662508501263,0.1984074087109882,-42.75821767630164,1.109046021443991
2481,1240.5,190.62402344617226,-42.955337673488856,0.19712042162941262,-42.75821725185944,1.1141649723493408
2482,1241.0,189.39947063010192,-42.95407097356289,0.1958541364936389,-42.758216837069256,1.1179083837760748
2483,1241.5,188.20148951487337,-42.95283176210519,0.19461532861271824,-42.75821643349247,1.120274456539536
2484,1242.0,187.0364490791417,-42.95162662702861,0.19341058401780842,-42.758216043010805,1.1212631595259643
2485,1242.5,185.91050733520137,-42.95046193818769,0.19224627058404886,-42.75821566760364,1.120876341754207
2486,1243.0,184.82958149968854,-42.94934381651076,0.19112850718469127,-42.75821530932607,1.119117844696815
2487,1243.5,183.79931711664497,-42.94827810202557,0.19006313176188858,-42.75821497026368,1.1159936114444136
2488,1244.0,182.82505651371486,-42.947270321259374,0.18905566870789034,-42.75821465255149,1.1115117905371328
2489,1244.5,181.9118065279972,-42.946325653858445,0.18811129549100378,-42.75821435836744,1.1056828316019947
2490,1245.0,181.06420623930657,-42.94544889906973,0.18723480928921565,-42.758214089780516,1.0985195709006967
2491,1245.5,180.28649525345438,-42.94464444305111,0.1864305941925791,-42.75821384885853,1.0900373035185351
2492,1246.0,179.5824824703708,-42.94391622650685,0.18570258890696453,-42.75821363759989,1.0802538428303783
2493,1246.5,178.95551571371553,-42.943267713284385,0.18505425534865827,-42.758213457935724,1.0691895668277398
2494,1247.0,178.40845244190973,-42.94270186004955,0.18448854835723713,-42.758213311692316,1.056867447412922
2495,1247.5,177.9436319701932,-42.942221087540204,0.18400788697096324,-42.758213200569244,1.0433130639269683
2496,1248.0,177.5628495574126,-42.94182725374872,0.18361412763045928,-42.758213126118264,1.0285546012675884
2497,1248.5,177.26733267839384,-42.94152162936549,0.18330853964245192,-42.758213089723036,1.0126228334971166
2498,1249.0,177.0577197909083,-42.94130487580308,0.1830917832231238,-42.75821309257995,0.9955510944366044
2499,1249.5,176.93404188008506,-42.94117702610276,0.18296389041356612,-42.75821313568919,0.9773752373702004
2500,1250.0,176.89570694927951,-42.94113746887599,0.18292424904210142,-42.75821321983389,0.9581335867178422
2501,1250.5,176.9414879188795,-42.94118493573751,0.18297159021068557,-42.758213345526826,0.9378668850891563
2502,1251.0,177.06951424628576,-42.94131749267752,0.18310397962930003,-42.75821351304822,0.91661823980861
2503,1251.5,177.27726725499625,-42.94153253520082,0.1833188127858531,-42.758213722414965,0.8944330741838381
2504,1252.0,177.56157940453664,-42.94182678756168,0.18361281419123,-42.75821397337045,0.8713590894654394
2505,1252.5,177.9186376894014,-42.94219630627211,0.18398204089406836,-42.758214265378044,0.8474462339449508
2506,1253.0,178.34399131371907,-42.942636488024384,0.1844218904169737,-42.75821459760741,0.8227467231520829
2507,1253.5,178.83256375929128,-42.94314208217404,0.18492711323583264,-42.75821496893821,0.7973150893239697
2508,1254.0,179.37866930122055,-42.943707207813574,0.18549182985828738,-42.75821537795529,0.7712082622285591
2509,1254.5,179.97603400374115,-42.94432537548412,0.186109552535097,-42.75821582294902,0.7641537856611295
2510,1255.0,180.61782120479162,-42.9449895135315,0.186773211613215,-42.75821630191829,0.7707725590466105
2511,1255.5,181.29666145176077,-42.94569199906775,0.18747518649173475,-42.758216812576016,0.7762558146698618
2512,1256.0,182.0046868016342,-42.94642469345533,0.18820734109097273,-42.758217352364355,0.7805987045589894
2513,1256.5,182.733569113606,-42.94717898197128,0.1889610634500786,-42.7582179185212,0.7838001041332362
2514,1257.0,183.4745624836599,-42.94794581750105,0.18972730960777168,-42.75821850789328,0.7858624935169819
2515,1257.5,184.21855000839506,-42.94871576912118,0.19049665195986104,-42.75821911716132,0.7867918431106377
2516,1258.0,184.95609413713322,-42.949479074117164,0.19125933132733447,-42.75821974278983,0.786597495475217
2517,1258.5,185.67749018151548,-42.950225693338986,0.19200531228954293,-42.75822038104944,0.7852920458740479
2518,1259.0,186.37282283316398,-42.950945369669945,0.19272434162796392,-42.75822102804198,0.7828912232911057
2519,1259.5,187.03202530821366,-42.951627689217446,0.19340600948635764,-42.758221679731086,0.779413780652822
2520,1260.0,187.64494070521013,-42.952262144782544,0.19403981281971985,-42.75822233196283,0.7748813836569077
2521,1260.5,188.20138513981425,-42.95283820119374,0.19461522068059461,-42.758222980513146,0.7693184740823261
2522,1261.0,188.69121216329444,-42.95334536193614,0.19512174083292558,-42.75822362110321,0.7627521744062946
2523,1261.5,189.10437794356724,-42.95377323661114,0.19554898715444297,-42.758224249456696,0.7552121951764624
2524,1262.0,189.43100674627186,-42.95411160864352,0.1958867473493096,-42.75822486129421,0.7467307577276407
2525,1262.5,189.66145622241527,-42.954350502872906,0.19612505046074558,-42.75822545241216,0.7393399503772483
2526,1263.0,189.78638186508442,-42.954480252229516,0.1962542335244019,-42.758226018705116,0.7400873831789413
2527,1263.5,189.79680004916824,-42.9544915629575,0.19626500675645359,-42.758226556201045,0.7401535226878854
2528,1264.0,189.68414915924237,-42.954375577861164,0.19614851676470088,-42.75822706109646,0.7395300538195637
2529,1264.5,189.4403482669647,-42.95412393702306,0.19589640722566906,-42.758227529797395,0.7382102817209272
2530,1265.0,189.0578527927911,-42.95372883538366,0.19550087644325573,-42.7582279589404,0.736189179781352
2531,1265.5,188.52970679488843,-42.953183076833454,0.19495473141963096,-42.758228345413826,0.7334634443468087
2532,1266.0,187.8495914546736,-42.95248012439913,0.19425143799314615,-42.758228686405985,0.7300315575323449
2533,1266.5,187.01186921864235,-42.95161414590577,0.19338516648450052,-42.75822897942127,0.7258938572476042
2534,1267.0,186.01162298000102,-42.95058005463906,0.19235083221366878,-42.75822922242539,0.7210525624381942
2535,1267.5,184.84469002198108,-42.949373544110955,0.1911441305999915,-42.75822941351096,0.7155118539903799
2536,1268.0,183.5076914782486,-42.94799111884585,0.18976156762658497,-42.758229551219266,0.71052917357035
2537,1268.5,181.99805674435152,-42.9464301195464,0.18820048508372159,-42.75822963446268,0.7272159032258753
2538,1269.0,180.3140419709185,-42.94468874222723,0.18645907969227044,-42.75822966253496,0.7436903729639474
2539,1269.5,178.45474294482176,-42.94276605152547,0.1845364164238454,-42.75822963510162,0.7598843419164907
2540,1270.0,176.42010240238173,-42.94066198825712,0.18243243606324133,-42.758229552193875,0.7757336431200668
2541,1270.5,174.2109118696916,-42.938377371309315,0.1801479571114761,-42.75822941419784,0.7911782915410166
2542,1271.0,171.82880817790218,-42.93591389402181,0.1776846721823176,-42.75822922183949,0.8061626081502795
2543,1271.5,169.27626486559373,-42.93327411527751,0.17504513911165162,-42.75822897616586,0.8206353618144581
2544,1272.0,166.55657872317192,-42.930461445572675,0.17223276704331555,-42.758228678529356,0.8345499290014736
2545,1272.5,163.6738516929869,-42.92748012828152,0.16925179771238,-42.758228330569146,0.8478644708495161
2546,1273.0,160.63296873668645,-42.924335216671366,0.16610728255822946,-42.75822793411314,0.8605421153565124
2547,1273.5,157.43957217696126,-42.921032547423415,0.16280505619188326,-42.75822749123153,0.8725511601508031
2548,1274.0,154.10003272562557,-42.91757871059892,0.1593517064367238,-42.758227004162194,0.8838652784213101
2549,1274.5,150.62141768027604,-42.91398101674905,0.1557545414413089,-42.75822647530774,0.8944637245377551
2550,1275.0,147.01145680905356,-42.910247461539264,0.15202155440149862,-42.75822590713776,0.9043315350890969
2551,1275.5,143.27850664520744,-42.90638668884355,0.14816138663819087,-42.758225302205354,0.9134597039168227
2552,1276.0,139.43151350837462,-42.902407952482974,0.14418328935837937,-42.758224663124594,0.9218453507824038
2553,1276.5,135.47997569769274,-42.89832107704034,0.1400970845598214,-42.758223992480524,0.9294918597067507
2554,1277.0,131.4339055622504,-42.89413641863499,0.1359131258088627,-42.75822329282613,0.9364089826061579
2555,1277.5,127.303791761412,-42.88986482589112,0.1316422592146078,-42.75822256667651,0.9426128984915164
2556,1278.0,123.10056202628023,-42.88551760139153,0.12729578492130644,-42.75822181647022,0.9481262206617276
2557,1278.5,118.83554675107713,-42.88110646400893,0.12288541945894214,-42.75822104454999,0.9529779429271877
2558,1279.0,114.52044373897083,-42.87664351243573,0.11842325928760922,-42.75822025314812,0.9572033156005686
2559,1279.5,110.16728431155074,-42.87214119012875,0.11392174575201121,-42.75821944437674,0.9608436421797596
2560,1280.0,105.7884009200212,-42.86761225181219,0.10939363158885551,-42.75821862022333,0.9639459879287278
2561,1280.5,101.39639632203567,-42.863069731604554,0.10485194905324532,-42.758217782551306,0.9665627921655934
2562,1281.0,97.00411431251923,-42.858526912757966,0.100309979652019,-42.75821693310595,0.9687513770807785
2563,1281.5,92.62461192160154,-42.85399729891961,0.09578122539419856,-42.75821607352541,0.9705733474245921
2564,1282.0,88.271132919703,-42.84949458674969,0.09127938139313875,-42.75821520535656,0.9720938775108156
2565,1282.5,83.95708240066008,-42.845032639658626,0.0868183095834544,-42.75821433007517,0.9733808847511123
2566,1283.0,79.69600215025362,-42.84062546236038,0.08241201325011704,-42.758213449110265,0.974504092404252
2567,1283.5,75.50154645116605,-42.836287175880514,0.07807461200885372,-42.75821256387166,0.9755339883822769
2568,1284.0,71.38745792776976,-42.832031992607995,0.07382031682773452,-42.75821167578026,0.9765406917217222
2569,1284.5,67.36754299735777,-42.827874190942126,0.06966340464178992,-42.75821078630034,0.9775927435520152
2570,1285.0,63.45564646630477,-42.82382808905685,0.0656181920834182,-42.75820989697343,0.9787558447858544
2571,1285.5,59.66562479103713,-42.8199080172836,0.061699007832098834,-42.758209009451505,0.9800915679837698
2572,1286.0,56.01131753744312,-42.816128288629834,0.05792016310114981,-42.75820812552868,0.9816560755433424
2573,1286.5,52.506516574327605,-42.81250316695648,0.05429591978130619,-42.75820724717518,0.9834988799727338
2574,1287.0,49.16493254735712,-42.809046832337636,0.050840455772109404,-42.758206376565525,0.9856616840409614
2575,1287.5,46.000158231087845,-42.805773343189664,0.047567827084985435,-42.75820551610468,0.9881773388353308
2576,1288.0,43.025628404516326,-42.80269659480128,0.044491926351368775,-42.75820466844991,0.991068955768642
2577,1288.5,40.25457595515775,-42.7998302739589,0.04162643743082344,-42.758203836528075,0.9943492043551079
2578,1289.0,37.69998398790525,-42.797187809435286,0.03898478588778948,-42.758203023547495,0.9980198209825729
2579,1289.5,35.374533797816284,-42.79478231819452,0.03658008519130054,-42.75820223300322,1.0020713470518028
2580,1290.0,33.29054865666151,-42.792626547262394,0.03442507858579859,-42.758201468676596,1.0064831040136606
2581,1290.5,31.459933458263123,-42.79073281130707,0.03253207667960707,-42.758200734627465,1.0112234038792849
2582,1291.0,29.894110370418762,-42.789112926083135,0.030912890903895512,-42.758200035179236,1.0162499848986954
2583,1291.5,28.603950752835807,-42.78777813800413,0.029578763110401494,-42.75819937489373,1.0215106531904607
2584,1292.0,27.599703709489724,-42.78673905023861,0.028540291688879064,-42.75819875854973,1.0269441042486873
2585,1292.5,26.89092170627558,-42.7860055457512,0.027807354649826567,-42.75819819110138,1.0324808941222534
2586,1293.0,26.486383832671603,-42.78558670790533,0.02738903027093526,-42.7581976776344,1.0380445264088438
2587,1293.5,26.394017400721747,-42.78549073934204,0.02729351602419342,-42.75819722331784,1.043552620433332
2588,1294.0,26.62081865662794,-42.785724879929035,0.027528046585358144,-42.758196833343675,1.0489181274405648
2589,1294.5,27.172773446375672,-42.786295324669965,0.028098811795894005,-42.75819651287407,1.0540505639368634
2590,1295.0,28.054778726127353,-42.787207142471516,0.029010875498468792,-42.758196266973044,1.0588572347738927
2591,1295.5,29.27056590752731,-42.78846419680854,0.030268096269894112,-42.75819610053865,1.0632444228924534
2592,1296.0,30.822627070023852,-42.790069069351354,0.03187305111878988,-42.75819601823257,1.0671185268651195
2593,1296.5,32.71214509655762,-42.79202298764896,0.03382696324032207,-42.75819602440864,1.070387131725896
2594,1297.0,34.93892880372087,-42.79432575797709,0.03612963493562114,-42.75819612304147,1.0729600026627175
2595,1297.5,37.501354133697724,-42.7969757044557,0.03877938679956474,-42.75819631765613,1.0747499946960755
2596,1298.0,40.396312454060805,-42.7999696155191,0.041773004258650034,-42.75819661126045,1.0756738745122891
2597,1298.5,43.61916697234384,-42.803302698781,0.04510569250019059,-42.75819700628081,1.0756530531206083
2598,1299.0,47.16371821539735,-42.80696854527797,0.04877104077522092,-42.758197504502746,1.0746142299861121
2599,1299.5,51.02217944982982,-42.81095910399872,0.05276099698127509,-42.75819810701744,1.0724899508129266
2600,1300.0,55.18516283004137,-42.8152646675134,0.05706585333835046,-42.758198814175046,1.0692190822949814
2601,1300.5,59.64167695559663,-42.81987386940872,0.06167424386303658,-42.75819962554568,1.0647472079622813
2602,1301.0,64.37913640227288,-42.82477369411346,0.06657315422437812,-42.75820053988908,1.0590269498477756
2603,1301.5,69.38338366273214,-42.82994949956543,0.07174794443227712,-42.758201555133155,1.0520182211222922
2604,1302.0,74.63872379545387,-42.83538505302935,0.0771823846672489,-42.7582026683621,1.0436884151608667
2605,1302.5,80.12797193686352,-42.8410625802262,0.08285870441174681,-42.75820387581445,1.034012536763242
2606,1303.0,85.83251368075734,-42.846962827780295,0.0887576548872962,-42.758205172893,1.0229732814957182
2607,1303.5,91.7323781672571,-42.85306513881394,0.09485858463429436,-42.758206554179644,1.010561069395832
2608,1304.0,97.80632361733664,-42.8593475414223,0.10113952796152312,-42.75820801346078,0.996774039570601
2609,1304.5,104.03193489326654,-42.86578684959919,0.10757730583141818,-42.75820954376777,0.9816180125946125
2610,1305.0,110.3857324838894,-42.872358775980146,0.11414763855952363,-42.75821113742062,0.9651064281410666
2611,1305.5,116.84329221682421,-42.879038055687765,0.120825269606445,-42.75821278608132,0.9472602658840268
2612,1306.0,123.37937487469127,-42.8857985804256,0.12758409961134864,-42.75821448081425,0.9281079585221451
2613,1306.5,129.96806478023527,-42.89261354185332,0.13439732970001597,-42.75821621215331,0.9076853068182152
2614,1307.0,136.58291631741272,-42.899455583173825,0.14123761299931684,-42.758217970174506,0.8860354079028356
2615,1307.5,143.19710727060524,-42.906296957775524,0.14807721320216807,-42.75821974457335,0.8632086098521775
2616,1308.0,149.7835977946425,-42.91310969370083,0.15488816895519766,-42.758221524745636,0.8392625078518208
2617,1308.5,156.31529377121075,-42.9198657626539,0.161642462782281,-42.75822329987162,0.814262000274598
2618,1309.0,162.7652132624071,-42.92653725221329,0.16831219321077237,-42.75822505900252,0.7882794269689557
2619,1309.5,169.10665473335595,-42.93309653987465,0.17486974872708777,-42.75822679114756,0.7613948172316103
2620,1310.0,175.3133657358236,-42.939516467564445,0.1812879822089963,-42.758228485355446,0.7336962818286495
2621,1310.5,181.35971073020252,-42.94577051527403,0.18754038446691745,-42.75823013080711,0.7052805922902406
2622,1311.0,187.2208364056972,-42.95183297219467,0.19360125519815943,-42.75823171699651,0.6762539627126825
2623,1311.5,192.8728335248821,-42.957679103859974,0.1994458703470814,-42.75823323351289,0.6467332503015308
2624,1312.0,198.2928945903411,-42.96328531557123,0.20505064514495533,-42.75823467042627,0.6168475114861993
2625,1312.5,203.4594654855223,-42.968629309180905,0.21039329091868672,-42.75823601826222,0.5867399887387164
2626,1313.0,208.35238945260593,-42.97369023216345,0.21545296397539637,-42.758237268188054,0.5565707845966327
2627,1313.5,212.95304221761828,-42.97844881713045,0.22021040533254957,-42.7582384117979,0.5265203218124791
2628,1314.0,217.24445859870985,-42.98288751298742,0.22464807164099893,-42.75823944134642,0.5150205572179369
2629,1314.5,221.21144939504413,-42.98699060592758,0.22875025605740446,-42.75824034987018,0.51052381627878
2630,1315.0,224.84070632719497,-42.99074432794692,0.23250319676096196,-42.75824113118596,0.5077722252212019
2631,1315.5,228.1208947548087,-42.994136952773005,0.2358951728308497,-42.75824177994215,0.5068389847570075
2632,1316.0,231.04273348361568,-42.9971588784343,0.23891658677303426,-42.75824229166126,0.5077693796612518
2633,1316.5,233.59906092024866,-42.99980269574309,0.24156003292962125,-42.75824266281347,0.510578456748745
2634,1317.0,235.78488693434687,-43.002063241878616,0.2438203511084013,-42.75824289077021,0.5152503613494877
2635,1317.5,237.5974300073237,-43.0039376389352,0.24569466499763445,-42.75824297393756,0.5217392949530749
2636,1318.0,239.036139551521,-43.00542531685919,0.24718240524583307,-42.75824291161336,0.5299720581044873
2637,1318.5,240.10270303814144,-43.006528021007504,0.24828531683261176,-42.75824270417489,0.5398517695127398
2638,1319.0,240.80103723144074,-43.007249803085585,0.24900745000414387,-42.75824235308144,0.5512623080818733
2639,1319.5,241.1372628848126,-43.007596994920306,0.2493551341068981,-42.758241860813406,0.5640730040196151
2640,1320.0,241.11966408395412,-43.00757816634615,0.24933693554523373,-42.75824123080092,0.5781431922481219
2641,1320.5,240.75863236086516,-43.00720406745999,0.24896359999082507,-42.758240467469165,0.5933263354196339
2642,1321.0,240.06659517879226,-43.006487554696974,0.24824797843039798,-42.758239576266575,0.6094733473637944
2643,1321.5,239.05792938789892,-43.005443501297485,0.24720493767200058,-42.75823856362548,0.6264353627740562
2644,1322.0,237.74885957760532,-43.00408869215494,0.24585125523322718,-42.75823743692171,0.644065797269256
2645,1322.5,236.15734182121037,-43.00244170364704,0.24420549912389894,-42.758236204523136,0.6622217918723096
2646,1323.0,234.3029334602235,-43.00052276869609,0.24228789319269237,-42.7582348755034,0.6807651464331974
2647,1323.5,232.20665043162782,-42.99835362938793,0.24012016959216703,-42.75823345979576,0.6995628585552112
2648,1324.0,229.89081258579947,-42.99595737694491,0.23772540882517515,-42.75823196811973,0.7184873651498753
2649,1324.5,227.37887755146198,-42.993358279740534,0.2351278679479933,-42.75823041179254,0.7374165748755721
2650,1325.0,224.6952647917177,-42.990581601389664,0.2323527986302468,-42.75822880275942,0.7562337721158254
2651,1325.5,221.86517076471074,-42.98765340949573,0.22942625601631428,-42.75822715347941,0.7748275106189338
2652,1326.0,218.91437666629747,-42.98460037669366,0.2263748999159377,-42.758225476777724,0.7930912832817648
2653,1326.5,215.8690503541275,-42.981449575787806,0.22322578997794712,-42.75822378580986,0.8109233343590362
2654,1327.0,212.7555437670675,-42.97822827014312,0.22000617620581142,-42.758222093937306,0.8282265206559793
2655,1327.5,209.60018753994217,-42.97496370116476,0.21674328657292327,-42.75822041459184,0.8449081552397063
2656,1328.0,206.42908461318797,-42.971682874788364,0.21346411359854442,-42.758218761189816,0.8608798850988005
2657,1328.5,203.2679046177461,-42.968412348700376,0.21019520172540937,-42.758217146974964,0.8760576586803536
2658,1329.0,200.14168090779057,-42.96517802235945,0.20696243743540207,-42.75821558492405,0.8903617246826231
2659,1329.5,197.0746120845797,-42.962004931621166,0.2037908440094115,-42.758214087611755,0.9037166796338924
2660,1330.0,194.08986989481696,-42.95891704995959,0.20070438287893774,-42.75821266708065,0.9160515613563401
2661,1330.5,191.20941542812318,-42.955937098284004,0.19772576355964017,-42.758211334724365,0.9272999843018297
2662,1331.0,188.45382544646603,-42.953086365228664,0.19487626406213623,-42.758210101166526,0.9374003119219864
2663,1331.5,185.84213062962777,-42.95038453977268,0.19217556362493304,-42.75820897614774,0.9462958609618622
2664,1332.0,183.39166743683344,-42.94784955794773,0.18964158952755297,-42.75820796842017,0.9539351323955435
2665,1332.5,181.11794516231387,-42.94549746526681,0.18729037961539807,-42.758207085651414,0.9602720637541347
2666,1333.0,179.03452961941056,-42.94334229635937,0.18513596201985122,-42.75820633433952,0.9652662978057962
2667,1333.5,177.15294471565565,-42.94139597312188,0.18319025337906997,-42.75820571974281,0.968883460277357
2668,1334.0,175.4825929873717,-42.939668222481096,0.18146297666443423,-42.75820524581666,0.9710954451777899
2669,1334.5,174.03069597696705,-42.938166514699525,0.17996159952592122,-42.7582049151736,0.9718807181992976
2670,1335.0,172.80225508755962,-42.9368960228694,0.17869129381266896,-42.75820472905673,0.9712246036338958
2671,1335.5,171.80003328770823,-42.93585960398344,0.1776549166542114,-42.758204687329226,0.9691195758726928
2672,1336.0,171.02455781214334,-42.93505780173498,0.176853013253249,-42.75820478848173,0.96556554933622
2673,1336.5,170.47414374084974,-42.93448887092521,0.17628384126829827,-42.75820502965691,0.9605701664042513
2674,1337.0,170.14493807177072,-42.934148823081195,0.17594341638837763,-42.75820540669282,0.9541490842776789
2675,1337.5,170.03098350763136,-42.93403149257728,0.17582557829366294,-42.75820591428362,0.9463262530839912
2676,1338.0,170.124300593964,-42.93412862140842,0.17592207559274714,-42.758206545815675,0.9371341965634638
2677,1338.5,170.4149886271664,-42.93442996369967,0.17622267016960885,-42.75820729353006,0.9266144058655142
2678,1339.0,170.89134395693387,-42.934923408272155,0.17671525951774888,-42.758208148754406,0.9148176027811051
2679,1339.5,171.53999272568467,-42.935595115941986,0.17738601400332749,-42.75820910193866,0.9018040726678259
2680,1340.0,172.34603691587765,-42.93642967066697,0.178219527889722,-42.758210142777244,0.8876440330909751
2681,1340.5,173.29321211915604,-42.93741024279164,0.17919898248338648,-42.75821126030826,0.8724180390475829
2682,1341.0,174.3640551355143,-42.938518762536035,0.18030631944473782,-42.758212443091296,0.8562174315380252
2683,1341.5,175.54007927673808,-42.939736101398715,0.18152242206587393,-42.75821367933284,0.8391448335147212
2684,1342.0,176.8019548207006,-42.94104225893783,0.1828273018746876,-42.75821495706314,0.8213147174616333
2685,1342.5,178.12969391683183,-42.94241655381464,0.18420028984184775,-42.75821626397279,0.802854012654061
2686,1343.0,179.5028382339382,-42.943837818316595,0.18562023042358913,-42.75821758789301,0.7839026915290539
2687,1343.5,180.90064609907083,-42.94528459188266,0.1870656750782061,-42.75821891680445,0.7646143775363151
2688,1344.0,182.3022772927482,-42.94673531235058,0.18851507335903,-42.758220238991555,0.7451568380147431
2689,1344.5,183.68697421389098,-42.94816850324993,0.1899469602533998,-42.75822154299653,0.7257125444924385
2690,1345.0,185.0342380158105,-42.949562956228064,0.1913401383213017,-42.75822281790676,0.7136836226026704
2691,1345.5,186.3239977432113,-42.950897905916946,0.1926738525964999,-42.75822405332045,0.7035360788058533
2692,1346.0,187.53677131134555,-42.95215319652077,0.19392795705180293,-42.75822523946896,0.6928623359844395
2693,1346.5,188.6538172144027,-42.953309438749685,0.19508307147762036,-42.758226367272066,0.6816894910996831
2694,1347.0,189.6572758496951,-42.95434815602,0.1961207276224261,-42.75822742839757,0.6769186707311611
2695,1347.5,190.53029950734182,-42.95525191895976,0.19702350361244378,-42.75822841534732,0.6769469186968324
2696,1348.0,191.2571702359412,-42.956004467218506,0.19777514583413916,-42.75822932138437,0.6771057674376443
2697,1348.5,191.82340548365323,-42.956590818798894,0.19836067817551242,-42.75823014062338,0.6773951119223071
2698,1349.0,192.21585106649658,-42.956997366214026,0.19876649816272157,-42.75823086805131,0.6778141649165224
2699,1349.5,192.4227608462659,-42.95721195887623,0.19898045935339434,-42.758231499522836,0.6783616384279676
2700,1350.0,192.43386313784097,-42.95722397176259,0.19899194000707462,-42.75823203175551,0.6790359166301045
2701,1350.5,192.24041358764777,-42.95702436017038,0.1987918977657625,-42.758232462404614,0.6798352647344389
2702,1351.0,191.83523506612582,-42.95660570068007,0.19837291090590253,-42.75823278977417,0.6807579519020713
2703,1351.5,191.2127452577292,-42.95596221993987,0.19772920686864198,-42.75823301307123,0.6818023589910139
2704,1352.0,190.368971624485,-42.955089810020986,0.19685667773334206,-42.75823313228764,0.682967115950439
2705,1352.5,189.3015539643333,-42.953986031030844,0.19575288286310524,-42.75823314816774,0.684251204692454
2706,1353.0,188.00973525481348,-42.95265010161,0.19441703943641767,-42.75823306217358,0.685654041619752
2707,1353.5,186.49434129058355,-42.9510828778386,0.19285000139072234,-42.75823287644788,0.6871755385309295
2708,1354.0,184.75774966708283,-42.94928682112274,0.19105422734905633,-42.758232593773684,0.6888161410260387
2709,1354.5,182.80384866765823,-42.947265955667284,0.18903373810606505,-42.75823221756122,0.6905768440589246
2710,1355.0,180.6379864024833,-42.94502581581245,0.18679406403359394,-42.75823175177886,0.6924591858189992
2711,1355.5,178.26691140169746,-42.94257338448281,0.18434218364926325,-42.75823120083355,0.6944652181519748
2712,1356.0,175.69870546289968,-42.93991702382196,0.18168645417542842,-42.758230569646535,0.7041930355411423
2713,1356.5,172.94270883531686,-42.93706639773837,0.1788365341736519,-42.758229863564715,0.7247207651215393
2714,1357.0,170.0094385532775,-42.93403238741102,0.17580329909501083,-42.758229088316014,0.745750641455083
2715,1357.5,166.91050068244,-42.930827000500216,0.1725987505357085,-42.75822824996451,0.7670857001896763
2716,1358.0,163.65849717804073,-42.92746327478644,0.16923591992108494,-42.758227354865355,0.7885426992732935
2717,1358.5,160.26692806032568,-42.92395517696671,0.16572876734722236,-42.75822640961948,0.809952009068666
2718,1359.0,156.7500896174873,-42.92031749734279,0.16209207631467482,-42.75822542102812,0.8311571508990233
2719,1359.5,153.12296935100775,-42.91656574114061,0.15834134509358647,-42.75822439604702,0.8520141324940139
2720,1360.0,149.4011383822823,-42.9127160172043,0.15449267546357137,-42.75822334174073,0.8723906867627489
2721,1360.5,145.60064204258367,-42.90878492481146,0.1505626595750232,-42.758222265236434,0.8921654864389408
2722,1361.0,141.73788937049343,-42.90478943935865,0.1465682656806588,-42.758221173677995,0.9112273813089476
2723,1361.5,137.82954224140983,-42.90074679766655,0.14252672348659945,-42.75822007417995,0.9294746858670672
2724,1362.0,133.89240484809338,-42.8966743836516,0.13845540986645327,-42.75821897378515,0.9468145319683924
2725,1362.5,129.94331417855216,-42.892589615032435,0.1343717356067262,-42.75821787942571,0.9631622918023982
2726,1363.0,125.99903233364034,-42.888509831893394,0.13029303405464296,-42.75821679783875,0.978441071177523
2727,1363.5,122.07614143689852,-42.884452188015715,0.12623645244655257,-42.75821573556916,0.9925812696612613
2728,1364.0,118.19094166125026,-42.880433545370316,0.12221884645941139,-42.758214698910905,1.0055202004427266
2729,1364.5,114.3593530493016,-42.87647037255155,0.11825667868515365,-42.758213693866395,1.0172017630855752
2730,1365.0,110.59682179123004,-42.8725786478227,0.11436592171456467,-42.758212726108134,1.027576161657518
2731,1365.5,106.91823155945667,-42.86877376739292,0.11056196645027049,-42.758211800942654,1.0365996607365653
2732,1366.0,103.33782045968697,-42.865070459505105,0.10685953622749991,-42.7582109232776,1.0442343721436287
2733,1366.5,99.86910411221983,-42.86148270486614,0.10327260727403234,-42.75821009759211,1.050448065771619
2734,1367.0,96.52480532587536,-42.8580236638981,0.09981433598743815,-42.75820932791066,1.0552139984996798
2735,1367.5,93.3167907698895,-42.85470561123014,0.09649699344877438,-42.758208617781364,1.058510755849549
2736,1368.0,90.2560149860114,-42.85153987778561,0.09333190752663448,-42.75820797025898,1.0603221017047533
2737,1368.5,87.35247201062829,-42.84853680074229,0.09032941285057254,-42.758207387891716,1.0606368318115884
2738,1369.0,84.61515482232672,-42.84570568158758,0.08749880887665207,-42.75820687271093,1.0594486285948816
2739,1369.5,82.0520227608264,-42.84305475242497,0.08484832619602878,-42.75820642622894,1.0567559144105672
2740,1370.0,79.66997697578488,-42.840591150587045,0.08238510114705934,-42.758206049439984,1.0525617006468082
2741,1370.5,77.47484389508868,-42.83832090154649,0.08011515872019785,-42.75820574282629,1.0468734290453272
2742,1371.0,75.4713666362088,-42.83624891004395,0.0780434036766534,-42.7582055063673,1.039702814064714
2743,1371.5,73.66320421462159,-42.834378959285175,0.07617361972983425,-42.75820533955534,1.0310656747977613
2744,1372.0,72.05293833333174,-42.83271371798011,0.07450847656625527,-42.758205241413854,1.0209817596461295
2745,1372.5,70.64208747969369,-42.83125475494231,0.07304954442277399,-42.758205210519534,1.0094745673257968
2746,1373.0,69.43112800128438,-42.83000256090826,0.07179731588072151,-42.75820524502754,0.9965711640693239
2747,1373.5,68.41952178264641,-42.828956577185515,0.07075123448585914,-42.758205342699654,0.982301998755475
2748,1374.0,67.60575010223477,-42.82811523069368,0.06990972975915759,-42.75820550093452,0.9667007181469285
2749,1374.5,66.98735321349932,-42.827475974926514,0.0692702581267887,-42.75820571679973,0.9498039848693158
2750,1375.0,66.56097516454709,-42.82703533633318,0.06882934926722556,-42.758205987065956,0.9316513012372699
2751,1375.5,66.32241334688035,-42.82678896558764,0.06858265734858382,-42.75820630823905,0.9122848425562476
2752,1376.0,66.26667226798301,-42.82673169322871,0.06852501663375846,-42.75820667659495,0.8917493040917894
2753,1376.5,66.38802102162326,-42.82685758912454,0.06865050090929377,-42.75820708821525,0.8700917666264343
2754,1377.0,66.680053916135,-42.82716002520016,0.06895248617985474,-42.758207539020304,0.8504578644071221
2755,1377.5,67.1357537443833,-42.82763174089659,0.06942371609441018,-42.75820802480218,0.8505716855933625
2756,1378.0,67.74755718506911,-42.82826491083304,0.07005636957639047,-42.75820854125665,0.8509063933931955
2757,1378.5,68.50742183810189,-42.82905121415726,0.07084213014360148,-42.75820908401366,0.8635354298194009
2758,1379.0,69.40689441425666,-42.82998190508842,0.07177225642176069,-42.75820964866666,0.875305595813671
2759,1379.5,70.4371796193368,-42.83104788417626,0.07283765337620747,-42.75821023080005,0.8862020984343569
2760,1380.0,71.58920929477591,-42.83223976982411,0.07402894380879178,-42.75821082601532,0.8962117962787343
2761,1380.5,72.85371139925985,-42.83354796964572,0.07533653969036512,-42.75821142995536,0.9053231879666138
2762,1381.0,74.22127843883366,-42.83496275125029,0.07675071292296085,-42.75821203832733,0.9135263928882285
2763,1381.5,75.68243497546891,-42.8364743120731,0.07826166514902926,-42.75821264692407,0.9208131243804973
2764,1382.0,77.22770386522556,-42.83807284789127,0.07985959624697223,-42.7582132516443,0.927176655563509
2765,1382.5,78.84767089782727,-42.8397486196844,0.08153477117361188,-42.758213848510785,0.9326117781134843
2766,1383.0,80.5330475298434,-42.841492018523894,0.08327758483529703,-42.7582144336886,0.9371147545206937
2767,1383.5,82.27473141745236,-42.84329362818551,0.08507862468360124,-42.75821500350191,0.9406832634295431
2768,1384.0,84.06386447249521,-42.84514428519864,0.0869287307499059,-42.75821555444874,0.9433163410238696
2769,1384.5,85.89188818145847,-42.847035136066836,0.08881905284963407,-42.7582160832172,0.945014316720717
2770,1385.0,87.75059591148643,-42.84895769138831,0.09074110467083288,-42.758216586717474,0.945778743453756
2771,1385.5,89.63218172224177,-42.85090387634311,0.09268681424952481,-42.758217062093586,0.9456123247668743
2772,1386.0,91.52928591788483,-42.85286607771412,0.09464857107408206,-42.75821750664004,0.9445188387483454
2773,1386.5,93.43503727385122,-42.854837187692866,0.0966192697510775,-42.758217917941785,0.9425030595621691
2774,1387.0,95.34309120389592,-42.85681064331385,0.09859234947304799,-42.7582182938408,0.9395706774417509
2775,1387.5,97.24766374518222,-42.85878046161352,0.10056182916178286,-42.75821863245174,0.9357282178770382
2776,1388.0,99.1435612577564,-42.860741270342,0.10252233817994608,-42.75821893216205,0.9309829608001627
2777,1388.5,101.0262056821624,-42.86268833410345,0.10446914244946126,-42.75821919165399,0.9253428604508451
2778,1389.0,102.89165516611303,-42.86461757569197,0.10639816578113254,-42.75821940991084,0.9188164668777898
2779,1389.5,104.73661989339178,-42.86652559246878,0.10830600624298953,-42.75821958622579,0.9114128498776675
2780,1390.0,106.55847299200474,-42.86840966764986,0.1101899474401852,-42.758219720209674,0.927651208586126
2781,1390.5,108.35525635953668,-42.87026777635166,0.11204796453887804,-42.75821981181278,0.9447984203965817
2782,1391.0,110.12568136422581,-42.87209858627415,0.11387872499119911,-42.75821986128295,0.9612196091179416
2783,1391.5,111.86912443839608,-42.87390145319485,0.11568158397851015,-42.75821986921634,0.9768647101477784
2784,1392.0,113.58561742652502,-42.87567641097325,0.11745657443053704,-42.758219836542715,0.9916841252315076
2785,1392.5,115.27583262941529,-42.87742415608889,0.1192043915598521,-42.75821976452904,1.0056288882473576
2786,1393.0,116.94106261564663,-42.87914602674706,0.12092637198530751,-42.75821965476175,1.018650837659866
2787,1393.5,118.5831949054023,-42.88084397670896,0.12262446755309576,-42.758219509155865,1.0307027630403827
2788,1394.0,120.20468156900482,-42.8825205438541,0.12430121389921438,-42.75821932995488,1.0417386139657994
2789,1394.5,121.80850382610296,-42.88417881353141,0.1259596938422059,-42.75821911968921,1.0517136984803157
2790,1395.0,123.3981319431924,-42.88582237710893,0.1276034959140005,-42.75821888119493,1.0605848886743137
2791,1395.5,124.97748057904327,-42.88745528577596,0.12923666818353174,-42.758218617592426,1.0683108336664833
2792,1396.0,126.55085958069563,-42.88908199965016,0.13086366737587726,-42.75821833227428,1.0748521780658005
2793,1396.5,128.12292106573076,-42.89070733294206,0.13248930415111296,-42.75821802879094,1.0801717871107095
2794,1397.0,129.69860318635753,-42.89233639590791,0.1341186849518995,-42.75821771095601,1.0842349797220538
2795,1397.5,131.28307042315427,-42.89397453303087,0.13575715026245652,-42.758217382768414,1.0870097651467636
2796,1398.0,132.88165096567036,-42.89562725823798,0.1374102098551176,-42.75821704838286,1.0884670842111055
2797,1398.5,134.49977173301627,-42.89730018767423,0.13908347559644535,-42.75821671207779,1.0885810551261959
2798,1399.0,136.14289153680028,-42.898998970553464,0.14078259233238496,-42.75821637822108,1.087329223812499
2799,1399.5,137.81643292258696,-42.900729218640606,0.14251316740690434,-42.7582160512337,1.0846928189313658
2800,1400.0,139.525713256328,-42.90249643495141,0.144280699399875,-42.75821573555154,1.0806570122662589
2801,1400.5,141.2758756498,-42.90430594228377,0.14609050669847376,-42.7582154355853,1.0752111845840036
2802,1401.0,143.07182034129428,-42.90616281221916,0.1479476565393511,-42.75821515567981,1.0683491987585072
2803,1401.5,144.91813716457622,-42.90807179524795,0.14985689517615694,-42.75821490007179,1.0600696817696211
2804,1402.0,146.81903975462473,-42.91003725268965,0.1518225798430353,-42.75821467284661,1.0503763170991505
2805,1402.5,148.77830214247993,-42.91206309108601,0.1538486131886473,-42.75821447789736,1.0392781511033646
2806,1403.0,150.79919838509377,-42.914152699730366,0.15593838084862865,-42.758214318881734,1.0267899173404873
2807,1403.5,152.88444587685998,-42.91630889200523,0.158094692825197,-42.75821419918004,1.0129323821832745
2808,1404.0,155.03615297879136,-42.918533851187604,0.16031972933155048,-42.75821412185606,0.9977327177700733
2809,1404.5,157.25577156065347,-42.92082908133544,0.16261499171665425,-42.75821408961879,0.9812249093365947
2810,1405.0,159.54405506984514,-42.923195363884155,0.1649812591051236,-42.75821410477903,0.9634502055168896
2811,1405.5,161.90102268086693,-42.92563272055031,0.16741855132491917,-42.75821416922539,0.9444576203567853
2812,1406.0,164.3259299889622,-42.9281403829933,0.16992609860223787,-42.75821428439106,0.9243045004401065
2813,1406.5,166.8172466978001,-42.93071676971826,0.17250231848880007,-42.758214451229456,0.9030571706846842
2814,1407.0,169.37264165336663,-42.93335947058414,0.1751448003857011,-42.75821467019844,0.9087844892580558
2815,1407.5,171.98897558505777,-42.93606523925972,0.17785029803712343,-42.7582149412226,0.9151719503818976
2816,1408.0,174.66230183098588,-42.93882999398545,0.1806147302803613,-42.75821526370509,0.9201098689443842
2817,1408.5,177.38787513123356,-42.94164882665499,0.18343319013874532,-42.75821563651625,0.9235790031604644
2818,1409.0,180.1601685430399,-42.94451602030908,0.18629996231329246,-42.75821605799579,0.9255630475450848
2819,1409.5,182.97289844533714,-42.94742507500565,0.18920854903938814,-42.75821652596626,0.9260487338193185
2820,1410.0,185.81905746389867,-42.950368741876424,0.19215170413401148,-42.75821703774241,0.925025924173801
2821,1410.5,188.69095513884923,-42.95333906519595,0.1951214750491797,-42.75821759014677,0.922487697179942
2822,1411.0,191.58026596932055,-42.95632743213536,0.19810925255394818,-42.75821817958141,0.9184304378009005
2823,1411.5,194.47808387550944,-42.95932462912947,0.20110582705251612,-42.758218802076954,0.9128538641180964
2824,1412.0,197.37498338998674,-42.96232090497378,0.2041014518609131,-42.758219453112865,0.9057610901096086
2825,1412.5,200.26108725647646,-42.96530604105724,0.20708591310952054,-42.758220127947716,0.8971586710184746
2826,1413.0,203.12613867575433,-42.96826942601577,0.2100486044510842,-42.75822082156469,0.8870566277790337
2827,1413.5,205.95957753705207,-42.97120013463139,0.21297860589005752,-42.75822152874133,0.8754684584189667
2828,1414.0,208.75061994897595,-42.97408701011833,0.2158647660239053,-42.758222244094426,0.8624111365298635
2829,1414.5,211.48834015556966,-42.97691874891155,0.21869578675083642,-42.758222962160715,0.8479050974683219
2830,1415.0,214.16175384545085,-42.97968398687631,0.2214603094180858,-42.758223677458226,0.8319742132695366
2831,1415.5,216.7599017718031,-42.98237138587729,0.2241470012916458,-42.758224384585645,0.8146457577915359
2832,1416.0,219.2719326866603,-42.98496971951224,0.226744641316921,-42.75822507819532,0.7959503644075677
2833,1416.5,221.68718488239114,-42.98746795757978,0.2292422044391172,-42.758225753140664,0.7759219776754955
2834,1417.0,223.99526527078825,-42.98985534789489,0.23162894337731765,-42.75822640451757,0.7545978030102813
2835,1417.5,226.18612486751255,-42.992121494397665,0.23389446668140995,-42.75822702771625,0.7320182589435884
2836,1418.0,228.25012996812987,-42.99425643080515,0.23602881233377643,-42.75822761847137,0.7203371919379132
2837,1418.5,230.17812826111123,-42.996250689020975,0.2380225161154018,-42.758228172905575,0.7081412618243542
2838,1419.0,231.96150921452693,-42.99809536161634,0.23986667405052392,-42.75822868756582,0.6950649531181673
2839,1419.5,233.5922581789153,-42.99978215780565,0.24155299835330907,-42.75822915945234,0.6811402736390089
2840,1420.0,235.0630033935176,-43.00130345227497,0.2430738660360422,-42.758229586238926,0.695109686693186
2841,1420.5,236.36705514201765,-43.002652325186475,0.24442235939928028,-42.758229965787194,0.720932030061119
2842,1421.0,237.49843860802565,-43.003822596595455,0.24559230000703908,-42.758230296588415,0.7457146679899177
2843,1421.5,238.4519202332582,-43.00480885340765,0.24657827594325055,-42.7582305774644,0.76939331274557
2844,1422.0,239.2230266954101,-43.005606469246786,0.24737566143639367,-42.75823080781039,0.7919072434328599
2845,1422.5,239.80805681152404,-43.00621161658262,0.24798062916852656,-42.758230987414095,0.813199541406345
2846,1423.0,240.20408676406174,-43.006621272142894,0.24839015567946054,-42.758231116463435,0.8332173370053193
2847,1423.5,240.40896926082752,-43.00683321605071,0.24860202049805388,-42.75823119555265,0.8519120574816191
2848,1424.0,240.42132656281458,-43.00684602456836,0.2486147989324498,-42.75823122563591,0.8692396832996884
2849,1424.5,240.2405379346472,-43.006659057068624,0.2484278490928341,-42.75823120797579,0.885161082570408
2850,1425.0,239.86672253533456,-43.006272438236316,0.24804129419911222,-42.758231144037204,0.8996419940792041
2851,1425.5,239.3007185778313,-43.005687036528485,0.2474560010302349,-42.75823103549825,0.9126532437022028
2852,1426.0,238.54405899621173,-43.00490443898788,0.24667355476211852,-42.75823088422576,0.9241709178966586
2853,1426.5,237.5989442168051,-43.0039269230233,0.24569623081083056,-42.75823069221247,0.934176466647164
2854,1427.0,236.46821268049126,-43.002757425887935,0.2445269643502955,-42.75823046153764,0.942656769628432
2855,1427.5,235.15530975144944,-43.00139951249301,0.2431693181614651,-42.758230194331546,0.9496041646196981
2856,1428.0,233.6642555314877,-42.999857342100135,0.24162744934977162,-42.758229892750364,0.9550164379727544
2857,1428.5,231.99961201280917,-42.998135634316014,0.23990607537847236,-42.75822955893754,0.9588967775359241
2858,1429.0,230.16644953837658,-42.99623963461184,0.23801043938599525,-42.758229195225844,0.9612536908636701
2859,1429.5,228.17031313620512,-42.99417507885748,0.23594627537291657,-42.75822880348456,0.9621008928568886
2860,1430.0,226.0171904365869,-42.99194816075963,0.23371977502581603,-42.75822838573381,0.9614571699936482
2861,1430.5,223.7134803768407,-42.98956549929375,0.2313375553554956,-42.75822794393825,0.9593461918195606
2862,1431.0,221.26596176004293,-42.98703410619889,0.22880662618420336,-42.75822748001469,0.9557962953185684
2863,1431.5,218.68176227511827,-42.98436135398131,0.2261343581099399,-42.758226995871375,0.9508402878342112
2864,1432.0,215.96832806307367,-42.98155494433856,0.2233284510355205,-42.75822649330304,0.9445152194282329
2865,1432.5,213.13339394937313,-42.97862287750243,0.22039690338648005,-42.75822597411595,0.9368621506454777
2866,1433.0,210.18495363346943,-42.9755734215267,0.2173479812846747,-42.75822544024202,0.9279259193686049
2867,1433.5,207.13122976057096,-42.97241508094674,0.21419018760010522,-42.758224893346636,0.9218952198454604
2868,1434.0,203.98064474687607,-42.969156567034204,0.21093223178188583,-42.758224335252315,0.9239588795766867
2869,1434.5,200.7417912804134,-42.96580676720296,0.20758299935376384,-42.7582237678492,0.9251583121781554
2870,1435.0,197.42340210841027,-42.96237471365053,0.20415152067185235,-42.75822319297868,0.9255490607487618
2871,1435.5,194.0343195650705,-42.95886955201096,0.20064693941392572,-42.75822261259703,0.9251892714313532
2872,1436.0,190.5834641960619,-42.95530050886021,0.19707848013464094,-42.75822202872557,0.9241391496943733
2873,1436.5,187.07980247544143,-42.95167685833616,0.193455414882267,-42.75822144345389,0.9224604386357331
2874,1437.0,183.5323136999336,-42.94800788790363,0.18978702896473248,-42.7582208589389,0.9202159202011162
2875,1437.5,179.94995609571328,-42.94430286330039,0.18608258590133944,-42.758220277399055,0.9174689402563208
2876,1438.0,176.34163223618245,-42.94057099276622,0.18235129166199068,-42.75821970110423,0.9142829582670239
2877,1438.5,172.71615393420484,-42.936821390723544,0.17860225836296414,-42.75821913236058,0.9107211221171692
2878,1439.0,169.0822068365055,-42.93306304114604,0.17484446765470252,-42.75821857349134,0.9068458683621461
2879,1439.5,165.44831500910294,-42.929304760913624,0.1710867341003295,-42.758218026813296,0.9027185479824861
2880,1440.0,161.82280585846553,-42.92555516351116,0.16733766890133195,-42.75821749460983,0.898399077495436
2881,1440.5,158.21377578145845,-42.92182262347791,0.16360564437686925,-42.758216979101036,0.893945615109439
2882,1441.0,154.62905697616557,-42.91811524205535,0.15989875964352004,-42.75821648241183,0.8894142614800296
2883,1441.5,151.07618587369944,-42.91444081450979,0.1562248079712596,-42.75821600653853,0.8848587845529207
2884,1442.0,147.5623736667951,-42.91080679962311,0.15259124630767867,-42.75821555331543,0.8803303679631704
2885,1442.5,144.0944794133414,-42.90722029184668,0.14900516746489292,-42.758215124381785,0.8758773824979262
2886,1443.0,140.67898617966802,-42.903687996601846,0.14547327544980168,-42.758214721152044,0.8715451802173737
2887,1443.5,137.3219806156345,-42.9002162091376,0.1420018643431033,-42.758214344794496,0.8673759107484648
2888,1444.0,134.0291364427078,-42.8968107974011,0.1385968012246525,-42.75821399617645,0.8634083597478212
2889,1444.5,130.80570222912493,-42.89347718940842,0.13526351353200472,-42.75821367587642,0.8596778098588063
2890,1445.0,127.65649365711606,-42.8902203652179,0.13200698106410913,-42.75821338415379,0.8572681272224235
2891,1445.5,124.58589050351026,-42.8870448538025,0.12883173285901448,-42.75821312094349,0.8599807724829517
2892,1446.0,121.59783845032058,-42.88395473491755,0.1257418490661582,-42.75821288585139,0.8611734723665069
2893,1446.5,118.69585575620012,-42.88095364600323,0.12274096784518337,-42.758212678158046,0.8608454538415187
2894,1447.0,115.88304471720143,-42.87804479404653,0.11983229721727663,-42.75821249682925,0.8590005781347296
2895,1447.5,113.16210774147648,-42.87523097222195,0.11701863168768815,-42.758212340534264,0.8556473924517879
2896,1448.0,110.53536774424207,-42.872514581008346,0.11430237333575016,-42.7582122076726,0.8507991573816659
2897,1448.5,108.00479252271032,-42.86989765341543,0.11168555702049628,-42.758212096394935,0.8444738492136256
2898,1449.0,105.57202261304334,-42.86738188385567,0.10916987918697119,-42.7582120046687,0.8407461016447119
2899,1449.5,103.23840201582449,-42.86496865990651,0.10675672963881491,-42.75821193026769,0.8552646714353901
2900,1450.0,101.00501136357165,-42.86265909669328,0.10444722583611303,-42.75821187085717,0.880857273187496
2901,1450.5,98.87270278094512,-42.86045407298505,0.10224224894362788,-42.758211824041425,0.9059282950263181
2902,1451.0,96.84213554334553,-42.858354268114994,0.10014248070462872,-42.75821178741037,0.9304221153112281
2903,1451.5,94.91381185252476,-42.85636019902826,0.09814844043572259,-42.75821175859254,0.9542818488706193
2904,1452.0,93.0881119560855,-42.85447225665112,0.09626052134321374,-42.75821173530791,0.9774495334882699
2905,1452.5,91.36532783627824,-42.85269074077917,0.0944790253600028,-42.758211715419165,0.9998663398624194
2906,1453.0,89.7456947171378,-42.851015892706684,0.09280419572647512,-42.75821169698021,1.0214728035091392
2907,1453.5,88.22941968082519,-42.849447924862886,0.09123624658207731,-42.75821167828081,1.0422090769840144
2908,1454.0,86.8167067432783,-42.84798704678151,0.08977538889553706,-42.75821165788597,1.0620152006594725
2909,1454.5,85.50777781420645,-42.846633486808855,0.08842185213916681,-42.758211634669685,1.0808313901281925
2910,1455.0,84.30288905702653,-42.84538750904705,0.0871759012063406,-42.75821160784071,1.0985983381200761
2911,1455.5,83.20234226750775,-42.84424942514009,0.08603784817791893,-42.758211576962175,1.1152575286272237
2912,1456.0,82.20649099931514,-42.84321960061871,0.08500805865654863,-42.75821154196216,1.1307515607428376
2913,1456.5,81.31574126695344,-42.84229845563858,0.08408695249356281,-42.75821150314501,1.1450244844982698
2914,1457.0,80.53054678689357,-42.84148646002885,0.08327499886792655,-42.75821146116092,1.1580221394660852
2915,1457.5,79.85139893818584,-42.840784122916325,0.08257270590471157,-42.758211417011616,1.169692471116517
2916,1458.0,79.2788116329477,-42.84019197705554,0.08198060502997548,-42.75821137202556,1.1799858750336856
2917,1458.5,78.81330135151326,-42.83971055815532,0.0814992303255165,-42.7582113278298,1.1888555281110995
2918,1459.0,78.45536281741614,-42.83934037967972,0.0811290933748684,-42.75821128630485,1.1962577101582765
2919,1459.5,78.20544088387415,-42.83908190374128,0.08087065419168671,-42.758211249549596,1.2021521144685452
2920,1460.0,78.06389924884846,-42.838935508701915,0.08072428886862837,-42.758211219833285,1.2065021443354245
2921,1460.5,78.03098667000675,-42.83890145418566,0.08069025464093292,-42.758211199544725,1.209275192667217
2922,1461.0,78.10680143786679,-42.838979844288254,0.08076865314882366,-42.75821119113943,1.210442902250509
2923,1461.5,78.29125488821389,-42.83917058979277,0.0809593927064413,-42.75821119708633,1.2099814044351822
2924,1462.0,78.5840347576293,-42.83947337022023,0.0812621504085421,-42.75821121981169,1.2078715343797077
2925,1462.5,78.98456918573089,-42.839887596554576,0.08167633490594767,-42.758211261648626,1.2040990214053902
2926,1463.0,79.49199213508406,-42.840412375437374,0.08220105064697902,-42.758211324790395,1.1986546535703329
2927,1463.5,80.1051109523008,-42.841046475567595,0.08283506433304949,-42.75821141123455,1.1915344160527956
2928,1464.0,80.82237683773953,-42.84178829712317,0.08357677438198254,-42.75821152274119,1.1827396037233007
2929,1464.5,81.6418588595614,-42.84263584485947,0.0844241840564765,-42.758211660803,1.1722769088729375
2930,1465.0,82.56122200841887,-42.843586705380574,0.08537487877090479,-42.75821182660967,1.1601584857283187
2931,1465.5,83.57770978238659,-42.844638029109305,0.08642600808274749,-42.75821202102656,1.1464019943338
2932,1466.0,84.68813170667687,-42.845786517349644,0.08757427278698321,-42.758212244562664,1.1310306272507096
2933,1466.5,85.88885610559514,-42.847028414812485,0.08881591744171545,-42.75821249737077,1.1140731236730959
2934,1467.0,87.17580831060505,-42.84835950774977,0.09014672851516911,-42.7582127792346,1.0955637763313768
2935,1467.5,88.54447439312024,-42.84977512781821,0.09156203824569452,-42.758213089572514,1.0755424387204722
2936,1468.0,89.98991043326376,-42.8512701616678,0.09305673422640282,-42.7582134274414,1.0540545402812687
2937,1468.5,91.50675725277374,-42.85283906618785,0.09462527464016379,-42.75821379154768,1.0311511197145555
2938,1469.0,93.08926045954297,-42.85447588925061,0.09626170898725611,-42.75821418026335,1.0068888879230526
2939,1469.5,94.7312955763298,-42.85617429571604,0.09795970407045569,-42.75821459164558,0.981330338627582
2940,1470.0,96.42639796272178,-42.85792759839734,0.09971257493672908,-42.75821502346061,0.9545439208887188
2941,1470.5,98.16779718369762,-42.85972879362712,0.10151332041706367,-42.75821547321006,0.9266042972636207
2942,1471.0,99.94845543515883,-42.86157060102089,0.10335466286152761,-42.75821593815936,0.8975927153165383
2943,1471.5,101.76110960046418,-42.863445506998126,0.10522909162907587,-42.75821641536905,0.867597526636567
2944,1472.0,103.59831648776687,-42.8653458115889,0.10712890986655961,-42.75821690172234,0.8413045774796871
2945,1472.5,105.45250079611188,-42.86726367806831,0.10904628410949084,-42.75821739395882,0.832219407255781
2946,1473.0,107.3160053371223,-42.86919118492038,0.11097329621526579,-42.75821788870512,0.8224666422582122
2947,1473.5,109.18114303108453,-42.87112037963702,0.11290199713125795,-42.75821838250576,0.8120401280581423
2948,1474.0,111.04025017311025,-42.8730433338408,0.1148244619762718,-42.75821887186453,0.8009345492171015
2949,1474.5,112.8857405639184,-42.87495219925054,0.11673284601608228,-42.75821935323445,0.796486754868893
2950,1475.0,114.71016015478709,-42.87683926425233,0.11861944117066701,-42.75821982308167,0.7934638242920975
2951,1475.5,116.50624169205308,-42.87869701042309,0.12047673252097077,-42.75822027790212,0.7899971699905063
2952,1476.0,118.26695891133019,-42.88051816859462,0.12229745435004326,-42.75822071424458,0.7861192845724184
2953,1476.5,119.98557994126391,-42.88229577409952,0.12407464536677454,-42.75822112873274,0.7818664889279714
2954,1477.0,121.65571955526485,-42.88402322082653,0.12580170273834876,-42.75822151808818,0.7772789096000284
2955,1477.5,123.27138992100562,-42.88569431372007,0.12747243456926566,-42.75822187915081,0.7724004012273896
2956,1478.0,124.82704951484222,-42.887303319381516,0.12908111048274779,-42.758222208898765,0.7672784041394888
2957,1478.5,126.31764988486744,-42.88884501444498,0.13062250997746205,-42.75822250446752,0.7619637268076044
2958,1479.0,127.73867995740122,-42.89031473141235,0.13209196824395925,-42.75822276316839,0.7565102428553696
2959,1479.5,129.08620759210194,-42.89170840164251,0.13348541913596867,-42.758222982506545,0.7547613438326728
2960,1480.0,130.35691809953238,-42.89302259519924,0.13479943500062877,-42.75822316019861,0.772944119040741
2961,1480.5,131.5481494422691,-42.89425455726928,0.13603126307923788,-42.75822329419004,0.790469213089802
2962,1481.0,132.65792384651388,-42.8954022408687,0.13717885819617776,-42.75822338267252,0.807317912364389
2963,1481.5,133.6849755533569,-42.89646433555648,0.13824091145593007,-42.75822342410055,0.8234716198930772
2964,1482.0,134.62877445717388,-42.89744029189349,0.13921687468706137,-42.75822341720643,0.8389118384627426
2965,1482.5,135.4895453809586,-42.898330341392715,0.14010698037445232,-42.75822336101826,0.8536201714021752
2966,1483.0,136.26828273456337,-42.8991355116918,0.14091225681708544,-42.758223254874714,0.8675783387908972
2967,1483.5,136.96676028585378,-42.89985763669838,0.14163453823219743,-42.75822309846618,0.8807682071384413
2968,1484.0,137.5875355712487,-42.90049936114834,0.14227646931612886,-42.75822289183221,0.8931718410977116
2969,1484.5,138.13394917275278,-42.901064139773446,0.14284150449671795,-42.75822263527673,0.9047716002257962
2970,1485.0,138.61011906963188,-42.90155623158737,0.14333390209248345,-42.758222329494885,0.9155500919348578
2971,1485.5,139.0209292995294,-42.90198068816379,0.14375871258731565,-42.758221975576475,0.9254902780542634
2972,1486.0,139.3720126557084,-42.90234333571324,0.14412176073804686,-42.758221574975195,0.9345755585981496
2973,1486.5,139.66972752173461,-42.90265075117228,0.14442962161966866,-42.75822112955261,0.9427898341922528
2974,1487.0,139.92112872663554,-42.90291023201819,0.14468959048724533,-42.75822064153095,0.9501175989025253
2975,1487.5,140.1339325540949,-42.90312976010714,0.14490964659263433,-42.758220113514504,0.956544042945503
2976,1488.0,140.31647593277742,-42.903317959478876,0.14509841098403178,-42.75821954849484,0.9620551203407284
2977,1488.5,140.47766970854937,-42.90348404802099,0.14526509818572741,-42.75821894983527,0.9666376330559021
2978,1489.0,140.6269461887382,-42.90363778321449,0.14541946195469113,-42.758218321259804,0.9702793143110672
2979,1489.5,140.7742011425562,-42.90378940214313,0.14557173530439207,-42.75821766683874,0.9729689101536908
2980,1490.0,140.92973048365272,-42.90394955599995,0.1457325650295151,-42.75821699097044,0.9746962584919506
2981,1490.5,141.10416190543157,-42.90412923937689,0.14591294101143415,-42.75821629836546,0.9754523648487465
2982,1491.0,141.30838177903294,-42.90433971463334,0.1461241206249039,-42.75821559400843,0.9752294742137263
2983,1491.5,141.55345777352773,-42.90459243185636,0.14637754872117792,-42.75821488313518,0.9740211383023157
2984,1492.0,141.85055762579046,-42.90489894483762,0.1466847736295883,-42.75821417120803,0.9718222777291972
2985,1492.5,142.2108644306415,-42.90527082344372,0.14705735956080612,-42.75821346388292,0.9686292387992935
2986,1493.0,142.64548909252295,-42.905719563020526,0.1475067960749022,-42.758212766945626,0.9644398444369663
2987,1493.5,143.16538053944086,-42.90625649153913,0.14804440523541243,-42.75821208630372,0.9592534388191822
2988,1494.0,143.78123420216417,-42.90689267490315,0.14868124696954108,-42.75821142793361,0.9530709258255312
2989,1494.5,144.50339940816443,-42.907638821143166,0.14942802330611893,-42.758210797837044,0.9505525094725581
2990,1495.0,145.3417863790878,-42.908505184199875,0.1502949822035828,-42.75821020199629,0.9657825728508631
2991,1495.5,146.30577352103563,-42.909501468008855,0.15129182168074212,-42.75820964632811,0.9795444879677193
2992,1496.0,147.40411571512513,-42.91063673161884,0.15242759498191488,-42.75820913663692,0.9918130729876167
2993,1496.5,148.64485432903558,-42.911919296089216,0.1537106175216998,-42.75820867856751,1.002568161419689
2994,1497.0,150.03522967747364,-42.913356653920594,0.1551483763621255,-42.75820827755847,1.0117944208669465
2995,1497.5,151.58159663855614,-42.91495538175154,0.15674744295327028,-42.75820793879827,1.0194811826694279
2996,1498.0,153.28934419932622,-42.91672105709945,0.15851338993691821,-42.75820766716253,1.025622276768527
2997,1498.5,155.16281967765184,-42.91865817997186,0.16045071278596715,-42.75820746718589,1.0302158685780356
2998,1499.0,157.20525826513347,-42.92077009996151,0.16256275694618416,-42.75820734301532,1.0332642941796792
2999,1499.5,159.41871859370562,-42.923058949560655,0.16485165120693995,-42.75820729835372,1.0347738923444618
3000,1500.0,161.80402503876425,-42.92552558447071,0.1673182480380476,-42.75820733643266,1.0347548327325011
3001,1500.5,164.36071727766887,-42.92816953142444,0.16996207142923644,-42.7582074599952,1.0332209504620793
3002,1501.0,167.0870077891897,-42.93098894411767,0.17278127294119597,-42.75820767117648,1.0301896154259407
3003,1501.5,169.97974812148257,-42.93398056836292,0.17577259682397506,-42.758207971538944,1.0256814333274082
3004,1502.0,173.034404237571,-42.93713971655967,0.17893135452224726,-42.75820836203742,1.0197201092513484
3005,1502.5,176.24504125982895,-42.94046025188304,0.18225140889989078,-42.75820884298315,1.0123322821186211
3006,1503.0,179.6043181167059,-42.943934582731266,0.18572516870427608,-42.75820941402699,1.0035473504407981
3007,1503.5,183.10349240494827,-42.94755366773039,0.18934359359418984,-42.7582100741362,0.9933973051105022
3008,1504.0,186.73243578554084,-42.95130703163598,0.19309621006046473,-42.75821082157551,0.9819165703179353
3009,1504.5,190.47966018397778,-42.9551827924248,0.19697113851914605,-42.758211653905654,0.9691418630841396
3010,1505.0,194.33235478836406,-42.95916769956571,0.20095513157047537,-42.75821256799524,0.9551120698153981
3011,1505.5,198.27643378627195,-42.96324718338132,0.20503362336260172,-42.75821356001872,0.9399213674477463
3012,1506.0,202.29659478575175,-42.9674054154729,0.2091907900035595,-42.75821462546934,0.9383234299197684
3013,1506.5,206.376387681554,-42.97162537998419,0.2134096207744267,-42.75821575920976,0.9349120967912974
3014,1507.0,210.49829353534955,-42.97588895515445,0.21767199969775455,-42.758216955456696,0.9296852325651042
3015,1507.5,214.64381311601878,-42.98017700490631,0.22195879709527802,-42.75821820781103,0.922646440159482
3016,1508.0,218.7935651834535,-42.984469480481934,0.22624997122119425,-42.75821950926074,0.9138050431125584
3017,1508.5,222.9273936934582,-42.988745531446234,0.2305246791205683,-42.758220852325664,0.9031760305900053
3018,1509.0,227.02448267565467,-42.99298362448508,0.23476139542223548,-42.758222229062845,0.8907799637630474
3019,1509.5,231.06347820481338,-42.99716166959119,0.23893803846687195,-42.758223631124324,0.8766428469229817
3020,1510.0,235.02261665729583,-43.00125715275407,0.2430321029343704,-42.7582250498197,0.860795966109065
3021,1510.5,238.87985819822757,-43.00524727412305,0.24702079788020784,-42.75822647624284,0.8432756985294168
3022,1511.0,242.61302431073602,-43.00910909014264,0.2508811889516307,-42.758227901191006,0.8241232963632478
3023,1511.5,246.19993897780517,-43.01281965971883,0.25459034438093603,-42.75822931533789,0.8033846468729673
3024,1512.0,249.61857222168524,-43.01635619275771,0.25812548341665287,-42.758230709341056,0.7811099573796602
3025,1512.5,252.84718437488678,-43.01969619934538,0.2614641255112399,-42.758232073834144,0.7573535825044074
3026,1513.0,255.8644703370163,-43.02281763905355,0.26458423949414206,-42.75823339955941,0.732173756067107
3027,1513.5,258.6497025340025,-43.02569906882652,0.26746439140301603,-42.7582346774235,0.7056323096139989
3028,1514.0,261.18287135170766,-43.02831978832415,0.27008388970326846,-42.75823589862088,0.677794427319476
3029,1514.5,263.4448218787438,-43.030659981269174,0.2724229266910181,-42.75823705457815,0.6487284285059195
3030,1515.0,265.41738633357517,-43.03270085253149,0.27446271543326617,-42.758238137098225,0.6185055901782727
3031,1515.5,267.08351127225956,-43.034424759724395,0.2761856213108325,-42.758239138413565,0.5872000324718691
3032,1516.0,268.42737801878144,-43.03581533792639,0.27757528655291014,-42.75824005137348,0.5548886977922498
3033,1516.5,269.434514830761,-43.03685761547704,0.27861674622534205,-42.7582408692517,0.5216514709511406
3034,1517.0,270.0919017261757,-43.03753812245394,0.27929653662979964,-42.75824158582414,0.487571505403179
3035,1517.5,270.38806726095396,-43.037844990967926,0.2796027953795216,-42.7582421955884,0.4527358712336879
3036,1518.0,270.3131750180027,-43.03776804454293,0.27952535083585683,-42.758242693707075,0.42223124988294897
3037,1518.5,269.85909983175156,-43.03729887697105,0.2790558009305137,-42.758243076040536,0.40017703673880195
3038,1519.0,269.01949277768915,-43.036430919721234,0.2781875803699161,-42.75824333935132,0.37813260683916583
3039,1519.5,267.78983531569753,-43.03515949739386,0.2769160166237234,-42.75824348077014,0.36245522349420894
3040,1520.0,266.1674832717914,-43.03348187375567,0.27523837540545154,-42.75824349835022,0.3764924310580776
3041,1520.5,264.1516992576991,-43.03139728509396,0.2731538941969017,-42.75824339089706,0.3911552623484695
3042,1521.0,261.74367304583535,-43.028906961300635,0.2706638033175048,-42.75824315798313,0.40629087539739445
3043,1521.5,258.9465301968518,-43.02601413480515,0.2677713348458957,-42.758242799959255,0.4217627050828437
3044,1522.0,255.76532907000504,-43.02272403735889,0.2644817195283957,-42.758242317830494,0.43744936775181087
3045,1522.5,252.2070467689489,-43.0190438856032,0.26080217224584284,-42.75824171335736,0.4532433220345503
3046,1523.0,248.28055394798247,-43.01498285498107,0.25674186596124526,-42.758240989019825,0.46904937752487624
3047,1523.5,243.9965783950254,-43.01055204204669,0.25231189406167803,-42.75824014798501,0.4847832280379975
3048,1524.0,239.36765737755812,-43.005764415393486,0.24752522108018962,-42.7582391943133,0.5043381086147979
3049,1524.5,234.40807924404857,-43.00063475457879,0.24239662230702672,-42.758238132271764,0.5274141597563922
3050,1525.0,229.13381651843025,-42.99517958150792,0.23694261460399577,-42.75823696690392,0.5499895671912124
3051,1525.5,223.56245000095166,-42.989417081751405,0.2311813779186968,-42.75823570383271,0.5720435035209537
3052,1526.0,217.71308313857554,-42.98336701595934,0.2251326667366968,-42.75823434922264,0.593557377863046
3053,1526.5,211.6062479175932,-42.97705062252797,0.21881771276699788,-42.75823290976097,0.614514569606945
3054,1527.0,205.2638027799107,-42.97049051193538,0.2122591193793474,-42.758231392556034,0.6349002209879727
3055,1527.5,198.70882339759314,-42.963710553808404,0.205480748656418,-42.758229805151984,0.6547010729408239
3056,1528.0,191.96548683921168,-42.95673575708788,0.1985076016125852,-42.758228155475294,0.673905332274991
3057,1528.5,185.05894962386998,-42.94959214388055,0.19136569209207918,-42.758226451788474,0.6925025617939717
3058,1529.0,178.01522041967542,-42.9423066177752,0.18408191512906535,-42.75822470264614,0.7104835875762464
3059,1529.5,170.86102807450135,-42.934906827331055,0.17668391048094267,-42.758222916850116,0.727840419116922
3060,1530.0,163.62368568071068,-42.92742102546398,0.1691999220604418,-42.758221103403535,0.7445661791782128
3061,1530.5,156.3309513916692,-42.9198779254732,0.16165865400881524,-42.758219271464384,0.7606550410213604
3062,1531.0,149.0108867218604,-42.91230655446432,0.154089124166871,-42.75821743029745,0.7761021712958261
3063,1531.5,141.69171308201078,-42.90473610494685,0.1465205157208666,-42.75821558922598,0.7923798032117312
3064,1532.0,134.40166730766202,-42.8971957853909,0.13898202780754687,-42.75821375758335,0.81620167729912
3065,1532.5,127.16885694674275,-42.88971467053321,0.13150272586996825,-42.75821194466324,0.8391651523892228
3066,1533.0,120.02111607461971,-42.88232155223443,0.12411139255877866,-42.75821015967565,0.8612076716248519
3067,1533.5,112.9858624252639,-42.87504479167266,0.11683637999446522,-42.75820841167819,0.8822701184532463
3068,1534.0,106.08995668128776,-42.86791217380555,0.1097054642620465,-42.7582067095435,0.902296580434457
3069,1534.5,99.35956468209527,-42.86095076482761,0.10274570292332584,-42.75820506190428,0.9212341909203033
3070,1535.0,92.82002329904391,-42.85418677342367,0.09598329632112713,-42.75820347710254,0.9390330333943796
3071,1535.5,86.49571078782648,-42.8476454166535,0.08944345351333238,-42.758201963140166,0.9556460960821154
3072,1536.0,80.40992238966636,-42.84135079126519,0.08315026363461042,-42.758200527630585,0.9710292666056514
3073,1536.5,74.58475193514953,-42.835325751217184,0.0771265734653501,-42.758199177751834,0.9851413581171821
3074,1537.0,69.04098018189136,-42.82959179216518,0.07139387196391496,-42.75819792020127,0.9979441596337919
3075,1537.5,63.79797058792733,-42.82416894364099,0.06597218248802851,-42.758196761152966,1.0094025043106798
3076,1538.0,58.87357318616847,-42.81907566960998,0.06087996339330568,-42.758195706216675,1.0194843502093447
3077,1538.5,54.284037188856594,-42.81432877806007,0.05613401765929935,-42.75819476040078,1.028160868756307
3078,1539.0,50.0439328969428,-42.80994334021679,0.05174941213757851,-42.75819392807921,1.035406536674925
3079,1539.5,46.166083429010335,-42.80593261991558,0.047739406953997386,-42.75819321296159,1.0411992277061368
3080,1540.0,42.6615067282487,-42.80230801360725,0.044115395539288046,-42.758192618067966,1.0455203008096188
3081,1540.5,39.539368235553276,-42.79907900139799,0.0408868556892763,-42.75819214570872,1.0483546820018996
3082,1541.0,36.806944541616616,-42.79625310944751,0.03806131197824932,-42.758191797469266,1.0496909373961627
3083,1541.5,34.469598251412684,-42.79383588396739,0.03564430976683054,-42.75819157420056,1.0495213354147248
3084,1542.0,32.53076420962092,-42.791830876973975,0.03363940095797115,-42.758191476016,1.0478418949777413
3085,1542.5,30.99194713189974,-42.79023964384231,0.03204814154749819,-42.758191502294814,1.0446523990101548
3086,1543.0,29.85273063913007,-42.78906175264758,0.030870100966241917,-42.75819165168134,1.0399564517458504
3087,1543.5,29.11079759551821,-42.78829480522001,0.03010288311125387,-42.75819192210876,1.0337614811166778
3088,1544.0,28.761961514541923,-42.78793446963461,0.029742158822056323,-42.758192310812554,1.026078723578356
3089,1544.5,28.80020874960132,-42.787974523867,0.029781709509135366,-42.75819281435786,1.0169232026532864
3090,1545.0,29.217751095845667,-42.78840691021755,0.030213481548419078,-42.75819342866913,1.0063136947906035
3091,1545.5,30.005088339012048,-42.789221800026944,0.03102765096175811,-42.75819414906518,0.994272684273308
3092,1546.0,31.151080221197553,-42.790407668134165,0.03221269783526553,-42.7581949702989,0.9808263094964014
3093,1546.5,32.64302722184321,-42.791951376454065,0.033755489853287614,-42.75819588660078,0.9660043035811391
3094,1547.0,34.4667594907633,-42.793838265988384,0.035641374262238866,-42.75819689172614,0.9498399330052153
3095,1547.5,36.606733216786616,-42.79605225652848,0.03785427752345188,-42.75819797900503,0.933580655197073
3096,1548.0,39.04613367108933,-42.79857595326264,0.040376811868189984,-42.75819914139445,0.9285901462801731
3097,1548.5,41.7669841290474,-42.801390759463715,0.04319038793151719,-42.7582003715322,0.9230908224729688
3098,1549.0,44.75025984867924,-42.80447699440667,0.046275332615085235,-42.75820166179159,0.9170871775471213
3099,1549.5,47.97600626755617,-42.80781401564875,0.04961101131215219,-42.7582030043366,0.9105834057991197
3100,1550.0,51.42346057330657,-42.81138034479785,0.05317595362116575,-42.75820439117668,0.9035833920644752
3101,1550.5,55.07117580521992,-42.81515379589736,0.0569479816767053,-42.75820581422065,0.8960907047934074
3102,1551.0,58.89714665549091,-42.81911160556728,0.060904340237987166,-42.75820726532929,0.888108592313704
3103,1551.5,62.87893615769684,-42.82323056406081,0.06502182769483983,-42.758208736365965,0.8796399823940155
3104,1552.0,66.9938024764056,-42.827487146423216,0.0692769271782561,-42.75821021924496,0.8706874852091863
3105,1552.5,71.21882504448907,-42.83185764297357,0.07364593699642087,-42.758211705977146,0.8612533997983859
3106,1553.0,75.53102933281062,-42.83631828836929,0.07810509965650464,-42.75821318871279,0.8513397240977525
3107,1553.5,79.90750957944583,-42.84084538855747,0.08263072877645203,-42.75821465978102,0.8409481686227703
3108,1554.0,84.32554885144881,-42.845415444964594,0.08719933323840982,-42.758216111726185,0.8300801738725058
3109,1554.5,88.76273586034365,-42.85000527532596,0.0917877379852485,-42.75821753734071,0.8187369315293331
3110,1555.0,93.19707800199649,-42.85459213060754,0.09637320091279238,-42.75821892969475,0.8069194095344969
3111,1555.5,97.60711014133746,-42.85915380752415,0.10093352536188589,-42.75822028216226,0.7946283811338299
3112,1556.0,101.97199871166738,-42.863668756209535,0.1054471677653671,-42.758221588444165,0.7818644580101023
3113,1556.5,106.27164074619267,-42.868116182642865,0.10989334005456179,-42.7582228425883,0.7686281276515416
3114,1557.0,110.48675750173649,-42.8724761454816,0.11425210647365702,-42.75822403900794,0.7549197951583998
3115,1557.5,114.59898238371234,-42.87672964699362,0.11850447450112622,-42.75822517249249,0.7407398297551356
3116,1558.0,118.59094292809401,-42.88085871784898,0.12263247962561513,-42.758226238223365,0.7260886162737147
3117,1558.5,122.44633661744625,-42.884846495528855,0.12661926374575563,-42.7582272317831,0.7109666121197363
3118,1559.0,126.150000341996,-42.88867729616205,0.13044914699844526,-42.75822814916361,0.695374410297756
3119,1559.5,129.68797334549757,-42.89233667963024,0.1341076928498848,-42.75822898678035,0.6793128092271048
3120,1560.0,133.04755345045186,-42.89581150770953,0.13758176623693288,-42.7582297414726,0.6627828896535581
3121,1560.5,136.21734660033266,-42.89908999528254,0.1408595847977134,-42.75823041048482,0.6457861012711207
3122,1561.0,139.187309678066,-42.90216175465263,0.14393076314933337,-42.7582309915033,0.6283243612889866
3123,1561.5,141.94878637254072,-42.90501783262444,0.14678634997671125,-42.75823148264773,0.6104001652234555
3124,1562.0,144.49453605884062,-42.907650740371515,0.14941885789703682,-42.758231882474476,0.5920167137221248
3125,1562.5,146.8187556234624,-42.910054476018324,0.15182228602878511,-42.75823218998954,0.5731780595071656
3126,1563.0,148.91709422975075,-42.91222453987846,0.15399213526035183,-42.758232404618106,0.5538892798947592
3127,1563.5,150.7866610434561,-42.91415794248354,0.15592541623889555,-42.75823252624465,0.5592878878566083
3128,1564.0,152.4260253011219,-42.91585320477821,0.15762064944105553,-42.75823255533715,0.5804883724124686
3129,1564.5,153.8352094281332,-42.91731035056167,0.15907785805646585,-42.75823249250521,0.6021573263386347
3130,1565.0,155.01567590400458,-42.918530893377856,0.16029855440541718,-42.75823233897244,0.6241743712240849
3131,1565.5,155.97030671406836,-42.919517815102424,0.16128571869026576,-42.75823209641216,0.6464254282061427
3132,1566.0,156.7033752045157,-42.92027553684706,0.16204376989130456,-42.75823176695575,0.668802188513915
3133,1566.5,157.22051076570492,-42.920809882424585,0.1625785292464913,-42.7582313531781,0.6912015460615745
3134,1567.0,157.52865639178125,-42.92112803447485,0.1628971763647155,-42.75823085811013,0.7135250396486549
3135,1567.5,157.6360191403892,-42.92123848322805,0.1630081979971955,-42.75823028523086,0.7356783340673659
3136,1568.0,157.55201357212118,-42.92115096801338,0.16292132954936372,-42.758229638464016,0.7575707575909958
3137,1568.5,157.2871982766771,-42.92087641161335,0.16264748944386098,-42.75822892216949,0.7791149046488628
3138,1569.0,156.85320568684986,-42.920426847667805,0.1621987065426075,-42.7582281411252,0.8002263068929033
3139,1569.5,156.26266539453684,-42.91981534137401,0.16158804084945175,-42.75822730052456,0.8208231722162571
3140,1570.0,155.52912115880815,-42.91905590365189,0.16082949768990346,-42.758226405961985,0.8408261888357453
3141,1570.5,154.66694174192395,-42.91816339897656,0.1599379355084746,-42.75822546346809,0.8601583906333687
3142,1571.0,153.69122605434296,-42.917153447062546,0.15892896778106375,-42.75822447928148,0.878745079240383
3143,1571.5,152.6177036599093,-42.91604232013474,0.15781886012939553,-42.75822346000535,0.8965137949147316
3144,1572.0,151.46263075782232,-42.914846835303116,0.15662442275809332,-42.758222412545024,0.9133943355981483
3145,1572.5,150.24268173197288,-42.91358424235674,0.155362898308056,-42.758221344048685,0.9293188168407668
3146,1573.0,148.97483718345225,-42.91227210793577,0.15405184607315495,-42.75822026186262,0.9442217671729364
3147,1573.5,147.67626920098593,-42.91092819684262,0.15270902336072542,-42.75821917348189,0.9580402542974843
3148,1574.0,146.36422464457993,-42.909570351294235,0.15135226479756164,-42.758218086496676,0.9707140372609914
3149,1574.5,145.0559072793996,-42.90821636898146,0.14999936044696047,-42.7582170085345,0.9821857398853927
3150,1575.0,143.76835962598463,-42.906883880853414,0.1486679336324342,-42.75821594722098,0.9924010408459796
3151,1575.5,142.51834509529667,-42.905590229182174,0.14737531905596302,-42.75821491012621,1.0013088745167646
3152,1576.0,141.3222321680928,-42.90435234754754,0.14613844303024323,-42.75821390451729,1.0088616402190131
3153,1576.5,140.19588180313065,-42.903186644586356,0.14497370704980433,-42.75821293753655,1.0150154185298996
3154,1577.0,139.15453814642348,-42.90210889081521,0.14389687477567498,-42.75821201603953,1.019730184933517
3155,1577.5,138.2127237287788,-42.901134110190526,0.1429229636612912,-42.758211146529234,1.0229700189172402
3156,1578.0,137.3841403095584,-42.9002764775096,0.14206614241704765,-42.75821033509255,1.0247033051328802
3157,1578.5,136.68157631315233,-42.899549222632146,0.14133963529223964,-42.758209587339906,1.0263966720258566
3158,1579.0,136.1168217509737,-42.89896454244713,0.14075563409763042,-42.7582089083495,1.0382629276699966
3159,1579.5,135.70059144193664,-42.89853352143231,0.14032521880931026,-42.758208302623004,1.0488593605760563
3160,1580.0,135.44245724539178,-42.89826606152008,0.14005828749215518,-42.75820777402793,1.0581739630584164
3161,1580.5,135.35079000907848,-42.89817082204242,0.13996349626938578,-42.75820732577303,1.0661973393199613
3162,1581.0,135.432711704203,-42.89825517020521,0.14004820982642652,-42.758206960378786,1.0729225926683155
3163,1581.5,135.6940581917749,-42.898525142548394,0.14031846290833194,-42.75820667964006,1.0783451990296236
3164,1582.0,136.13935294395796,-42.89898541778566,0.14077893314557083,-42.75820648464009,1.0824628679943296
3165,1582.5,136.7717917358623,-42.8996393009641,0.14143292522412007,-42.758206375739974,1.0852753921286857
3166,1583.0,137.59323831875088,-42.90048871900756,0.14228236641121556,-42.758206352596346,1.0867844870059735
3167,1583.5,138.6042307538841,-42.90153422729536,0.14332781310505205,-42.758206414190305,1.0869936229721602
3168,1584.0,139.80399852585765,-42.90277502728173,0.14456846853133723,-42.75820655875039,1.0859078537000995
3169,1584.5,141.190490114396,-42.9042089951779,0.14600221125472218,-42.75820678392318,1.0835336479881088
3170,1585.0,142.76040999909526,-42.905832720206476,0.14762563344465252,-42.75820708676182,1.0798787245767774
3171,1585.5,144.50926451777124,-42.90764155208146,0.14943408829655244,-42.758207463784906,1.074951893683835
3172,1586.0,146.43141596286245,-42.90962965697,0.15142174597181368,-42.75820791099818,1.0687629100211138
3173,1586.5,148.52014415762997,-42.911790081259156,0.1535816572724902,-42.758208423986666,1.0613223407546464
3174,1587.0,150.7677145593386,-42.914114822030434,0.15590582406541123,-42.75820899796502,1.0526414525235144
3175,1587.5,153.1654519125782,-42.91659490328699,0.1583852754455813,-42.75820962784141,1.0427321209368257
3176,1588.0,155.7038185209817,-42.91922045695763,0.16101014867537028,-42.75821030828226,1.0316067655928758
3177,1588.5,158.3724961568681,-42.92198080766234,0.16376977388560748,-42.75821103377673,1.0192783133492083
3178,1589.0,161.16047063293954,-42.92486456022929,0.16665276152945202,-42.75821179869983,1.0057601921487243
3179,1589.5,164.05611807982794,-42.927859688974486,0.16964709160024685,-42.75821259737424,0.9910663572707847
3180,1590.0,167.04729199795435,-42.9309536277773,0.17274020365007448,-42.75821342412723,0.9752113514029854
3181,1590.5,170.12141023773478,-42.93413336007394,0.1759190867342168,-42.758214273339725,0.9582103996966057
3182,1591.0,173.265541104441,-42.93738550795209,0.17917036845043866,-42.75821513950165,0.9400795407385952
3183,1591.5,176.46648782015853,-42.9406964195323,0.18248040227937884,-42.75821601725292,0.9208357939907744
3184,1592.0,179.71087068212327,-42.94405225396544,0.1858353525428136,-42.75821690142262,0.9004973645782923
3185,1592.5,182.98520633378132,-42.94743906343776,0.1892212763762454,-42.75821778706152,0.8790838866443679
3186,1593.0,186.2759836475244,-42.95084287166721,0.19262420219769472,-42.75821866946952,0.8754470272469034
3187,1593.5,189.56973577213358,-42.95424974844924,0.1960302042104949,-42.75821954423875,0.8806885298143459
3188,1594.0,192.85310784221403,-42.95764587965481,0.19942547242024003,-42.758220407234575,0.8845964513417212
3189,1594.5,196.11292052598492,-42.96101763292744,0.20279637834826053,-42.758221254579176,0.8871629947151125
3190,1595.0,199.33622924179156,-42.96435161900387,0.206129536266213,-42.75822208273766,0.8883838904793527
3191,1595.5,202.51037832333117,-42.96763474776778,0.20941185920723718,-42.758222888560546,0.8882583536798628
3192,1596.0,205.62305008049066,-42.970854278787726,0.21263060969876954,-42.758223669088956,0.8867890126959301
3193,1596.5,208.66230957051323,-42.9739978677544,0.21577344605949517,-42.758224421694905,0.8839818196959821
3194,1597.0,211.61664497290118,-42.97705360822337,0.21882846415021268,-42.75822514407316,0.8798459391798406
3195,1597.5,214.47500299268737,-42.98001006819566,0.22178423398363645,-42.75822583421203,0.8743936127646245
3196,1598.0,217.22681972453577,-42.982856322024084,0.22462983164033476,-42.75822649038375,0.8676400042671226
3197,1598.5,219.8620471513788,-42.98558197780418,0.2273548666704309,-42.75822711113375,0.8596030271842788
3198,1599.0,222.37117539473104,-42.98817720041464,0.22994950510219986,-42.75822769531244,0.8503031565164044
3199,1599.5,224.7452494779229,-42.99063272906012,0.23240448677658668,-42.75822824228353,0.8397632216305895
3200,1600.0,226.97588305518738,-42.992939890533286,0.23471113954417588,-42.75822875098911,0.8280082065454083
3201,1600.5,229.05527085512884,-42.99509061304954,0.23686139213272886,-42.75822922091681,0.815065032864955
3202,1601.0,230.97619702185747,-42.997077434561355,0.23884778277258145,-42.758229651788774,0.8009623376792577
3203,1601.5,232.73203939696373,-42.99889350714972,0.24066346362454644,-42.75823004352517,0.7857302545125906
3204,1602.0,234.31677073955544,-43.00053259827234,0.24230220204152897,-42.758230396230815,0.7694001982623606
3205,1602.5,235.72495713383103,-43.00198908910548,0.24375837892183067,-42.758230710183646,0.7520046577553645
3206,1603.0,236.95175367710303,-43.00325797013099,0.2450269842502224,-42.758230985880765,0.7335769921259456
3207,1603.5,237.9928975028882,-43.00433483374788,0.2461036098832638,-42.75823122386462,0.7224143850781694
3208,1604.0,238.8446990139285,-43.00521586536122,0.24698444048354878,-42.75823142487767,0.7151042407573719
3209,1604.5,239.5040313380165,-43.005897832312485,0.24766624261618936,-42.758231589696294,0.70672310490216
3210,1605.0,239.96831787132663,-43.00637807112834,0.24814635186762796,-42.75823171926071,0.6972793900099753
3211,1605.5,240.2355185985253,-43.00665447324066,0.2484226586995418,-42.75823181454112,0.6867849838836907
3212,1606.0,240.3041151751533,-43.0067254696387,0.2484935930228385,-42.758231876615866,0.6752554682164629
3213,1606.5,240.1730948119099,-43.00659001415209,0.24835810753272203,-42.758231906619365,0.6627104159873262
3214,1607.0,239.84193329514105,-43.00624756587708,0.2480156601505255,-42.758231905726554,0.6491737851338173
3215,1607.5,239.310577424297,-43.005698071004176,0.24746619586264357,-42.75823187514153,0.6346743912355954
3216,1608.0,238.57942714460913,-43.00494194430842,0.24671012824429725,-42.758231816064125,0.6258829047251449
3217,1608.5,237.64931765540115,-43.003980050647705,0.24574832095810298,-42.758231729689605,0.6322187119867254
3218,1609.0,236.52150170415786,-43.00281368663141,0.24458206944472943,-42.75823161718668,0.6381853935400981
3219,1609.5,235.1976323096175,-43.001444562738264,0.2432130830571991,-42.758231479681065,0.6437774159503518
3220,1610.0,233.67974616778335,-42.999874786142584,0.24164346790138283,-42.7582313182412,0.6489937465097083
3221,1610.5,231.97024780373496,-42.99810684435252,0.23987571044771036,-42.75823113390481,0.6538375213582848
3222,1611.0,230.07189497600456,-42.99614358995776,0.23791266243813317,-42.75823092751963,0.6583157299501047
3223,1611.5,227.9877857411013,-42.99398822739656,0.23575752750981238,-42.758230699886745,0.6624389142147274
3224,1612.0,225.72134692619255,-42.991644300989016,0.2334138492749532,-42.75823045171406,0.6698626093889686
3225,1612.5,223.27632411428132,-42.98911568451729,0.23088550096468072,-42.758230183552605,0.6807583689423585
3226,1613.0,220.65677359922398,-42.9864065729422,0.22817667710988754,-42.758229895832315,0.6907071473534118
3227,1613.5,217.86705637473813,-42.983521476173344,0.2252918873253892,-42.75822958884795,0.6997190046945313
3228,1614.0,214.91183405803125,-42.98046521485961,0.22223595209463165,-42.758229262764985,0.7078055412546154
3229,1614.5,211.79606682417648,-42.977242918239796,0.21901400063367119,-42.758228917606125,0.7161654487139393
3230,1615.0,208.52501340345816,-42.973860024139924,0.2156314708884295,-42.75822855325149,0.7442035310316528
3231,1615.5,205.10423312342633,-42.97032228109952,0.21209411164634076,-42.758228169453176,0.7711935795274576
3232,1616.0,201.53958984384343,-42.96663575244824,0.20840798660539991,-42.75822776584284,0.7970802137070099
3233,1616.5,197.8372576247884,-42.962806822184405,0.20457948023543354,-42.758227341948974,0.821814322996219
3234,1617.0,194.00372787877768,-42.95884220238382,0.2006153051739628,-42.75822689720986,0.8453526934624596
3235,1617.5,190.04581785613036,-42.95474894197882,0.19652251100074664,-42.75822643097808,0.8676577335236692
3236,1618.0,185.9706799586842,-42.95053443654463,0.19230849386890586,-42.75822594267572,0.8886972754579138
3237,1618.5,181.78581126405615,-42.94620643789089,0.18798100635376722,-42.75822543153713,0.9084444172294315
3238,1619.0,177.49906379801462,-42.94177306493063,0.18354816807531416,-42.75822489685532,0.926877374486736
3239,1619.5,173.11865494191107,-42.937242814436324,0.17901847646030025,-42.758224337976024,0.94397938172246
3240,1620.0,168.65317678059938,-42.932624570726844,0.17440081640874197,-42.7582237543181,0.9597385900445582
3241,1620.5,164.11160423793646,-42.927927614114886,0.16970446870667455,-42.75822314540821,0.9741479654188573
3242,1621.0,159.50330149538004,-42.923161627579695,0.16493911666349304,-42.758222510916205,0.9872051827930222
3243,1621.5,154.83802616451504,-42.918336701118044,0.16011485042667695,-42.75822185069136,0.9989125124935163
3244,1622.0,150.1259305392924,-42.913463333117264,0.15524216827670498,-42.758221164840556,1.009276693934652
3245,1622.5,145.3775595680454,-42.9085524281638,0.1503319745299584,-42.75822045363385,1.0183087954117251
3246,1623.0,140.60384529326032,-42.90361529144634,0.14539557378900092,-42.75821971765734,1.026024063093694
3247,1623.5,135.8160970475256,-42.89866361860707,0.1404446608044095,-42.758218957802654,1.0324417529790384
3248,1624.0,131.02598690258046,-42.89370948071892,0.1354913054279318,-42.758218175290985,1.037584946655591
3249,1624.5,126.24553011666846,-42.8887653040863,0.13054793239349236,-42.75821737169281,1.041480351544897
3250,1625.0,121.48706029050736,-42.88384384457082,0.12562729562648706,-42.75821654894433,1.044158086164901
3251,1625.5,116.76319902080242,-42.87895815621362,0.12074244686309901,-42.75821570935052,1.0456514512771145
3252,1626.0,112.0868199489381,-42.87412155406618,0.11590669847378252,-42.7582148555924,1.045996687909371
3253,1626.5,107.47100716760099,-42.869347571174906,0.11113358045239877,-42.75821399072251,1.0452327235962513
3254,1627.0,102.92900803446636,-42.864649909775494,0.10643679162180973,-42.758213118153684,1.0434009083296192
3255,1627.5,98.47418056918804,-42.86004238687975,0.10183014523817636,-42.75821224164157,1.0405447417768128
3256,1628.0,94.1199357022689,-42.855538874532044,0.09732750927169143,-42.75821136526035,1.0367095934380204
3257,1628.5,89.87967474337617,-42.85115323511598,0.09294274174383733,-42.75821049337214,1.0319424174703942
3258,1629.0,85.76672253263082,-42.84689925219075,0.08868962160049568,-42.75820963059026,1.026291463935379
3259,1629.5,81.79425682853613,-42.84279055743032,0.08458177569344166,-42.758208781736876,1.0198059882292763
3260,1630.0,77.9752345544013,-42.838840554315155,0.08063260251327241,-42.758207951801886,1.0125359604413033
3261,1630.5,74.32231561858625,-42.835062339288044,0.0768551934134731,-42.75820714587457,1.0045317763475168
3262,1631.0,70.84778511879367,-42.831468621269025,0.07326225216345922,-42.758206369105565,0.9958439717024183
3263,1631.5,67.56347472161234,-42.828071640294,0.06986601364876298,-42.758205626645235,0.9865229414552295
3264,1632.0,64.48068404155056,-42.82488308615634,0.06667816257069256,-42.758204923585645,0.9766186654455634
3265,1632.5,61.61010290880559,-42.82191401796747,0.06370975306501497,-42.75820426490246,0.9661804420805963
3266,1633.0,58.961735400648394,-42.81917478554192,0.060971130144357774,-42.75820365539756,0.955256631445189
3267,1633.5,56.54482650041003,-42.816674953501334,0.058471853857760055,-42.75820309964357,0.9438944092497966
3268,1634.0,54.36779222270634,-42.814423228965495,0.05622062703458992,-42.758202601930904,0.9321395329817518
3269,1634.5,52.43815400434996,-42.81242739365811,0.05422522743952238,-42.75820216621859,0.9217444627915424
3270,1635.0,50.76247810846137,-42.810694241200785,0.052492445111564257,-42.758201796089224,0.9274754486863324
3271,1635.5,49.346320725985784,-42.80922952030373,0.05102802559465053,-42.75820149470908,0.9329920030569054
3272,1636.0,48.19417937863525,-42.808037884481585,0.0498366196844162,-42.75820126479717,0.9370328630208575
3273,1636.5,47.30945115402037,-42.807122848826005,0.04892174023999627,-42.75820110858601,0.9395991820239548
3274,1637.0,46.69439824808713,-42.8064867543615,0.048285726552161214,-42.75820102780934,0.940696467429445
3275,1637.5,46.350121149202636,-42.80613074029675,0.04792971661352603,-42.75820102368323,0.943929543088881
3276,1638.0,46.27653969896188,-42.806054724430666,0.0478536275339161,-42.75820109689675,0.9502596237973859
3277,1638.5,46.47238220840567,-42.80625739189307,0.04805614428566971,-42.7582012476074,0.9553815733168556
3278,1639.0,46.93518264222908,-42.80673619226075,0.04853471679188536,-42.758201475468866,0.959281786388627
3279,1639.5,47.66128590312212,-42.807487344951916,0.049285565390850876,-42.75820177956106,0.9619500281202846
3280,1640.0,48.645861295539326,-42.80850585323945,0.05030369475865339,-42.7582021584808,0.9633794877830582
3281,1640.5,49.88292385946799,-42.80978552630405,0.05158291596999477,-42.75820261033405,0.9635668227022918
3282,1641.0,51.36536321528369,-42.8113190090826,0.05311587632606942,-42.758203132756535,0.9625121930103098
3283,1641.5,53.08497970543522,-42.81309781966638,0.054894096727944826,-42.75820372293844,0.9602192885690444
3284,1642.0,55.032527474394826,-42.815112393876646,0.056908016224661066,-42.758204377651985,0.9566953494460182
3285,1642.5,57.197764082541674,-42.81735213659907,0.05914704331793753,-42.758205093281134,0.9519511816362208
3286,1643.0,59.569506212196956,-42.81980547942032,0.061599613566649676,-42.75820586585367,0.9460011700390726
3287,1643.5,62.135690991040015,-42.822459944072854,0.0642532530001252,-42.75820669107273,0.9453383244986886
3288,1644.0,64.88344245757344,-42.82530221119738,0.06709464684872818,-42.75820756434865,0.9477909912826736
3289,1644.5,67.79914266943781,-42.82831819391015,0.07010971307551973,-42.75820848083463,0.9498866920404376
3290,1645.0,70.86850693158247,-42.83149311562716,0.07328368016817767,-42.75820943545899,0.9516205456233606
3291,1645.5,74.07666263797992,-42.834811591625254,0.0766011686676083,-42.758210422957646,0.9529881141955638
3292,1646.0,77.40823122191549,-42.83825771381716,0.08004627591107243,-42.758211437906084,0.9539852996066797
3293,1646.5,80.84741271543582,-42.841815138223716,0.08360266347338947,-42.75821247475032,0.9546082391154979
3294,1647.0,84.37807242822251,-42.845467174636745,0.08725364679979596,-42.75821352783695,0.9548532016391927
3295,1647.5,87.98382926752583,-42.849196877977946,0.0909822865357908,-42.758214591442155,0.9547164857585116
3296,1648.0,91.64814523297173,-42.85298714087171,0.09477148107189315,-42.758215659799816,0.9541943207640196
3297,1648.5,95.3544156322522,-42.856820786962516,0.09860405983385112,-42.75821672712866,0.9532827720822775
3298,1649.0,99.08605957524689,-42.86068066451944,0.10246287686077045,-42.75821778765867,0.95197765246842
3299,1649.5,102.82661031445036,-42.86454973988115,0.10633090422431105,-42.75821883565684,0.9502744403915656
3300,1650.0,106.55980500827746,-42.868411190303604,0.11019132485109359,-42.75821986545251,0.9481682070672696
3301,1650.5,110.26967348580936,-42.87224849577762,0.11402762431251617,-42.758220871465106,0.9456535535824957
3302,1651.0,113.94062559186648,-42.87604552936961,0.11782368114651585,-42.758221848223094,0.9427245593908441
3303,1651.5,117.55753673045116,-42.87978664570834,0.12156385531630122,-42.75822279039204,0.9393747441106269
3304,1652.0,121.1058312000464,-42.883456767186146,0.12523307438568798,-42.758223692800456,0.9355970438160075
3305,1652.5,124.57156288876935,-42.88704146742888,0.12881691696431447,-42.75822455046457,0.9313838029350094
3306,1653.0,127.94149292727369,-42.890527051620936,0.13230169300692682,-42.758225358614006,0.9267267831103946
3307,1653.5,131.20316388714565,-42.893900633258475,0.13567452054042983,-42.75822611271805,0.921617190138007
3308,1654.0,134.34497010902027,-42.89715020690091,0.13892339838875997,-42.75822680851215,0.9160457199566298
3309,1654.5,137.35622374247157,-42.90026471648815,0.14203727446339143,-42.75822744202476,0.9100026245059171
3310,1655.0,140.22721591199502,-42.90323411868627,0.14500610901383312,-42.758228009672436,0.9034777983244584
3311,1655.5,142.94927267468262,-42.90604944058131,0.14782093249232134,-42.75822850808899,0.8964608868551178
3312,1656.0,145.5148058294333,-42.908702832436056,0.15047389809458972,-42.75822893434147,0.8889414141549704
3313,1656.5,147.91735787110832,-42.91118761414737,0.15295832824604602,-42.75822928590133,0.8809089323697255
3314,1657.0,150.15164036842032,-42.91349831495071,0.15526875428756604,-42.75822956066314,0.8723531929431463
3315,1657.5,152.2135656316015,-42.91563070619326,0.15740094922238435,-42.75822975697088,0.8632643387088011
3316,1658.0,154.10027131244644,-42.91758182679865,0.15935195315449774,-42.758229873644154,0.8536331165277473
3317,1658.5,155.81013756234188,-42.91935000102951,0.16112009103143468,-42.75822990999807,0.8434511101041855
3318,1659.0,157.34279645022028,-42.92093484824554,0.1627049823831691,-42.75822986586237,0.8327109923951015
3319,1659.5,158.69913338332506,-42.92233728438638,0.16410754279130493,-42.75822974159507,0.8214067971652357
3320,1660.0,159.88128030903948,-42.92355951495779,0.16532997685922576,-42.75822953809856,0.8095342093564484
3321,1660.5,160.89260050850783,-42.92460501931644,0.16637576248748806,-42.75822925682895,0.7970908739030172
3322,1661.0,161.73766486686063,-42.925478526132665,0.1672496263353442,-42.758228899797324,0.7840767230776332
3323,1661.5,162.42221957326478,-42.926185979995,0.167957510420022,-42.75822846957497,0.7704943228348823
3324,1662.0,162.95314525163607,-42.92673449914247,0.16850652985462636,-42.758227969287844,0.7563492390270088
3325,1662.5,163.33840759819955,-42.927132324410856,0.16890492180344585,-42.75822740260741,0.7416504250461641
3326,1663.0,163.5869996897833,-42.92738875956042,0.16916198582413347,-42.75822677373629,0.751223499700871
3327,1663.5,163.7088761915473,-42.92751410322388,0.16928801583325884,-42.75822608739062,0.785968875620692
3328,1664.0,163.71487979830587,-42.92751957280742,0.16929422404077726,-42.75822534876664,0.8199891104027635
3329,1664.5,163.6166603265032,-42.92741722080183,0.16919265728468877,-42.75822456351714,0.8532042159011956
3330,1665.0,163.42658692604317,-42.927219843963115,0.16899610625107891,-42.758223737712036,0.8855366870424252
3331,1665.5,163.15765385589984,-42.9269408858723,0.16871800803859566,-42.7582228778337,0.9169112437786868
3332,1666.0,162.8233806633976,-42.926594333539256,0.16837234293587547,-42.75822199060338,0.947254701972011
3333,1666.5,162.43770770536108,-42.92619460944744,0.1679735263820916,-42.75822108306535,0.976495927683649
3334,1667.0,162.01488748086058,-42.925756459080446,0.16753629659635835,-42.758220162484086,1.0045658826978832
3335,1667.5,161.56937240233174,-42.925294834866904,0.16707559852413104,-42.758219236342775,1.0313977206645815
3336,1668.0,161.1157001587866,-42.92482477738724,0.16660646529363646,-42.7582183120936,1.0569269239352357
3337,1668.5,160.66837808155864,-42.924361295916356,0.16614389864084403,-42.75821739727551,1.0810914694134808
3338,1669.0,160.24176716152803,-42.92391924837932,0.1657027489740399,-42.75821649940528,1.1038320216249904
3339,1669.5,159.8499663565681,-42.92351322161219,0.1652975957385126,-42.758215625873675,1.1250921674915488
3340,1670.0,159.50669873931136,-42.92315741356019,0.16494262968427612,-42.758214783875914,1.1448185499693828
3341,1670.5,159.225200472259,-42.92286551844407,0.16465153805749078,-42.75821398038658,1.1629611052382949
3342,1671.0,159.01811331944393,-42.92265061552132,0.16443739344896263,-42.75821322207236,1.1794732797524574
3343,1671.5,158.89738180017073,-42.92252506267314,0.16431254744291968,-42.75821251523022,1.1943122273709132
3344,1672.0,158.87415595389265,-42.92250039579765,0.16428853006815092,-42.7582118657295,1.207438993379124
3345,1672.5,158.95870059310408,-42.9225872349171,0.16437595595827,-42.75821127895883,1.2188186817261033
3346,1673.0,159.16031183839277,-42.92279519782735,0.16458443804231204,-42.75821075978504,1.2284206021773618
3347,1673.5,159.48724165731377,-42.92313282200447,0.16492250951191953,-42.75821031249255,1.2362183943586091
3348,1674.0,159.9466310873518,-42.92360749553785,0.16539755476856713,-42.758209940769284,1.2421901277003797
3349,1674.5,160.54445257519762,-42.92422539751901,0.16601574979778164,-42.75820964772123,1.2463183829763094
3350,1675.0,161.28546173846976,-42.924991447992355,0.16678201228692016,-42.75820943570543,1.2485903055633332
3351,1675.5,162.17315944650622,-42.925909268854795,0.16769996241368906,-42.7582093064411,1.2489975792794292
3352,1676.0,163.20976423675646,-42.92698115531927,0.16877189432249642,-42.75820926099677,1.2475364370141713
3353,1676.5,164.39619465285895,-42.92820805763707,0.1699987578606177,-42.75820929977645,1.2442076211307684
3354,1677.0,165.73206174187263,-42.92958957334778,0.1713801508197354,-42.75820942252805,1.2390163138245534
3355,1677.5,167.21567162624936,-42.931123949949246,0.1729143215955636,-42.75820962835368,1.2319720404390504
3356,1678.0,168.84403841337348,-42.932808098140534,0.1745981825373398,-42.758209915603196,1.2230885436268115
3357,1678.5,170.61290663480767,-42.93463761543171,0.1764273331517923,-42.75821028227992,1.2123836313884795
3358,1679.0,172.51678202435969,-42.936606817668604,0.17839609193011244,-42.75821072573849,1.1998790188571569
3359,1679.5,174.54897086703312,-42.93870877985182,0.18049753703790333,-42.75821124281392,1.1856001447020736
3360,1680.0,176.70162767922966,-42.940935385481595,0.18272355562030637,-42.75821182986129,1.1695759700382788
3361,1680.5,178.96581040636258,-42.94327738368035,0.18506490088072944,-42.75821248279962,1.1518387646522428
3362,1681.0,181.33154249298326,-42.94572445342137,0.1875112562663012,-42.75821319715507,1.1324238827197644
3363,1681.5,183.78788120934954,-42.94826527422049,0.1900513061229841,-42.75821396809751,1.1113695329205227
3364,1682.0,186.32299158977685,-42.95088760264849,0.19267281215371818,-42.758214790494776,1.0887165493423472
3365,1682.5,188.9242252722292,-42.95357835389808,0.1953626949448367,-42.75821565895325,1.064508159153637
3366,1683.0,191.57820355923144,-42.956323687724336,0.19810711985766474,-42.75821656786667,1.0387897557627528
3367,1683.5,194.2709040725631,-42.9591090980758,0.20089158663637352,-42.758217511439426,1.0116086794888846
3368,1684.0,196.98775040242657,-42.96191950585636,0.2037010221123603,-42.758218483743995,0.983014011177643
3369,1684.5,199.7137041209726,-42.96473935410066,0.20651987535356153,-42.758219478747094,0.9530563803376922
3370,1685.0,202.43335858151246,-42.96755270500981,0.20933221466030852,-42.7582204903495,0.9217877916902327
3371,1685.5,205.1310339685534,-42.97034333827002,0.21212182585463396,-42.75822151241539,0.8892614743003022
3372,1686.0,207.7908730432618,-42.973094850104836,0.214872311288706,-42.75822253881613,0.8555317576048082
3373,1686.5,210.39693710988897,-42.97579075255097,0.21756718908175535,-42.758223563469215,0.8220126701102515
3374,1687.0,212.93330151338273,-42.97841457216347,0.2201899918722111,-42.75822458029126,0.799724613831672
3375,1687.5,215.38415101888646,-42.98094994866326,0.22272436544769886,-42.75822558321556,0.7765503679987129
3376,1688.0,217.73387473438044,-42.98338073321638,0.22515416690261145,-42.758226566313766,0.7525546887344547
3377,1688.5,219.967159356187,-42.98569108482341,0.22746356106138757,-42.758227523762024,0.7278093491849533
3378,1689.0,222.06908078880767,-42.98786556506943,0.22963711522071986,-42.75822844984871,0.7023944213105049
3379,1689.5,224.02519391903337,-42.989889230993235,0.2316598919831346,-42.7582293390101,0.6763998700394208
3380,1690.0,225.82162014157458,-42.99174772560702,0.23351753976546383,-42.758230185841555,0.6723441406739801
3381,1690.5,227.44513234986832,-42.99342736580179,0.23519638068610849,-42.75823098511569,0.6790439591085858
3382,1691.0,228.88323709335754,-42.994915227323304,0.23668349552220835,-42.7582317318011,0.6927722777148722
3383,1691.5,230.1242535669248,-42.99619922648241,0.23796680539100729,-42.75823242109141,0.7056983727433812
3384,1692.0,231.1573890912679,-42.99726819820369,0.2390351498025727,-42.75823304840112,0.7177892681291113
3385,1692.5,231.9728108173495,-42.99811197021931,0.2398783608079074,-42.758233609411405,0.729014792411321
3386,1693.0,232.561713260202,-42.998721432935845,0.2404873328342819,-42.75823410010156,0.7393474573313479
3387,1693.5,232.91638093904987,-42.99908860424431,0.24085408746010983,-42.7582345167842,0.7487623643925507
3388,1694.0,233.03024608791875,-42.9992066891534,0.24097183309231376,-42.75823485606108,0.7572371341431898
3389,1694.5,232.89794147321257,-42.999070134427356,0.2408350195839064,-42.75823511484345,0.7647518548504036
3390,1695.0,232.51534755158525,-42.99867467748164,0.2404393869989855,-42.75823529048265,0.7712890514129513
3391,1695.5,231.87963326077013,-42.9980173885438,0.2397820077937003,-42.7582353807501,0.7768336645248509
3392,1696.0,230.9892900105718,-42.99709670583329,0.2388613219656438,-42.75823538386765,0.7813730394331477
3393,1696.5,229.84415852791156,-42.99591246335908,0.23767716481376813,-42.758235298545316,0.7848969227029932
3394,1697.0,228.44544777574458,-42.99446591057569,0.2362307865020513,-42.75823512407364,0.7873974640462765
3395,1697.5,226.79574603966125,-42.99275972363993,0.23452486352392599,-42.758234860116005,0.788869222368041
3396,1698.0,224.89902407562687,-42.99079800897058,0.23256350195729322,-42.758234507013285,0.789309179046603
3397,1698.5,222.7606285072714,-42.98858629647883,0.23035223063679397,-42.75823406584203,0.7887167515094176
3398,1699.0,220.38726609193142,-42.98613152285593,0.22789798488364355,-42.75823353797229,0.7870938005386814
3399,1699.5,217.78697956858633,-42.983442007088314,0.2252090815304741,-42.75823292555784,0.7844446505349016
3400,1700.0,214.96911355412698,-42.98052741505269,0.2222951836553604,-42.75823223139733,0.7807761077242092
3401,1700.5,211.94427019770575,-42.97739871366728,0.21916725472488618,-42.75823145894239,0.7760974760086593
3402,1701.0,208.72425479471158,-42.9740681146837,0.21583750235466279,-42.758230612329044,0.7704205728752881
3403,1701.5,205.32201112023404,-42.97054900777347,0.21231931143898108,-42.75822969633449,0.7637597432746979
3404,1702.0,201.7515471070627,-42.966855883612794,0.20862716729594386,-42.75822871631685,0.7561318769146416
3405,1702.5,198.0278511906818,-42.96300424744914,0.20477656916152773,-42.75822767828761,0.7475564301648769
3406,1703.0,194.1667991349888,-42.95901052268618,0.20078393383995596,-42.75822658884622,0.7380554475892466
3407,1703.5,190.18505194203692,-42.95489194527661,0.1966664901342415,-42.758225455142366,0.7276535871118922
3408,1704.0,186.09994549693948,-42.950666449560764,0.19244216473022954,-42.75822428483053,0.716378150608354
3409,1704.5,181.92937262925807,-42.9463525462611,0.18812946023868002,-42.758223086022426,0.7301393609113837
3410,1705.0,177.69165853418107,-42.941969193560425,0.18374732637084482,-42.75822186718958,0.7659247922107753
3411,1705.5,173.4054305856976,-42.93753566244202,0.1793150253149214,-42.7582206371271,0.8004815874756173
3412,1706.0,169.08948354566843,-42.93307139721227,0.17485199235149748,-42.75821940486077,0.8337418006412515
3413,1706.5,164.7626413876695,-42.928595872528476,0.17037769296840055,-42.758218179560075,0.8656403931417954
3414,1707.0,160.44361709773608,-42.92412844832519,0.165911477883502,-42.75821697044169,0.8961155088567816
3415,1707.5,156.15087185906745,-42.91968822410789,0.16147243743048711,-42.7582157866774,0.9251087868792499
3416,1708.0,151.90247508185504,-42.91529389410532,0.15707925681855012,-42.75821463728677,0.9525656878751642
3417,1708.5,147.71596679352007,-42.91096360487706,0.15275007383294048,-42.75821353104412,0.9784358251613914
3418,1709.0,143.60822391034932,-42.90671481691696,0.14850234054918424,-42.758212476367774,1.0026733141019568
3419,1709.5,139.59533193955812,-42.9025641718847,0.14435269066279932,-42.7582114812219,1.0252371071994053
3420,1710.0,135.692463624166,-42.8985273670191,0.14031681399843224,-42.75821055302067,1.046091315798714
3421,1710.5,131.91376596045626,-42.89461903821441,0.13640933967691332,-42.75820969853749,1.0652055128089544
3422,1711.0,128.27225694292696,-42.89085265316317,0.13264372934131266,-42.75820892382186,1.0825550112550673
3423,1711.5,124.77973328109488,-42.887240415853825,0.12903218172876613,-42.75820823412506,1.0981211141649907
3424,1712.0,121.44669019705707,-42.883793183571484,0.1255855497347664,-42.75820763383672,1.1118913320103505
3425,1712.5,118.28225425525166,-42.88052039738686,0.12231327095378637,-42.75820712643307,1.1238595646555725
3426,1713.0,115.2941299985609,-42.877430026935635,0.11922331249675967,-42.75820671443888,1.1340262455394354
3427,1713.5,112.48856097232724,-42.874528530087986,0.11632213068680923,-42.758206399401175,1.1423984466154897
3428,1714.0,109.8703055210175,-42.87182082791059,0.11361464603107053,-42.758206181879515,1.148989943343965
3429,1714.5,107.44262752409601,-42.8693102950908,0.11110423364084658,-42.758206061449954,1.1538212398850314
3430,1715.0,105.2073020219875,-42.866998765771704,0.1087927290493016,-42.758206036722406,1.1569195554497038
3431,1715.5,103.16463547900537,-42.86488655453785,0.10668044916494257,-42.758206105372906,1.158318773504351
3432,1716.0,101.31350022124934,-42.86297249207149,0.10476622788314816,-42.758206264188345,1.158059356258515
3433,1716.5,99.65138239268025,-42.861253974800945,0.1030474656765692,-42.75820650912438,1.1561882275159572
3434,1717.0,98.17444259577859,-42.85972702767206,0.1015201923023991,-42.758206835369656,1.1527586275481272
3435,1717.5,96.87758821827693,-42.85838637902516,0.10017914159397534,-42.758207237431186,1.1478299400428509
3436,1718.0,95.75455632474336,-42.85722554637875,0.09901783717727823,-42.75820770920147,1.1414675055436032
3437,1718.5,94.79800589183468,-42.856236931914225,0.09802868784952835,-42.7582082440647,1.1337424230003832
3438,1719.0,93.99961802750961,-42.855411926198855,0.09720309121383462,-42.75820883498502,1.1247313317683034
3439,1719.5,93.350202772806,-42.85474101872173,0.09653154412073753,-42.758209474600996,1.1145161906844003
3440,1720.0,92.83981107937926,-42.85421391378516,0.09600375846190194,-42.758210155323255,1.1031840543759888
3441,1720.5,92.45785052271245,-42.85381965025519,0.09560878082679171,-42.758210869428396,1.090826849554576
3442,1721.0,92.1932033383278,-42.85354672371165,0.09533511456151288,-42.75821160915014,1.077541153089837
3443,1721.5,92.03434541100978,-42.85338320957915,0.09517084281314667,-42.758212366766,1.0634279721978261
3444,1722.0,91.96946490083303,-42.85331688588185,0.09510375119850985,-42.758213134683345,1.048592525296587
3445,1722.5,91.98657927633776,-42.853335354323015,0.09512144882577858,-42.758213905497236,1.0331440200101734
3446,1723.0,92.07364969016238,-42.85342615863815,0.09521148656800157,-42.758214672070146,1.0171954216956736
3447,1723.5,92.2186916539197,-42.85357689909831,0.09536147150973624,-42.758215427588574,1.0008632035744573
3448,1724.0,92.40988106845856,-42.85377534220048,0.09555917659078349,-42.758216165609696,0.9842670661549547
3449,1724.5,92.63565487462219,-42.854009524788594,0.09579264468708783,-42.75821688010151,0.9675296098363464
3450,1725.0,92.88480568915716,-42.85426785194569,0.09605028647180398,-42.75821756547389,0.9507759411406107
3451,1725.5,93.14656991608013,-42.85453918813086,0.09632097152946736,-42.75821821660139,0.9341331896876971
3452,1726.0,93.4107089486167,-42.85481294116309,0.09659411232526584,-42.758218828837826,0.9177299103358781
3453,1726.5,93.66758319564887,-42.85507913877767,0.09685974075428186,-42.758219398023385,0.9016953434126213
3454,1727.0,93.90821877725296,-42.85532849759512,0.09710857710999035,-42.758219920485125,0.8861585063545762
3455,1727.5,94.12436683456905,-42.855552484446775,0.0973320914153872,-42.75822039303139,0.8712470931595377
3456,1728.0,94.30855548850322,-42.85574337009364,0.09752255715242539,-42.75822081294122,0.8570861646518504
3457,1728.5,94.45413455861497,-42.85589427545453,0.09767309750490594,-42.75822117794962,0.8437966233751427
3458,1729.0,94.55531321735995,-42.85599921052564,0.09777772429596378,-42.75822148622967,0.8314934823147276
3459,1729.5,94.60719080540115,-42.85605310622583,0.09783136985355366,-42.75822173637228,0.8202839563837059
3460,1730.0,94.60578107106488,-42.856051839440475,0.09782991207597808,-42.758221927364495,0.8102654285938127
3461,1730.5,94.54803012162355,-42.855992251562405,0.0977701929949432,-42.75822205856746,0.8015233669653996
3462,1731.0,94.43182838662773,-42.85587216084087,0.09765003114659719,-42.75822212969427,0.7941292903985557
3463,1731.5,94.2560168949376,-42.85569036885148,0.09746822806248047,-42.758222140788995,0.7881388981318023
3464,1732.0,94.02038815855505,-42.85544666139046,0.09722456918347852,-42.75822209220698,0.7835904842028599
3465,1732.5,93.72568193916001,-42.85514180407933,0.09691981948208339,-42.75822198459725,0.7805037524793729
3466,1733.0,93.37357614885256,-42.85477753294025,0.09655571405303624,-42.75822181888721,0.7788791280758317
3467,1733.5,92.96667310653794,-42.854356540171324,0.09613494390133498,-42.75822159626999,0.7786976284609639
3468,1734.0,92.50848126907493,-42.85388245528481,0.09566113705078676,-42.75822131823402,0.7799212978918231
3469,1734.5,92.00339247289641,-42.85335982148016,0.09513883501003102,-42.75822098647013,0.7824942080704528
3470,1735.0,91.45665508152423,-42.85279406792422,0.09457346500493154,-42.75822060291929,0.7863440583553736
3471,1735.5,90.87434336851776,-42.8521914780545,0.09397130831810661,-42.7582201697364,0.7913840106747865
3472,1736.0,90.26332289013531,-42.85155915382213,0.0933394644815035,-42.75821968934063,0.7975148523506495
3473,1736.5,89.63121165846525,-42.850904975530845,0.09268581112632356,-42.75821916440452,0.804627312195091
3474,1737.0,88.98633716584553,-42.85023755739378,0.09201895954284961,-42.758218597850934,0.8126044090631495
3475,1737.5,88.33768928732879,-42.84956619883594,0.09134820597784395,-42.75821799285809,0.8213237247946326
3476,1738.0,87.69486903451063,-42.848900831506924,0.09068347864192544,-42.758217352864996,0.8306595236870502
3477,1738.5,87.06803311642614,-42.848251961957644,0.09003528038112142,-42.75821668157652,0.8404846638668272
3478,1739.0,86.46783427011664,-42.847630609941426,0.08941462697392155,-42.758215982967506,0.8506722699495455
3479,1739.5,85.90535733999621,-42.84704824231744,0.08883298103225216,-42.75821526128519,0.861097157035977
3480,1740.0,85.39205111152779,-42.846516702561466,0.08830218151206853,-42.758214521049396,0.8716370121886627
3481,1740.5,84.9396559409229,-42.84604813592621,0.08783436887670085,-42.75821376704951,0.8821733508029133
3482,1741.0,84.56012726723296,-42.84565491034097,0.087441906002265,-42.75821300433871,0.8925922721153143
3483,1741.5,84.26555514142089,-42.84534953318664,0.08713729496431392,-42.75821223822233,0.9027850412934663
3484,1742.0,84.0680799925061,-42.84514456417408,0.08693308993332313,-42.75821147424075,0.9126485257591592
3485,1742.5,83.97980489287211,-42.84505252460472,0.0868418064500315,-42.758210718154686,0.9220855118112452
3486,1743.0,84.01270468021039,-42.84508580335743,0.0868758274502937,-42.758209975907135,0.931004925148286
3487,1743.5,84.1785323878163,-42.845256560109405,0.08704730650655412,-42.75820925360285,0.9393219753886293
3488,1744.0,84.48872346395922,-42.84557662624957,0.08736806878304777,-42.75820855746652,0.946958241101453
3489,1744.5,84.95429837905503,-42.846057404123535,0.08784951032386007,-42.75820789379967,0.9538417089113667
3490,1745.0,85.5857643021534,-42.846709765311665,0.08850249637858419,-42.758207268933084,0.9599067771862698
3491,1745.5,86.3930165916874,-42.847543948708726,0.08933725953591093,-42.758206689172816,0.9650942318682857
3492,1746.0,87.38524092549443,-42.848569459260716,0.09036329851827578,-42.75820616074244,0.9693512002299461
3493,1746.5,88.57081695609105,-42.84979496827501,0.09158927855374033,-42.75820568972127,0.972631086557692
3494,1747.0,89.95722442923204,-42.85122821627496,0.09302293429510543,-42.758205281979855,0.9748934924568683
3495,1747.5,91.55095274456022,-42.85287591941166,0.09467097629842057,-42.75820494311324,0.9761041235264124
3496,1748.0,93.35741496428722,-42.854743680474385,0.0965390021011114,-42.758204678373275,0.9762346835079279
3497,1748.5,95.38086728706021,-42.8568359055533,0.09863141295154472,-42.75820449260175,0.9752627566287257
3498,1749.0,97.62433498691428,-42.85915572738913,0.10095133722400705,-42.758204390165126,0.9731716786915805
3499,1749.5,100.08954583251229,-42.86170493645215,0.10350056156889609,-42.758204374883256,0.9699503974414648
3500,1750.0,102.77687195411718,-42.864483920775626,0.10627947079854033,-42.758204449977086,0.9655933228614083
3501,1750.5,105.68528102936608,-42.86749161541958,0.10928699740940197,-42.75820461801018,0.960100168339201
3502,1751.0,108.81229761557043,-42.870725462435445,0.11252058159659557,-42.758204880838846,0.9534757839175864
3503,1751.5,112.15397537044231,-42.87418138209706,0.11597614252790694,-42.75820523956916,0.9457299832241952
3504,1752.0,115.7048807940516,-42.87785375605337,0.11964806153168184,-42.758205694521685,0.9368773660965526
3505,1752.5,119.45808900736951,-42.88173542293637,0.1235291777315039,-42.75820624520487,0.9269371393640805
3506,1753.0,123.40519195372009,-42.88581768682473,0.12761079652714866,-42.75820689029758,0.9159329387181805
3507,1753.5,127.53631926017921,-42.890090338817146,0.13188271116693145,-42.758207627650215,0.90389265499012
3508,1754.0,131.84017164092884,-42.894541691601795,0.13633323728943605,-42.75820845431236,0.8963284282927765
3509,1754.5,136.30406718911962,-42.89915862720475,0.14094926079298725,-42.75820936641176,0.8927067266785746
3510,1755.0,140.9140005426217,-42.90392665834955,0.14571629901774918,-42.7582103593318,0.8876801242702654
3511,1755.5,145.65471398771876,-42.90883000200725,0.1506185742726078,-42.75821142773464,0.8812442966544912
3512,1756.0,150.50978001076484,-42.913851664665756,0.1556390992001583,-42.7582125654656,0.8734003091665666
3513,1756.5,155.4616952280612,-42.91897353963549,0.16075977390767854,-42.75821376572781,0.864154492256378
3514,1757.0,160.49198470945592,-42.92417651496594,0.16596149384603945,-42.7582150211199,0.8535183240221641
3515,1757.5,165.58131541137266,-42.929440590804674,0.17122426710849042,-42.75821632369618,0.8415082780143832
3516,1758.0,170.70961792771146,-42.934745005358344,0.17652734033078726,-42.75821766502756,0.8281456483733985
3517,1758.5,175.85621553091204,-42.94006836841494,0.18184933212992843,-42.75821903628501,0.8134563567267898
3518,1759.0,180.99995932447504,-42.9453888011878,0.1871683728626256,-42.75822042832518,0.7974707445601716
3519,1759.5,186.119368204355,-42.95068408112993,0.19246224935653067,-42.7582218317734,0.7802233551798597
3520,1760.0,191.19277234636976,-42.955931790407526,0.19770855328764433,-42.75822323711988,0.7617527103371338
3521,1760.5,196.1984588195054,-42.96110946655347,0.20288483175607028,-42.75822463479739,0.742101087095157
3522,1761.0,201.11481816593425,-42.966194754110425,0.20796873886142742,-42.758226015249,0.7213143013757047
3523,1761.5,205.92049065566334,-42.97116555599176,0.21293818694180414,-42.758227369049955,0.6994415055526996
3524,1762.0,210.594510718792,-42.976000182905956,0.2177714959282154,-42.75822868697774,0.6765350087465557
3525,1762.5,215.1164483254523,-42.98067749963698,0.22244753954272065,-42.75822996009426,0.6526501291290293
3526,1763.0,219.46654611047396,-42.98517706691388,0.22694588709624808,-42.75823117981763,0.6278450939894091
3527,1763.5,223.62585109743404,-42.98947927769903,0.23124693970175247,-42.75823233799728,0.6077402325071145
3528,1764.0,227.5763398889708,-42.99356548674138,0.23533205973097004,-42.75823342701041,0.5940192399555658
3529,1764.5,231.3010360972404,-42.997418132008484,0.23918369224686278,-42.75823443976162,0.5795506714388099
3530,1765.0,234.784119699017,-43.001020847802515,0.24278547808550116,-42.75823536971701,0.5738468782685345
3531,1765.5,238.0110274976123,-43.00435856878248,0.24612235774168975,-42.75823621104079,0.5765753983890616
3532,1766.0,240.96854337863354,-43.007417623290806,0.24918066470060887,-42.758236958590196,0.578875760038363
3533,1766.5,243.6448779831367,-43.01018581577313,0.25194820782620037,-42.758237607946924,0.5807583221238305
3534,1767.0,246.0297373728949,-43.01265249781031,0.25441434236652366,-42.758238155443784,0.5822353122135602
3535,1767.5,248.1143803143041,-43.01480862736353,0.2565700291898762,-42.758238598173655,0.5833206700619765
3536,1768.0,249.89166393873367,-43.01664681600694,0.25840788200123255,-42.75823893400571,0.5840298984402671
3537,1768.5,251.35607760901317,-43.018161363954,0.25992220236288877,-42.75823916159111,0.5843799209349155
3538,1769.0,252.5037647973609,-43.0193482826915,0.2611090023179829,-42.75823928037352,0.5843889457563893
3539,1769.5,253.33253328476462,-43.02020530543419,0.26196601493746696,-42.758239290496725,0.5840763354361641
3540,1770.0,253.84185393557584,-43.02073188593884,0.26249269305293976,-42.758239192885895,0.5834624834635531
3541,1770.5,254.0328478516611,-43.02092918523647,0.2626901959730164,-42.758238989263454,0.5825686946476908
3542,1771.0,253.90826195489527,-43.02080004618683,0.26256136423368165,-42.758238681953145,0.5814170678103988
3543,1771.5,253.4724344362348,-43.02034895778802,0.26211068386988,-42.758238273918145,0.5800303833924115
3544,1772.0,252.73125047659406,-43.01958200943253,0.2613442406273755,-42.75823776880516,0.5784319940142395
3545,1772.5,251.6920878808551,-43.018506834565414,0.26026966374398797,-42.758237170821424,0.5766457145727631
3546,1773.0,250.36375367552355,-43.01713254512184,0.25889606038651997,-42.75823648473532,0.574695713012933
3547,1773.5,248.7564122808772,-43.01546965719595,0.25723394137503786,-42.75823571582091,0.572606398115466
3548,1774.0,246.8815055609471,-43.013530008394554,0.2552951385081851,-42.758234869886365,0.570402144339247
3549,1774.5,244.7516658617956,-43.01132666763651,0.25309271463783617,-42.75823395299867,0.5760693991669029
3550,1775.0,242.38062325252312,-43.00887383937175,0.25064086774891,-42.75823297162284,0.5910443357358317
3551,1775.5,239.78310729224737,-43.00618676191804,0.24795482937860314,-42.75823193253943,0.6060680677216839
3552,1776.0,236.97474370021007,-43.003281600640136,0.24505075776505122,-42.758230842875086,0.6210203673777497
3553,1776.5,233.97194659485783,-43.00017533625852,0.24194562641395603,-42.758229709844564,0.6357947902134808
3554,1777.0,230.7918082766051,-42.99688565086614,0.23865711012518492,-42.75822854074096,0.6502975985205355
3555,1777.5,227.45198713872625,-42.99343081222301,0.23520346908370618,-42.7582273431393,0.6644465816340813
3556,1778.0,223.97059321338833,-42.98982955493899,0.23160343050507198,-42.75822612443392,0.6781700364202622
3557,1778.5,220.36607369358,-42.986100962337275,0.2278760702559757,-42.7582248920813,0.6923114871263123
3558,1779.0,216.6570987966821,-42.98226434835653,0.22404069482809386,-42.75822365352844,0.7064553466929308
3559,1779.5,212.8624476890087,-42.97833913947728,0.22011672337497676,-42.7582224161023,0.7195921158280744
3560,1780.0,209.00089587812442,-42.97434475826445,0.21612357126673648,-42.758221186997716,0.73170338904423
3561,1780.5,205.09110444804608,-42.970300508870004,0.21208053555042375,-42.758219973319584,0.7427724130503509
3562,1781.0,201.15151192466294,-42.9662254648764,0.2080066831302609,-42.758218781746145,0.7527840501972581
3563,1781.5,197.20023000717484,-42.962138361774194,0.20392074294564477,-42.758217618828546,0.7617247502142962
3564,1782.0,193.25494361215868,-42.95805749330927,0.1998410026087508,-42.75821649070052,0.7695825298556871
3565,1782.5,189.33281548298558,-42.95400061298369,0.19578520976307362,-42.75821540322062,0.7763469578927104
3566,1783.0,185.4503958152445,-42.94998484050606,0.19177047862891755,-42.758214361877144,0.7820091457165391
3567,1783.5,181.62353734156167,-42.94602657395432,0.18781320219433711,-42.758213371759986,0.7882632702970047
3568,1784.0,177.8673164659101,-42.94214140819734,0.1839289706617322,-42.758212437535605,0.79397095791697
3569,1784.5,174.19596083579677,-42.938344059979315,0.18013249655172153,-42.758211563427594,0.8050273957071833
3570,1785.0,170.62278367963285,-42.93464829999704,0.17643754680275398,-42.75821075319429,0.8151746732567221
3571,1785.5,167.16012523541679,-42.931066892315656,0.17285688220370227,-42.75821001011195,0.8243838109053192
3572,1786.0,163.81930152735103,-42.92761154139198,0.1694022044248051,-42.75820933696718,0.832628561673699
3573,1786.5,160.610560633165,-42.92429284684464,0.16608411079459645,-42.75820873605004,0.8398853636091261
3574,1787.0,157.54304656878458,-42.921120266101475,0.16291205695377736,-42.758208209147696,0.8461333052445126
3575,1787.5,154.6247708796871,-42.91810208502186,0.1598943274784146,-42.758207757543445,0.8513541007846688
3576,1788.0,151.8625919645704,-42.91524539651827,0.15703801449896776,-42.75820738201931,0.8555320727925392
3577,1788.5,149.26220209966232,-42.912556087144594,0.154349004282392,-42.7582070828622,0.8586541396567575
3578,1789.0,146.82812206839765,-42.910038831557074,0.1518319716787962,-42.75820685987828,0.8607098052234472
3579,1789.5,144.56370320638618,-42.90769709464171,0.1494903822361028,-42.75820671240561,0.8616911486822846
3580,1790.0,142.47113677087984,-42.90553314119335,0.14732650188882304,-42.75820663930453,0.8615928140355982
3581,1790.5,140.55147045074008,-42.90354805304122,0.14534141403067813,-42.758206639010545,0.8604119863820946
3582,1791.0,138.8046316113346,-42.90174175308849,0.14353504355167354,-42.758206709536815,0.8581483458374167
3583,1791.5,137.2294570149384,-42.900113036071204,0.14190618757136086,-42.758206848499846,0.8548041199717674
3584,1792.0,135.82372868467468,-42.89865960567536,0.1404525525250088,-42.75820705315035,0.8503840229602417
3585,1792.5,134.58421546840387,-42.89737811754226,0.13917079714397454,-42.758207320398284,0.8448952143675424
3586,1793.0,133.5067199013794,-42.89626422775758,0.1380565809154221,-42.75820764684215,0.8383472570262477
3587,1793.5,132.5861299265287,-42.89531264636492,0.13710461756521186,-42.75820802879971,0.8307520682126819
3588,1794.0,131.81647500665784,-42.894517195422004,0.13630873308238883,-42.75820846233962,0.8221238642904795
3589,1794.5,131.19098614636965,-42.893870871100475,0.1356619277866265,-42.758208943313846,0.8124790992135953
3590,1795.0,130.70215932942577,-42.893365909318184,0.135156441927511,-42.75820946739067,0.8095247090961623
3591,1795.5,130.34182186959842,-42.8929938543842,0.13478382429660626,-42.7582100300876,0.8211304804903735
3592,1796.0,130.10120116965402,-42.89274563013409,0.13453500332971907,-42.75821062680437,0.8319187342908765
3593,1796.5,129.9709953673654,-42.89261161302802,0.13440036016050186,-42.75821125286752,0.8418769146421708
3594,1797.0,129.94144526953937,-42.892581706553784,0.13436980300596618,-42.75821190354782,0.8509939319724813
3595,1797.5,130.0024072495566,-42.89264541662687,0.1344328425483445,-42.75821257407853,0.8592601738006661
3596,1798.0,130.1434266953987,-42.89279192759692,0.13457866788619963,-42.758213259710715,0.8666675110679045
3597,1798.5,130.35381125414122,-42.8930101780341,0.13479622227506372,-42.75821395575904,0.8732092998455958
3598,1799.0,130.62270366378613,-42.8932889359824,0.13507427844135336,-42.758214657541046,0.8788803785037358
3599,1799.5,130.93915388274743,-42.89361687366606,0.1354015131700023,-42.75821536049606,0.8836770620585823
3600,1800.0,131.29218985894252,-42.893982640663374,0.13576658048533768,-42.758216060178036,0.887597123276408
3601,1800.5,131.6708865476948,-42.894374935299986,0.13615818302108834,-42.7582167522789,0.8906397766601207
3602,1801.0,132.06443288838358,-42.89478257392883,0.1365651412795745,-42.75821743264925,0.8928056574841366
3603,1801.5,132.46219641302204,-42.89519455775962,0.13697646044212317,-42.7582180973175,0.8940967958484934
3604,1802.0,132.85378518753345,-42.89560013692825,0.13738139442128047,-42.75821874250697,0.8945165874034384
3605,1802.5,133.2291068147216,-42.89598887152591,0.13776950687458234,-42.758219364651325,0.8940697614514478
3606,1803.0,133.57842425691882,-42.896350689337346,0.13813072892961817,-42.75821996040773,0.8927623472631201
3607,1803.5,133.89240818677084,-42.89667594003772,0.13845541331891165,-42.75822052671881,0.8906016294161468
3608,1804.0,134.16218544443802,-42.89695544520517,0.13873438448852607,-42.75822106071664,0.8875960889162197
3609,1804.5,134.37938408690948,-42.89718054494405,0.13895898518264266,-42.75822155976141,0.8837554473801905
3610,1805.0,134.53617493654733,-42.897343140909236,0.13912111940806454,-42.75822202150117,0.8790906024935694
3611,1805.5,134.62530890871784,-42.89743573488034,0.13921329103395993,-42.75822244384638,0.8736135974516251
3612,1806.0,134.64015023566097,-42.89745146313651,0.13922863814798933,-42.75822282498852,0.8673376022575053
3613,1806.5,134.57470552031745,-42.89738412646747,0.1391609631002765,-42.7582231633672,0.8602769032705792
3614,1807.0,134.4236487712135,-42.89722821607107,0.1390047583914731,-42.7582234576796,0.8524469027193735
3615,1807.5,134.18234242578737,-42.896978935310116,0.13875522841255267,-42.75822370689756,0.8438641314001785
3616,1808.0,133.8468541982083,-42.89663221712225,0.13840830686679712,-42.75822391025545,0.8345462768670763
3617,1808.5,133.41396981903372,-42.896184737190076,0.1379606699436169,-42.75822406724646,0.8245122300356691
3618,1809.0,132.88120159299825,-42.895633922855886,0.1374097451679864,-42.7582241776879,0.8137821537972586
3619,1809.5,132.24679282835876,-42.89497795749388,0.13675371598073946,-42.75822424151314,0.8023775777552042
3620,1810.0,131.50971880961913,-42.89421578169731,0.13599152274444432,-42.758224258952865,0.7903215229581779
3621,1810.5,130.6696841104961,-42.89334709044896,0.13512285996479614,-42.75822423048417,0.777638662219664
3622,1811.0,129.72711587160447,-42.892372326154614,0.13414816933920837,-42.75822415681541,0.7643555220888075
3623,1811.5,128.6831534306351,-42.891292667911785,0.13306862903359065,-42.7582240388782,0.7505007332484214
3624,1812.0,127.53963442184273,-42.89011001712945,0.13188613930811255,-42.75822387782134,0.7420563699910809
3625,1812.5,126.29907745279614,-42.88882697960667,0.1306033046035832,-42.75822367500309,0.7540441214208417
3626,1813.0,124.96466147462593,-42.88744684419146,0.12922341220864475,-42.75822343198281,0.7653216961895342
3627,1813.5,123.54020197347951,-42.88597355815223,0.1277504076398408,-42.75822315051239,0.7758697321216023
3628,1814.0,122.03012412156126,-42.884411699408275,0.1261888668776534,-42.75822283253062,0.7856714505030599
3629,1814.5,120.43943295935661,-42.88276644569014,0.12454396553254828,-42.75822248015759,0.7947124859208655
3630,1815.0,118.77368087837107,-42.88104354087334,0.12282144521953714,-42.75822209565381,0.8029807336849054
3631,1815.5,117.03893260447943,-42.8792492587972,0.12102757734817214,-42.75822168144903,0.8104662139312669
3632,1816.0,115.24172765457622,-42.87739036443068,0.1191691242997324,-42.75822124013095,0.8171609478348625
3633,1816.5,113.3890405510953,-42.87547407266984,0.11725329828586875,-42.75822077438397,0.8230588451404989
3634,1817.0,111.48823909633961,-42.873508005229844,0.1152877182009376,-42.758220287028905,0.8281556041494303
3635,1817.5,109.5470408022488,-42.8715001455555,0.11328036456691085,-42.75821978098859,0.8324486206704004
3636,1818.0,107.57346768271924,-42.86945879206052,0.11123953278503422,-42.758219259275485,0.8359369071830502
3637,1818.5,105.57579970874606,-42.867392509969505,0.10917378500473746,-42.75821872496477,0.8386210214108115
3638,1819.0,103.56252724688414,-42.86531008212215,0.10709190094121505,-42.758218181180936,0.8405029900623647
3639,1819.5,101.54230278139119,-42.86322045902946,0.10500282795227735,-42.75821763107719,0.8415862524882464
3640,1820.0,99.52389221678972,-42.86113270849249,0.10291563068132135,-42.75821707781117,0.8418756073014805
3641,1820.5,97.51612613199995,-42.85905596517067,0.100839440650222,-42.75821652452045,0.8424518132534343
3642,1821.0,95.52785136461748,-42.856999380490585,0.09878340619361937,-42.75821597429697,0.8582882452267391
3643,1821.5,93.56788332403278,-42.85497207330461,0.09675664314688658,-42.75821543015772,0.8730946487254695
3644,1822.0,91.64495945660315,-42.85298308174331,0.09476818672541132,-42.7582148950179,0.8868370051746949
3645,1822.5,89.76769429105187,-42.85104131669921,0.09282694503795859,-42.75821437166125,0.8994827762065719
3646,1823.0,87.94453649278395,-42.849155517390145,0.0909416546774128,-42.75821386271273,0.9110010093094103
3647,1823.5,86.1837283765598,-42.847334209454864,0.089120838853658,-42.758213370601204,0.9213624498381007
3648,1824.0,84.49326833193011,-42.84558566607778,0.08737276853848508,-42.758212897539295,0.9305396540022992
3649,1824.5,82.88087656718983,-42.843917872534746,0.08570542704211201,-42.75821244549263,0.9385071329309579
3650,1825.0,81.3539645635289,-42.842338494581234,0.084126478426343,-42.75821201615489,0.9452414932782158
3651,1825.5,79.91960861674085,-42.84085485106997,0.08264324014458804,-42.75821161092538,0.9507215812634228
3652,1826.0,78.58452778853616,-42.839473891131554,0.081262660241765,-42.75821123088979,0.9549286278832205
3653,1826.5,77.35506654019406,-42.83820217620166,0.07999129939611244,-42.75821087680555,0.957846392922624
3654,1827.0,76.23718225523868,-42.837045867108536,0.07883531801664312,-42.75821054909189,0.95946130545368
3655,1827.5,75.23643778303159,-42.83601071635846,0.0778004685326248,-42.758210247825836,0.9597625985954874
3656,1828.0,74.35799905119464,-42.83510206566879,0.07689209292463539,-42.758209972744154,0.9587424364147606
3657,1828.5,73.60663770240441,-42.83432484870356,0.07611512545121829,-42.75820972325234,0.956396030972704
3658,1829.0,72.98673839743859,-42.833683598712106,0.07547410020081406,-42.75820949851129,0.9527217476537756
3659,1829.5,72.50231077258167,-42.833182460701494,0.0749731634566702,-42.758209297244825,0.9477211971187803
3660,1830.0,72.15700610499141,-42.83282520891744,0.0746160909301572,-42.758209117987285,0.9413993125178682
3661,1830.5,71.95413778427692,-42.83261526797932,0.07440630893001081,-42.75820895904931,0.9337644104879721
3662,1831.0,71.89670483101482,-42.832555737245016,0.07434691868235063,-42.758208818562665,0.9248282349181887
3663,1831.5,71.98741799754825,-42.83264941785226,0.07444072332098506,-42.75820869453128,0.9146059826712349
3664,1832.0,72.22872769404681,-42.83289884165308,0.07469025676518126,-42.7582085848879,0.9058403432707711
3665,1832.5,72.62285290390246,-42.833306301175796,0.07509781362048741,-42.75820848755531,0.9071416726714158
3666,1833.0,73.17181018757874,-42.83387387968222,0.0756654791710226,-42.7582084005112,0.9178956978273318
3667,1833.5,73.87744182942893,-42.83460348033924,0.07639515848552852,-42.75820832185371,0.9335582472815918
3668,1834.0,74.74144215688627,-42.835496853502846,0.07728860363350817,-42.75820824986934,0.9496336045485613
3669,1834.5,75.76538105472298,-42.83655562109914,0.07834743800084239,-42.7582081830983,0.9660452683745084
3670,1835.0,76.950723718747,-42.83778129711397,0.07957317671668543,-42.758208120397285,0.9827092234679485
3671,1835.5,78.29884573981805,-42.83917530324903,0.08096724225153897,-42.75820806099749,0.9995346427174564
3672,1836.0,79.81104268705992,-42.84073897888202,0.08253097432705672,-42.758208004554966,1.0164246517581295
3673,1836.5,81.48853345350439,-42.84247358457067,0.08426563337570676,-42.75820795119496,1.0355480241537878
3674,1837.0,83.33245674368149,-42.844380298453544,0.0861723969086601,-42.758207901544885,1.0642566344662696
3675,1837.5,85.34386023773479,-42.84646020506576,0.08825234831062292,-42.758207856755135,1.0920433637916978
3676,1838.0,87.5236821324428,-42.84871427626144,0.09050645775178265,-42.75820781850966,1.1187914575556497
3677,1838.5,89.87272493607804,-42.85114334411138,0.09293555508960517,-42.758207789021775,1.144386749962906
3678,1839.0,92.39162159021829,-42.853748065852706,0.0955402948360897,-42.758207771016615,1.1687179965309744
3679,1839.5,95.08079416822241,-42.85652888115629,0.0983211134487034,-42.75820776770758,1.191677263819503
3680,1840.0,97.94040567144877,-42.85948596220727,0.10127817948383235,-42.75820778272344,1.2131603645991835
3681,1840.5,100.97030564106944,-42.86261915743689,0.10441133735506583,-42.75820782008182,1.2330673294621237
3682,1841.0,104.16997036829487,-42.86592792961387,0.10772004550580705,-42.75820788410806,1.2513029013487393
3683,1841.5,107.53843875235427,-42.86941128942894,0.1112033100813165,-42.758207979347624,1.267777042250739
3684,1842.0,111.07424505031634,-42.873067725869284,0.11485961538667076,-42.75820811048261,1.2824054415177628
3685,1842.5,114.775349824945,-42.87689513471379,0.118686852481346,-42.758208282232445,1.2951100155507507
3686,1843.0,118.6390705198521,-42.880890746640574,0.12268224738839684,-42.75820849925218,1.3058193888974299
3687,1843.5,122.66201316014391,-42.88505105649602,0.1268422904674854,-42.75820876602853,1.3144693473743823
3688,1844.0,126.84000670279815,-42.889371755304445,0.13116266852794284,-42.7582090867765,1.3210032545431096
3689,1844.5,131.16804155391912,-42.89384766658952,0.13563820125071463,-42.75820946533881,1.3253724236945092
3690,1845.0,135.6402137256211,-42.898472688533005,0.14026278344213053,-42.75820990509087,1.327536438455299
3691,1845.5,140.24967602464855,-42.90323974341275,0.14502933455905073,-42.7582104088537,1.3274634162136816
3692,1846.0,144.98859750118197,-42.908140735608505,0.14992975677570133,-42.75821097883281,1.325130209534339
3693,1846.5,149.8481323472777,-42.91316651932426,0.1549549028221843,-42.758211616502074,1.3205225420435207
3694,1847.0,154.8183992980342,-42.91830687728747,0.16009455468364295,-42.758212322603825,1.313635078647191
3695,1847.5,159.88847219500644,-42.923550510935,0.16533741384208075,-42.75821309709292,1.3044714278484355
3696,1848.0,165.0463822277302,-42.92888504270787,0.17067110359427604,-42.758213939113595,1.2930440774035155
3697,1848.5,170.27913224577517,-42.9342970308431,0.1760821838515848,-42.758214846991514,1.2793742660740528
3698,1849.0,175.57272320665757,-42.93977199674904,0.18155617848918848,-42.75821581825985,1.2634917950729834
3699,1849.5,180.91219271587352,-42.9452944648242,0.187077615199558,-42.758216849624645,1.2454347843998672
3700,1850.0,186.28166546556207,-42.95084801470313,0.1926300776500483,-42.75821793705308,1.2252493848400499
3701,1850.5,191.66441497385804,-42.956415345128335,0.19819626932630588,-42.75821907580203,1.2029894506244574
3702,1851.0,197.04293590184022,-42.96197834878807,0.20375808831375292,-42.75822026047432,1.178716183473132
3703,1851.5,202.39902617730093,-42.967518197303754,0.2092967122201051,-42.75822148508365,1.1524977603603113
3704,1852.0,207.71387797902452,-42.973015435386245,0.21479269226036185,-42.758222743125884,1.124408958724481
3705,1852.5,212.9681765261471,-42.97845008307181,0.22022605541287174,-42.75822402765894,1.094530794962151
3706,1853.0,218.14220556459387,-42.98380174487222,0.22557641350070975,-42.758225331371506,1.0629501946249627
3707,1853.5,223.2159581758314,-42.98904972452289,0.230823077776752,-42.75822664674614,1.0297597164800556
3708,1854.0,228.1692519680556,-42.99417314396473,0.23594517804053802,-42.75822796592419,0.9950573564946167
3709,1854.5,232.9818479254346,-42.99915106649296,0.24092178553785296,-42.75822928095511,0.9589464592433361
3710,1855.0,237.63357143354435,-43.0039626219614,0.2457320381106666,-42.75823058385073,0.9215357862666839
3711,1855.5,242.10443411806565,-43.00858713282913,0.25035526618804954,-42.758231866641076,0.8829397900388087
3712,1856.0,246.37475556010378,-43.01300424007136,0.25477111864950686,-42.75823312142185,0.8432791637492998
3713,1856.5,250.42528412091332,-43.01719402818376,0.25895968776736633,-42.758234340416394,0.802681766172398
3714,1857.0,254.2373157643351,-43.02113714817322,0.2629016320786412,-42.75823551609458,0.7612840592245222
3715,1857.5,257.79281036599946,-43.024814937674606,0.2665782966580093,-42.758236641016595,0.7192332533928897
3716,1858.0,261.0745051448851,-43.02820953850535,0.2699718304150787,-42.75823770809027,0.6766904432154424
3717,1858.5,264.0660241394799,-43.031304009779056,0.27306529930145673,-42.7582387104776,0.6338351524735408
3718,1859.0,266.7519832800997,-43.03408243664876,0.27584279496389535,-42.75823964168487,0.5908719072026025
3719,1859.5,269.1180906371265,-43.03653003397708,0.27828953840895376,-42.758240495568124,0.5480397542760698
3720,1860.0,271.1512413411503,-43.03863324451231,0.28039197815798406,-42.758241266354325,0.5056260766219512
3721,1860.5,272.83960688778507,-43.04037983125596,0.2821378825954234,-42.75824194866054,0.48786558288801424
3722,1861.0,274.1727185028058,-43.0417589636866,0.2835164261749852,-42.75824253751161,0.4914593354126003
3723,1861.5,275.14154249465395,-43.04276129665127,0.2845182673401504,-42.75824302931112,0.4942662707000908
3724,1862.0,275.7385462061106,-43.04337903587319,0.2851356167234504,-42.758243419149736,0.4962871435740581
3725,1862.5,275.9577637183609,-43.04360600826955,0.2853623050897021,-42.75824370317984,0.4975245161909939
3726,1863.0,275.79485729644284,-43.04343772509617,0.2851938468754954,-42.758243878220675,0.4979824598685154
3727,1863.5,275.24716719586445,-43.042871433204695,0.2846274916932025,-42.758243941511495,0.4976668990985321
3728,1864.0,274.3137540526534,-43.04190615902532,0.28366226816566453,-42.75824389085965,0.4965853444935826
3729,1864.5,272.9954329447967,-43.04054274375073,0.2822990191484332,-42.758243724602295,0.49474675555563213
3730,1865.0,271.29479908346866,-43.0387838699434,0.28054042829654674,-42.758243441646854,0.49216145677513257
3731,1865.5,269.21624470494936,-43.03663407901337,0.2783910375321183,-42.75824304148125,0.48884105922008664
3732,1866.0,266.76596690822134,-43.034099779345745,0.2758572551490358,-42.75824252419671,0.4965854216002449
3733,1866.5,263.95196610666744,-43.031189244722405,0.27294735421189376,-42.75824189051051,0.5106947912369104
3734,1867.0,260.7840347502604,-43.027912602681916,0.26967146089383914,-42.758241141788076,0.525073190883106
3735,1867.5,257.27373591579595,-43.02428181245665,0.26604153233716776,-42.75824028011948,0.5396377763492296
3736,1868.0,253.43437069083674,-43.02031063129077,0.262071322925724,-42.75823930836505,0.5543083488759761
3737,1868.5,249.28093541045126,-43.0160145698321,0.2577763400642839,-42.75823822976782,0.5690073780484849
3738,1869.0,244.8300693634638,-43.011410838558525,0.2531737901026525,-42.758237048455875,0.6031405114667772
3739,1869.5,240.09999108990806,-43.006518281752015,0.24828251246215763,-42.75823576928986,0.6540636090559551
3740,1870.0,235.1104230175621,-43.0013572995745,0.24312290170382517,-42.75823439787067,0.704423778604059
3741,1870.5,229.8825049299291,-42.99594975854463,0.2377168180473796,-42.75823294049725,0.754110381924569
3742,1871.0,224.43869640920036,-42.990318890685096,0.2320874864894983,-42.7582314041956,0.8030170211701756
3743,1871.5,218.80266833609093,-42.9844891812945,0.22625938460600067,-42.7582297966885,0.8510401268578658
3744,1872.0,212.99918371638836,-42.97848624568661,0.22025811931700828,-42.7582281263696,0.8980781426164661
3745,1872.5,207.0539682796504,-42.97233669534431,0.21411029307569301,-42.75822640226862,0.9440310970605069
3746,1873.0,200.99357139796922,-42.96606799405444,0.20784336004720247,-42.75822463400724,0.9888004373702697
3747,1873.5,194.8452180108372,-42.95970830473314,0.20148547298717864,-42.75822283174596,1.032289047878501
3748,1874.0,188.6366523863662,-42.953286327798416,0.19506532167841573,-42.75822100612,1.074401398811189
3749,1874.5,182.395974675935,-42.94683113208587,0.18861196391534846,-42.75821916817052,1.1150437913439675
3750,1875.0,176.1514714022442,-42.9403719794666,0.18215465021520108,-42.758217329251394,1.1541246830499206
3751,1875.5,169.93144111638233,-42.93393814450048,0.175722643533509,-42.75821550096697,1.1915550652557416
3752,1876.0,163.76401651979927,-42.92755873035357,0.16934503532407283,-42.7582136950295,1.2272488804647488
3753,1876.5,157.67698472783852,-42.9212624828531,0.16305055967713655,-42.75821192317596,1.2611234669156504
3754,1877.0,151.69760725506814,-42.91507760423869,0.15686740716988326,-42.758210197068806,1.2931000203269978
3755,1877.5,145.85244119821417,-42.90903156813053,0.15082303995534727,-42.75820852817518,1.3231040613387082
3756,1878.0,140.1671633815365,-42.90315093756519,0.14494400991472753,-42.758206927650455,1.3510658969995497
3757,1878.5,134.66639924234872,-42.89746118793231,0.13925578171138758,-42.75820540622092,1.3769210759258406
3758,1879.0,129.37355820474014,-42.89198653662489,0.13378256255417326,-42.75820397407072,1.4006108206408396
3759,1879.5,124.31067725886612,-42.88674978117669,0.12854714044594137,-42.75820264073075,1.4220824315489897
3760,1880.0,119.49827441044181,-42.88177214761281,0.12357073263866489,-42.758201414974145,1.44128965542421
3761,1880.5,114.95521357675771,-42.877073150644605,0.11887284592515338,-42.75820030471945,1.4581930117295911
3762,1881.0,110.69858238923027,-42.872670467219756,0.11447115027715836,-42.758199316942594,1.4727600707797432
3763,1881.5,106.74358424543735,-42.86857982481669,0.11038136721858102,-42.75819845759811,1.4849656779265703
3764,1882.0,103.10344569851888,-42.86481490563347,0.1066171740587369,-42.75819773157474,1.4947921199233665
3765,1882.5,99.78934011198388,-42.86138726757078,0.10319012494534621,-42.75819714262543,1.5022292320187576
3766,1883.0,96.81032839412953,-42.85830628292102,0.10010958957920318,-42.758196693341816,1.507274440658888
3767,1883.5,94.17331732525388,-42.85557909525794,0.09738271012119522,-42.75819638513674,1.50993274115909
3768,1884.0,91.88303574638317,-42.85321059481255,0.09501437656955054,-42.758196218243,1.510216610142076
3769,1884.5,89.94202865519536,-42.85120341238251,0.09300722065455297,-42.758196191727954,1.5081458534506131
3770,1885.0,88.35066901728878,-42.84955793157629,0.09136162805233433,-42.75819630352396,1.5037473915280406
3771,1885.5,87.10718686884414,-42.84827231895279,0.09007576847934472,-42.75819655047344,1.4970549845577403
3772,1886.0,86.20771506601183,-42.84734257138875,0.08914564300086253,-42.75819692838789,1.4881089014773892
3773,1886.5,85.64635083155686,-42.84676257979418,0.08856514767512681,-42.758197432119054,1.4769555373239736
3774,1887.0,85.41523206356037,-42.84652420810378,0.08832615246261205,-42.75819805564117,1.4636469842269593
3775,1887.5,85.50462718482133,-42.84661738628761,0.088418594137465,-42.75819879215015,1.4482405620244525
3776,1888.0,85.90303722636621,-42.847030215986585,0.0888305818499838,-42.7581996341366,1.4307983149411714
3777,1888.5,86.59730874798714,-42.84774908741073,0.0895485138954474,-42.75820057351529,1.4113864815669601
3778,1889.0,87.57275602100486,-42.84875880578308,0.09055720406082317,-42.758201601722256,1.390074945219129
3779,1889.5,88.81329088142121,-42.850042725725444,0.09184001590326812,-42.75820270982218,1.3676698416825492
3780,1890.0,90.30155868895947,-42.8515828919575,0.09337900334260452,-42.758203888614894,1.3609338793646548
3781,1890.5,92.01907880976829,-42.853360184670294,0.09515505593162372,-42.75820512873867,1.3527872711308888
3782,1891.0,93.94638807889206,-42.85535446797705,0.09714804720770615,-42.75820642076935,1.3432474378814392
3783,1891.5,96.06318575849558,-42.85754473990478,0.09933698459116996,-42.75820775531361,1.3323344796549728
3784,1892.0,98.34847858787225,-42.8599092824734,0.10170015937853147,-42.75820912309487,1.3200712220072004
3785,1892.5,100.7807246181318,-42.86242581051367,0.10421529547902728,-42.75821051503464,1.3064832622221085
3786,1893.0,103.33797463374383,-42.865071617968326,0.1068596956557532,-42.758211922312576,1.291599018787501
3787,1893.5,105.99801014918484,-42.867823720655586,0.1096103842251874,-42.7582133364304,1.2754497883599203
3788,1894.0,108.73847705213682,-42.87065899451873,0.11244424525490114,-42.75821474926383,1.2580698152916763
3789,1894.5,111.53701405873409,-42.87355430850113,0.11533815539651422,-42.75821615310461,1.2394963723580474
3790,1895.0,114.37137536916681,-42.87648665139886,0.11826911072135743,-42.7582175406775,1.2197698798403633
3791,1895.5,117.21954706082221,-42.8794332522523,0.12121434708025007,-42.75821890517205,1.1989340621700892
3792,1896.0,120.05985670571853,-42.88237169375872,0.12415145345665675,-42.758220240302066,1.1770361122684523
3793,1896.5,122.87107607463264,-42.885280018325936,0.12705847817093469,-42.758221540155,1.1541269627361184
3794,1897.0,125.63251716684667,-42.88813682752066,0.1299140281827396,-42.75822279933792,1.1302616212581678
3795,1897.5,128.3241213111217,-42.89092137414575,0.1326973612285285,-42.75822401291722,1.1054995369284215
3796,1898.0,130.92654125169722,-42.89361364710589,0.13538847070502052,-42.75822517640087,1.0799050923038942
3797,1898.5,133.4212165718848,-42.89619444937908,0.1379681636631997,-42.75822628571588,1.0535482128335885
3798,1899.0,135.7904427271829,-42.898645469375836,0.14041813219405314,-42.758227337181786,1.0265051152944962
3799,1899.5,138.01743402168384,-42.90094934603191,0.14272101855119174,-42.758228327480715,0.9988592195165537
3800,1900.0,140.08638091033538,-42.90308972803146,0.1448604744059519,-42.75822925362551,0.9707022500483599
3801,1900.5,141.98250204530413,-42.905051327593625,0.1468212146674805,-42.75823011292614,0.9421355560274624
3802,1901.0,143.69209150762543,-42.90681996927991,0.14858906632402227,-42.75823090295589,0.9132716774865046
3803,1901.5,145.20256167598964,-42.90838263429024,0.15015101277265905,-42.75823162151758,0.8842361831870874
3804,1902.0,146.50248218348227,-42.909727500714645,0.15149523410368151,-42.75823226661096,0.8551697965136037
3805,1902.5,147.58161538776147,-42.91084398019289,0.15261114377957752,-42.758232836413306,0.8262308084444329
3806,1903.0,148.43094846683155,-42.91172275111494,0.15348942182461825,-42.75823332929032,0.7975977447865183
3807,1903.5,149.0427230142557,-42.912355789017404,0.1541220454286649,-42.75823374358874,0.7694722023375403
3808,1904.0,149.4104627685949,-42.9127363954337,0.15450231762161706,-42.75823407781208,0.74208168625044
3809,1904.5,149.52899911572135,-42.91285922419665,0.15462489364483575,-42.758234330551815,0.7156821394848193
3810,1905.0,149.39449465167615,-42.91272030574276,0.1544858053170148,-42.75823450042574,0.6905597617706911
3811,1905.5,149.00446521219635,-42.91231706993404,0.15408248381446635,-42.75823458611958,0.6670314096520457
3812,1906.0,148.35780037601523,-42.91164836724183,0.15341378087316615,-42.758234586368665,0.645442626130289
3813,1906.5,147.45478239307857,-42.91071448832329,0.1524799883620366,-42.758234499961254,0.6261622975208563
3814,1907.0,146.2971035284412,-42.90951718196614,0.15128285621791723,-42.75823432574822,0.6095728228269122
3815,1907.5,144.88788166517526,-42.90805967124148,0.14982560858021426,-42.758234062661266,0.5960550301575368
3816,1908.0,143.2316739145844,-42.906346667598015,0.14811295786494616,-42.75823370973307,0.6020814736401108
3817,1908.5,141.33448789840037,-42.90438438256589,0.14615111643143333,-42.758233266134454,0.6205186587796492
3818,1909.0,139.20378993763285,-42.90218053633217,0.14394780505022106,-42.75823273128194,0.6383497915641847
3819,1909.5,136.84851016041813,-42.899744362804505,0.14151225818500188,-42.7582321046195,0.6555701490947375
3820,1910.0,134.27904426320143,-42.897086611772934,0.1388552258138182,-42.758231385959114,0.6721756747693352
3821,1910.5,131.50725042135295,-42.89421954566804,0.1359889702343935,-42.75823057543364,0.6881628738312191
3822,1911.0,128.54644049931986,-42.891156930546344,0.13292725697472915,-42.75822967357161,0.7035287201379345
3823,1911.5,125.41136483480166,-42.88791402039673,0.12968533905873025,-42.758228681338,0.7182705732577852
3824,1912.0,122.11818993747207,-42.88450753413608,0.1262799339449078,-42.75822760019117,0.7323861045601537
3825,1912.5,118.68446814698908,-42.88095562434396,0.12272919215034465,-42.75822643219362,0.74587323176153
3826,1913.0,115.12909801247844,-42.877277836345,0.1190526562799261,-42.758225180065075,0.7587300615745596
3827,1913.5,111.47227448860036,-42.87349505677908,0.11527120952510642,-42.75822384725397,0.7709548399789398
3828,1914.0,107.73542801806731,-42.86962945067103,0.11140701267038071,-42.758222438000644,0.7825459094971982
3829,1914.5,103.94115162278992,-42.86570438609701,0.1074834286997234,-42.758220957397285,0.7935016726435007
3830,1915.0,100.11311520882997,-42.861744345620174,0.10352493418108467,-42.758219411439086,0.8243159527854541
3831,1915.5,96.27596641503197,-42.85777482380067,0.09955701673597925,-42.75821780706469,0.8587276094650332
3832,1916.0,92.45521749690234,-42.85382221025187,0.09560605806840865,-42.758216152183465,0.8968578325659583
3833,1916.5,88.67711792110016,-42.84991365790682,0.09169920221741815,-42.7582144556894,0.9366064359778251
3834,1917.0,84.96851260802914,-42.84607693641478,0.08786420896864712,-42.758212727446136,0.9752581678536358
3835,1917.5,81.35668601441841,-42.842340270893274,0.08412929262330036,-42.75821097826997,1.0127108888005552
3836,1918.0,77.86919249581253,-42.83873216645892,0.08052294657945265,-42.75820921987947,1.0488607089155695
3837,1918.5,74.53367372339926,-42.83528121935222,0.07707375452650773,-42.75820746482571,1.0836025170391195
3838,1919.0,71.37766426028897,-42.832015915795246,0.07381018939558714,-42.75820572639966,1.1168306047940364
3839,1919.5,68.42838672704784,-42.82896442006093,0.07076040154437852,-42.75820401851655,1.1484393718433101
3840,1920.0,65.71253831527116,-42.82615435357349,0.06795199799516816,-42.75820235557833,1.178324099066425
3841,1920.5,63.25607072525268,-42.823612567188135,0.06541181487286529,-42.75820075231527,1.2063817761249553
3842,1921.0,61.08396589913621,-42.82136490910452,0.06316568549522017,-42.758199223609296,1.232511969408276
3843,1921.5,59.22001018400156,-42.819435991141056,0.06123820683946907,-42.758197784301586,1.2566177157947713
3844,1922.0,57.686569780063515,-42.81784895632621,0.059652507337888676,-42.75819644898832,1.2786064271597213
3845,1922.5,56.50437049814978,-42.81662525093782,0.05843001912948808,-42.75819523180833,1.2983907901969594
3846,1923.0,55.692284959579446,-42.81578440423544,0.057590258007735574,-42.7581941462277,1.3158896461447962
3847,1923.5,55.267130406888526,-42.815343819167886,0.05715061434074644,-42.75819320482714,1.3310288468252662
3848,1924.0,55.24348028869351,-42.81531857732391,0.057126158235026356,-42.75819241908888,1.345061579179762
3849,1924.5,55.63349266012133,-42.81572126129913,0.05752946208784975,-42.75819179921128,1.3576883484987974
3850,1925.0,56.4467582294278,-42.81656179737746,0.05837044345536162,-42.7581913539221,1.3677516666955374
3851,1925.5,57.69017070106104,-42.81784732130192,0.05965623097697914,-42.75819109032494,1.3751852405299123
3852,1926.0,59.367821676812774,-42.81958206946707,0.06139105569481204,-42.758191013772255,1.3799358190191435
3853,1926.5,61.48092212925279,-42.82176729758833,0.06357616985093989,-42.75819112773739,1.3819632978002403
3854,1927.0,64.02775192632873,-42.82440122847457,0.06620979469182844,-42.75819143378274,1.3812408306788535
3855,1927.5,67.00363828960396,-42.82747902969852,0.06928709819243195,-42.75819193150609,1.3777548435498996
3856,1928.0,70.40096376522078,-42.83099282183772,0.072800203298804,-42.758192618538914,1.3715049196447404
3857,1928.5,74.20920375839243,-42.83493171732131,0.07673822674175144,-42.75819349057956,1.3625035761228004
3858,1929.0,78.41499314139531,-42.83928188937461,0.08108734791480306,-42.75819454145981,1.3507759323957051
3859,1929.5,83.00222095246085,-42.84402667004351,0.08583090680040563,-42.75819576324311,1.3363592731435598
3860,1930.0,87.95215174005735,-42.84914667580074,0.09094952944957532,-42.758197146351165,1.319302511356041
3861,1930.5,93.24357168298884,-42.85461995879852,0.0964212790817169,-42.758198679716806,1.2996655588829977
3862,1931.0,98.85295724582913,-42.86042218144366,0.10222183048777432,-42.75820035095589,1.2775186139497923
3863,1931.5,104.75466382344224,-42.866526811660215,0.10832466510368871,-42.75820214655653,1.252941376535083
3864,1932.0,110.92113158568168,-42.87290533594968,0.11470128387021084,-42.75820405207947,1.2260222038577848
3865,1932.5,117.32310556153537,-42.8795274871818,0.12132143481743474,-42.758206052364365,1.1968572191568394
3866,1933.0,123.92986690589515,-42.886361483950466,0.1281533522130554,-42.75820813173741,1.165549387535049
3867,1933.5,130.70947226729507,-42.893374278303135,0.13516400408767362,-42.758210274215465,1.1322075729073047
3868,1934.0,137.62899821243064,-42.90053180869425,0.14231934498921503,-42.75821246370503,1.0969455900561111
3869,1934.5,144.6547877734221,-42.90779925511289,0.14958457093243532,-42.75821468418046,1.0598812655029786
3870,1935.0,151.752696373069,-42.91514129356239,0.15692437370521917,-42.758216919857176,1.02113552028427
3871,1935.5,158.88833456765923,-42.92252234723217,0.16430319188397696,-42.75821915534819,0.9808314829856046
3872,1936.0,166.0273052146177,-42.92990683188506,0.17168545608388158,-42.758221375801185,0.9390936024474807
3873,1936.5,173.1354331219662,-42.93725939341479,0.1790358264346993,-42.75822356698009,0.8960469463592718
3874,1937.0,180.1789855289278,-42.94454513596233,0.18631942057529405,-42.758225715387034,0.8518164786109053
3875,1937.5,187.12488187959983,-42.951729838899915,0.19350203057631155,-42.7582278083236,0.8065264085481083
3876,1938.0,193.9408917543909,-42.95878016155871,0.20055032761704863,-42.758229833941655,0.7602996427149471
3877,1938.5,200.59582012971072,-42.965663834834366,0.2074320535587268,-42.75823178127564,0.7132573365547187
3878,1939.0,207.05967938806347,-42.97234983907613,0.21411619881662744,-42.758233640259505,0.6655185626376652
3879,1939.5,213.30384773495277,-42.978808567901964,0.22057316617578832,-42.758235401726175,0.6172001202315786
3880,1940.0,219.30121393184695,-42.985011977851656,0.22677492045641598,-42.75823705739524,0.5956693071369213
3881,1940.5,225.02630841100867,-42.990933723951656,0.2326951240970618,-42.75823859985459,0.5798313990161091
3882,1941.0,230.4554205696721,-42.99654928121619,0.23830925844614242,-42.758240022770046,0.5642665716490315
3883,1941.5,235.5667019755508,-43.00183605070963,0.24359473048465435,-42.758241320224975,0.5490894396370903
3884,1942.0,240.3402587213719,-43.006773455417914,0.24853096832811739,-42.758242487089795,0.5344236665393661
3885,1942.5,244.75823275471663,-43.0113430244661,0.25309950532810693,-42.75824351913799,0.5221303200783244
3886,1943.0,248.80486989746717,-43.01552846320524,0.25728405040977903,-42.75824441279546,0.5198854944775255
3887,1943.5,252.46657648178262,-43.01931571177556,0.2610705466379802,-42.75824516513758,0.5196905988837835
3888,1944.0,255.7319653952946,-43.022692992733475,0.2644472188316465,-42.75824577390183,0.5216483167131645
3889,1944.5,258.5918914866039,-43.02565084764041,0.26740461017590716,-42.7582462374645,0.5258244073128283
3890,1945.0,261.03947627403005,-43.02818216264251,0.269935607772899,-42.75824655486961,0.5322440479490413
3891,1945.5,263.0701226106563,-43.03028218345443,0.2720354578065912,-42.758246725647844,0.540890668885972
3892,1946.0,264.68151962543925,-43.03194852066876,0.27370177065228607,-42.758246750016475,0.5517073328201849
3893,1946.5,265.8736370370234,-43.033181143952554,0.27493451499665034,-42.7582466289559,0.5646004721190865
3894,1947.0,266.6487086743721,-43.03398236464769,0.27573600079673527,-42.75824636385096,0.5794448245453953
3895,1947.5,267.0112066358039,-43.0343568093369,0.2761108525583624,-42.75824595677854,0.5960894061817732
3896,1948.0,266.96780510232264,-43.03431138250365,0.2760659719162244,-42.75824541058743,0.6143637939651909
3897,1948.5,266.527332158485,-43.033855216670396,0.27561048781282577,-42.75824472885757,0.6340838988935792
3898,1949.0,265.70070988606193,-43.03299961048521,0.27475569455055726,-42.758243915934656,0.6550569807697255
3899,1949.5,264.50088237877844,-43.03175795433323,0.2735149773532043,-42.75824297698003,0.6770857412900725
3900,1950.0,262.9427309086863,-43.03014564271499,0.27190372464121976,-42.75824191807377,0.699971486047629
3901,1950.5,261.04297634744444,-43.0281799730493,0.26993922712755697,-42.75824074592174,0.723516446200369
3902,1951.0,258.8200692030564,-43.02588003235193,0.26764056410689874,-42.75823946824503,0.7475254073131614
3903,1951.5,256.29406617919363,-43.02326656946056,0.2650284758081665,-42.758238093652395,0.771806806282184
3904,1952.0,253.4864929195572,-43.02036185310922,0.26212522146125955,-42.75823663164796,0.7961734115504898
3905,1952.5,250.42019341373123,-43.01718951619802,0.25895442357071374,-42.75823509262731,0.8204427964574025
3906,1953.0,247.1191662940994,-43.01377438645761,0.25554089863367613,-42.75823348782394,0.8444376535592016
3907,1953.5,243.60838874854494,-43.01014230431939,0.25191047505161285,-42.75823182926777,0.8679860427672051
3908,1954.0,239.91362883155233,-43.006319928778964,0.2480897990450407,-42.758230129733924,0.8909216336482668
3909,1954.5,236.06124711030938,-43.00233453218778,0.24410612953979974,-42.75822840264798,0.9254634068761669
3910,1955.0,232.07798907247448,-42.99821378547489,0.23998712350015186,-42.75822666197474,0.9623049972449377
3911,1955.5,227.99076999516652,-42.99398553556947,0.2357606134661832,-42.75822492210329,0.9976164880175686
3912,1956.0,223.82645407330168,-42.989677576864494,0.2314543791549141,-42.75822319770958,1.031283281302966
3913,1956.5,219.611630004313,-42.98531741897076,0.2270959153970266,-42.75822150357373,1.0631950521257587
3914,1957.0,215.37238561201292,-42.98093205348856,0.22271219907998913,-42.75821985440857,1.093246110393765
3915,1957.5,211.13408410848115,-42.976547722463565,0.2183294577850302,-42.75821826467853,1.1213359049511846
3916,1958.0,206.92114476083867,-42.972189691379924,0.21397294297911473,-42.75821674840081,1.1473696256481667
3917,1958.5,202.7568308754713,-42.96788202971864,0.2096667107737462,-42.75821531894489,1.1712588494986316
3918,1959.0,198.66304807125147,-42.96364740215554,0.2054334133234124,-42.758213988832125,1.192922210481161
3919,1959.5,194.66015579581529,-42.95950687345847,0.20129410391840494,-42.758212769540066,1.212286068211191
3920,1960.0,190.7667949603099,-42.95547973006177,0.1972680587454209,-42.758211671316346,1.2292851539449374
3921,1960.5,186.99973442021678,-42.951583321143325,0.1933726181365075,-42.75821070300682,1.2438631751256006
3922,1961.0,183.37373864952073,-42.947832921709505,0.18962304973361463,-42.75820987197589,1.2559733622937053
3923,1961.5,179.901458698032,-42.94424161960042,0.18603243572978165,-42.75820918387064,1.2655789445364816
3924,1962.0,176.5933485011966,-42.94082022878664,0.18261158632681598,-42.75820864245983,1.272653540388041
3925,1962.5,173.45760913323795,-42.93757723172363,0.179368982088602,-42.758208249635025,1.2771814562376576
3926,1963.0,170.50016143892367,-42.93451875108936,0.1763107456401683,-42.75820800544919,1.2791578864793975
3927,1963.5,167.72464654435126,-42.93164855025828,0.17344064219588065,-42.7582079080624,1.2785890082375801
3928,1964.0,165.1324549356841,-42.928968063346865,0.170760109629171,-42.758207953717694,1.27549196777848
3929,1964.5,162.7227838780441,-42.926476454698545,0.1682683178482451,-42.7582081368503,1.2698947635775581
3930,1965.0,160.49272217938383,-42.92417070661447,0.16596225644867735,-42.75820845016579,1.2618360238442918
3931,1965.5,158.4373607608108,-42.92204573383651,0.16383684905193155,-42.75820888478458,1.251364683021872
3932,1966.0,156.54992730643738,-42.92009452287316,0.16188509254402944,-42.758209430329124,1.2385395642195418
3933,1966.5,154.82194283868142,-42.918308294156425,0.16009821898688142,-42.75821007516954,1.2234288757498095
3934,1967.0,153.2433974454388,-42.91667668393062,0.15846587733417772,-42.75821080659644,1.2061096315611641
3935,1967.5,151.8029421424757,-42.91518794288839,0.15697633183238222,-42.758211611056005,1.1866670068958476
3936,1968.0,150.48809369831963,-42.91382914814966,0.15561667382598193,-42.75821247432368,1.1651936423733988
3937,1968.5,149.28544934382163,-42.91258642554169,0.15437304378427408,-42.758213381757415,1.1417889084732316
3938,1969.0,148.18090796878897,-42.91144517857838,0.15323086003630043,-42.75821431854208,1.1165581454270908
3939,1969.5,147.159894110485,-42.91039032030645,0.15217505039279458,-42.758215269913656,1.0896118947441378
3940,1970.0,146.20758136749092,-42.9094065045602,0.151190283173908,-42.75821622138629,1.0610651257168586
3941,1970.5,145.30911197077484,-42.90847835320097,0.15026119426318207,-42.75821715893779,1.031036502838321
3942,1971.0,144.44980950527813,-42.90759067628395,0.14937260707860964,-42.75821806920534,0.9996477275137399
3943,1971.5,143.61538189994917,-42.90672868216604,0.14850974248049612,-42.75821893968554,0.9670228704113694
3944,1972.0,142.7921119079346,-42.905878174620824,0.1476584157431472,-42.75821975887768,0.936385223644436
3945,1972.5,141.96703273526444,-42.9050257345849,0.1468052181689164,-42.75822051641599,0.921723696406352
3946,1973.0,141.12808685303813,-42.90415888449149,0.1459376813126533,-42.758221203178834,0.9063590024831785
3947,1973.5,140.2642663276658,-42.90326623346844,0.14504442209434912,-42.75822181137409,0.890352096369204
3948,1974.0,139.3657333550852,-42.902337602043055,0.14411526744111605,-42.75822233460194,0.8737657871627373
3949,1974.5,138.42391997151552,-42.901364125302365,0.14314135739604816,-42.75822276790632,0.8566646599829955
3950,1975.0,137.4316064277522,-42.90033833390452,0.1421152261634838,-42.75822310774104,0.8391151961309194
3951,1975.5,136.38297805107962,-42.899254212920475,0.1410308609087517,-42.758223352011726,0.8211858183023356
3952,1976.0,135.27366051832965,-42.89810723826713,0.13988373823332292,-42.75822350003381,0.802946917000405
3953,1976.5,134.10073389135636,-42.8968943911724,0.1386708386886093,-42.75822355248379,0.7844709397237408
3954,1977.0,132.86272609592675,-42.8956141513721,0.13739064003261725,-42.75822351133948,0.7658325035669468
3955,1977.5,131.5595867296766,-42.894266469948754,0.13604309014528812,-42.75822337980347,0.7511298289549672
3956,1978.0,130.1926421832468,-42.89285272286501,0.13462956062017895,-42.75822316224483,0.7692384968888574
3957,1978.5,128.764533593767,-42.89137564659348,0.13315278260342317,-42.758222863990056,0.7890200098810889
3958,1979.0,127.27913929176724,-42.88983925792037,0.13161676659766092,-42.75822249132271,0.8101414178029943
3959,1979.5,125.74148309436322,-42.88824875895911,0.13002670762988897,-42.75822205132922,0.832278578155486
3960,1980.0,124.15763015228383,-42.886610429324534,0.1283888775489924,-42.75822155177554,0.8551223468123279
3961,1980.5,122.53457218248907,-42.8849315073942,0.12671050634713144,-42.75822100104707,0.8783825314968984
3962,1981.0,120.8801031685655,-42.88322006161681,0.1249996536240511,-42.75822040799276,0.9017900705067273
3963,1981.5,119.20268900575586,-42.881484855292186,0.12326507378966023,-42.758219781502525,0.9250979018422156
3964,1982.0,117.51133355708193,-42.879735208328604,0.12151607755539516,-42.758219130773206,0.9480809253513369
3965,1982.5,115.81544134376222,-42.87798085498481,0.11976238994517632,-42.75821846503963,0.9705353717833609
3966,1983.0,114.12467908205605,-42.87623180056562,0.11801400711347762,-42.75821779345214,0.9922778236646433
3967,1983.5,112.44883815032418,-42.87449817908747,0.116281054125314,-42.75821712496215,1.0131440596637757
3968,1984.0,110.79769974265294,-42.872790113719596,0.11457364551434962,-42.75821646820525,1.032987837248461
3969,1984.5,109.18090444567976,-42.87111758181105,0.11290175041494836,-42.7582158313961,1.0516796883537585
3970,1985.0,107.60782781413042,-42.86949028613852,0.11127506389737025,-42.75821522224115,1.0691057727246787
3971,1985.5,106.08746334394296,-42.86791753380038,0.10970288595266142,-42.758214647847716,1.085166805236589
3972,1986.0,104.6283141740949,-42.86640812415395,0.10819400950371859,-42.75821411465023,1.099777065986034
3973,1986.5,103.23829467537634,-42.86497024698524,0.10675661864024288,-42.758213628345,1.112863502334289
3974,1987.0,101.9246429183535,-42.86361139194094,0.10539819810364308,-42.7582131938373,1.124364906770614
3975,1987.5,100.69384484229138,-42.86233827007239,0.10412545487166244,-42.75821281520073,1.1342311650515255
3976,1988.0,99.5515707642832,-42.86115674815351,0.10294425250376205,-42.75821249564975,1.142422564851889
3977,1988.5,98.5026246618147,-42.860071796219266,0.10185955869525314,-42.75821223752401,1.14890915480537
3978,1989.0,97.5509065328042,-42.859087448633325,0.10087540635458092,-42.75821204227874,1.1536701454874518
3979,1989.5,96.69938791511944,-42.85820677879124,0.0999948682885553,-42.75821191050269,1.1566933433546218
3980,1990.0,95.95010042042047,-42.857431887280505,0.09922004534543127,-42.75821184193507,1.1579746103313966
3981,1990.5,95.30413701626979,-42.85676390323839,0.0985520677407129,-42.758211835497676,1.1575173429646517
3982,1991.0,94.76166561220923,-42.85620299844379,0.09799110910623883,-42.75821188933755,1.1553319613323552
3983,1991.5,94.32195434886448,-42.85574841351777,0.09753641264113042,-42.75821200087664,1.1514354190933516
3984,1992.0,93.9834078531594,-42.855398495475384,0.09718632860257066,-42.758212166872816,1.1458507191901794
3985,1992.5,93.74361359029193,-42.85515074572378,0.09693836223743885,-42.758212383486345,1.1386064328136092
3986,1993.0,93.5993973192224,-42.85500187748617,0.09678923112770191,-42.758212646358466,1.129736226462171
3987,1993.5,93.54688660494844,-42.85494788153688,0.09673493086716488,-42.758212950669716,1.119278395211155
3988,1994.0,93.58158127181265,-42.85498409916971,0.0967708079158019,-42.75821329125391,1.107275401947871
3989,1994.5,93.69842949883973,-42.855105300929786,0.09689163828839517,-42.75821366264139,1.093773424447359
3990,1995.0,93.89190854208272,-42.855305770183975,0.09709171102786959,-42.7582140591561,1.0788219251601414
3991,1995.5,94.1561089024398,-42.855579390230304,0.09736491524151865,-42.75821447498878,1.0624732119886733
3992,1996.0,94.48482056854682,-42.855919733580194,0.0977048292830236,-42.75821490429717,1.044782021166583
3993,1996.5,94.87162018755028,-42.85632015216337,0.0981048108939751,-42.7582153412694,1.0258051173582605
3994,1997.0,95.30995800731058,-42.856773867304334,0.09855808710903552,-42.7582157801953,1.0056009121299594
3995,1997.5,95.79324355273273,-42.8572740583868,0.0990578428520881,-42.75821621553471,0.9842291033694769
3996,1998.0,96.31492902663419,-42.857813949153254,0.0995973071793765,-42.758216641973874,0.9617503376063308
3997,1998.5,96.86858953834279,-42.858386890722976,0.10016983624226437,-42.75821705448071,0.9382258989186383
3998,1999.0,97.44799933803193,-42.85898644047308,0.10076899211960945,-42.75821744835347,0.9137174260930836
3999,1999.5,98.04720330726423,-42.859606436005855,0.10138861674467901,-42.758217819261176,0.888859352377979
4000,2000.0,98.66058298317809,-42.860241063485205,0.1020229001794172,-42.758218163305784,0.9017625543572296
